protein,gene,contrast,logFC,t,P.Value,adj.P.Val,AveExpr
A0A0R4J083,Acadl,PAS_vs_VEH_female,-0.1873791845599193,-1.170638179201182,0.25372634236665725,0.8629734279297085,19.293406255798864
A0A0R4J0P1,Acad8,PAS_vs_VEH_female,0.0803266895945498,0.3647479869215944,0.7186306366514745,0.9303117056703154,17.700682913284673
A0A0R4J1J1,Pnkd,PAS_vs_VEH_female,-0.21576809460342616,-0.6036072339207492,0.552009702712593,0.8971825625955311,17.85263690042878
A0A2R8VHX1,Ndufa6,PAS_vs_VEH_female,-0.1201928066338489,-0.4818919571938764,0.6344347934748007,0.9211574146522168,14.696686243856462
A0A494B9G1,Mrpl49,PAS_vs_VEH_female,-0.0634226384494685,-0.17858080809819563,0.8598299615000377,0.9663563467917665,15.060386351925336
A2AIL4,Ndufaf6,PAS_vs_VEH_female,-0.2858974027961487,-0.7041627525232945,0.4883976460313997,0.8971825625955311,17.746569904168698
A2APY7,Ndufaf5,PAS_vs_VEH_female,0.20909965582443135,1.1445539598440648,0.2641612452546843,0.8774025028311795,17.19287338605944
A2ASZ8,Slc25a25,PAS_vs_VEH_female,-0.020426773455746172,-0.08076307876988945,0.9363287697139576,0.9733144330787725,13.522502239548661
A6H611,Mipep,PAS_vs_VEH_female,-0.21728522555075713,-1.0448149300661997,0.30696178650612194,0.8895627282422309,17.29212432370021
B1AR13,Cisd3,PAS_vs_VEH_female,-0.22977191217262316,-1.0835991542915386,0.2897675105768369,0.880149443891141,17.098756488277086
B1AXP6,Tomm5,PAS_vs_VEH_female,-0.3653569757132473,-1.177964872018128,0.2508510666307793,0.858333770158329,14.784284865558064
D3Z7P3,Gls,PAS_vs_VEH_female,0.03783017456436255,0.10129238582233632,0.9203791706391019,0.9701248131832518,15.539181279215011
D3Z7Q2,Smim20,PAS_vs_VEH_female,-0.5017114934984424,-1.8019873636173165,0.08466556325548849,0.7072064695458451,16.17170548912309
D3Z7X0,Acad12,PAS_vs_VEH_female,-0.14327732874412646,-0.5925296929247963,0.5592748104856221,0.8971825625955311,17.988737317081423
E9Q4Z2,Acacb,PAS_vs_VEH_female,-0.8827571758605135,-3.549788649789417,0.0017067139205844439,0.1938827013783928,15.368288297402543
F7BP55,Ak2,PAS_vs_VEH_female,-0.057114084153599975,-0.16152621501562406,0.8733834315808164,0.9663563467917665,14.649902001328845
G5E902,Slc25a3,PAS_vs_VEH_female,0.18734780050783684,0.6372913142483654,0.5302260071151135,0.8971825625955311,21.427402152007804
O08600,Endog,PAS_vs_VEH_female,-0.4927214866821483,-1.6627408338904415,0.10992864912812736,0.7382520694162559,17.202096926191558
O08709,Prdx6,PAS_vs_VEH_female,0.7172165434375053,2.786445375639058,0.010489218368950897,0.4138399070476929,17.262508225224558
O08715,Akap1,PAS_vs_VEH_female,0.10781841857835595,0.3028321254504293,0.7647387624049866,0.9376955595581534,15.370937789502523
O08749,Dld,PAS_vs_VEH_female,-0.07016634043541714,-0.2846214544801614,0.7784801607405636,0.9428075294256719,20.005178870122126
O08807,Prdx4,PAS_vs_VEH_female,0.7396126879278206,1.3822294970106561,0.18017334550531683,0.8149638615273798,18.146646492556567
O09111,Ndufb11,PAS_vs_VEH_female,0.1233461888889309,0.6962105011683194,0.4932706132214857,0.8971825625955311,20.121202223710686
O09174,Amacr,PAS_vs_VEH_female,-0.2883275201740041,-0.7358913139250676,0.4692330929330035,0.8971825625955311,16.336209515236646
O35129,Phb2,PAS_vs_VEH_female,0.041983984212563996,0.1665194446964252,0.8692028755701583,0.9663563467917665,19.524119559543077
O35435,Dhodh,PAS_vs_VEH_female,-0.09183086567249532,-0.3507362664209444,0.7289771308686949,0.9336956592011312,17.20477403824389
O35459,Ech1,PAS_vs_VEH_female,-0.04039121602932738,-0.22375049809970102,0.8249262289486716,0.9565388786656734,18.506903598778788
O35465,Fkbp8,PAS_vs_VEH_female,0.175622490747255,0.7120855851763676,0.4835703443752549,0.8971825625955311,16.634003406362197
O35683,Ndufa1,PAS_vs_VEH_female,-0.4223043826640378,-2.03071806920891,0.05399540402274808,0.6085175094625032,20.16424114714534
O35855,Bcat2,PAS_vs_VEH_female,0.12311832663618816,0.4380859856788532,0.6654093239259032,0.9303117056703154,18.622921047788584
O35857,Timm44,PAS_vs_VEH_female,-0.3849833810101053,-1.926630896709834,0.0664654343469528,0.6188912575257245,17.611978984529834
O35972,Mrpl23,PAS_vs_VEH_female,-0.0263962502173527,-0.12472844742570127,0.9018218659187047,0.9664807921543854,17.967807436644307
O55003,Bnip3,PAS_vs_VEH_female,-0.39858911319797485,-1.099898885092164,0.28275138940837025,0.880149443891141,17.666235462438603
O55028,Bckdk,PAS_vs_VEH_female,-0.1845695493841717,-0.6741727361060409,0.5069188960311313,0.8971825625955311,17.518990082971126
O55126,Nipsnap2,PAS_vs_VEH_female,0.13861020833350324,0.4509416145643882,0.6562527425770199,0.9303117056703154,19.686210631892983
O70325,Gpx4,PAS_vs_VEH_female,-0.413423601322652,-1.1092306716812044,0.2787902470720202,0.8797381129828193,18.41085432936873
O70571,Pdk4,PAS_vs_VEH_female,-1.5213803102281567,-3.041771188677782,0.005790664839726359,0.4138399070476929,16.372635921011042
O88441,Mtx2,PAS_vs_VEH_female,0.2163354946026903,0.5831305506858491,0.5654777419176058,0.8971825625955311,14.05059315727351
O88587,Comt,PAS_vs_VEH_female,0.5341344977749856,1.2030302787325937,0.24119788786416915,0.8480096215861518,16.48150727581075
O88696,Clpp,PAS_vs_VEH_female,-0.14347964237272492,-0.8249836944884722,0.4178522297415831,0.8971825625955311,18.69698902716403
O88967,Yme1l1,PAS_vs_VEH_female,0.056815236726496465,0.23805197606142786,0.8139479673581793,0.9565388786656734,16.884593086829614
P05202,Got2,PAS_vs_VEH_female,0.4048800463400575,1.6166843497265218,0.11957603941249215,0.7382520694162559,19.963625641097416
P08074,Cbr2,PAS_vs_VEH_female,0.17764776681180727,0.4646796939096097,0.6465281588417415,0.9226834025681135,15.987902729404746
P08228,Sod1,PAS_vs_VEH_female,0.6956051310151601,2.2770270240696795,0.032402280869001106,0.5155379481660708,20.177997251829776
P08249,Mdh2,PAS_vs_VEH_female,0.11582209235379537,0.6227426731250963,0.539577340887901,0.8971825625955311,22.768915352799414
P09671,Sod2,PAS_vs_VEH_female,0.4830844772685339,1.951876063322005,0.06322813477682175,0.6188912575257245,18.087123881873335
P09925,Surf1,PAS_vs_VEH_female,-0.604074094835898,-1.8765608044192288,0.07331880320221021,0.6215683614754537,17.105258487647017
P0DJE0,Pet100,PAS_vs_VEH_female,-0.027666750349261804,-0.0672702929999377,0.9469476756918207,0.9741732480454313,16.800404677143774
P0DJF2,Pet117,PAS_vs_VEH_female,-0.30005926126147386,-0.6351150650230021,0.5316192198530199,0.8971825625955311,17.962577839827127
P11352,Gpx1,PAS_vs_VEH_female,0.727334595411266,2.7137666066697426,0.012383115580838424,0.4138399070476929,15.671807710698825
P12787,Cox5a,PAS_vs_VEH_female,-0.025603996196672085,-0.11707412953403816,0.9078172525853434,0.9687104177678076,23.687227242615222
P16125,Ldhb,PAS_vs_VEH_female,0.3132381697100399,1.3934365410831973,0.17680355763810313,0.8149638615273798,16.887327979931513
P16332,Mmut,PAS_vs_VEH_female,0.1598939140542015,0.920260009080123,0.3669852124434948,0.8971825625955311,18.21768222977618
P17665,Cox7c,PAS_vs_VEH_female,0.7772735306364069,1.4393571117179564,0.16351628756751038,0.8149638615273798,17.96507016548738
P19096,Fasn,PAS_vs_VEH_female,-0.2579703198601404,-0.5867922496850869,0.5642479643869334,0.8971825625955311,14.629452164069951
P19783,Cox4i1,PAS_vs_VEH_female,-0.05815771750283005,-0.3216594615175223,0.7506146575653675,0.9347133832214277,21.674735984971424
P20108,Prdx3,PAS_vs_VEH_female,-0.06465998678869767,-0.2305372691738728,0.81971178825992,0.9565388786656734,20.44503913382288
P22315,Fech,PAS_vs_VEH_female,0.14114955310644461,0.6846562489215928,0.500400038797873,0.8971825625955311,18.3074342289911
P24270,Cat,PAS_vs_VEH_female,-0.04300482080083867,-0.15358286319068726,0.8792777158059989,0.9663563467917665,16.67050723076152
P26443,Glud1,PAS_vs_VEH_female,-0.015716307040477773,-0.07935832268241114,0.937433793178408,0.9733144330787725,18.639282786190513
P28352,Apex1,PAS_vs_VEH_female,0.4432168208560121,1.010274547575423,0.32287070388972705,0.8909890098001957,18.10128821715214
P29758,Oat,PAS_vs_VEH_female,0.15160854342767394,0.6588064663659895,0.5165593474655306,0.8971825625955311,18.712349208007254
P31786,Dbi,PAS_vs_VEH_female,1.1486481942628295,2.6395127992897867,0.01615619242116229,0.43284787849295603,18.082529027158046
P32020,Scp2,PAS_vs_VEH_female,0.2125729057752963,0.7306884752295669,0.47234500232841903,0.8971825625955311,18.06360010984855
P35290,Rab24,PAS_vs_VEH_female,0.21126850928433605,0.8795581301149936,0.3881928611961539,0.8971825625955311,14.982644615864189
P35486,Pdha1,PAS_vs_VEH_female,0.1998324784178891,1.1973652200925442,0.2433548738002513,0.8480096215861518,20.635471677646553
P36552,Cpox,PAS_vs_VEH_female,-0.21811863877075943,-0.6874453444688494,0.4986737379005901,0.8971825625955311,15.18807508859257
P38060,Hmgcl,PAS_vs_VEH_female,0.6488300031660152,3.7049211406548888,0.0011665152235328883,0.16564516174167013,16.644575021902135
P38647,Hspa9,PAS_vs_VEH_female,0.023020269153612105,0.1531843213901698,0.8795884353720832,0.9663563467917665,20.164178605753797
P40630,Tfam,PAS_vs_VEH_female,-0.024754477810589037,-0.13348132214909664,0.8949733465866425,0.9664252158420534,17.9934865704064
P41216,Acsl1,PAS_vs_VEH_female,0.08600802110552763,0.40371305430677407,0.6901512999032108,0.9303117056703154,20.10178573780906
P42125,Eci1,PAS_vs_VEH_female,-0.07953990455091997,-0.40548047548836624,0.6888701425205994,0.9303117056703154,19.422700825981313
P43023,Cox6a2,PAS_vs_VEH_female,-0.49482563910236976,-1.2611098721872058,0.21990677724644253,0.8158682089436212,19.838630227846004
P45952,Acadm,PAS_vs_VEH_female,0.03797242869916673,0.27904136131100915,0.7827058472406857,0.9439000450800625,19.729517160301853
P46656,Fdx1,PAS_vs_VEH_female,0.42673661121901674,1.5703605205287212,0.1299825835869015,0.754118367898391,18.162533481000853
P47738,Aldh2,PAS_vs_VEH_female,0.3498772667772627,1.6547741393747781,0.11154899744549135,0.7382520694162559,18.21923443434695
P47740,Aldh3a2,PAS_vs_VEH_female,-0.12055136286166679,-0.45313370042499057,0.6555823609580846,0.9303117056703154,14.107106230931544
P47791,Gsr,PAS_vs_VEH_female,0.4540345744401879,0.7749530936287177,0.4479008588677855,0.8971825625955311,15.204882716233971
P47934,Crat,PAS_vs_VEH_female,0.13687561599272513,0.7230412138228086,0.4769408948396583,0.8971825625955311,18.569613021971627
P48771,Cox7a2,PAS_vs_VEH_female,0.6163623408757211,1.3372965373768968,0.19419688841473098,0.8149638615273798,18.939578649392214
P48962,Slc25a4,PAS_vs_VEH_female,0.36987911765102055,1.1995231214891107,0.24253154894147444,0.8480096215861518,22.211912661348386
P50171,Hsd17b8,PAS_vs_VEH_female,-0.1728339217073085,-1.1235324964881899,0.27279780628187833,0.8774025028311795,18.589152396577255
P50544,Acadvl,PAS_vs_VEH_female,0.053369529795446624,0.3332974540313517,0.7419279419414888,0.9336956592011312,19.6678737850599
P51175,Ppox,PAS_vs_VEH_female,-0.24733237817003584,-0.7220267656427377,0.47755251923364495,0.8971825625955311,16.107134694186197
P51660,Hsd17b4,PAS_vs_VEH_female,0.22079923315678585,0.7905314917877722,0.43729018829107325,0.8971825625955311,16.55047872473291
P51881,Slc25a5,PAS_vs_VEH_female,0.0835109801957934,0.32523414573252635,0.7479428255924554,0.9336956592011312,18.420018399832635
P52196,Tst,PAS_vs_VEH_female,0.5473437913096255,2.3270679668161764,0.029120744504588472,0.5155379481660708,17.286137795040954
P52503,Ndufs6,PAS_vs_VEH_female,-0.21778079120375082,-0.8949939178373644,0.3800579297360941,0.8971825625955311,21.767483136056747
P52825,Cpt2,PAS_vs_VEH_female,-0.051295345241864965,-0.20733371115224922,0.8375732997971954,0.9585030509006859,18.27340892896026
P53395,Dbt,PAS_vs_VEH_female,0.32367744073242477,1.6175631779013735,0.11938553366256642,0.7382520694162559,18.6574382911788
P53702,Hccs,PAS_vs_VEH_female,-0.200848327843536,-1.099943101353307,0.28273252511991653,0.880149443891141,15.41577522653032
P54071,Idh2,PAS_vs_VEH_female,-0.01739108867226591,-0.07780925637550881,0.9386524843144212,0.9733144330787725,19.034502746533537
P54116,Stom,PAS_vs_VEH_female,-0.6341835422945774,-1.0176682389474558,0.3194178471230036,0.8909890098001957,15.342355233487883
P56135,Atp5mf,PAS_vs_VEH_female,0.03853605526877146,0.14873690342430093,0.8830571552484453,0.9664252158420534,22.052293622337785
P56213,Gfer,PAS_vs_VEH_female,-0.26310133323601903,-0.8655965400525883,0.39564756444069704,0.8971825625955311,18.54285067308123
P56379,Atp5mj,PAS_vs_VEH_female,0.16637081085436733,0.6032497986964205,0.5522433499902342,0.8971825625955311,21.26345883437893
P56382,Atp5f1e,PAS_vs_VEH_female,0.038432059749855085,0.16080702829610588,0.8736489458574423,0.9663563467917665,19.77085579710897
P56391,Cox6b1,PAS_vs_VEH_female,-0.0765516827448991,-0.36421104822608413,0.7190261246289937,0.9303117056703154,22.37881869522562
P56392,Cox7a1,PAS_vs_VEH_female,0.1223873925155452,0.3885921240991186,0.7011504452850547,0.9303117056703154,21.158468630629535
P56393,Cox7b,PAS_vs_VEH_female,0.35166784244484006,0.9958549717922859,0.3296790807312573,0.8909890098001957,17.89279079820904
P56394,Cox17,PAS_vs_VEH_female,0.49338800809810124,0.7439464466562304,0.46600627714690346,0.8971825625955311,17.239940282259404
P56480,Atp5f1b,PAS_vs_VEH_female,0.09477009977904416,0.5924402204647978,0.5593336911653775,0.8971825625955311,22.404673355111626
P56501,Ucp3,PAS_vs_VEH_female,-0.006103671804631006,-0.0255532025890135,0.9798340456531522,0.9911015948303435,16.40945582712009
P58059,Mrps21,PAS_vs_VEH_female,-0.025866650319358087,-0.09089851667609807,0.928359942975304,0.9701248131832518,17.280739008958015
P58281,Opa1,PAS_vs_VEH_female,-0.20538526401882606,-0.7482324630801662,0.4619001783305262,0.8971825625955311,16.394705506475532
P59017,Bcl2l13,PAS_vs_VEH_female,-0.3340918587072501,-1.3906458472870964,0.17763796146257335,0.8149638615273798,16.56507910769216
P60603,Romo1,PAS_vs_VEH_female,0.054200908900465805,0.22879892665959883,0.8210465998389995,0.9565388786656734,18.53347662557061
P62073,Timm10,PAS_vs_VEH_female,-0.22673252521950005,-0.8262826303802122,0.4171301283949155,0.8971825625955311,19.002386251350828
P62075,Timm13,PAS_vs_VEH_female,0.6099580584559234,2.7848235242835613,0.010528313294084182,0.4138399070476929,18.4303865652872
P62077,Timm8b,PAS_vs_VEH_female,0.48774898346998796,1.569156934608489,0.13026266464063485,0.754118367898391,17.949456751032685
P62897,Cycs,PAS_vs_VEH_female,0.9227247661051692,4.213480537103026,3.30512336764553e-4,0.06483210017286178,16.792007668935106
P63030,Mpc1,PAS_vs_VEH_female,0.48254908036047084,1.5641223985576704,0.13143964510905057,0.754118367898391,20.2772397954913
P63038,Hspd1,PAS_vs_VEH_female,-0.015075653374967857,-0.10849984926816963,0.9145398560738154,0.9699888593317726,19.951037124589853
P67778,Phb1,PAS_vs_VEH_female,-0.0043582108882418424,-0.022476128936308428,0.9822619400816126,0.9911015948303435,19.98071318776655
P70349,Hint1,PAS_vs_VEH_female,-0.17294888246339823,-0.5382640004694749,0.5955640771294579,0.9118069967911917,19.034908596346053
P70404,Idh3g,PAS_vs_VEH_female,0.03958363508281337,0.20823561220394274,0.8368773015858212,0.9585030509006859,19.5198683779633
P85094,Isoc2a,PAS_vs_VEH_female,0.07296668998782607,0.30792010731787123,0.7609133301970183,0.9376955595581534,17.5401018750669
P97287,Mcl1,PAS_vs_VEH_female,-0.43913273329984115,-1.4110590115497572,0.171606236490333,0.8149638615273798,14.787980074800789
P97450,Atp5pf,PAS_vs_VEH_female,0.6458121069104585,2.3661945966769435,0.02677036121958105,0.49581096779100986,21.45047258798404
P97478,Coq7,PAS_vs_VEH_female,0.13052464347275006,0.6868120401923216,0.4990654229051067,0.8971825625955311,16.89971153240462
P97742,Cpt1a,PAS_vs_VEH_female,-0.48192983061467487,-1.6347903656928826,0.11570206969074791,0.7382520694162559,18.584171225399555
P97807,Fh,PAS_vs_VEH_female,0.37865607279220725,2.1247144989484483,0.044569714604512325,0.5476322906428012,19.658431521601436
P97823,Lypla1,PAS_vs_VEH_female,0.45362770675289,0.8757590463533468,0.3949610550709456,0.8971825625955311,15.685000399044316
P99028,Uqcrh,PAS_vs_VEH_female,-0.43967237355332145,-1.0091371087820378,0.323404183415977,0.8909890098001957,21.48169653791273
P99029,Prdx5,PAS_vs_VEH_female,0.35135658351437016,1.9324239002243586,0.06570996688607576,0.6188912575257245,18.62284632070557
Q03265,Atp5f1a,PAS_vs_VEH_female,0.37946663737549,1.2639586421153646,0.21890061744361014,0.8158682089436212,23.554731301807934
Q06185,Atp5me,PAS_vs_VEH_female,0.03582669519461135,0.21270897833232383,0.833427222059701,0.9585030509006859,19.943104525725346
Q07417,Acads,PAS_vs_VEH_female,0.12287847331821311,0.6282028998561604,0.5360574059767464,0.8971825625955311,19.578766042117483
Q14C51,Ptcd3,PAS_vs_VEH_female,0.2785973067584955,0.8261101489770615,0.4189901909831104,0.8971825625955311,18.095708984881814
Q2TPA8,Hsdl2,PAS_vs_VEH_female,-0.1403175108888668,-0.5228822624108251,0.6060553162220255,0.9136102726964315,16.507007564281004
Q3KNM2,Marchf5,PAS_vs_VEH_female,-0.11961787122083223,-0.4807327365450226,0.6352460539925753,0.9211574146522168,18.18682592016858
Q3TC33,Ccdc127,PAS_vs_VEH_female,-0.15674054554870054,-0.6509782969057074,0.5215092696896528,0.8971825625955311,18.019613773518472
Q3TC72,Fahd2a,PAS_vs_VEH_female,-0.10945283038489606,-0.42505607861054157,0.6747446442790805,0.9303117056703154,17.12812969705368
Q3TEY5,Immt,PAS_vs_VEH_female,-0.35577169224436034,-1.0132571677022795,0.3214747077165873,0.8909890098001957,22.156762803989743
Q3TJA9,Dnaja3,PAS_vs_VEH_female,0.08062644444349587,0.24166199308454386,0.8111828580049905,0.9565388786656734,17.946415700181515
Q3TL44,Nlrx1,PAS_vs_VEH_female,0.12322493180123217,0.5052658126057178,0.6181779863429626,0.9161403293450027,17.43570418026423
Q3TLP5,Echdc2,PAS_vs_VEH_female,0.43631931907485466,1.3451070901509936,0.1916996065260483,0.8149638615273798,17.891414776573328
Q3TUH1,Tamm41,PAS_vs_VEH_female,0.37091933438635394,0.992547307294582,0.3366637959404726,0.8938176415470269,16.844140825912138
Q3U6K8,Vdac1,PAS_vs_VEH_female,-0.5636680816949884,-1.7693472561049624,0.09009047140618152,0.7107137188709877,22.570464276372736
Q3UFY8,Trmt10c,PAS_vs_VEH_female,0.1884087094212905,0.6570883852132534,0.5210736223278012,0.8971825625955311,14.541934470843582
Q3UHB1,Nt5dc3,PAS_vs_VEH_female,0.5090870280961468,1.9894691227757944,0.06123377393074177,0.6188912575257245,15.268731294764473
Q3UIU2,Ndufb6,PAS_vs_VEH_female,0.006081997788385252,0.021915200070817008,0.982704547730172,0.9911015948303435,20.20055471714745
Q3ULD5,Mccc2,PAS_vs_VEH_female,-0.088603174461106,-0.41212521764804877,0.6840620781631346,0.9303117056703154,17.824464350695074
Q3ULF4,Spg7,PAS_vs_VEH_female,-0.3891200816832949,-1.4933676942315024,0.1489282880958277,0.7946480271813372,16.75002726876839
Q3UMR5,Mcu,PAS_vs_VEH_female,0.26624740402491653,0.608767530972233,0.548642312315412,0.8971825625955311,18.16965417436568
Q3UN04,Usp30,PAS_vs_VEH_female,0.14819535445789178,0.6498147616277057,0.5256333925607761,0.8971825625955311,13.042727281664355
Q3UQ84,Tars2,PAS_vs_VEH_female,0.11337916555133987,0.43059666825284726,0.6707684341148598,0.9303117056703154,16.45378678238253
Q3URS9,Ccdc51,PAS_vs_VEH_female,0.09344968806603049,0.4296240312200822,0.6714657412636408,0.9303117056703154,15.370993832824022
Q3UV70,Pdp1,PAS_vs_VEH_female,0.1318852544219844,0.6391629094332355,0.5290294141841605,0.8971825625955311,17.952259268670964
Q4VAE3,Tmem65,PAS_vs_VEH_female,-0.19946433263069707,-0.6078563079813537,0.5492361507406207,0.8971825625955311,19.313383323889347
Q505D7,Opa3,PAS_vs_VEH_female,0.18267115131028078,0.34781354266174286,0.7311420498900677,0.9336956592011312,16.918400583418936
Q59J78,Ndufaf2,PAS_vs_VEH_female,-0.020345968701683148,-0.1023055487334591,0.9194005427332248,0.9701248131832518,19.241215203298683
Q5EBQ0,Vdac3,PAS_vs_VEH_female,0.20044278936546078,0.6631567364984184,0.5138198381602597,0.8971825625955311,18.64837228601816
Q5IRJ6,Slc30a9,PAS_vs_VEH_female,-0.01546215882808255,-0.06551069989542511,0.9483332707563991,0.9741732480454313,17.67496272504482
Q5M8N4,Sdr39u1,PAS_vs_VEH_female,-0.20363432316899832,-1.242618209346605,0.2265240305959466,0.8243673996574699,18.289447698143256
Q5ND52,Mrm3,PAS_vs_VEH_female,0.29303696671603774,0.8187436564485305,0.42133211023282235,0.8971825625955311,16.962848246165763
Q5SSK3,Tefm,PAS_vs_VEH_female,-0.10621067129990713,-0.38233261916001116,0.7057234759445461,0.9303117056703154,15.253854024109753
Q5SUC9,Sco1,PAS_vs_VEH_female,-0.12590445635086667,-0.6299376218890758,0.5349417027057024,0.8971825625955311,17.77846963348916
Q5U458,Dnajc11,PAS_vs_VEH_female,-0.003455677429958115,-0.016057543905572697,0.9873269134661304,0.9911015948303435,17.563543297958123
Q60597,Ogdh,PAS_vs_VEH_female,0.04087945680919347,0.33798354869476055,0.7384399945187254,0.9336956592011312,19.49502187402319
Q60649,Clpb,PAS_vs_VEH_female,-0.11616337054712034,-0.35102018178113853,0.7287669515872672,0.9336956592011312,16.717281023928717
Q60759,Gcdh,PAS_vs_VEH_female,0.10017714328811067,0.670417086648679,0.5092657640525438,0.8971825625955311,17.106410584417084
Q60930,Vdac2,PAS_vs_VEH_female,0.07738241173173677,0.3355021304075553,0.740286250808429,0.9336956592011312,20.141772618902486
Q60931,Vdac3,PAS_vs_VEH_female,0.27429818860802513,1.0172144472298585,0.31962902336927507,0.8909890098001957,19.77399469765784
Q60932,Vdac1,PAS_vs_VEH_female,0.2683251069005266,1.0867306246731008,0.2884099716651297,0.880149443891141,22.235953729541382
Q60936,Coq8a,PAS_vs_VEH_female,-0.5764235897272378,-2.2376390493208254,0.03521896325667333,0.5201601465613213,18.138233821931756
Q61102,Abcb7,PAS_vs_VEH_female,0.4180918715305033,0.8580173032304352,0.39973282724839343,0.8971825625955311,16.649626281664723
Q61171,Prdx2,PAS_vs_VEH_female,-0.06480034764581077,-0.23157033614144298,0.8189187962727539,0.9565388786656734,18.543360990293703
Q61425,Hadh,PAS_vs_VEH_female,0.2630146926422654,1.3261464087018586,0.19780595339391668,0.8149638615273798,18.294500439409013
Q61586,Gpam,PAS_vs_VEH_female,-0.2391107609239942,-0.6565685559975086,0.5213987522841351,0.8971825625955311,15.2771683480135
Q61733,Mrps31,PAS_vs_VEH_female,-0.35177410941957277,-0.7859174739084193,0.4416031802357616,0.8971825625955311,18.637587350767937
Q62425,Coxfa4,PAS_vs_VEH_female,-1.0754898700760194,-2.739540360712068,0.011677254538528229,0.4138399070476929,21.845770034568027
Q64105,Spr,PAS_vs_VEH_female,0.7684302941130383,2.8790547742606445,0.008471828545213765,0.4138399070476929,15.465806033575955
Q64133,Maoa,PAS_vs_VEH_female,0.2966656876564233,1.0386545761521537,0.3097579256749972,0.8909890098001957,15.937056186183403
Q64433,Hspe1,PAS_vs_VEH_female,-0.07548205635811911,-0.24627415512215037,0.807653807047269,0.9565388786656734,21.210776291329633
Q64521,Gpd2,PAS_vs_VEH_female,0.027526329589093734,0.20588679537832358,0.8386901695381002,0.9585030509006859,20.90868237264261
Q66GT5,Ptpmt1,PAS_vs_VEH_female,0.21208217440366361,0.9506406471276241,0.35166660245451375,0.8957247990769677,13.993636905533478
Q6NVE9,Pptc7,PAS_vs_VEH_female,-0.28549201126562096,-1.0022839126472352,0.3266314166470411,0.8909890098001957,17.314252497008646
Q6P3A8,Bckdhb,PAS_vs_VEH_female,0.1134093994109655,0.38829136149819726,0.7013699124229699,0.9303117056703154,17.966594721297795
Q6P8J7,Ckmt2,PAS_vs_VEH_female,-0.0859441823769842,-0.5069596119502128,0.6170075018835223,0.9161403293450027,21.111845102103608
Q6PB66,Lrpprc,PAS_vs_VEH_female,0.0678404792902576,0.32823880692270524,0.7456995397990769,0.9336956592011312,17.489824858595615
Q6PCP5,Mff,PAS_vs_VEH_female,-0.3299489364313928,-2.1813616308671877,0.03963040619339948,0.5345016647387166,16.655992691695353
Q6RUT7,Uqcc4,PAS_vs_VEH_female,-0.21107909877041564,-0.8061044729728566,0.4284359382461612,0.8971825625955311,19.2703994810528
Q6XPS7,Tha1,PAS_vs_VEH_female,-0.03572613460654139,-0.1618554369032298,0.8728326282757879,0.9663563467917665,17.30032927955073
Q71RI9,Kyat3,PAS_vs_VEH_female,0.12331647512856136,0.5745854403439314,0.5740838639076404,0.90077247154569,16.06768684022334
Q78IK2,Atp5mk,PAS_vs_VEH_female,0.21790392893794674,0.9273634403027767,0.3633643086074362,0.8971825625955311,21.244260773196622
Q78IK4,Apool,PAS_vs_VEH_female,0.031952415563576864,0.1314997445881237,0.8965230830964741,0.9664252158420534,18.368536608621532
Q78J03,Msrb2,PAS_vs_VEH_female,-0.2984351183503282,-1.0247583223392829,0.3161310501564313,0.8909890098001957,16.68013316655729
Q78PY7,Snd1,PAS_vs_VEH_female,-0.19887542144268977,-1.114657254578602,0.2765053662091217,0.8774025028311795,16.563064601751364
Q791V5,Mtch2,PAS_vs_VEH_female,0.027571372341494538,0.08991407324793041,0.9291336238938186,0.9701248131832518,19.70844573034464
Q7TMF3,Ndufa12,PAS_vs_VEH_female,0.2765699468369647,1.2636489579333525,0.21900982405125463,0.8158682089436212,19.360190214745792
Q7TNG8,Ldhd,PAS_vs_VEH_female,-0.6488207725910318,-2.0596465672294424,0.050920824880237685,0.602563094416146,15.555696521192848
Q7TNS2,Micos10,PAS_vs_VEH_female,0.3394404956611723,1.0586885923508202,0.3007300484661292,0.8826018543236429,20.881942878238526
Q7TSQ8,Pdpr,PAS_vs_VEH_female,0.11505129006684456,0.4799901873975351,0.635765959698475,0.9211574146522168,18.3969830298035
Q80U63,Mfn2,PAS_vs_VEH_female,0.3362080967860237,0.686200498264171,0.4994438137297228,0.8971825625955311,16.64431276278809
Q80VL1,Tdrkh,PAS_vs_VEH_female,-0.47026918220994673,-0.9822195922105167,0.33832886079685,0.8938176415470269,14.904582832200209
Q80X85,Mrps7,PAS_vs_VEH_female,6.891385720813048e-4,0.0020237486639069213,0.9984027274725485,0.9988858956523747,17.6240846213152
Q80XL6,Acad11,PAS_vs_VEH_female,0.13950430465586905,0.4027780733740048,0.6927902496512832,0.9303117056703154,16.1405241527244
Q80XN0,Bdh1,PAS_vs_VEH_female,-0.7872703558851271,-2.6481755688750517,0.014365252185753413,0.4138399070476929,17.69145801415879
Q80Y14,Glrx5,PAS_vs_VEH_female,0.531605200217582,1.531576335490072,0.13926186134469815,0.7831756162751341,16.390261136707757
Q80YD1,Supv3l1,PAS_vs_VEH_female,-0.34778243436798206,-1.3069115271294343,0.20415456277888488,0.8158682089436212,15.860282544651415
Q80ZS3,Mrps26,PAS_vs_VEH_female,0.05243697007967896,0.18088226515976688,0.858043839152202,0.9663563467917665,17.049286272921005
Q811U4,Mfn1,PAS_vs_VEH_female,0.15619898733665138,0.6319338371882715,0.533659364372194,0.8971825625955311,16.572064572201384
Q8BFR5,Tufm,PAS_vs_VEH_female,0.2723772436138283,1.910513128642042,0.06860760821759414,0.6194703401417188,18.93992336041685
Q8BG51,Rhot1,PAS_vs_VEH_female,-0.19006707998379824,-0.5419625201334477,0.5930546985430212,0.9105465156366495,17.033100134393752
Q8BGA9,Oxa1l,PAS_vs_VEH_female,0.150797291064368,0.5608209282391245,0.5803406063611327,0.9056202960803326,16.456211688565595
Q8BGB8,Coq4,PAS_vs_VEH_female,0.06991337949400034,0.17183696537315482,0.8650681154990554,0.9663563467917665,17.349706339696667
Q8BGC4,Ptgr3,PAS_vs_VEH_female,-0.5871425673580006,-2.8198435122146344,0.009714106208670154,0.4138399070476929,18.495509434764386
Q8BGD8,Coa6,PAS_vs_VEH_female,-0.072529809383866,-0.21756673309164934,0.8296845555084095,0.9578472104243427,18.004303934398575
Q8BGH2,Samm50,PAS_vs_VEH_female,0.2365773412510066,0.7124527142816142,0.4833473274189476,0.8971825625955311,18.68848696687984
Q8BGT5,Gpt2,PAS_vs_VEH_female,-0.3792891211786902,-1.8975525585940662,0.07037379856547592,0.6194703401417188,18.242809334469165
Q8BGX2,Timm29,PAS_vs_VEH_female,-0.33560541129930854,-1.382094176439692,0.18021434312451373,0.8149638615273798,17.087510437429945
Q8BGY7,Fam210a,PAS_vs_VEH_female,-0.08455431976059558,-0.29848095358476257,0.7680150861889425,0.9376955595581534,17.37977255144542
Q8BH59,Slc25a12,PAS_vs_VEH_female,0.19537380050640962,0.7801997763634299,0.4432259664211855,0.8971825625955311,20.41162801353551
Q8BH86,Dglucy,PAS_vs_VEH_female,0.3503467865993155,1.0735337604252055,0.2941620520906445,0.8826018543236429,15.603056137586114
Q8BH95,Echs1,PAS_vs_VEH_female,0.21544396104118846,1.320676973235332,0.1995953205720861,0.8156125329852152,19.331772352243814
Q8BHC4,Dcakd,PAS_vs_VEH_female,0.3262374497102911,1.1331843753540258,0.26880711591441975,0.8774025028311795,17.95469422988557
Q8BHE8,Maip1,PAS_vs_VEH_female,0.5159825257545343,1.178740704031484,0.25054802544993265,0.858333770158329,17.118658453588704
Q8BIJ6,Iars2,PAS_vs_VEH_female,0.1624665394764051,1.199295546064458,0.2426182793505917,0.8480096215861518,17.772329111916598
Q8BK08,Tmem11,PAS_vs_VEH_female,0.1446997527987115,0.42199976586286014,0.6769421709990636,0.9303117056703154,18.025801468005422
Q8BK30,Ndufv3,PAS_vs_VEH_female,0.08035767075548961,0.30309860316177833,0.7645382564623294,0.9376955595581534,20.698390216897298
Q8BK72,Mrps27,PAS_vs_VEH_female,0.5792423175962824,2.2290350560383985,0.03586315808727857,0.5201601465613213,16.968025403141663
Q8BK99,Opa1,PAS_vs_VEH_female,0.30960053758083816,1.3684508848350643,0.1843858509575525,0.8149638615273798,16.886611909924618
Q8BKZ9,Pdhx,PAS_vs_VEH_female,0.280221252794302,1.7036411272535843,0.10191911514763669,0.7327855367576916,19.811440932925443
Q8BMD8,Slc25a24,PAS_vs_VEH_female,0.1535097211855465,0.29239070229133823,0.7726083131570701,0.9376955595581534,16.540125543962127
Q8BMF3,Me3,PAS_vs_VEH_female,0.4594023649379402,2.116667087542305,0.04531464376797826,0.5476322906428012,18.389053825003266
Q8BMF4,Dlat,PAS_vs_VEH_female,0.013830935427503022,0.09420291054668763,0.925763529355895,0.9701248131832518,20.93293832580279
Q8BMS1,Hadha,PAS_vs_VEH_female,-0.28017476851922396,-1.2574525156033871,0.2212037045375311,0.8158682089436212,19.809811892337056
Q8BMS4,Coq3,PAS_vs_VEH_female,-0.12987250620207647,-0.5592888086273741,0.5813684440689735,0.9056202960803326,18.369357021547398
Q8BP40,Acp6,PAS_vs_VEH_female,0.9396375339771001,2.391616345008668,0.02533814387971087,0.49581096779100986,15.65355625921581
Q8BPE4,Tmem177,PAS_vs_VEH_female,0.10986328496624154,0.36757173981155794,0.7165520957813651,0.9303117056703154,15.955444277900295
Q8BUY5,Timmdc1,PAS_vs_VEH_female,-0.43033406982848277,-1.6791236792389699,0.10665879749239278,0.7382520694162559,16.387453100797707
Q8BVI4,Qdpr,PAS_vs_VEH_female,0.016851967256858558,0.06533264111520215,0.948473492853508,0.9741732480454313,18.401425573294443
Q8BW75,Maob,PAS_vs_VEH_female,-0.060914718059052575,-0.32985906379489394,0.7444908048923062,0.9336956592011312,18.168937211843662
Q8BWF0,Aldh5a1,PAS_vs_VEH_female,-0.04342909356790514,-0.2431055117791448,0.8100778885650615,0.9565388786656734,16.46906439794122
Q8BWM0,Ptges2,PAS_vs_VEH_female,-0.047416425590583344,-0.15054196036773063,0.8816490264111656,0.9664252158420534,17.114017911943584
Q8BWT1,Acaa2,PAS_vs_VEH_female,-0.08351089651620569,-0.4052632138678627,0.6890275785937052,0.9303117056703154,19.371558793318776
Q8BX10,Pgam5,PAS_vs_VEH_female,0.015619073622762158,0.09519192300201047,0.9249865795317402,0.9701248131832518,18.19508906447276
Q8BYM8,Cars2,PAS_vs_VEH_female,-0.19261225823287376,-0.6668975021544002,0.5114706143070744,0.8971825625955311,15.750675676693728
Q8C025,Chpt1,PAS_vs_VEH_female,-0.35557747723271405,-0.7112574817655902,0.48407360424167556,0.8971825625955311,17.020199698964156
Q8C3X2,Ccdc90b,PAS_vs_VEH_female,0.4325421731775112,1.485175533185385,0.15389310385554064,0.7946480271813372,16.24865052062745
Q8C5H8,Nadk2,PAS_vs_VEH_female,0.20419927464677556,0.6893092454425034,0.49752196721465114,0.8971825625955311,15.867479254739283
Q8C5Q4,Grsf1,PAS_vs_VEH_female,-0.30881561637549737,-0.7662895378271543,0.4512947811174145,0.8971825625955311,16.825132678901344
Q8CAK1,Iba57,PAS_vs_VEH_female,-0.24637098382019929,-0.811460298077297,0.4254166744504603,0.8971825625955311,17.241398946952856
Q8CAQ8,Immt,PAS_vs_VEH_female,0.060229637309252126,0.43207806204666355,0.6697069677617677,0.9303117056703154,20.168669173581044
Q8CBY0,Gatc,PAS_vs_VEH_female,-0.05641217996454273,-0.1075006891296112,0.9153236747521452,0.9699888593317726,19.241346252404888
Q8CC88,Vwa8,PAS_vs_VEH_female,-0.16636139407978945,-0.8545439723977591,0.40161398541563875,0.8971825625955311,17.252004432991235
Q8CCM6,Timm21,PAS_vs_VEH_female,-0.665259834409138,-1.9861325530527538,0.05905774600354178,0.609905449636577,16.87215693791719
Q8CD10,Micu2,PAS_vs_VEH_female,-0.4091650255171757,-1.7502727273698622,0.0961957780098367,0.7327855367576916,15.096922290554764
Q8CEE7,Rdh13,PAS_vs_VEH_female,0.27901508918741236,1.0580952911804302,0.3009946938202611,0.8826018543236429,14.211793815292907
Q8CEI1,Bola3,PAS_vs_VEH_female,-0.36303941045567356,-0.9181048201636783,0.36808852505275547,0.8971825625955311,18.34655957221336
Q8CEY5,Mtch1,PAS_vs_VEH_female,-0.5426604700588129,-2.0242947416679953,0.05470010090731041,0.6085175094625032,18.924465202746052
Q8CG76,Akr7a2,PAS_vs_VEH_female,0.10058200019677344,0.36859626582327065,0.7157985030036029,0.9303117056703154,15.496256940750111
Q8CGK3,Lonp1,PAS_vs_VEH_female,-0.045318061315615665,-0.24479454574944134,0.8087854971325186,0.9565388786656734,18.08697084143767
Q8CHT0,Aldh4a1,PAS_vs_VEH_female,0.077795625404405655,0.479798759443839,0.6359000215901536,0.9211574146522168,20.049111154011605
Q8JZN5,Acad9,PAS_vs_VEH_female,-0.16226363575793812,-1.1189071672780866,0.27472545275568616,0.8774025028311795,18.339641692325806
Q8JZN7,Rhot2,PAS_vs_VEH_female,-0.2079613232923414,-1.057070848022372,0.3014520417936386,0.8826018543236429,17.406781329030444
Q8JZQ2,Afg3l2,PAS_vs_VEH_female,0.00932737029550168,0.06335781208718876,0.9500287927343862,0.9741732480454313,18.740334531896668
Q8JZU2,Slc25a1,PAS_vs_VEH_female,-0.08861974434712216,-0.22997904239290667,0.820564769891427,0.9565388786656734,13.846988898674292
Q8K009,Aldh1l2,PAS_vs_VEH_female,-0.07665793683916888,-0.17150504595789895,0.8653260931106953,0.9663563467917665,14.46787780219293
Q8K0D5,Gfm1,PAS_vs_VEH_female,-0.21083439200029375,-0.6561866298832659,0.5182130321459613,0.8971825625955311,17.16860609127162
Q8K0Z7,Taco1,PAS_vs_VEH_female,0.048901125099369835,0.22490673531547897,0.8240372742585476,0.9565388786656734,16.819803852028688
Q8K199,Cmc2,PAS_vs_VEH_female,0.12971161491206828,0.4220447850063115,0.6769097803254023,0.9303117056703154,17.304952830261655
Q8K1M6,Dnm1l,PAS_vs_VEH_female,-1.4944610659689417,-4.229873222092105,3.1728085364464106e-4,0.06483210017286178,15.070676029252084
Q8K1R3,Pnpt1,PAS_vs_VEH_female,0.18168314033744792,0.6820002630753595,0.5020470886690918,0.8971825625955311,17.344924847681767
Q8K1Z0,Coq9,PAS_vs_VEH_female,-0.3537286849626362,-2.218961248441573,0.036630996236712766,0.5201601465613213,19.742575200279028
Q8K2B3,Sdha,PAS_vs_VEH_female,-0.13016327351644108,-1.0092954755446069,0.32332986983293355,0.8909890098001957,21.15768927857419
Q8K2C6,Sirt5,PAS_vs_VEH_female,-0.44590322385682946,-1.4814158796533,0.15206183768705692,0.7946480271813372,16.026581897405784
Q8K2M0,Mrpl38,PAS_vs_VEH_female,-0.10746090837531597,-0.30267962943962357,0.7648535126126794,0.9376955595581534,17.14292028443665
Q8K2Q5,Chchd7,PAS_vs_VEH_female,-0.852286432789878,-1.9447573146303614,0.06412665048260033,0.6188912575257245,18.97132474787352
Q8K2Y7,Mrpl47,PAS_vs_VEH_female,-0.321662938900829,-1.204363396148658,0.2406923918756775,0.8480096215861518,19.01793856661921
Q8K370,Acad10,PAS_vs_VEH_female,0.7768477951960193,3.0477709067590113,0.005709320554862032,0.4138399070476929,16.05641036862891
Q8K3J1,Ndufs8,PAS_vs_VEH_female,-0.346024205350826,-1.420594687134742,0.16884516051774126,0.8149638615273798,19.78716298066464
Q8K411,Pitrm1,PAS_vs_VEH_female,0.3736448934666967,1.8956999674301132,0.07062948001976437,0.6194703401417188,16.175969114355933
Q8K4F5,Abhd11,PAS_vs_VEH_female,-0.27572930070439483,-1.329512640884364,0.19671090039181122,0.8149638615273798,18.800750376737913
Q8K4Z3,Naxe,PAS_vs_VEH_female,0.15460209009752646,0.6255570061981547,0.537761540866945,0.8971825625955311,17.448113084316976
Q8QZS1,Hibch,PAS_vs_VEH_female,0.04733002511620654,0.30819032311650013,0.760710339907057,0.9376955595581534,17.509554261548725
Q8QZT1,Acat1,PAS_vs_VEH_female,0.15536285365204705,0.8193090448444352,0.4210160651043988,0.8971825625955311,19.137196760426608
Q8R035,Mrpl58,PAS_vs_VEH_female,0.034069610197015265,0.15650089351480354,0.877003306614541,0.9663563467917665,18.32856349360128
Q8R086,Suox,PAS_vs_VEH_female,-0.2332020148175893,-0.9854524103941448,0.33465193466794374,0.8938176415470269,17.40058243273362
Q8R0F8,Fahd1,PAS_vs_VEH_female,0.07203817438161053,0.3007231909564251,0.7663261810518787,0.9376955595581534,17.943784220740618
Q8R0N6,Adhfe1,PAS_vs_VEH_female,-0.011375013998080163,-0.034709310854959166,0.9726108998116955,0.9911015948303435,15.876408079329446
Q8R0Y8,Slc25a42,PAS_vs_VEH_female,-0.18010698208713904,-0.6399316663673611,0.5285383389540609,0.8971825625955311,17.095367297968277
Q8R164,Bphl,PAS_vs_VEH_female,0.5454894144941829,1.3417327837525055,0.1927753736254728,0.8149638615273798,15.634700090296487
Q8R1I1,Uqcr10,PAS_vs_VEH_female,0.6881979388427837,2.1329073647027155,0.04382264929448357,0.5476322906428012,20.229505093710323
Q8R1R3,Stard7,PAS_vs_VEH_female,0.07460062571726311,0.13465978195318756,0.8946701117734239,0.9664252158420534,16.254222243547538
Q8R1S0,Coq6,PAS_vs_VEH_female,0.029610826220292097,0.15930786715748335,0.8748164798202211,0.9663563467917665,17.351090250241846
Q8R2Q4,Gfm2,PAS_vs_VEH_female,-0.23774091719812773,-1.3982866797357396,0.17536080083739508,0.8149638615273798,17.129000424423936
Q8R2Y8,Ptrh2,PAS_vs_VEH_female,-0.15868760423995099,-0.6990868770348256,0.49150483313621507,0.8971825625955311,17.28433999879065
Q8R3F5,Mcat,PAS_vs_VEH_female,1.085102314433195,1.8859721246364014,0.07198541512852805,0.6195108453485444,16.591237049484132
Q8R404,Micos13,PAS_vs_VEH_female,-0.02679512010428553,-0.10747784096858533,0.9153415996511094,0.9699888593317726,17.902501592246896
Q8R4N0,Clybl,PAS_vs_VEH_female,0.08165027426849392,0.4495239849932617,0.6572598034592159,0.9303117056703154,18.926422008640017
Q8R5L1,C1qbp,PAS_vs_VEH_female,0.4896446756824062,1.2809366840499496,0.21297712019528586,0.8158682089436212,18.638887788391962
Q8VCE1,Dnajc28,PAS_vs_VEH_female,-1.038356441009551,-2.468456783665869,0.02322718916557126,0.49581096779100986,17.088771408894807
Q8VCF0,Mavs,PAS_vs_VEH_female,-0.5565076942199632,-1.7599958636754747,0.09169866138376027,0.7134909543284361,16.44481456401767
Q8VCL2,Sco2,PAS_vs_VEH_female,-0.18247963363172204,-0.7017248703332597,0.4898885798319219,0.8971825625955311,17.316725352298636
Q8VCM5,Mul1,PAS_vs_VEH_female,0.6780041184433365,2.048847677582916,0.05838252056501089,0.609905449636577,16.111512773141744
Q8VCX5,Micu1,PAS_vs_VEH_female,-0.45836536993022037,-1.3311844782673627,0.19616880472764855,0.8149638615273798,15.939054580679656
Q8VD26,Tmem143,PAS_vs_VEH_female,-0.09456976251938443,-0.4423486643173257,0.6623671866843364,0.9303117056703154,17.039697577185446
Q8VDC0,Lars2,PAS_vs_VEH_female,0.04241705291718567,0.15666143289319276,0.8768782081552502,0.9663563467917665,14.774976786249642
Q8VDK1,Nit1,PAS_vs_VEH_female,0.1940263295061868,0.6267890761834222,0.5369676435035242,0.8971825625955311,15.9251117445715
Q8VDT9,Mrpl50,PAS_vs_VEH_female,0.253983518297634,0.8791203285856882,0.3884252289101079,0.8971825625955311,17.087194738316082
Q8VE22,Mrps23,PAS_vs_VEH_female,-0.0649646910175008,-0.21825727390197897,0.8291528591814892,0.9578472104243427,17.146439572844777
Q8VE95,,PAS_vs_VEH_female,0.10253618634466832,0.550808292167179,0.5870740449214757,0.9086050613498589,17.737315801558424
Q8VEA4,Chchd4,PAS_vs_VEH_female,-0.42763563468815846,-0.7945240639740779,0.43500950316198783,0.8971825625955311,19.526877040362102
Q91V61,Sfxn3,PAS_vs_VEH_female,-0.4407516241416296,-2.659686680351929,0.013997071962649989,0.4138399070476929,19.477188850030707
Q91VA6,Poldip2,PAS_vs_VEH_female,-0.1653658763634862,-0.5880562895969198,0.563416532357405,0.8971825625955311,13.825579085412272
Q91VA7,Idh3b,PAS_vs_VEH_female,-0.08091268859042344,-0.3320880059476147,0.7428290786399729,0.9336956592011312,18.343843858623792
Q91VC9,Ghitm,PAS_vs_VEH_female,0.8077151760042653,2.033411550536897,0.05621281397426887,0.6085175094625032,16.89510247263437
Q91VD9,Ndufs1,PAS_vs_VEH_female,-0.01678618719702385,-0.13743718582098197,0.8918808602586195,0.9664252158420534,20.92052586411102
Q91VM9,Ppa2,PAS_vs_VEH_female,0.22949719032939342,0.76012666343453,0.45489779682790066,0.8971825625955311,16.553801840310896
Q91VN4,Chchd6,PAS_vs_VEH_female,-0.11622849215497055,-0.39590194334908313,0.6958246707010018,0.9303117056703154,16.841738479880622
Q91VT4,Cbr4,PAS_vs_VEH_female,-0.007605581811482409,-0.03233860672111198,0.9744809159945078,0.9911015948303435,17.275276626477474
Q91WC3,Acsl6,PAS_vs_VEH_female,0.1922495008193401,0.5758541166130627,0.5703038928478343,0.9005556631367391,15.717504034073983
Q91WD5,Ndufs2,PAS_vs_VEH_female,-0.14872509199035022,-0.8813062283940164,0.38726594016786553,0.8971825625955311,20.285972139163498
Q91WK1,Spryd4,PAS_vs_VEH_female,0.3707934883073527,0.8845045742513019,0.39037375338994873,0.8971825625955311,15.981300357477632
Q91WK5,Gcsh,PAS_vs_VEH_female,-0.006966260485075537,-0.015738825257199936,0.9875784337183453,0.9911015948303435,19.907328575077994
Q91WS0,Cisd1,PAS_vs_VEH_female,0.091695701371318,0.47587501535832194,0.6386507173107634,0.9211574146522168,20.480758964277282
Q91XE8,Tmem205,PAS_vs_VEH_female,0.2874306510644864,1.0687206373150626,0.29628021683040773,0.8826018543236429,16.064176383426094
Q91YP0,L2hgdh,PAS_vs_VEH_female,-0.018614758116950014,-0.1155410452116638,0.9090187547011293,0.9687104177678076,18.099109347751124
Q91YT0,Ndufv1,PAS_vs_VEH_female,-0.022030534514829725,-0.12914258202582785,0.8983671020503596,0.9664252158420534,20.760907291532348
Q91Z53,Grhpr,PAS_vs_VEH_female,-0.012872978318906547,-0.05758591122999209,0.9545756620566123,0.976935091978659,17.508878883866153
Q91ZA3,Pcca,PAS_vs_VEH_female,0.1065941292120911,0.6396353718963783,0.5287275799625044,0.8971825625955311,18.58621820889554
Q920A7,Afg3l1,PAS_vs_VEH_female,0.05498136553366173,0.13454319648926405,0.8941430597595629,0.9664252158420534,15.880289281707892
Q921G7,Etfdh,PAS_vs_VEH_female,0.1805703171856301,0.7649315841292281,0.4520872029307875,0.8971825625955311,19.009004814471986
Q921H8,Acaa1a,PAS_vs_VEH_female,0.677824905891443,2.687536468311175,0.014571827712946935,0.4138399070476929,14.94288194978184
Q921H9,Coa7,PAS_vs_VEH_female,0.6727146050315493,2.3800752013861257,0.02597936815974886,0.49581096779100986,15.904603408087667
Q921S7,Mrpl37,PAS_vs_VEH_female,-0.31790223249536886,-0.8758635022116551,0.39015665751945394,0.8971825625955311,15.300639105958188
Q922B1,Macrod1,PAS_vs_VEH_female,-0.36780562983340914,-1.3500334760273238,0.19013747951623533,0.8149638615273798,19.956362043052838
Q922Q1,Mtarc2,PAS_vs_VEH_female,0.07099537121011323,0.3355351085536856,0.7402617034979593,0.9336956592011312,18.439220326459658
Q923X4,Glrx2,PAS_vs_VEH_female,0.14811241703236533,0.40040180333782954,0.692554086917857,0.9303117056703154,16.06125853965675
Q924D0,Rtn4ip1,PAS_vs_VEH_female,-0.22314679376576407,-0.6319706955171689,0.5336357027236579,0.8971825625955311,17.299118487054173
Q924T2,Mrps2,PAS_vs_VEH_female,0.03633922938076317,0.11555600790037024,0.9090070271310764,0.9687104177678076,15.969172468523976
Q924X2,Cpt1b,PAS_vs_VEH_female,0.18992126870949022,0.7558781686586032,0.4573916355237385,0.8971825625955311,19.348058571911345
Q925I1,Atad3a,PAS_vs_VEH_female,-0.07573812753305731,-0.48382606007452317,0.6330822873031887,0.9211574146522168,18.250536883412916
Q99J39,Mlycd,PAS_vs_VEH_female,-0.32596433510163436,-1.6227617022520346,0.11826381519221803,0.7382520694162559,18.27911215489332
Q99J47,Dhrs7b,PAS_vs_VEH_female,0.023277612973476636,0.10001530283094703,0.9211985297381183,0.9701248131832518,16.813056230135814
Q99J99,Mpst,PAS_vs_VEH_female,0.08391501715855654,0.43806526401479184,0.6654241267227029,0.9303117056703154,18.703281290591157
Q99JB2,Stoml2,PAS_vs_VEH_female,-0.08271597943953424,-0.3570158757099496,0.7243335089160945,0.9336956592011312,17.661035979922698
Q99JR1,Sfxn1,PAS_vs_VEH_female,-0.501319754431794,-0.9194618424331932,0.3673935638960849,0.8971825625955311,17.3991982254529
Q99JY0,Hadhb,PAS_vs_VEH_female,-0.13028764004195992,-0.6548715398572513,0.5190442380721684,0.8971825625955311,19.722508500594856
Q99KB8,Hagh,PAS_vs_VEH_female,0.12220422654692342,0.4750089969120182,0.6401926895070451,0.9211574146522168,15.161949772216218
Q99KI0,Aco2,PAS_vs_VEH_female,0.2304929547818091,1.893817676480512,0.07089009174156993,0.6194703401417188,20.974620502653142
Q99KR7,Ppif,PAS_vs_VEH_female,-0.5137171659755246,-1.6869642099430904,0.10512320496162843,0.7382520694162559,18.845227101542527
Q99L04,Dhrs1,PAS_vs_VEH_female,-0.015188049244958535,-0.07731317371334148,0.93904279811121,0.9733144330787725,15.629326812030191
Q99L13,Hibadh,PAS_vs_VEH_female,0.21632654349533809,1.1588463022734594,0.25840517142280656,0.8653204955974154,18.120978631827743
Q99LB2,Dhrs4,PAS_vs_VEH_female,-0.5923012186432501,-2.021707522900388,0.054986243883061274,0.6085175094625032,17.735502170868006
Q99LC3,Ndufa10,PAS_vs_VEH_female,0.024128425974556222,0.12643631676755318,0.9004849468598103,0.9664807921543854,19.49459644767556
Q99LC5,Etfa,PAS_vs_VEH_female,0.18861570371143443,0.9999215219396475,0.32774904196221444,0.8909890098001957,18.743414035942504
Q99LP6,Grpel1,PAS_vs_VEH_female,0.09246905315600173,0.365100785460044,0.7183708228240318,0.9303117056703154,18.425988536834
Q99LX0,Park7,PAS_vs_VEH_female,0.38492887805617215,1.5451963969161933,0.135943028083806,0.7721563995160181,18.255451987159272
Q99LY9,Ndufs5,PAS_vs_VEH_female,-0.13720958350790013,-0.7792454172315737,0.443776732221123,0.8971825625955311,19.30106463103028
Q99M87,Dnaja3,PAS_vs_VEH_female,0.08431004418335064,0.6443150684589409,0.5257429959058615,0.8971825625955311,18.23685566223394
Q99MN1,Kars1,PAS_vs_VEH_female,-0.7252468529640161,-2.1266640056833728,0.04439091813837025,0.5476322906428012,14.910268655949508
Q99MN9,Pccb,PAS_vs_VEH_female,0.11595172455744773,0.715115199110334,0.48173175188244466,0.8971825625955311,18.2576350570629
Q99MR8,Mccc1,PAS_vs_VEH_female,-0.07203683261935012,-0.5418400714206314,0.5931376950450005,0.9105465156366495,17.982557346156305
Q99N15,Hsd17b10,PAS_vs_VEH_female,0.2869876797508013,0.9630509134330062,0.3455349955636453,0.8957247990769677,18.473319849603026
Q99N84,Mrps18b,PAS_vs_VEH_female,0.5735601609694427,1.5806826987278542,0.12760096451456507,0.754118367898391,15.578123416011556
Q99N85,Mrps18a,PAS_vs_VEH_female,0.050177340972496154,0.18199172933102684,0.8571830786821361,0.9663563467917665,15.87402824781619
Q99N87,Mrps5,PAS_vs_VEH_female,0.25806231289404025,0.9684774153927186,0.3428768543330859,0.8957247990769677,17.0629755153764
Q99N91,Mrpl34,PAS_vs_VEH_female,-0.1646132079553979,-0.6670413488798912,0.5113803972012465,0.8971825625955311,15.197767164749724
Q99N92,Mrpl27,PAS_vs_VEH_female,0.28468167132728084,0.5751459342744145,0.5707747160725811,0.9005556631367391,15.165695352186798
Q99N94,Mrpl9,PAS_vs_VEH_female,0.1485409255615977,0.5831715967881447,0.5654505772157156,0.8971825625955311,15.326447637814066
Q99N95,Mrpl3,PAS_vs_VEH_female,-0.01769045628699928,-0.04250742068273161,0.966460926660212,0.9873197955809361,14.776530387249144
Q99N96,Mrpl1,PAS_vs_VEH_female,-0.09179358722140307,-0.37692109204745305,0.7096861591505872,0.9303117056703154,15.515795134859946
Q99NB1,Acss1,PAS_vs_VEH_female,-0.7989676238558054,-1.5347543550871432,0.1456526643540646,0.7946480271813372,15.58668989576283
Q9CPP6,Ndufa5,PAS_vs_VEH_female,-0.11097145236274741,-0.6159666068562725,0.5439626330015863,0.8971825625955311,19.881472278848683
Q9CPQ1,Cox6c,PAS_vs_VEH_female,0.13089023043796644,0.5196608232668605,0.6082636500619509,0.9136102726964315,22.239695813242488
Q9CPQ3,Tomm22,PAS_vs_VEH_female,0.39874940007721627,1.2953581267902037,0.2080431632439998,0.8158682089436212,14.758934838971644
Q9CPQ8,Atp5mg,PAS_vs_VEH_female,0.6627333900432717,1.3430204174184186,0.1923643046510904,0.8149638615273798,18.905073005584494
Q9CPR5,Mrpl15,PAS_vs_VEH_female,-0.2484321744396354,-1.1573915944230895,0.2589867680485222,0.8653204955974154,18.265190378808093
Q9CPS6,Hint3,PAS_vs_VEH_female,0.006258430212824351,0.018245489203796667,0.985600310547518,0.9911015948303435,18.632165349392317
Q9CPU2,Ndufb2,PAS_vs_VEH_female,0.0047224404199468495,0.022064835590547702,0.9825864754675027,0.9911015948303435,21.6554561415467
Q9CPU4,Mgst3,PAS_vs_VEH_female,0.41492972047288035,0.969019328133857,0.34261216863081445,0.8957247990769677,18.397893815640305
Q9CPV4,Glod4,PAS_vs_VEH_female,-0.525199563072281,-1.4887980036030128,0.15294439400247528,0.7946480271813372,13.46363021716516
Q9CPW2,Fdx2,PAS_vs_VEH_female,-0.24070890958409308,-0.6572196199732119,0.5189189455809208,0.8971825625955311,16.49201306325926
Q9CPY7,Lap3,PAS_vs_VEH_female,0.35951476450461683,2.6467469764528664,0.014411575065706497,0.4138399070476929,17.940882305483957
Q9CPZ8,Cmc1,PAS_vs_VEH_female,-0.6064807740886451,-1.349908329465496,0.19017703863928478,0.8149638615273798,17.44299379730318
Q9CQ00,Dmac1,PAS_vs_VEH_female,0.08810963955805917,0.3885391622152741,0.7011890897610256,0.9303117056703154,17.908532926552418
Q9CQ06,Mrpl24,PAS_vs_VEH_female,-0.3612798707016047,-1.1177299906350529,0.2752176309788833,0.8774025028311795,16.886908022568537
Q9CQ40,Mrpl49,PAS_vs_VEH_female,-0.14592953411704812,-0.5888324946697594,0.562906293920638,0.8971825625955311,15.17005581487704
Q9CQ54,Ndufc2,PAS_vs_VEH_female,-0.3828594643797487,-2.272876824483176,0.032689070196166334,0.5155379481660708,20.846878568107464
Q9CQ62,Decr1,PAS_vs_VEH_female,-0.16369590870297301,-0.7720854998620443,0.44792203304632705,0.8971825625955311,20.041791029011357
Q9CQ69,Uqcrq,PAS_vs_VEH_female,0.36569549313828276,1.4014603609906113,0.17442181389766967,0.8149638615273798,21.699082741737403
Q9CQ75,Ndufa2,PAS_vs_VEH_female,-0.40887603956222307,-2.2654309425501316,0.033209411407641845,0.5155379481660708,21.719822002173373
Q9CQ85,Timm22,PAS_vs_VEH_female,-0.0041947847183898546,-0.01569654405669345,0.9876118004823493,0.9911015948303435,17.61265351241883
Q9CQ91,Ndufa3,PAS_vs_VEH_female,0.34637457026115115,1.0877576796738477,0.2879657251039193,0.880149443891141,18.807442444622858
Q9CQ92,Fis1,PAS_vs_VEH_female,0.1740829654322411,0.6732989277387793,0.507464388749653,0.8971825625955311,18.272665535618096
Q9CQA3,Sdhb,PAS_vs_VEH_female,-0.032826734911989064,-0.2493226969933584,0.8053234629016507,0.9565388786656734,20.039295469461216
Q9CQA6,Chchd1,PAS_vs_VEH_female,0.1624771145156636,0.6342799717720646,0.5321543629495349,0.8971825625955311,14.75285162191478
Q9CQB4,Uqcrb,PAS_vs_VEH_female,-0.27322606699248553,-1.793525585202303,0.08604420957215585,0.7083059570577466,20.287671980216675
Q9CQC7,Ndufb4,PAS_vs_VEH_female,0.18495258964181716,0.8151634010567665,0.42333687219398264,0.8971825625955311,21.973066192976827
Q9CQF0,Mrpl11,PAS_vs_VEH_female,-0.2597980181525905,-1.0703242530192347,0.2955732900593645,0.8826018543236429,16.91729834384763
Q9CQF4,Mtres1,PAS_vs_VEH_female,0.16621179901441963,0.6435285294418234,0.5262439863610053,0.8971825625955311,17.032283406197642
Q9CQF8,Mrpl57,PAS_vs_VEH_female,0.12974645390549,0.3197417628718476,0.7520493241763951,0.9347133832214277,19.090064688099368
Q9CQH3,Ndufb5,PAS_vs_VEH_female,0.17041024981980968,0.827227742783294,0.4166052171034864,0.8971825625955311,19.844329275694065
Q9CQJ8,Ndufb9,PAS_vs_VEH_female,-0.0724145708114925,-0.4142606364391262,0.6825197950574906,0.9303117056703154,21.35697260094745
Q9CQL5,Mrpl18,PAS_vs_VEH_female,-0.33199109839608454,-1.5087462296245313,0.14497384606404162,0.7946480271813372,18.041514977010237
Q9CQL6,Mrpl35,PAS_vs_VEH_female,0.18858519884561176,0.4943243164780832,0.6257638164096639,0.9184337150405404,16.09248225247807
Q9CQN1,Trap1,PAS_vs_VEH_female,-0.14055018398056163,-0.6385942197153578,0.5293928474627632,0.8971825625955311,17.681025302103205
Q9CQN6,Tmem14c,PAS_vs_VEH_female,0.6715965537660225,2.4823526552732043,0.025365746418335514,0.49581096779100986,14.4578946901145
Q9CQN7,Mrpl41,PAS_vs_VEH_female,-0.23516384352874198,-0.7938781445563645,0.4353779759268096,0.8971825625955311,18.965357182101137
Q9CQP3,Chchd5,PAS_vs_VEH_female,-0.15287166305664712,-0.4048596795563745,0.6912921380332734,0.9303117056703154,16.624881531928242
Q9CQQ7,Atp5pb,PAS_vs_VEH_female,0.06633842253190636,0.29452994226694884,0.7709939346677361,0.9376955595581534,21.136214014848214
Q9CQR4,Acot13,PAS_vs_VEH_female,0.11878294634914965,0.6016527180310213,0.5532879573188019,0.8971825625955311,18.465189885615274
Q9CQS4,Slc25a46,PAS_vs_VEH_female,-0.386552373212826,-1.2389291287832012,0.2278621157503922,0.8243673996574699,18.42335254813874
Q9CQV1,Pam16,PAS_vs_VEH_female,0.09212858974376559,0.3785914870991463,0.7084620838090598,0.9303117056703154,18.0879646194415
Q9CQV7,Dnajc19,PAS_vs_VEH_female,-0.3737400817173331,-1.7044238258781486,0.10177079480499578,0.7327855367576916,18.833733746248793
Q9CQX2,Cyb5b,PAS_vs_VEH_female,-1.0137734974478576,-2.738330910143436,0.011709509446463385,0.4138399070476929,17.666252051422333
Q9CQX8,Kgd4,PAS_vs_VEH_female,0.25346275707428845,1.0023793652076203,0.3265863144680171,0.8909890098001957,23.17510996546096
Q9CQY6,Uqcc2,PAS_vs_VEH_female,-0.03642321777822133,-0.16411109057011952,0.8710768096246206,0.9663563467917665,17.279110209992922
Q9CQZ5,Ndufa6,PAS_vs_VEH_female,0.21106049345030442,0.953352005138545,0.3503207493420717,0.8957247990769677,20.600495545497587
Q9CQZ6,Ndufb3,PAS_vs_VEH_female,-0.1490223925551426,-0.8017982991681865,0.4308730930043345,0.8971825625955311,20.958415343873714
Q9CR24,Nudt8,PAS_vs_VEH_female,0.09528696205348197,0.22477848605241987,0.8251831875813028,0.9565388786656734,16.86265547862472
Q9CR59,Gadd45gip1,PAS_vs_VEH_female,-0.20250773329907545,-0.5451346991670503,0.5909065559843344,0.9105465156366495,17.538411307099345
Q9CR61,Ndufb7,PAS_vs_VEH_female,-0.3099924540186869,-1.4811345651051813,0.1521362331679848,0.7946480271813372,19.893804217422215
Q9CR62,Slc25a11,PAS_vs_VEH_female,0.1494189909364394,0.512122371313451,0.6134462306753243,0.9161403293450027,19.942064395523886
Q9CR68,Uqcrfs1,PAS_vs_VEH_female,-1.997097653223534e-4,-0.001411572741404689,0.9988858956523747,0.9988858956523747,20.885710077633355
Q9CR98,Fam136a,PAS_vs_VEH_female,-0.195073640622919,-0.5254450846038365,0.604301208441109,0.9136102726964315,16.992547588681102
Q9CRB8,Mtfp1,PAS_vs_VEH_female,-0.15473963871561125,-0.6810936799367693,0.5026099852840737,0.8971825625955311,17.716751232044178
Q9CRB9,Chchd3,PAS_vs_VEH_female,-0.22838940291415355,-1.4119462263118714,0.1713478303678531,0.8149638615273798,20.843406381132915
Q9CRD0,Ociad1,PAS_vs_VEH_female,-0.05146661377083106,-0.28174872940934637,0.7806547516857264,0.9434295722499842,18.864257953782932
Q9CTY5,Micu3,PAS_vs_VEH_female,-0.4658686237619101,-1.5915710841502257,0.12512803518895288,0.754118367898391,16.515345531079696
Q9CWE0,Mtfr1l,PAS_vs_VEH_female,-0.2362529364643926,-0.8128711019369647,0.4246235646629192,0.8971825625955311,17.935235711831517
Q9CWX2,Ndufaf1,PAS_vs_VEH_female,0.31619478107693055,0.9734262165624469,0.3457698987033363,0.8957247990769677,16.322844823051202
Q9CXI0,Coq5,PAS_vs_VEH_female,-0.11941956507576634,-0.6578573852464625,0.5171580863209303,0.8971825625955311,16.998897780008623
Q9CXJ4,Abcb8,PAS_vs_VEH_female,0.09475220198727996,0.5955928857794281,0.5572608995766959,0.8971825625955311,17.839523092974996
Q9CXT8,Pmpcb,PAS_vs_VEH_female,-0.2383089034835244,-1.5085982690544881,0.14501148028237326,0.7946480271813372,17.46661933628204
Q9CXV1,Sdhd,PAS_vs_VEH_female,0.32962865863147783,0.6228156242950287,0.5395302316909061,0.8971825625955311,17.53151844155129
Q9CXW2,Mrps22,PAS_vs_VEH_female,-0.35935916954968405,-1.2884894108522422,0.21038200756315065,0.8158682089436212,19.925131880854615
Q9CXZ1,Ndufs4,PAS_vs_VEH_female,-0.39757102366651864,-1.719725368753347,0.09890777380568598,0.7327855367576916,20.38489681318123
Q9CY16,Mrps28,PAS_vs_VEH_female,-0.3593621934927249,-0.9950241499000034,0.33007436361275744,0.8909890098001957,18.015439292080544
Q9CYG7,Tomm34,PAS_vs_VEH_female,-0.5960625364333403,-1.7208100453439932,0.09870744971602018,0.7327855367576916,16.969248411750776
Q9CYH2,Prxl2a,PAS_vs_VEH_female,0.3358199494373011,1.0497185115821035,0.3047488622989568,0.8876787373631152,16.71040310199393
Q9CYR0,Ssbp1,PAS_vs_VEH_female,1.070790139139696,2.1877591673493395,0.03910485964393661,0.5345016647387166,17.259926425279893
Q9CZ13,Uqcrc1,PAS_vs_VEH_female,-0.07040064531687307,-0.51770002195442,0.6096096713942738,0.9136102726964315,21.976255125605213
Q9CZ42,Naxd,PAS_vs_VEH_female,-0.09732809637483086,-0.38192829987176447,0.7060192533619591,0.9303117056703154,17.823311680828883
Q9CZB0,Sdhc,PAS_vs_VEH_female,-0.0877497394428719,-0.1397991033361102,0.8902893549459241,0.9664252158420534,14.7449183226788
Q9CZD5,Mtif3,PAS_vs_VEH_female,-0.2512541962858954,-0.7194311106424587,0.4791195556189972,0.8971825625955311,15.778282242945352
Q9CZN7,Shmt2,PAS_vs_VEH_female,-0.12999396831992627,-0.7515669953474522,0.45993061514564715,0.8971825625955311,16.807528267973307
Q9CZN8,Qrsl1,PAS_vs_VEH_female,-0.7949223247919832,-2.395960054299512,0.027025996622176196,0.49581096779100986,15.245992684286893
Q9CZP5,Bcs1l,PAS_vs_VEH_female,0.3246582926685573,1.3670451809396202,0.1875615801591576,0.8149638615273798,14.813170271382067
Q9CZR3,Tomm40l,PAS_vs_VEH_female,-0.39445637760801056,-0.8310003110234688,0.4189976061840137,0.8971825625955311,15.669498318010671
Q9CZR8,Tsfm,PAS_vs_VEH_female,-0.39914374265809016,-1.0896043153827164,0.2871682119325065,0.880149443891141,17.495705221859346
Q9CZU6,Cs,PAS_vs_VEH_female,0.06632265828135075,0.38219289359482944,0.7058256860086132,0.9303117056703154,20.190688529354574
Q9D023,Mpc2,PAS_vs_VEH_female,0.6471369024974365,1.707790589309907,0.10113488456520356,0.7327855367576916,18.657128303182944
Q9D051,Pdhb,PAS_vs_VEH_female,0.2007399148622646,1.0876885385528139,0.2879956162307177,0.880149443891141,20.36210127502159
Q9D0G0,Mrps30,PAS_vs_VEH_female,-0.13146003665532646,-0.4162070176596824,0.6811152725629533,0.9303117056703154,16.999127624183707
Q9D0I4,Stx17,PAS_vs_VEH_female,-0.26593337746517065,-0.9086527010422804,0.3729533509120082,0.8971825625955311,17.288530126020323
Q9D0K2,Oxct1,PAS_vs_VEH_female,0.19434055824083885,0.9087501685073995,0.37290297049510124,0.8971825625955311,18.430522481224596
Q9D0L4,Adck1,PAS_vs_VEH_female,-0.060045173726869905,-0.23439903693769565,0.816748471803733,0.9565388786656734,16.35285472302799
Q9D0L7,Armc10,PAS_vs_VEH_female,0.11284892384405332,0.5843917604750591,0.564643366734759,0.8971825625955311,13.8912866730977
Q9D0M3,Cyc1,PAS_vs_VEH_female,0.14825144318393058,0.6946329955321944,0.494240565487152,0.8971825625955311,21.695066637457266
Q9D0Q7,Mrpl45,PAS_vs_VEH_female,-0.1763756381073467,-0.501223737867027,0.6209753992919472,0.9161403293450027,16.606650760690293
Q9D0S9,Hint2,PAS_vs_VEH_female,-0.1595387734165854,-0.5521973248824402,0.586137626909625,0.9086050613498589,21.965174477209526
Q9D0Y8,Mrpl52,PAS_vs_VEH_female,-0.6894263249947841,-1.56489485019555,0.13125849157012853,0.754118367898391,18.50135637901568
Q9D172,Gatd3,PAS_vs_VEH_female,-0.0659860611056402,-0.18704876011125773,0.8532619698588492,0.9663563467917665,19.532270433367245
Q9D1B9,Mrpl28,PAS_vs_VEH_female,-0.1528066991909185,-0.6672047236380986,0.5112779433436453,0.8971825625955311,17.94742669972525
Q9D1E8,Agpat5,PAS_vs_VEH_female,0.5641965053924771,1.325545954032558,0.1980017832584127,0.8149638615273798,17.678002829548372
Q9D1H8,Mrpl53,PAS_vs_VEH_female,-1.1500738822242322,-2.8302768776865337,0.01069026841146114,0.4138399070476929,17.074074040996358
Q9D1I6,Mrpl14,PAS_vs_VEH_female,0.18447247102852948,0.7402175546408597,0.46665472192175683,0.8971825625955311,15.376667196029123
Q9D1L0,Chchd2,PAS_vs_VEH_female,-0.8982332702496905,-1.7850352963464151,0.08744688676765247,0.7095690240575229,20.03840324274812
Q9D1N9,Mrpl21,PAS_vs_VEH_female,-0.4706113208619733,-2.005750127922124,0.056780683101254704,0.6085175094625032,18.878971336892505
Q9D1P0,Mrpl13,PAS_vs_VEH_female,-0.67915995789512,-1.9337739079420015,0.06553499950678497,0.6188912575257245,17.36750427971871
Q9D273,Mmab,PAS_vs_VEH_female,0.603629690647459,1.6217013584044562,0.11849189430022615,0.7382520694162559,16.87468955344176
Q9D2G2,Dlst,PAS_vs_VEH_female,0.2758966916504555,0.9931156962084337,0.33098359342929806,0.8909890098001957,20.07273794828354
Q9D2R6,Coa3,PAS_vs_VEH_female,-0.04577616644360205,-0.25029830727472396,0.8045780821755857,0.9565388786656734,19.428317896073263
Q9D2R8,Mrps33,PAS_vs_VEH_female,-0.23702899496968044,-0.7260753480586517,0.4751143064964026,0.8971825625955311,19.356453357608096
Q9D338,Mrpl19,PAS_vs_VEH_female,0.26430261777282205,0.8727351706934229,0.3918244771919527,0.8971825625955311,16.3397522219577
Q9D3D9,Atp5f1d,PAS_vs_VEH_female,-0.27196580132739,-1.388333910598856,0.17833158412384945,0.8149638615273798,23.60110528800065
Q9D3P8,Plgrkt,PAS_vs_VEH_female,-0.2685838128604523,-0.7334860123941425,0.47067024145821024,0.8971825625955311,17.52030117612279
Q9D404,Oxsm,PAS_vs_VEH_female,-0.05269339094900616,-0.23516344239388348,0.8161622369961973,0.9565388786656734,15.232283117935316
Q9D5T0,Atad1,PAS_vs_VEH_female,0.15945149539828662,0.8335343190059281,0.4131132195202505,0.8971825625955311,17.65218546187517
Q9D6J5,Ndufb8,PAS_vs_VEH_female,-0.10823235567454503,-0.4951180587500023,0.6252120710189322,0.9184337150405404,24.19368636135565
Q9D6J6,Ndufv2,PAS_vs_VEH_female,0.13607311212867046,0.5584125416768454,0.5819567043473968,0.9056202960803326,20.749846778038727
Q9D6K8,Fundc2,PAS_vs_VEH_female,0.3476803236446564,1.3390883757894996,0.19362174182362613,0.8149638615273798,18.77678417930314
Q9D6M3,Slc25a22,PAS_vs_VEH_female,0.395605520472472,1.2910433524003018,0.20951001464771987,0.8158682089436212,16.20739215428987
Q9D6R2,Idh3a,PAS_vs_VEH_female,0.07179477174853233,0.5340131080881454,0.5984545942260832,0.9136102726964315,20.954554449261877
Q9D6S7,Mrrf,PAS_vs_VEH_female,0.32002806912705495,0.879170041202116,0.38839883887696225,0.8971825625955311,17.655451967125668
Q9D6T9,Mrps36,PAS_vs_VEH_female,-0.17259079577131686,-0.6785875951320145,0.5041678605265363,0.8971825625955311,18.60886789135883
Q9D6U8,Fam162a,PAS_vs_VEH_female,0.03341472667588263,0.14112295532953867,0.8890010954141917,0.9664252158420534,19.369154928354128
Q9D6Y7,Msra,PAS_vs_VEH_female,0.014723221021153421,0.06318876714593608,0.9501619355936073,0.9741732480454313,18.178707905473466
Q9D773,Mrpl2,PAS_vs_VEH_female,-0.5610456537439354,-1.3271825409312117,0.197468388707043,0.8149638615273798,17.781207971244857
Q9D7J4,Cox20,PAS_vs_VEH_female,-0.3910385367771987,-1.5733095000306352,0.1292984455403693,0.754118367898391,16.831545737626232
Q9D7J9,Echdc3,PAS_vs_VEH_female,0.1788108135123423,0.5184846438576924,0.6090708865372867,0.9136102726964315,16.356970904532673
Q9D7N3,Mrps9,PAS_vs_VEH_female,-0.11651492183395895,-0.37720501219157043,0.7094780443154127,0.9303117056703154,15.935195910608476
Q9D7P6,Iscu,PAS_vs_VEH_female,0.17254993822792564,0.5717799348152882,0.5730152397197732,0.90077247154569,15.925444511206113
Q9D880,Timm50,PAS_vs_VEH_female,-0.07114505628406675,-0.3333891404715945,0.7418596434875698,0.9336956592011312,19.055163092386387
Q9D8B4,Ndufa11,PAS_vs_VEH_female,-0.05015116472658221,-0.20618745861102367,0.8384580599289193,0.9585030509006859,19.00661099263584
Q9D8P4,Mrpl17,PAS_vs_VEH_female,-0.28748859042762653,-0.9355988521982691,0.35919632226236065,0.8971825625955311,14.711765819664588
Q9D8S9,Bola1,PAS_vs_VEH_female,0.2538277187773268,0.7193550940983165,0.47916549303660094,0.8971825625955311,16.978254332786122
Q9D8T7,Slirp,PAS_vs_VEH_female,-0.5774025347957767,-2.312897582683422,0.03001766119890326,0.5155379481660708,19.422830451216804
Q9D8W7,Ociad2,PAS_vs_VEH_female,0.1327326646740552,0.7297519832939113,0.47290641937952405,0.8971825625955311,18.09196141537368
Q9D8Y1,Tmem126a,PAS_vs_VEH_female,-0.13118665786526051,-0.3656873935234527,0.7179388999242753,0.9303117056703154,19.257718931904044
Q9DAT5,Trmu,PAS_vs_VEH_female,-0.26161952735000327,-0.8936927494063078,0.3807393285151687,0.8971825625955311,15.30831245152682
Q9DB15,Mrpl12,PAS_vs_VEH_female,-0.04903899071582529,-0.1761776001540447,0.8616958674411476,0.9663563467917665,19.32190928261594
Q9DB20,Atp5po,PAS_vs_VEH_female,0.0198119899410365,0.09142817137643312,0.9279437135007,0.9701248131832518,21.863863648166998
Q9DB77,Uqcrc2,PAS_vs_VEH_female,0.1653341214304369,1.1323082845131085,0.26916757415561,0.8774025028311795,21.425230175047115
Q9DBF1,Aldh7a1,PAS_vs_VEH_female,0.13795701946037653,0.39428772512645527,0.6977571480991527,0.9303117056703154,16.138434873401373
Q9DBG1,Cyp27a1,PAS_vs_VEH_female,-0.05803714881378497,-0.17077611751105584,0.8658926915854452,0.9663563467917665,17.38805891749997
Q9DBL1,Acadsb,PAS_vs_VEH_female,0.06011390124867688,0.34822963917805433,0.7308336990893659,0.9336956592011312,17.6963362376702
Q9DC61,Pmpca,PAS_vs_VEH_female,0.23443438196182953,1.1634587253336652,0.2565674941931538,0.8653204955974154,17.49596622225578
Q9DC69,Ndufa9,PAS_vs_VEH_female,0.2862131260861567,0.8726052749153439,0.39189382864303246,0.8971825625955311,19.57371610908963
Q9DC70,Ndufs7,PAS_vs_VEH_female,-0.2327658454165089,-1.3505971844793132,0.18995937004333927,0.8149638615273798,20.07075332296073
Q9DCA2,Mrps11,PAS_vs_VEH_female,-0.03283358922332269,-0.06703999534587406,0.9471290143986006,0.9741732480454313,16.584367238437483
Q9DCB8,Isca2,PAS_vs_VEH_female,-0.22460002365291132,-0.6920499505941096,0.49583113457295314,0.8971825625955311,17.07284340184018
Q9DCC8,Tomm20,PAS_vs_VEH_female,-0.09822465353306598,-0.3257959936171239,0.7475231751608301,0.9336956592011312,19.641625988628213
Q9DCJ5,Ndufa8,PAS_vs_VEH_female,0.037136091921290415,0.20187045802661333,0.8417921768081866,0.9601163783675702,19.665520808089877
Q9DCJ7,Aurkaip1,PAS_vs_VEH_female,-0.18699690810634984,-0.6171432184567905,0.543199806602076,0.8971825625955311,14.167024801473593
Q9DCL9,Paics,PAS_vs_VEH_female,-0.7407382950526937,-2.361204381545522,0.02706010563648117,0.49581096779100986,15.197742462301395
Q9DCM0,Ethe1,PAS_vs_VEH_female,0.083309565041354,0.3069085903257542,0.7616733531351717,0.9376955595581534,17.556916740600933
Q9DCM2,Gstk1,PAS_vs_VEH_female,0.648380681705369,2.5250504209012,0.01891429127729081,0.46710075850005134,15.76771733747115
Q9DCN2,Cyb5r3,PAS_vs_VEH_female,0.23501665283868434,0.7149921189450251,0.48180636687592526,0.8971825625955311,17.650819945086102
Q9DCS3,Mecr,PAS_vs_VEH_female,-0.2763714255770111,-1.0638407165595982,0.29843886428666233,0.8826018543236429,18.31833527619201
Q9DCS9,Ndufb10,PAS_vs_VEH_female,-0.08949265023062836,-0.4018962257975837,0.6914692589498228,0.9303117056703154,20.162129545791416
Q9DCT2,Ndufs3,PAS_vs_VEH_female,0.0958495499093921,0.3760189383977227,0.7103475953586871,0.9303117056703154,20.1972963322735
Q9DCU6,Mrpl4,PAS_vs_VEH_female,-0.45591539788463287,-1.619953210208471,0.1188687222774481,0.7382520694162559,16.29344987663546
Q9DCV4,Rmdn1,PAS_vs_VEH_female,0.397690617710559,1.48332398547374,0.15155800559872254,0.7946480271813372,15.990088386480892
Q9DCW4,Etfb,PAS_vs_VEH_female,-0.11087240560523526,-0.5019949526307227,0.620441208855679,0.9161403293450027,21.649747197245578
Q9DCX2,Atp5pd,PAS_vs_VEH_female,-0.25691741556620684,-1.2591190207062926,0.22061202562278556,0.8158682089436212,22.0468555479331
Q9DCZ4,Apoo,PAS_vs_VEH_female,0.33377241875307107,1.6280448326447823,0.11713288219095709,0.7382520694162559,20.205185472880082
Q9EP89,Lactb,PAS_vs_VEH_female,0.2839574335107784,1.3339043042170182,0.19528939156791808,0.8149638615273798,17.59822549546256
Q9EQ20,Aldh6a1,PAS_vs_VEH_female,0.045760129942728156,0.271454651086907,0.7884620630048159,0.9488272283617275,19.655823133143354
Q9EQI8,Mrpl46,PAS_vs_VEH_female,-0.6358470051867506,-1.664100915923386,0.109654012173446,0.7382520694162559,18.63828516032712
Q9ER88,Dap3,PAS_vs_VEH_female,-0.05109880672356226,-0.16041165166819374,0.8739568334469606,0.9663563467917665,17.30098656131336
Q9ERI6,Rdh14,PAS_vs_VEH_female,-0.33757836934012175,-1.2202428667862468,0.23473223791122724,0.8438475388201081,17.600768983186818
Q9ERS2,Ndufa13,PAS_vs_VEH_female,0.1973391580598829,0.7560916296809755,0.45726614028140156,0.8971825625955311,18.866139424073577
Q9ESW4,Agk,PAS_vs_VEH_female,-0.31478081231821164,-1.2695655028022486,0.2169306268521109,0.8158682089436212,16.01583523959399
Q9JHI5,Ivd,PAS_vs_VEH_female,0.0971600030608144,0.5313237404833888,0.6002868066145243,0.9136102726964315,19.584647106110125
Q9JHS4,Clpx,PAS_vs_VEH_female,0.0782853197049782,0.22883072171947158,0.8210221805646118,0.9565388786656734,15.873853928897233
Q9JHW2,Nit2,PAS_vs_VEH_female,-0.4201004823850951,-1.6499393603362211,0.11254210577700613,0.7382520694162559,14.542803920123001
Q9JI39,Abcb10,PAS_vs_VEH_female,0.1369597916013312,0.46606724267309724,0.6455495064536696,0.9226834025681135,16.516957370760316
Q9JIK9,Mrps34,PAS_vs_VEH_female,0.1272568809787522,0.503966257484377,0.619076733256785,0.9161403293450027,17.50016905816549
Q9JIQ3,Diablo,PAS_vs_VEH_female,-0.16001385858326778,-0.4731081038025683,0.6405936246261015,0.9211574146522168,15.643710533888603
Q9JIY5,Htra2,PAS_vs_VEH_female,1.0208958861058974,4.199273715623632,3.4242306429328403e-4,0.06483210017286178,16.227883750465615
Q9JJL8,Sars2,PAS_vs_VEH_female,-0.42097618733549425,-0.7969744260044886,0.4336134098250424,0.8971825625955311,16.822133835998294
Q9JK42,Pdk2,PAS_vs_VEH_female,0.061191962974280756,0.29550513512050125,0.7702583552526892,0.9376955595581534,17.69547871326744
Q9JKF7,Mrpl39,PAS_vs_VEH_female,0.35249556015726924,1.2691318272717869,0.21708251351511185,0.8158682089436212,17.3349822960195
Q9JKL4,Ndufaf3,PAS_vs_VEH_female,-0.21684387964750584,-0.8749152563030523,0.39066171299926356,0.8971825625955311,17.70153103287246
Q9JLR9,Higd1a,PAS_vs_VEH_female,0.14018057692415198,0.5895927455831607,0.561209251909671,0.8971825625955311,22.202590944493576
Q9JLT4,Txnrd2,PAS_vs_VEH_female,0.2606025909406213,0.7320038004659483,0.47155714007215166,0.8971825625955311,17.08276596020888
Q9JLZ3,Auh,PAS_vs_VEH_female,0.06267221788592536,0.23083314553213477,0.8194846506349984,0.9565388786656734,18.882266818344768
Q9QYA2,Tomm40,PAS_vs_VEH_female,0.75688189847647,2.2601563094907804,0.03358257760940954,0.5155379481660708,15.347421893583782
Q9QYR9,Acot2,PAS_vs_VEH_female,-0.4503744348243188,-2.1713694552634473,0.04046403447845918,0.5345016647387166,16.73908737631368
Q9QZ23,Nfu1,PAS_vs_VEH_female,-0.5789331420708574,-1.7738753090102826,0.08932049960805398,0.7107137188709877,16.014269133829536
Q9QZH6,Ecsit,PAS_vs_VEH_female,0.36831084285920923,1.1347772965331941,0.2681526310708936,0.8774025028311795,17.143985913362997
Q9R0X4,Acot9,PAS_vs_VEH_female,0.21928402774917544,0.6962424207552615,0.4932509982261699,0.8971825625955311,16.774294268767658
Q9R112,Sqor,PAS_vs_VEH_female,0.19247652124689552,0.6076006112648324,0.5494028474430357,0.8971825625955311,18.02183613648748
Q9WTP6,Ak2,PAS_vs_VEH_female,-0.2946962315356707,-1.288865630378474,0.2102533792587538,0.8158682089436212,18.9681549514235
Q9WTP7,Ak3,PAS_vs_VEH_female,-0.20732776956520027,-0.9566990213673401,0.34866418063771787,0.8957247990769677,16.08060659432696
Q9WTQ8,Timm23,PAS_vs_VEH_female,-0.16090001058792325,-0.6489704867204673,0.522783033836489,0.8971825625955311,15.640169169827763
Q9WUM5,Suclg1,PAS_vs_VEH_female,-0.242695528886248,-1.191728134321804,0.2455155217972154,0.8503220511025509,20.261502016569118
Q9WUR2,Eci2,PAS_vs_VEH_female,-0.24676476654485313,-1.0358623465384675,0.31103118893515197,0.8909890098001957,19.443745365464746
Q9WUR9,Ak4,PAS_vs_VEH_female,-0.6116317856415989,-2.7042921118573644,0.012652569900971482,0.4138399070476929,17.107457527484193
Q9WV98,Timm9,PAS_vs_VEH_female,-0.5428925905950273,-2.579298922260317,0.016765234730360973,0.43284787849295603,19.589391319744536
Q9WVA2,Timm8a1,PAS_vs_VEH_female,-0.4042921671831792,-1.2516085273410986,0.2232881473603913,0.8182430174238855,21.143978889142627
Q9WVL0,Gstz1,PAS_vs_VEH_female,0.3185105872532894,1.3619425953074558,0.18640246515581016,0.8149638615273798,16.249320633968708
Q9Z0V7,Timm17b,PAS_vs_VEH_female,-0.2500348141222126,-1.1176886694661985,0.27523491903319525,0.8774025028311795,18.566409473043464
Q9Z0X1,Aifm1,PAS_vs_VEH_female,-0.38464877520005203,-2.4712201975419426,0.021298234783186116,0.49581096779100986,19.810405972137474
Q9Z1J3,Nfs1,PAS_vs_VEH_female,-0.020710782727299204,-0.1299954861729345,0.8976998031339452,0.9664252158420534,16.956508493423907
Q9Z1P6,Ndufa7,PAS_vs_VEH_female,-0.24452007224164518,-0.9573649173200242,0.348335236660154,0.8957247990769677,20.266296310433177
Q9Z2I0,Letm1,PAS_vs_VEH_female,-0.07392554546329677,-0.3449253935185077,0.7332836040986213,0.9336956592011312,18.215600920970914
Q9Z2I8,Suclg2,PAS_vs_VEH_female,0.09425272205880475,0.3756069228947074,0.7106497521375315,0.9303117056703154,17.69606931366383
Q9Z2I9,Sucla2,PAS_vs_VEH_female,0.18610902957763287,1.2706316258053114,0.21655758392500168,0.8158682089436212,19.58093085995519
Q9Z2Q5,Mrpl40,PAS_vs_VEH_female,-0.22871457790165195,-0.525128327719447,0.6045178790768252,0.9136102726964315,17.477804889813175
Q9Z2Y8,Plpbp,PAS_vs_VEH_female,-0.19802937189468395,-0.46928852302529017,0.6432800284034997,0.9226834025681135,16.102449621259094
Q9Z2Z6,Slc25a20,PAS_vs_VEH_female,0.26664610744949613,0.9804842855884942,0.3370450029304488,0.8938176415470269,17.925074068562676
S4R2K0,Pdf,PAS_vs_VEH_female,0.3302284384956877,1.271200440193612,0.21635875376937547,0.8158682089436212,16.535289689863692
A0A0R4J083,Acadl,PAS_vs_VEH_male,-0.026955060527594554,-0.1762098737804961,0.8616708039760349,0.9541844729596995,19.293406255798864
A0A0R4J0P1,Acad8,PAS_vs_VEH_male,-0.5266857240101501,-2.200830792780597,0.03805061369033578,0.33769919650173,17.700682913284673
A0A0R4J1J1,Pnkd,PAS_vs_VEH_male,0.828934375354752,2.5064417235117964,0.019708800605058984,0.3109610762131529,17.85263690042878
A0A2R8VHX1,Ndufa6,PAS_vs_VEH_male,0.2293416239928181,0.9790415579542728,0.33774213519354335,0.6851340456783308,14.696686243856462
A0A494B9G1,Mrpl49,PAS_vs_VEH_male,0.6196892335603277,1.8824577200489543,0.07248083667369479,0.4024418798672773,15.060386351925336
A2AIL4,Ndufaf6,PAS_vs_VEH_male,-0.22200420561755507,-0.581337959260426,0.5666647477998178,0.8582791584980508,17.746569904168698
A2APY7,Ndufaf5,PAS_vs_VEH_male,-0.01214130848140016,-0.061825223392335454,0.9512359412772178,0.990219083274762,17.19287338605944
A2ASZ8,Slc25a25,PAS_vs_VEH_male,-0.0932903990354852,-0.36903998181603526,0.7154722181030962,0.9091459057775363,13.522502239548661
A6H611,Mipep,PAS_vs_VEH_male,-0.5042138091696131,-2.081799675419715,0.04867300273098832,0.3535692903922663,17.29212432370021
B1AR13,Cisd3,PAS_vs_VEH_male,0.11774690724501369,0.525860766921217,0.6040169264347235,0.8752081995278647,17.098756488277086
B1AXP6,Tomm5,PAS_vs_VEH_male,-0.2887162809112098,-1.0069625286696344,0.3244258052844913,0.6655193291974344,14.784284865558064
D3Z7P3,Gls,PAS_vs_VEH_male,-1.7360085478722063,-3.625917030468267,0.0017980492741233897,0.2975989637681634,15.539181279215011
D3Z7Q2,Smim20,PAS_vs_VEH_male,0.18915236229666021,0.6503505791020144,0.5219073137614075,0.8347425633599657,16.17170548912309
D3Z7X0,Acad12,PAS_vs_VEH_male,-0.24231026930501187,-1.0155086927889692,0.32042368310099445,0.6642359562093608,17.988737317081423
E9Q4Z2,Acacb,PAS_vs_VEH_male,0.11341331423079914,0.40708994298386536,0.6877043087717107,0.906208911010482,15.368288297402543
F7BP55,Ak2,PAS_vs_VEH_male,0.30048127553583015,0.85681267584777,0.4022214052972777,0.7352108532396457,14.649902001328845
G5E902,Slc25a3,PAS_vs_VEH_male,-0.6116295170743236,-2.1227616028695646,0.044749470812530744,0.3463500685548105,21.427402152007804
O08600,Endog,PAS_vs_VEH_male,0.17760444305495326,0.7013455727092017,0.4901207811451842,0.8060606468603447,17.202096926191558
O08709,Prdx6,PAS_vs_VEH_male,-0.8538379089264243,-2.9190093300079067,0.007720708547348421,0.2975989637681634,17.262508225224558
O08715,Akap1,PAS_vs_VEH_male,0.4073158062368165,1.1647670234094545,0.2560480086450746,0.6215182432068477,15.370937789502523
O08749,Dld,PAS_vs_VEH_male,0.21959392809823797,0.9669434030801871,0.3436268652172215,0.6865055857580353,20.005178870122126
O08807,Prdx4,PAS_vs_VEH_male,1.3324589991663665,2.616874184974354,0.015412952188371359,0.2975989637681634,18.146646492556567
O09111,Ndufb11,PAS_vs_VEH_male,0.06471891469338331,0.3897276498187654,0.7003220894819909,0.907387676363543,20.121202223710686
O09174,Amacr,PAS_vs_VEH_male,0.13461022937753242,0.35742892162096346,0.7240284477224035,0.9118584441381934,16.336209515236646
O35129,Phb2,PAS_vs_VEH_male,-0.45012892897651824,-1.8506608965575566,0.07709998492249898,0.40292193012334965,19.524119559543077
O35435,Dhodh,PAS_vs_VEH_male,0.09457999672418183,0.3523922182113208,0.7277515554167224,0.9145196537095096,17.20477403824389
O35459,Ech1,PAS_vs_VEH_male,-0.033382606315360164,-0.19576610686665752,0.8465118581096337,0.9510624014901173,18.506903598778788
O35465,Fkbp8,PAS_vs_VEH_male,-0.4173115796271887,-1.4676410176790409,0.15573950571616976,0.5457521978921048,16.634003406362197
O35683,Ndufa1,PAS_vs_VEH_male,-0.05704542985562,-0.31152114615016285,0.7582096211401984,0.9228318793588279,20.16424114714534
O35855,Bcat2,PAS_vs_VEH_male,-0.6239843975978125,-2.1728455629032486,0.040339896257088816,0.3419859861794992,18.622921047788584
O35857,Timm44,PAS_vs_VEH_male,-0.3072606821666213,-1.4051940379733654,0.17332227152166854,0.5605582906175238,17.611978984529834
O35972,Mrpl23,PAS_vs_VEH_male,0.384541255024633,1.9049067933455384,0.06936678682814369,0.40182798831149513,17.967807436644307
O55003,Bnip3,PAS_vs_VEH_male,-0.3576759309553168,-1.1105118991858096,0.2782495505970132,0.6508031737020338,17.666235462438603
O55028,Bckdk,PAS_vs_VEH_male,0.7193025284793073,2.8610913242522096,0.008831767310834222,0.2975989637681634,17.518990082971126
O55126,Nipsnap2,PAS_vs_VEH_male,-0.4805279292541407,-1.553281860578907,0.13400380229185102,0.535309027124528,19.686210631892983
O70325,Gpx4,PAS_vs_VEH_male,-0.12101793929489801,-0.37624031124470464,0.7101852688274986,0.9082412869908122,18.41085432936873
O70571,Pdk4,PAS_vs_VEH_male,-0.6697439618963479,-1.2714269715283901,0.21627960832564827,0.5849848453760391,16.372635921011042
O88441,Mtx2,PAS_vs_VEH_male,-1.0201275696346386,-2.676719020057291,0.013468542684967093,0.2975989637681634,14.05059315727351
O88587,Comt,PAS_vs_VEH_male,0.22410756126773634,0.5184729055436873,0.6090789453482333,0.8758401036906239,16.48150727581075
O88696,Clpp,PAS_vs_VEH_male,0.0847387874984129,0.5187167080427919,0.6089115757991078,0.8758401036906239,18.69698902716403
O88967,Yme1l1,PAS_vs_VEH_male,0.035569950296007846,0.1529069269122828,0.8798047151813875,0.9628691295241388,16.884593086829614
P05202,Got2,PAS_vs_VEH_male,-0.5923046240000112,-2.3673440011768814,0.026704029630128516,0.33769919650173,19.963625641097416
P08074,Cbr2,PAS_vs_VEH_male,-0.33913260034957204,-1.1488361580457809,0.26242682883318114,0.6316035541408765,15.987902729404746
P08228,Sod1,PAS_vs_VEH_male,-0.3808914325971635,-1.231573029647555,0.23054819277978325,0.6016985316732527,20.177997251829776
P08249,Mdh2,PAS_vs_VEH_male,0.1684055525996193,0.9607259408686525,0.3466781451172638,0.6865055857580353,22.768915352799414
P09671,Sod2,PAS_vs_VEH_male,-0.6804631950925888,-2.5793700278832743,0.0167625739752836,0.2975989637681634,18.087123881873335
P09925,Surf1,PAS_vs_VEH_male,0.12202775325788906,0.41962711587823964,0.6786501614223879,0.906208911010482,17.105258487647017
P0DJE0,Pet100,PAS_vs_VEH_male,0.4777413182899153,1.2886264656928703,0.21033514190493297,0.5849848453760391,16.800404677143774
P0DJF2,Pet117,PAS_vs_VEH_male,-0.39744159775087695,-0.8380883608653266,0.4106031410575822,0.742747083186964,17.962577839827127
P11352,Gpx1,PAS_vs_VEH_male,-0.19732633545566536,-0.681537387664248,0.5023344431278548,0.8150054826525568,15.671807710698825
P12787,Cox5a,PAS_vs_VEH_male,0.09221765102349622,0.44571557396723266,0.659968520074372,0.904397061587996,23.687227242615222
P16125,Ldhb,PAS_vs_VEH_male,0.2736097619581841,1.0574670784966693,0.3012750919000925,0.6604589394426822,16.887327979931513
P16332,Mmut,PAS_vs_VEH_male,-0.12125414328483686,-0.6656966809365529,0.5122240852564728,0.8265434103002174,18.21768222977618
P17665,Cox7c,PAS_vs_VEH_male,-1.215500495377885,-2.5792747643375655,0.016766138803840192,0.2975989637681634,17.96507016548738
P19096,Fasn,PAS_vs_VEH_male,-0.12276120965061921,-0.2077904941381506,0.8376025814827129,0.9477256300441852,14.629452164069951
P19783,Cox4i1,PAS_vs_VEH_male,-0.2952623385971975,-1.7291568934437043,0.09717743041819527,0.44157424382027927,21.674735984971424
P20108,Prdx3,PAS_vs_VEH_male,0.47897722493180694,1.80365235450513,0.08439654626288305,0.40971998527621856,20.44503913382288
P22315,Fech,PAS_vs_VEH_male,-0.08943497497928021,-0.4399471156637383,0.6640803686713294,0.9053123923697879,18.3074342289911
P24270,Cat,PAS_vs_VEH_male,0.351741490902139,1.291031017424442,0.2095142194661029,0.5849848453760391,16.67050723076152
P26443,Glud1,PAS_vs_VEH_male,0.2914472254526892,1.4459317996290497,0.16168123628988465,0.5457521978921048,18.639282786190513
P28352,Apex1,PAS_vs_VEH_male,1.3543041591055562,3.13850582946495,0.004605325524067761,0.2975989637681634,18.10128821715214
P29758,Oat,PAS_vs_VEH_male,0.04375471867823322,0.19752353052541502,0.845152466222753,0.9510624014901173,18.712349208007254
P31786,Dbi,PAS_vs_VEH_male,-0.28071507792351724,-0.6365622460249879,0.5320014224230767,0.8347425633599657,18.082529027158046
P32020,Scp2,PAS_vs_VEH_male,-0.20012030148416216,-0.6476848478881255,0.5235995430431328,0.8347425633599657,18.06360010984855
P35290,Rab24,PAS_vs_VEH_male,0.08498384110749058,0.33786839931389107,0.7385256339435806,0.9180023619182515,14.982644615864189
P35486,Pdha1,PAS_vs_VEH_male,-0.04019593625146811,-0.2535051698177565,0.8021293297004839,0.9331048868277243,20.635471677646553
P36552,Cpox,PAS_vs_VEH_male,0.13525619682350332,0.35011459900123976,0.7294374199623979,0.914614689930777,15.18807508859257
P38060,Hmgcl,PAS_vs_VEH_male,0.0769334961490955,0.3800474324482806,0.7073958129281287,0.9082412869908122,16.644575021902135
P38647,Hspa9,PAS_vs_VEH_male,0.1926823367013526,1.3342989209520273,0.19516205480243112,0.5824396540611491,20.164178605753797
P40630,Tfam,PAS_vs_VEH_male,-0.3550917222546772,-1.9860027451170768,0.05907307849596092,0.3804162982324612,17.9934865704064
P41216,Acsl1,PAS_vs_VEH_male,-0.2955614548749672,-1.4562478778886736,0.1588353773912722,0.5457521978921048,20.10178573780906
P42125,Eci1,PAS_vs_VEH_male,0.24183907896050982,1.2674440663920528,0.2176743962747399,0.5859670951850817,19.422700825981313
P43023,Cox6a2,PAS_vs_VEH_male,-0.053991040997310336,-0.1468109613353215,0.8845600213738029,0.9636542809982355,19.838630227846004
P45952,Acadm,PAS_vs_VEH_male,-0.011559630867310489,-0.08933348719409989,0.929589944039255,0.9788586177260089,19.729517160301853
P46656,Fdx1,PAS_vs_VEH_male,-0.3579557310560375,-1.4384751169341685,0.1637637282362551,0.5457521978921048,18.162533481000853
P47738,Aldh2,PAS_vs_VEH_male,-0.1459960129470268,-0.6386875596840269,0.529333187281301,0.8347425633599657,18.21923443434695
P47740,Aldh3a2,PAS_vs_VEH_male,-0.30283644789148667,-1.0283067713949625,0.3167134872690389,0.6638127703646277,14.107106230931544
P47791,Gsr,PAS_vs_VEH_male,0.3489728561164611,0.5299748005163065,0.6022656124235128,0.8752081995278647,15.204882716233971
P47934,Crat,PAS_vs_VEH_male,-0.1800662071820902,-0.9530463576629077,0.3504722910074348,0.6865055857580353,18.569613021971627
P48771,Cox7a2,PAS_vs_VEH_male,-1.0747809058433404,-2.329187343363213,0.028988730642837843,0.33769919650173,18.939578649392214
P48962,Slc25a4,PAS_vs_VEH_male,-0.6735526329624051,-2.306574971008391,0.03042595771538287,0.33769919650173,22.211912661348386
P50171,Hsd17b8,PAS_vs_VEH_male,0.08596675872617965,0.5535090332516751,0.5852540159542651,0.8656882319323504,18.589152396577255
P50544,Acadvl,PAS_vs_VEH_male,-0.2514963016846359,-1.6154470925421751,0.11984467291601332,0.49517653570887016,19.6678737850599
P51175,Ppox,PAS_vs_VEH_male,0.0015783928656336599,0.0039969564032886085,0.9968453516091123,0.99757371414363,16.107134694186197
P51660,Hsd17b4,PAS_vs_VEH_male,0.33770069497700206,1.2053532686649848,0.2403175636572858,0.6066683384770593,16.55047872473291
P51881,Slc25a5,PAS_vs_VEH_male,-0.4087714454014346,-1.6405944906892946,0.11448269131609884,0.48434428924556966,18.420018399832635
P52196,Tst,PAS_vs_VEH_male,0.347113812603034,1.3254753548525184,0.19802481812045147,0.5827880657638157,17.286137795040954
P52503,Ndufs6,PAS_vs_VEH_male,0.3469741483219977,1.4820322988405377,0.1518989248128505,0.5457521978921048,21.767483136056747
P52825,Cpt2,PAS_vs_VEH_male,-0.215658722317837,-0.8747847062145832,0.3907312798439415,0.7300505491821012,18.27340892896026
P53395,Dbt,PAS_vs_VEH_male,0.24258847116099957,1.2393487155728524,0.22770962331026728,0.6015770513499155,18.6574382911788
P53702,Hccs,PAS_vs_VEH_male,0.32504288144194327,1.7202561347056258,0.09880970582626766,0.44374611040277717,15.41577522653032
P54071,Idh2,PAS_vs_VEH_male,-0.5297529961329808,-2.3113054073554586,0.030120004041386567,0.33769919650173,19.034502746533537
P54116,Stom,PAS_vs_VEH_male,0.31180443553265036,0.4369326786750591,0.6662334155115692,0.9053123923697879,15.342355233487883
P56135,Atp5mf,PAS_vs_VEH_male,-0.2882103682046875,-1.2057679040384917,0.24016068690719902,0.6066683384770593,22.052293622337785
P56213,Gfer,PAS_vs_VEH_male,0.01737395012678178,0.05881300418405323,0.9536088706888994,0.990219083274762,18.54285067308123
P56379,Atp5mj,PAS_vs_VEH_male,-0.0771851667685759,-0.3245103853526665,0.7484835276487207,0.9228318793588279,21.26345883437893
P56382,Atp5f1e,PAS_vs_VEH_male,-0.26815542229885736,-1.2550588033783037,0.22205569303191858,0.5921485147517829,19.77085579710897
P56391,Cox6b1,PAS_vs_VEH_male,-0.2866208790177005,-1.4819736560673265,0.15191441735842443,0.5457521978921048,22.37881869522562
P56392,Cox7a1,PAS_vs_VEH_male,-0.9107732322444058,-3.0333651944310933,0.005906507594833819,0.2975989637681634,21.158468630629535
P56393,Cox7b,PAS_vs_VEH_male,-0.5677122437225108,-1.8182856343417033,0.08206376615455621,0.40971998527621856,17.89279079820904
P56394,Cox17,PAS_vs_VEH_male,-1.0442269882339303,-1.6434675892341055,0.11672458506738159,0.48749679645788785,17.239940282259404
P56480,Atp5f1b,PAS_vs_VEH_male,0.1413112755238295,0.9362904365905419,0.35884777111129795,0.6924527102751555,22.404673355111626
P56501,Ucp3,PAS_vs_VEH_male,0.03450400016051347,0.13583566098352176,0.8931326398728543,0.9669726487588566,16.40945582712009
P58059,Mrps21,PAS_vs_VEH_male,0.02416390477080199,0.09377958030827246,0.9260961128546815,0.9788586177260089,17.280739008958015
P58281,Opa1,PAS_vs_VEH_male,0.0247197095301388,0.08386015455129105,0.9338929817690083,0.9805013191216204,16.394705506475532
P59017,Bcl2l13,PAS_vs_VEH_male,0.11013977639173689,0.48184953674389136,0.634464472447956,0.8856887921554492,16.56507910769216
P60603,Romo1,PAS_vs_VEH_male,-0.34564135674830254,-1.5169496137059,0.1428997411930234,0.5457521978921048,18.53347662557061
P62073,Timm10,PAS_vs_VEH_male,-0.0167069554355308,-0.06511549342471049,0.9486444999475028,0.990219083274762,19.002386251350828
P62075,Timm13,PAS_vs_VEH_male,-0.13160950883836264,-0.6077415856475539,0.5493109385348702,0.8429778932048442,18.4303865652872
P62077,Timm8b,PAS_vs_VEH_male,-0.17462328359149026,-0.6157914497639198,0.5440762402410965,0.8407010610798672,17.949456751032685
P62897,Cycs,PAS_vs_VEH_male,-0.3908810023148064,-1.8049238178811893,0.08419160930067077,0.40971998527621856,16.792007668935106
P63030,Mpc1,PAS_vs_VEH_male,-0.5493810160114911,-1.8446067807954882,0.07800789173905134,0.40292193012334965,20.2772397954913
P63038,Hspd1,PAS_vs_VEH_male,0.205331314462736,1.5234924949501725,0.14126292672911742,0.5457521978921048,19.951037124589853
P67778,Phb1,PAS_vs_VEH_male,0.04016545615442979,0.2235292441775788,0.825096363860456,0.9373028240155515,19.98071318776655
P70349,Hint1,PAS_vs_VEH_male,0.9914392322864245,2.91913595635673,0.007718432295417145,0.2975989637681634,19.034908596346053
P70404,Idh3g,PAS_vs_VEH_male,-0.22459753027231244,-1.220902983756095,0.23448690457444607,0.6057594151430548,19.5198683779633
P85094,Isoc2a,PAS_vs_VEH_male,0.5988194953184873,2.2196435792294005,0.0365785205746563,0.33769919650173,17.5401018750669
P97287,Mcl1,PAS_vs_VEH_male,0.6465708689124217,2.0705958559681172,0.049798491604544554,0.3535692903922663,14.787980074800789
P97450,Atp5pf,PAS_vs_VEH_male,-0.6657731984771118,-2.627737534813168,0.015041473683644,0.2975989637681634,21.45047258798404
P97478,Coq7,PAS_vs_VEH_male,-0.2364216428769339,-1.275059732328898,0.21501342912815272,0.5849848453760391,16.89971153240462
P97742,Cpt1a,PAS_vs_VEH_male,0.5493436834598953,1.951394560512828,0.06328855773406857,0.3804162982324612,18.584171225399555
P97807,Fh,PAS_vs_VEH_male,-0.17567299055169983,-1.0041943672983369,0.32572953083958933,0.6655193291974344,19.658431521601436
P97823,Lypla1,PAS_vs_VEH_male,0.3331847528572478,0.5164894784442032,0.6130384929993691,0.877306772516986,15.685000399044316
P99028,Uqcrh,PAS_vs_VEH_male,1.0401677654557702,2.600366964568949,0.015993928067717354,0.2975989637681634,21.48169653791273
P99029,Prdx5,PAS_vs_VEH_male,0.08585099689609876,0.488500715983154,0.6298187327028432,0.8856887921554492,18.62284632070557
Q03265,Atp5f1a,PAS_vs_VEH_male,-0.5245688399379169,-1.840722901854277,0.07859521169005085,0.40292193012334965,23.554731301807934
Q06185,Atp5me,PAS_vs_VEH_male,-0.19590615022030278,-1.3095199735224845,0.2032844700487699,0.5849848453760391,19.943104525725346
Q07417,Acads,PAS_vs_VEH_male,-0.24946675924310213,-1.2563424406292516,0.22159849990002142,0.5921485147517829,19.578766042117483
Q14C51,Ptcd3,PAS_vs_VEH_male,0.49066849951410774,2.1187897710211243,0.0475035087013908,0.3535692903922663,18.095708984881814
Q2TPA8,Hsdl2,PAS_vs_VEH_male,-0.3209355382759327,-1.198733869456056,0.24283243730788284,0.6102968989194147,16.507007564281004
Q3KNM2,Marchf5,PAS_vs_VEH_male,0.06813688631030956,0.26694088367304764,0.791892641521959,0.9296714378413689,18.18682592016858
Q3TC33,Ccdc127,PAS_vs_VEH_male,0.1497661176866636,0.6406095009253873,0.5281055495576961,0.8347425633599657,18.019613773518472
Q3TC72,Fahd2a,PAS_vs_VEH_male,-0.4843697570976886,-1.6763518370642698,0.10720618684444588,0.46483293227210126,17.12812969705368
Q3TEY5,Immt,PAS_vs_VEH_male,0.26052171863122453,0.7842240846571025,0.44090810198548525,0.7635237863651085,22.156762803989743
Q3TJA9,Dnaja3,PAS_vs_VEH_male,0.18643782389255037,0.6128364044495683,0.5459947832291672,0.8407010610798672,17.946415700181515
Q3TL44,Nlrx1,PAS_vs_VEH_male,-0.5158324299576975,-2.072854034385775,0.049569790046128506,0.3535692903922663,17.43570418026423
Q3TLP5,Echdc2,PAS_vs_VEH_male,0.4220760688378107,1.405622410072734,0.17319647277432637,0.5605582906175238,17.891414776573328
Q3TUH1,Tamm41,PAS_vs_VEH_male,0.2514384959985687,0.6408608411665495,0.531277290676029,0.8347425633599657,16.844140825912138
Q3U6K8,Vdac1,PAS_vs_VEH_male,0.42610112336290484,1.436559592836641,0.16430215816822172,0.5457521978921048,22.570464276372736
Q3UFY8,Trmt10c,PAS_vs_VEH_male,0.3672298002138614,1.2233333260481452,0.2400640390729191,0.6066683384770593,14.541934470843582
Q3UHB1,Nt5dc3,PAS_vs_VEH_male,-0.3282448804244673,-1.3562215382677727,0.1909208128711832,0.5788774222542131,15.268731294764473
Q3UIU2,Ndufb6,PAS_vs_VEH_male,0.13979695330497321,0.5322578030274013,0.5996501418849223,0.8752081995278647,20.20055471714745
Q3ULD5,Mccc2,PAS_vs_VEH_male,0.600813791626063,2.8525289392783866,0.00900841253733391,0.2975989637681634,17.824464350695074
Q3ULF4,Spg7,PAS_vs_VEH_male,-0.1660066425150326,-0.5650116707138505,0.5775338519051466,0.8632611260055876,16.75002726876839
Q3UMR5,Mcu,PAS_vs_VEH_male,-0.8700630098026423,-1.95627169177598,0.06267888014089727,0.3804162982324612,18.16965417436568
Q3UN04,Usp30,PAS_vs_VEH_male,-0.06010814345593829,-0.24656629429036203,0.808584417841258,0.9336314176511094,13.042727281664355
Q3UQ84,Tars2,PAS_vs_VEH_male,-0.06974839347180506,-0.30649234011896176,0.7619861820762153,0.9228318793588279,16.45378678238253
Q3URS9,Ccdc51,PAS_vs_VEH_male,0.11927508542720311,0.5124972617138088,0.6131880082557103,0.877306772516986,15.370993832824022
Q3UV70,Pdp1,PAS_vs_VEH_male,0.3616681911614492,1.8132720328993455,0.08285666286022664,0.40971998527621856,17.952259268670964
Q4VAE3,Tmem65,PAS_vs_VEH_male,-0.36502094946514063,-1.1767169667292976,0.25133907241868686,0.618011225687507,19.313383323889347
Q505D7,Opa3,PAS_vs_VEH_male,-0.44928667500118635,-0.9505467986360102,0.3517132490415287,0.6865055857580353,16.918400583418936
Q59J78,Ndufaf2,PAS_vs_VEH_male,0.057250945641584394,0.312680942341371,0.7573394993639146,0.9228318793588279,19.241215203298683
Q5EBQ0,Vdac3,PAS_vs_VEH_male,-0.20863126361757622,-0.7330344787701619,0.47094031777792955,0.786667611972114,18.64837228601816
Q5IRJ6,Slc30a9,PAS_vs_VEH_male,0.38367554548706195,1.682038489289002,0.1060857234837575,0.4635130072213404,17.67496272504482
Q5M8N4,Sdr39u1,PAS_vs_VEH_male,-0.1468532573211334,-0.8866294635121477,0.38445219210916803,0.7254778907574998,18.289447698143256
Q5ND52,Mrm3,PAS_vs_VEH_male,0.1402977538763004,0.4205362743005365,0.6779954803973112,0.906208911010482,16.962848246165763
Q5SSK3,Tefm,PAS_vs_VEH_male,0.1381299430755938,0.5728513927636755,0.5723015582806653,0.8582791584980508,15.253854024109753
Q5SUC9,Sco1,PAS_vs_VEH_male,-0.41750182488880583,-2.118725198950135,0.04512307231171827,0.3463500685548105,17.77846963348916
Q5U458,Dnajc11,PAS_vs_VEH_male,-0.40965377717954965,-1.9000024828450133,0.07003692049795426,0.40182798831149513,17.563543297958123
Q60597,Ogdh,PAS_vs_VEH_male,0.055645501564249855,0.47971043567859023,0.6359618812710052,0.8856887921554492,19.49502187402319
Q60649,Clpb,PAS_vs_VEH_male,0.6345463363859203,2.2148961057053707,0.03694505098078217,0.33769919650173,16.717281023928717
Q60759,Gcdh,PAS_vs_VEH_male,0.06373826612059474,0.37850960276174334,0.7085220704534605,0.9082412869908122,17.106410584417084
Q60930,Vdac2,PAS_vs_VEH_male,-0.2646045400468573,-1.1522947258982306,0.2610321394465045,0.6309202349175087,20.141772618902486
Q60931,Vdac3,PAS_vs_VEH_male,-0.48233719009681053,-1.7951205908926688,0.0857828720315884,0.4129209433384933,19.77399469765784
Q60932,Vdac1,PAS_vs_VEH_male,-0.27028382655319305,-1.1400658137342667,0.26598810618459623,0.6347800933175953,22.235953729541382
Q60936,Coq8a,PAS_vs_VEH_male,-0.6409144809869751,-2.435086071647941,0.023051820497255668,0.3201476880435431,18.138233821931756
Q61102,Abcb7,PAS_vs_VEH_male,-1.3379554743499718,-2.4228967724601866,0.02367289242575495,0.3201476880435431,16.649626281664723
Q61171,Prdx2,PAS_vs_VEH_male,0.6162333820072057,2.205562491209721,0.03767538874811433,0.33769919650173,18.543360990293703
Q61425,Hadh,PAS_vs_VEH_male,-0.19123535716879658,-1.0336436364604025,0.3120455474624982,0.6638127703646277,18.294500439409013
Q61586,Gpam,PAS_vs_VEH_male,0.37232247236819127,0.8740009692534456,0.39588754340966215,0.733346670165792,15.2771683480135
Q61733,Mrps31,PAS_vs_VEH_male,-0.050094723480086145,-0.12543373266529778,0.901497297045135,0.9669726487588566,18.637587350767937
Q62425,Coxfa4,PAS_vs_VEH_male,0.4693299146736081,1.2722086427684292,0.21600667889684574,0.5849848453760391,21.845770034568027
Q64105,Spr,PAS_vs_VEH_male,-0.26112237757071277,-0.7957402207105467,0.4343162525391988,0.7593466047502258,15.465806033575955
Q64133,Maoa,PAS_vs_VEH_male,-0.010123361411883636,-0.03199792148730836,0.9747496617417835,0.9944459712440814,15.937056186183403
Q64433,Hspe1,PAS_vs_VEH_male,0.6380747192410965,2.1816825918204446,0.03960388833741436,0.34083346326744474,21.210776291329633
Q64521,Gpd2,PAS_vs_VEH_male,0.11040163381663959,0.8602983644986136,0.39850048186479015,0.7334237819858923,20.90868237264261
Q66GT5,Ptpmt1,PAS_vs_VEH_male,0.15966395017143498,0.7628349336943474,0.4533123303143597,0.7760067873234859,13.993636905533478
Q6NVE9,Pptc7,PAS_vs_VEH_male,0.8443520792736479,3.1458684613820314,0.004525381649462278,0.2975989637681634,17.314252497008646
Q6P3A8,Bckdhb,PAS_vs_VEH_male,0.049190732902612666,0.13713130107056062,0.8921199229987519,0.9669726487588566,17.966594721297795
Q6P8J7,Ckmt2,PAS_vs_VEH_male,-0.04563990413087993,-0.2893036138177761,0.7749398352767993,0.9234970776915762,21.111845102103608
Q6PB66,Lrpprc,PAS_vs_VEH_male,-0.39174783289377757,-1.8874876250607118,0.07177269063612249,0.4024418798672773,17.489824858595615
Q6PCP5,Mff,PAS_vs_VEH_male,0.2854862831714513,1.976539384048491,0.06020038776448321,0.3804162982324612,16.655992691695353
Q6RUT7,Uqcc4,PAS_vs_VEH_male,0.3078476800291696,1.2394010890133647,0.2276905944236978,0.6015770513499155,19.2703994810528
Q6XPS7,Tha1,PAS_vs_VEH_male,0.11418057386703495,0.4822767221392286,0.6341656257956989,0.8856887921554492,17.30032927955073
Q71RI9,Kyat3,PAS_vs_VEH_male,0.31093639588800315,1.0203278178935513,0.3237389864279264,0.6655193291974344,16.06768684022334
Q78IK2,Atp5mk,PAS_vs_VEH_male,-0.2908931870034621,-1.3003129217425506,0.206368537523318,0.5849848453760391,21.244260773196622
Q78IK4,Apool,PAS_vs_VEH_male,-0.14195479882754114,-0.5941609928339532,0.5582018356916452,0.8484877630594909,18.368536608621532
Q78J03,Msrb2,PAS_vs_VEH_male,0.10414405210996591,0.3919665366103199,0.698689955582137,0.907387676363543,16.68013316655729
Q78PY7,Snd1,PAS_vs_VEH_male,0.015139151857418653,0.08804209134034384,0.9306050238944451,0.9788586177260089,16.563064601751364
Q791V5,Mtch2,PAS_vs_VEH_male,-0.7921530067284266,-2.6107271750609677,0.015626946732463197,0.2975989637681634,19.70844573034464
Q7TMF3,Ndufa12,PAS_vs_VEH_male,-0.15895503341099726,-0.742066227429068,0.4655555031960418,0.7846751507873939,19.360190214745792
Q7TNG8,Ldhd,PAS_vs_VEH_male,0.3579647198823164,1.1041806086499095,0.28092886678149764,0.6525454909885885,15.555696521192848
Q7TNS2,Micos10,PAS_vs_VEH_male,0.10108679099807816,0.33159831862353173,0.7431940423138566,0.9216904280224247,20.881942878238526
Q7TSQ8,Pdpr,PAS_vs_VEH_male,-0.30387126672068376,-1.3280400565222004,0.19718935613775104,0.5827880657638157,18.3969830298035
Q80U63,Mfn2,PAS_vs_VEH_male,-0.7809638614854251,-1.507246819145397,0.145355594983076,0.5457521978921048,16.64431276278809
Q80VL1,Tdrkh,PAS_vs_VEH_male,0.4252297915216463,0.9751764069545261,0.34172043372618943,0.6865055857580353,14.904582832200209
Q80X85,Mrps7,PAS_vs_VEH_male,-0.0169322299890311,-0.05108458477013693,0.9596990238773201,0.9911974057090114,17.6240846213152
Q80XL6,Acad11,PAS_vs_VEH_male,0.26330239926882903,0.7212074185422972,0.48186617250652264,0.7988324680104193,16.1405241527244
Q80XN0,Bdh1,PAS_vs_VEH_male,-0.6940214407903085,-2.6778634135571826,0.01343371306441601,0.2975989637681634,17.69145801415879
Q80Y14,Glrx5,PAS_vs_VEH_male,0.2506881688466187,0.8168832160031033,0.4223731206872682,0.7544274608502148,16.390261136707757
Q80YD1,Supv3l1,PAS_vs_VEH_male,0.2553139058747256,1.055123529338299,0.3023227539702419,0.6604589394426822,15.860282544651415
Q80ZS3,Mrps26,PAS_vs_VEH_male,0.0852957527050009,0.3743630230162258,0.711562275899492,0.9082412869908122,17.049286272921005
Q811U4,Mfn1,PAS_vs_VEH_male,-0.1210366421854765,-0.4549455354135406,0.6534120229701482,0.900453550280762,16.572064572201384
Q8BFR5,Tufm,PAS_vs_VEH_male,-0.07770348175689534,-0.5364384424471963,0.5968045861953332,0.8752081995278647,18.93992336041685
Q8BG51,Rhot1,PAS_vs_VEH_male,-0.893458490392625,-2.2846715041499954,0.03188003270034942,0.33769919650173,17.033100134393752
Q8BGA9,Oxa1l,PAS_vs_VEH_male,0.005811773054215763,0.022620570682076516,0.9821479675267061,0.9961786527770875,16.456211688565595
Q8BGB8,Coq4,PAS_vs_VEH_male,0.41992872575422524,1.0169993167176434,0.3197291703963034,0.6642359562093608,17.349706339696667
Q8BGC4,Ptgr3,PAS_vs_VEH_male,0.0010487420855511687,0.005232668982017377,0.9958700580198838,0.99757371414363,18.495509434764386
Q8BGD8,Coa6,PAS_vs_VEH_male,0.4044488410919129,1.2782458249444062,0.21390762844216216,0.5849848453760391,18.004303934398575
Q8BGH2,Samm50,PAS_vs_VEH_male,-0.5045868441383412,-1.5221671078621049,0.1415932490085659,0.5457521978921048,18.68848696687984
Q8BGT5,Gpt2,PAS_vs_VEH_male,-0.05489733010454856,-0.264968219011124,0.7933932720601157,0.9296714378413689,18.242809334469165
Q8BGX2,Timm29,PAS_vs_VEH_male,0.5265612283642689,2.155126119857587,0.041853039583850137,0.34209809185514733,17.087510437429945
Q8BGY7,Fam210a,PAS_vs_VEH_male,-0.6746105570221204,-2.299543496820097,0.030885996455085434,0.33769919650173,17.37977255144542
Q8BH59,Slc25a12,PAS_vs_VEH_male,-0.1843221964774706,-0.7623748572746217,0.453581432027108,0.7760067873234859,20.41162801353551
Q8BH86,Dglucy,PAS_vs_VEH_male,0.7515961355457286,2.351068595161552,0.02765751226708979,0.33769919650173,15.603056137586114
Q8BH95,Echs1,PAS_vs_VEH_male,-0.07903279666273733,-0.47817731295254406,0.6370360718975245,0.8856887921554492,19.331772352243814
Q8BHC4,Dcakd,PAS_vs_VEH_male,-0.11733115578730846,-0.4214756120769418,0.6773193395439574,0.906208911010482,17.95469422988557
Q8BHE8,Maip1,PAS_vs_VEH_male,0.8268707747076434,1.7312563536679328,0.09679578483427057,0.44157424382027927,17.118658453588704
Q8BIJ6,Iars2,PAS_vs_VEH_male,0.052573093719431085,0.40906620296481033,0.6862738675635764,0.906208911010482,17.772329111916598
Q8BK08,Tmem11,PAS_vs_VEH_male,-0.5915232291266257,-1.6987165033747293,0.10285653771525259,0.45288770094777886,18.025801468005422
Q8BK30,Ndufv3,PAS_vs_VEH_male,-0.09870948964821125,-0.3962157074081157,0.6955964243327325,0.9068798742783084,20.698390216897298
Q8BK72,Mrps27,PAS_vs_VEH_male,0.13870958380109144,0.5554424807361757,0.5839527849593057,0.8656882319323504,16.968025403141663
Q8BK99,Opa1,PAS_vs_VEH_male,0.16844920257240048,0.7884234173878595,0.4384973432432828,0.7616712261840509,16.886611909924618
Q8BKZ9,Pdhx,PAS_vs_VEH_male,0.09975775210159199,0.6226973663188863,0.5396065994715797,0.8374222636608123,19.811440932925443
Q8BMD8,Slc25a24,PAS_vs_VEH_male,-0.7191063203848156,-1.346116283115648,0.19137878045530987,0.5788774222542131,16.540125543962127
Q8BMF3,Me3,PAS_vs_VEH_male,-0.4011836741181618,-1.7400665839020302,0.09520814090892925,0.43966035801847003,18.389053825003266
Q8BMF4,Dlat,PAS_vs_VEH_male,4.361873459934884e-4,0.0030741136832797174,0.99757371414363,0.99757371414363,20.93293832580279
Q8BMS1,Hadha,PAS_vs_VEH_male,-0.11443453161309591,-0.5393100510520557,0.5948538270930401,0.8752081995278647,19.809811892337056
Q8BMS4,Coq3,PAS_vs_VEH_male,0.017478859130079627,0.07595711199763755,0.94010981581832,0.9833929565097712,18.369357021547398
Q8BP40,Acp6,PAS_vs_VEH_male,-0.4514906808658239,-1.188182750738698,0.24688176715766533,0.6102968989194147,15.65355625921581
Q8BPE4,Tmem177,PAS_vs_VEH_male,-0.806643156332715,-2.4318194389978585,0.023216767286268435,0.3201476880435431,15.955444277900295
Q8BUY5,Timmdc1,PAS_vs_VEH_male,0.2916869103976545,1.1875472413955002,0.2471272654075095,0.6102968989194147,16.387453100797707
Q8BVI4,Qdpr,PAS_vs_VEH_male,0.34714092283873654,1.3100881218547593,0.2030953365796609,0.5849848453760391,18.401425573294443
Q8BW75,Maob,PAS_vs_VEH_male,-0.051783602886420255,-0.27940780008850863,0.782428139459615,0.9258732983605444,18.168937211843662
Q8BWF0,Aldh5a1,PAS_vs_VEH_male,0.553827045382242,2.831019977596266,0.00946709125580522,0.2975989637681634,16.46906439794122
Q8BWM0,Ptges2,PAS_vs_VEH_male,0.08721492729166869,0.28494956946406247,0.778231902044793,0.9247609212582477,17.114017911943584
Q8BWT1,Acaa2,PAS_vs_VEH_male,-0.44127592797905635,-2.1553616959873936,0.04183259124217786,0.34209809185514733,19.371558793318776
Q8BX10,Pgam5,PAS_vs_VEH_male,0.15628882736634253,1.0271359156350999,0.3150341709179414,0.6638127703646277,18.19508906447276
Q8BYM8,Cars2,PAS_vs_VEH_male,-0.4583972566465686,-1.4980997210893985,0.14770224467761095,0.5457521978921048,15.750675676693728
Q8C025,Chpt1,PAS_vs_VEH_male,0.78885243655574655,1.5198813326642446,0.14216441208785688,0.5457521978921048,17.020199698964156
Q8C3X2,Ccdc90b,PAS_vs_VEH_male,-0.004906128479827743,-0.018975802673151135,0.9850581747628896,0.9973494532358668,16.24865052062745
Q8C5H8,Nadk2,PAS_vs_VEH_male,0.22418084725052623,0.8192167889830614,0.42106762486017835,0.7544274608502148,15.867479254739283
Q8C5Q4,Grsf1,PAS_vs_VEH_male,0.9885282851975852,2.6135608771338594,0.015527953933431279,0.2975989637681634,16.825132678901344
Q8CAK1,Iba57,PAS_vs_VEH_male,0.3397422124965779,1.1648662974602313,0.25600862174709804,0.6215182432068477,17.241398946952856
Q8CAQ8,Immt,PAS_vs_VEH_male,-0.3339953334124175,-2.52467844257901,0.018929876598589038,0.3109610762131529,20.168669173581044
Q8CBY0,Gatc,PAS_vs_VEH_male,0.5301593533019435,0.9388050190856884,0.35758235982381714,0.6924527102751555,19.241346252404888
Q8CC88,Vwa8,PAS_vs_VEH_male,-0.07122552046702069,-0.35825798305688805,0.7234162731662779,0.9118584441381934,17.252004432991235
Q8CCM6,Timm21,PAS_vs_VEH_male,0.009318969193149229,0.03442765921864708,0.972833058998055,0.9944459712440814,16.87215693791719
Q8CD10,Micu2,PAS_vs_VEH_male,0.19798090038229788,0.7984269984931375,0.43448529321095664,0.7593466047502258,15.096922290554764
Q8CEE7,Rdh13,PAS_vs_VEH_male,-0.7235064677245742,-2.286807474366434,0.03173549014432222,0.33769919650173,14.211793815292907
Q8CEI1,Bola3,PAS_vs_VEH_male,0.3077742731838775,0.8024358769507584,0.43051170465582467,0.7593466047502258,18.34655957221336
Q8CEY5,Mtch1,PAS_vs_VEH_male,0.1776265769162393,0.7308010140918967,0.47227756282128674,0.786667611972114,18.924465202746052
Q8CG76,Akr7a2,PAS_vs_VEH_male,-0.03367116811664239,-0.12958528968943703,0.8980207248738178,0.9669726487588566,15.496256940750111
Q8CGK3,Lonp1,PAS_vs_VEH_male,-0.20079629579594283,-1.0658675114384286,0.29754094947269477,0.6581071811828961,18.08697084143767
Q8CHT0,Aldh4a1,PAS_vs_VEH_male,0.13333073349442515,0.859386420767182,0.39899286731274775,0.7334237819858923,20.049111154011605
Q8JZN5,Acad9,PAS_vs_VEH_male,-0.21400694885513616,-1.4885662254700314,0.15018077612952863,0.5457521978921048,18.339641692325806
Q8JZN7,Rhot2,PAS_vs_VEH_male,-0.08494772565719799,-0.38341301957935686,0.7049333480129892,0.9079413643341903,17.406781329030444
Q8JZQ2,Afg3l2,PAS_vs_VEH_male,-0.02385743092638748,-0.16613742182306748,0.8695000745973476,0.9571241131226617,18.740334531896668
Q8JZU2,Slc25a1,PAS_vs_VEH_male,-0.02014455210358257,-0.05155043633470258,0.9594247830110751,0.9911974057090114,13.846988898674292
Q8K009,Aldh1l2,PAS_vs_VEH_male,-0.044727066624943745,-0.08804432213901463,0.9306032703085932,0.9788586177260089,14.46787780219293
Q8K0D5,Gfm1,PAS_vs_VEH_male,0.09298192312848386,0.3125961491987586,0.7574031032055925,0.9228318793588279,17.16860609127162
Q8K0Z7,Taco1,PAS_vs_VEH_male,-0.29336090473867316,-1.5093109540787983,0.14483028000171405,0.5457521978921048,16.819803852028688
Q8K199,Cmc2,PAS_vs_VEH_male,0.4532336287476575,1.5500770497587786,0.13476970225142165,0.535309027124528,17.304952830261655
Q8K1M6,Dnm1l,PAS_vs_VEH_male,0.018030577776329437,0.04208698898185322,0.9667924490398715,0.9944459712440814,15.070676029252084
Q8K1R3,Pnpt1,PAS_vs_VEH_male,0.3374233107070701,1.432404146217419,0.16547508905491054,0.5464526196697046,17.344924847681767
Q8K1Z0,Coq9,PAS_vs_VEH_male,-0.08113938561212564,-0.5304929010440772,0.6008533874118385,0.8752081995278647,19.742575200279028
Q8K2B3,Sdha,PAS_vs_VEH_male,0.041537071146962035,0.33776301615329996,0.7386040130222551,0.9180023619182515,21.15768927857419
Q8K2C6,Sirt5,PAS_vs_VEH_male,0.345278908743861,1.230522915207845,0.23093359138163572,0.6016985316732527,16.026581897405784
Q8K2M0,Mrpl38,PAS_vs_VEH_male,0.320932359526779,1.0437407036697406,0.30744808294604226,0.6638127703646277,17.14292028443665
Q8K2Q5,Chchd7,PAS_vs_VEH_male,0.4420954927694076,1.1898554661367378,0.24623646529389703,0.6102968989194147,18.97132474787352
Q8K2Y7,Mrpl47,PAS_vs_VEH_male,0.2682146373248244,1.0730252220178162,0.2943853375352942,0.6581071811828961,19.01793856661921
Q8K370,Acad10,PAS_vs_VEH_male,0.24278857468612536,0.8886492825036559,0.3833880567908937,0.7254778907574998,16.05641036862891
Q8K3J1,Ndufs8,PAS_vs_VEH_male,0.6318076170983957,2.7699314977683507,0.010893797895552159,0.2975989637681634,19.78716298066464
Q8K411,Pitrm1,PAS_vs_VEH_male,-0.05861484185266086,-0.2619052862043389,0.7957248985878573,0.9299830090491831,16.175969114355933
Q8K4F5,Abhd11,PAS_vs_VEH_male,0.14094528261959738,0.6815747547977618,0.5023112420567096,0.8150054826525568,18.800750376737913
Q8K4Z3,Naxe,PAS_vs_VEH_male,-0.8907618613561361,-3.3738844220821105,0.0026180250100462017,0.2975989637681634,17.448113084316976
Q8QZS1,Hibch,PAS_vs_VEH_male,-0.03505305423022165,-0.22516887116942125,0.8238357686773979,0.9373028240155515,17.509554261548725
Q8QZT1,Acat1,PAS_vs_VEH_male,-0.2406337411698125,-1.2810190807105972,0.21294867638424714,0.5849848453760391,19.137196760426608
Q8R035,Mrpl58,PAS_vs_VEH_male,0.2939013650342659,1.6375686152725382,0.11511704057773223,0.48434428924556966,18.32856349360128
Q8R086,Suox,PAS_vs_VEH_male,0.4886226562209295,2.18384703455726,0.039425480312818006,0.34083346326744474,17.40058243273362
Q8R0F8,Fahd1,PAS_vs_VEH_male,-0.4508339555969414,-2.0376222007679377,0.053246974129695056,0.368832698849595,17.943784220740618
Q8R0N6,Adhfe1,PAS_vs_VEH_male,0.10971002895375648,0.2953764340072616,0.770355420768015,0.9234970776915762,15.876408079329446
Q8R0Y8,Slc25a42,PAS_vs_VEH_male,0.19135530746035911,0.7955437737033736,0.4344281878956331,0.7593466047502258,17.095367297968277
Q8R164,Bphl,PAS_vs_VEH_male,-1.1797992485952165,-2.5487236930546837,0.01794666211740629,0.30890012371778103,15.634700090296487
Q8R1I1,Uqcr10,PAS_vs_VEH_male,-0.6753761291930331,-2.151602458950585,0.042159976108909,0.34209809185514733,20.229505093710323
Q8R1R3,Stard7,PAS_vs_VEH_male,0.5191557203341901,1.0276369962772183,0.32039834380296844,0.6642359562093608,16.254222243547538
Q8R1S0,Coq6,PAS_vs_VEH_male,-0.04453304793964108,-0.23384021250939446,0.817177112435398,0.935955707536533,17.351090250241846
Q8R2Q4,Gfm2,PAS_vs_VEH_male,0.19737283512737847,1.0669919819116407,0.29704361533390233,0.6581071811828961,17.129000424423936
Q8R2Y8,Ptrh2,PAS_vs_VEH_male,-0.1891527713514698,-0.8441079352955547,0.4073001547188948,0.7414951534626033,17.28433999879065
Q8R3F5,Mcat,PAS_vs_VEH_male,0.07122428174193374,0.16200548056868033,0.8727158122529087,0.9580018951275951,16.591237049484132
Q8R404,Micos13,PAS_vs_VEH_male,-0.19414913867464634,-0.7140239240189789,0.48239355022460184,0.7988324680104193,17.902501592246896
Q8R4N0,Clybl,PAS_vs_VEH_male,0.04134937097817826,0.23234450883820507,0.8183246633711385,0.935955707536533,18.926422008640017
Q8R5L1,C1qbp,PAS_vs_VEH_male,0.0033504819151914944,0.009068997564373037,0.9928422614708141,0.99757371414363,18.638887788391962
Q8VCE1,Dnajc28,PAS_vs_VEH_male,-0.32376358276710704,-0.7773846609571341,0.44649948357907354,0.7685203232512539,17.088771408894807
Q8VCF0,Mavs,PAS_vs_VEH_male,-0.11469556758654065,-0.4096714666471026,0.6858360095997542,0.906208911010482,16.44481456401767
Q8VCL2,Sco2,PAS_vs_VEH_male,0.6183505799463944,2.3953834555643625,0.025132023332968767,0.33197649425875025,17.316725352298636
Q8VCM5,Mul1,PAS_vs_VEH_male,0.28042734312224127,0.6607667634074225,0.5187762531627226,0.8347425633599657,16.111512773141744
Q8VCX5,Micu1,PAS_vs_VEH_male,-0.08327690454009051,-0.23246147675526277,0.8182349069046602,0.935955707536533,15.939054580679656
Q8VD26,Tmem143,PAS_vs_VEH_male,0.05270331251967875,0.2519397103031581,0.8033244536245725,0.9331048868277243,17.039697577185446
Q8VDC0,Lars2,PAS_vs_VEH_male,-0.07792917631572038,-0.22326255996698602,0.8253014443869253,0.9373028240155515,14.774976786249642
Q8VDK1,Nit1,PAS_vs_VEH_male,0.4500796731920076,1.6719074674062058,0.10808882065376474,0.46510947069195735,15.9251117445715
Q8VDT9,Mrpl50,PAS_vs_VEH_male,-0.1213256960103628,-0.46228251217870875,0.6482204523435899,0.8980224803199002,17.087194738316082
Q8VE22,Mrps23,PAS_vs_VEH_male,0.2999240333427444,1.0771935366996788,0.292558714240553,0.6581071811828961,17.146439572844777
Q8VE95,,PAS_vs_VEH_male,-0.03531124189671431,-0.1996481145902683,0.8435097272126302,0.9510624014901173,17.737315801558424
Q8VEA4,Chchd4,PAS_vs_VEH_male,0.5310704508779125,1.1673282319522826,0.2550332864815477,0.6215182432068477,19.526877040362102
Q91V61,Sfxn3,PAS_vs_VEH_male,0.06683233682653622,0.41254269653298226,0.683760447760773,0.906208911010482,19.477188850030707
Q91VA6,Poldip2,PAS_vs_VEH_male,0.33830029876343737,1.1350257830953698,0.2704745184654017,0.6401230270347841,13.825579085412272
Q91VA7,Idh3b,PAS_vs_VEH_male,-0.4369781664282648,-1.750337746094956,0.09338534950556378,0.43484679816047345,18.343843858623792
Q91VC9,Ghitm,PAS_vs_VEH_male,0.08242099487072174,0.18549234301070536,0.8548078476131528,0.9520212891064133,16.89510247263437
Q91VD9,Ndufs1,PAS_vs_VEH_male,0.15576741692776253,1.345419411028549,0.19160027356301418,0.5788774222542131,20.92052586411102
Q91VM9,Ppa2,PAS_vs_VEH_male,-0.0939695584720468,-0.28091560153576106,0.7812857547913472,0.9258732983605444,16.553801840310896
Q91VN4,Chchd6,PAS_vs_VEH_male,0.4224219966515683,1.7138487488923808,0.09999912347104838,0.44374611040277717,16.841738479880622
Q91VT4,Cbr4,PAS_vs_VEH_male,-0.06940673975817546,-0.26980593878363063,0.789714623475052,0.9296714378413689,17.275276626477474
Q91WC3,Acsl6,PAS_vs_VEH_male,-0.18694638183549728,-0.4533546310999453,0.6545401067597989,0.900453550280762,15.717504034073983
Q91WD5,Ndufs2,PAS_vs_VEH_male,-0.09915129379927734,-0.6125826961260915,0.5461596682015335,0.8407010610798672,20.285972139163498
Q91WK1,Spryd4,PAS_vs_VEH_male,0.27758616556831406,0.6472599559604634,0.5272403030313352,0.8347425633599657,15.981300357477632
Q91WK5,Gcsh,PAS_vs_VEH_male,0.6695237852984732,1.553602079810313,0.1339274724543365,0.535309027124528,19.907328575077994
Q91WS0,Cisd1,PAS_vs_VEH_male,-0.18985885903019906,-1.0296180982548058,0.31389188845143495,0.6638127703646277,20.480758964277282
Q91XE8,Tmem205,PAS_vs_VEH_male,-0.04651504531273609,-0.1493277779511991,0.8825961691261086,0.9636542809982355,16.064176383426094
Q91YP0,L2hgdh,PAS_vs_VEH_male,0.14410886917872645,0.8528125639188414,0.40255382985480603,0.7352108532396457,18.099109347751124
Q91YT0,Ndufv1,PAS_vs_VEH_male,-0.14218170742799074,-0.8905444489669637,0.38239134486815085,0.7254778907574998,20.760907291532348
Q91Z53,Grhpr,PAS_vs_VEH_male,0.029305613280772747,0.11979470584709621,0.9056856498938586,0.9669726487588566,17.508878883866153
Q91ZA3,Pcca,PAS_vs_VEH_male,0.30562250235190547,1.8862874578561633,0.07194110782189343,0.4024418798672773,18.58621820889554
Q920A7,Afg3l1,PAS_vs_VEH_male,0.0013150316961727526,0.0033718514802057345,0.9973387214434817,0.99757371414363,15.880289281707892
Q921G7,Etfdh,PAS_vs_VEH_male,-0.3390205781840976,-1.4581120614581229,0.15832544820326647,0.5457521978921048,19.009004814471986
Q921H8,Acaa1a,PAS_vs_VEH_male,0.41728890867233126,1.301278026525228,0.20871550784872758,0.5849848453760391,14.94288194978184
Q921H9,Coa7,PAS_vs_VEH_male,0.07033706248292404,0.26440540412133706,0.7938215622413096,0.9296714378413689,15.904603408087667
Q921S7,Mrpl37,PAS_vs_VEH_male,-0.3023071737770415,-0.8642549783025354,0.39636871081144043,0.733346670165792,15.300639105958188
Q922B1,Macrod1,PAS_vs_VEH_male,-0.13950013379479032,-0.5579932885441512,0.5822382644892777,0.8656882319323504,19.956362043052838
Q922Q1,Mtarc2,PAS_vs_VEH_male,-0.21445039762405216,-1.0256783672950063,0.3157062798146226,0.6638127703646277,18.439220326459658
Q923X4,Glrx2,PAS_vs_VEH_male,0.1265033223121126,0.29092410349691117,0.7737156898137991,0.9234970776915762,16.06125853965675
Q924D0,Rtn4ip1,PAS_vs_VEH_male,-0.7448278853774575,-1.9571739077836339,0.06256666546047572,0.3804162982324612,17.299118487054173
Q924T2,Mrps2,PAS_vs_VEH_male,0.7584909400010673,2.4276527702146864,0.02342874547456918,0.3201476880435431,15.969172468523976
Q924X2,Cpt1b,PAS_vs_VEH_male,-0.34950915319819487,-1.4519053599618572,0.16002836965021022,0.5457521978921048,19.348058571911345
Q925I1,Atad3a,PAS_vs_VEH_male,0.01739449208053756,0.1208850715900387,0.9048315382666836,0.9669726487588566,18.250536883412916
Q99J39,Mlycd,PAS_vs_VEH_male,0.4186616958050102,2.2402409003047956,0.03502624107918936,0.33769919650173,18.27911215489332
Q99J47,Dhrs7b,PAS_vs_VEH_male,0.44432419036713,1.8449303087812148,0.07795914013409988,0.40292193012334965,16.813056230135814
Q99J99,Mpst,PAS_vs_VEH_male,0.23806332185043289,1.3363447653436176,0.19450293257937296,0.5824396540611491,18.703281290591157
Q99JB2,Stoml2,PAS_vs_VEH_male,0.23095299998567498,1.042900711650656,0.30782872142575163,0.6638127703646277,17.661035979922698
Q99JR1,Sfxn1,PAS_vs_VEH_male,-0.12423063877319862,-0.24973921317317793,0.8050052152382406,0.9331489025618789,17.3991982254529
Q99JY0,Hadhb,PAS_vs_VEH_male,-0.21201590445458507,-1.1100969134019805,0.2784245971999898,0.6508031737020338,19.722508500594856
Q99KB8,Hagh,PAS_vs_VEH_male,-0.4036722678803528,-1.35956013774621,0.18987957645716225,0.5788774222542131,15.161949772216218
Q99KI0,Aco2,PAS_vs_VEH_male,0.006993313605924811,0.06009529732254661,0.9525986664787249,0.990219083274762,20.974620502653142
Q99KR7,Ppif,PAS_vs_VEH_male,0.3516664283812503,1.304663169776546,0.20490685722954827,0.5849848453760391,18.845227101542527
Q99L04,Dhrs1,PAS_vs_VEH_male,-0.07877390304566134,-0.34461742086787395,0.7335120959454837,0.9170621602311664,15.629326812030191
Q99L13,Hibadh,PAS_vs_VEH_male,-0.35459075421367814,-1.9744348616634655,0.06045365502966719,0.3804162982324612,18.120978631827743
Q99LB2,Dhrs4,PAS_vs_VEH_male,-0.09538630462473208,-0.3431266933038983,0.7346184558189801,0.9170621602311664,17.735502170868006
Q99LC3,Ndufa10,PAS_vs_VEH_male,-0.08124535054557924,-0.4530852686146994,0.6547311906090753,0.900453550280762,19.49459644767556
Q99LC5,Etfa,PAS_vs_VEH_male,-0.43583230036258414,-2.2976479486009906,0.031011098263530913,0.33769919650173,18.743414035942504
Q99LP6,Grpel1,PAS_vs_VEH_male,0.25073212926007926,1.0406855482624888,0.30883410657206856,0.6638127703646277,18.425988536834
Q99LX0,Park7,PAS_vs_VEH_male,-0.041028729494119176,-0.1677379561129692,0.8682550526586759,0.9571241131226617,18.255451987159272
Q99LY9,Ndufs5,PAS_vs_VEH_male,-0.00482814669508258,-0.028589747340235984,0.9774383247902293,0.9944459712440814,19.30106463103028
Q99M87,Dnaja3,PAS_vs_VEH_male,0.05973840667302355,0.47767890140864094,0.6373854620180865,0.8856887921554492,18.23685566223394
Q99MN1,Kars1,PAS_vs_VEH_male,-0.3770165403821757,-0.9373024011181605,0.3583381605064503,0.6924527102751555,14.910268655949508
Q99MN9,Pccb,PAS_vs_VEH_male,0.31469103018894984,2.071964024094622,0.049659815298853806,0.3535692903922663,18.2576350570629
Q99MR8,Mccc1,PAS_vs_VEH_male,0.3124845125871225,2.218761196292321,0.03664639449545977,0.33769919650173,17.982557346156305
Q99N15,Hsd17b10,PAS_vs_VEH_male,-0.40101313456603194,-1.3485103700238907,0.19061937631390974,0.5788774222542131,18.473319849603026
Q99N84,Mrps18b,PAS_vs_VEH_male,0.08527677393936983,0.27708558254514076,0.7841885442433568,0.9260272206449619,15.578123416011556
Q99N85,Mrps18a,PAS_vs_VEH_male,-0.13291622906349332,-0.422992474675423,0.6762280782224377,0.906208911010482,15.87402824781619
Q99N87,Mrps5,PAS_vs_VEH_male,0.313880015818345,1.397004091041973,0.1757414152001647,0.5607928305263682,17.0629755153764
Q99N91,Mrpl34,PAS_vs_VEH_male,0.012852656426129982,0.0509739565344994,0.9597862203168244,0.9911974057090114,15.197767164749724
Q99N92,Mrpl27,PAS_vs_VEH_male,-0.5266864693732298,-1.0627362782987406,0.2989289661006817,0.6581071811828961,15.165695352186798
Q99N94,Mrpl9,PAS_vs_VEH_male,-0.2014119243945558,-0.8170910164365679,0.4222567661741651,0.7544274608502148,15.326447637814066
Q99N95,Mrpl3,PAS_vs_VEH_male,0.25459994836698563,0.6249436099355471,0.5381570234717739,0.8374222636608123,14.776530387249144
Q99N96,Mrpl1,PAS_vs_VEH_male,0.34431975015885286,1.4475003314233252,0.16124590324358573,0.5457521978921048,15.515795134859946
Q99NB1,Acss1,PAS_vs_VEH_male,0.23198025230463237,0.4254536510735612,0.6765434811667729,0.906208911010482,15.58668989576283
Q9CPP6,Ndufa5,PAS_vs_VEH_male,0.30720185802913846,1.7856408306103406,0.08734619933447672,0.4134386768498565,19.881472278848683
Q9CPQ1,Cox6c,PAS_vs_VEH_male,-0.5496194739276881,-2.270760972830112,0.03283617070445119,0.33769919650173,22.239695813242488
Q9CPQ3,Tomm22,PAS_vs_VEH_male,0.09925759233009224,0.2555204968659717,0.8005914888048796,0.9331048868277243,14.758934838971644
Q9CPQ8,Atp5mg,PAS_vs_VEH_male,-0.8249967609663749,-1.7148291976533652,0.09981633553680375,0.44374611040277717,18.905073005584494
Q9CPR5,Mrpl15,PAS_vs_VEH_male,0.2840012544485191,1.513179067093402,0.14385003493180745,0.5457521978921048,18.265190378808093
Q9CPS6,Hint3,PAS_vs_VEH_male,-0.47651722908737426,-1.4404487405690718,0.16321045089585715,0.5457521978921048,18.632165349392317
Q9CPU2,Ndufb2,PAS_vs_VEH_male,0.006698065732749114,0.03308064605067414,0.9738955772814677,0.9944459712440814,21.6554561415467
Q9CPU4,Mgst3,PAS_vs_VEH_male,-0.4267098687321216,-1.0905752034750351,0.28674954907131095,0.6541114211747173,18.397893815640305
Q9CPV4,Glod4,PAS_vs_VEH_male,-0.5446172222268757,-1.321628144320964,0.20197856689714433,0.5849848453760391,13.46363021716516
Q9CPW2,Fdx2,PAS_vs_VEH_male,0.45755598962974275,1.4252096768002225,0.17031043098624551,0.5591695075155344,16.49201306325926
Q9CPY7,Lap3,PAS_vs_VEH_male,-0.08988550229971537,-0.6852376321030468,0.5000399151167574,0.8150054826525568,17.940882305483957
Q9CPZ8,Cmc1,PAS_vs_VEH_male,0.5594740997719931,1.4005829261121774,0.17468101661848892,0.5605582906175238,17.44299379730318
Q9CQ00,Dmac1,PAS_vs_VEH_male,-0.20488338495533753,-0.9347260462097937,0.35963653086473746,0.6924527102751555,17.908532926552418
Q9CQ06,Mrpl24,PAS_vs_VEH_male,0.09011578397646858,0.28911250379830483,0.7750842424368399,0.9234970776915762,16.886908022568537
Q9CQ40,Mrpl49,PAS_vs_VEH_male,-0.33003871414305763,-1.5140970180351359,0.1464519683295084,0.5457521978921048,15.17005581487704
Q9CQ54,Ndufc2,PAS_vs_VEH_male,0.18384104689421576,1.1233778733347415,0.2728620870743602,0.6430940475445502,20.846878568107464
Q9CQ62,Decr1,PAS_vs_VEH_male,-0.026858983236412115,-0.13493726295013478,0.8938349679041625,0.9669726487588566,20.041791029011357
Q9CQ69,Uqcrq,PAS_vs_VEH_male,-0.09918933201472413,-0.3991016321592245,0.6934984518361806,0.9068798742783084,21.699082741737403
Q9CQ75,Ndufa2,PAS_vs_VEH_male,0.31075226585907245,1.8081610978217992,0.08367175522215113,0.40971998527621856,21.719822002173373
Q9CQ85,Timm22,PAS_vs_VEH_male,0.15022311512090525,0.572268451364557,0.5726897906175374,0.8582791584980508,17.61265351241883
Q9CQ91,Ndufa3,PAS_vs_VEH_male,-0.06614834053947405,-0.24047516685805287,0.8120916378859588,0.9356349905055267,18.807442444622858
Q9CQ92,Fis1,PAS_vs_VEH_male,-0.10580731198779603,-0.44457164736678445,0.6607830643644689,0.904397061587996,18.272665535618096
Q9CQA3,Sdhb,PAS_vs_VEH_male,0.03931596881679411,0.31702128842468935,0.7540861296485873,0.9228318793588279,20.039295469461216
Q9CQA6,Chchd1,PAS_vs_VEH_male,0.10968302785003914,0.408771417352215,0.6864871611330288,0.906208911010482,14.75285162191478
Q9CQB4,Uqcrb,PAS_vs_VEH_male,0.25027165624391756,1.750253418272565,0.0934001925626369,0.43484679816047345,20.287671980216675
Q9CQC7,Ndufb4,PAS_vs_VEH_male,-0.09030586971247345,-0.4319295040488871,0.6698133826672558,0.906208911010482,21.973066192976827
Q9CQF0,Mrpl11,PAS_vs_VEH_male,0.24594410232961295,1.0650185808741397,0.29791680987991015,0.6581071811828961,16.91729834384763
Q9CQF4,Mtres1,PAS_vs_VEH_male,-0.07495691557691586,-0.3100699203245516,0.7592988442071849,0.9228318793588279,17.032283406197642
Q9CQF8,Mrpl57,PAS_vs_VEH_male,0.014368605420308711,0.03688194091830284,0.9708972655728403,0.9944459712440814,19.090064688099368
Q9CQH3,Ndufb5,PAS_vs_VEH_male,-0.2608001373483262,-1.312509842688644,0.20229069098885194,0.5849848453760391,19.844329275694065
Q9CQJ8,Ndufb9,PAS_vs_VEH_male,-0.07303245755701582,-0.43718423939276757,0.6660536269720672,0.9053123923697879,21.35697260094745
Q9CQL5,Mrpl18,PAS_vs_VEH_male,0.23563257195559828,1.0764457937998344,0.2928857887821661,0.6581071811828961,18.041514977010237
Q9CQL6,Mrpl35,PAS_vs_VEH_male,-0.7707263513208034,-2.3360919153644217,0.028562449842165646,0.33769919650173,16.09248225247807
Q9CQN1,Trap1,PAS_vs_VEH_male,-0.5482559940782075,-2.4282328292415163,0.0233991282519761,0.3201476880435431,17.681025302103205
Q9CQN6,Tmem14c,PAS_vs_VEH_male,0.333521204608628,1.1526823523320286,0.26706965909378094,0.6347800933175953,14.4578946901145
Q9CQN7,Mrpl41,PAS_vs_VEH_male,-0.042365402223165205,-0.16719395629837994,0.8686781797531113,0.9571241131226617,18.965357182101137
Q9CQP3,Chchd5,PAS_vs_VEH_male,0.2483826723147331,0.6277725135634648,0.5395878249092858,0.8374222636608123,16.624881531928242
Q9CQQ7,Atp5pb,PAS_vs_VEH_male,-0.3948018183043551,-1.843676445590333,0.07814822902403688,0.40292193012334965,21.136214014848214
Q9CQR4,Acot13,PAS_vs_VEH_male,-0.6452747810814401,-3.2761680105866886,0.003313744819033373,0.2975989637681634,18.465189885615274
Q9CQS4,Slc25a46,PAS_vs_VEH_male,0.4616086390634315,1.8397691377575867,0.0787400250769222,0.40292193012334965,18.42335254813874
Q9CQV1,Pam16,PAS_vs_VEH_male,0.08734957559776291,0.36485941996491006,0.7185485695081447,0.9110169363406835,18.0879646194415
Q9CQV7,Dnajc19,PAS_vs_VEH_male,0.45334854444397266,2.1394160838033565,0.043237204922114,0.345897639376912,18.833733746248793
Q9CQX2,Cyb5b,PAS_vs_VEH_male,0.11066037125250716,0.3076423341849072,0.7611220159688441,0.9228318793588279,17.666252051422333
Q9CQX8,Kgd4,PAS_vs_VEH_male,0.05295348378934861,0.22139143979047468,0.8267406951263931,0.9373028240155515,23.17510996546096
Q9CQY6,Uqcc2,PAS_vs_VEH_male,0.06277235250046331,0.2910159832925685,0.7736463001943279,0.9234970776915762,17.279110209992922
Q9CQZ5,Ndufa6,PAS_vs_VEH_male,-0.46809350580279485,-2.2336523468729266,0.03551613452379732,0.33769919650173,20.600495545497587
Q9CQZ6,Ndufb3,PAS_vs_VEH_male,-0.11470986145438289,-0.6313327374900118,0.5340453273368818,0.8356411733535781,20.958415343873714
Q9CR24,Nudt8,PAS_vs_VEH_male,-0.004007393451033181,-0.010770019501939884,0.9915487894602338,0.99757371414363,16.86265547862472
Q9CR59,Gadd45gip1,PAS_vs_VEH_male,0.5823187742949543,1.8745127334024658,0.07361180915537044,0.4024418798672773,17.538411307099345
Q9CR61,Ndufb7,PAS_vs_VEH_male,0.21526755459393243,1.0656505258252311,0.2976369867724331,0.6581071811828961,19.893804217422215
Q9CR62,Slc25a11,PAS_vs_VEH_male,-0.30803121969234937,-1.0909465046526592,0.28658955412669485,0.6541114211747173,19.942064395523886
Q9CR68,Uqcrfs1,PAS_vs_VEH_male,-0.12729609393742436,-0.9601192862646672,0.3469768487677769,0.6865055857580353,20.885710077633355
Q9CR98,Fam136a,PAS_vs_VEH_male,0.4118342585680601,1.137346771047455,0.2670993702515938,0.6347800933175953,16.992547588681102
Q9CRB8,Mtfp1,PAS_vs_VEH_male,-0.3858186940075967,-1.8708482597308604,0.07413861180431479,0.4024418798672773,17.716751232044178
Q9CRB9,Chchd3,PAS_vs_VEH_male,0.2879834486274504,1.9210114180718323,0.06720554721265724,0.39763282100822206,20.843406381132915
Q9CRD0,Ociad1,PAS_vs_VEH_male,0.12039519090191675,0.7035084202312719,0.48879755926166024,0.8060606468603447,18.864257953782932
Q9CTY5,Micu3,PAS_vs_VEH_male,0.5051943830504371,1.6133232566662157,0.12030697522504241,0.49517653570887016,16.515345531079696
Q9CWE0,Mtfr1l,PAS_vs_VEH_male,0.5849867186662969,2.1237013718207844,0.044662887680099905,0.3463500685548105,17.935235711831517
Q9CWX2,Ndufaf1,PAS_vs_VEH_male,0.25222188276668334,0.742065458854038,0.46950215050057786,0.786667611972114,16.322844823051202
Q9CXI0,Coq5,PAS_vs_VEH_male,-0.24267699489558225,-1.215607664760737,0.23646037691703312,0.6066683384770593,16.998897780008623
Q9CXJ4,Abcb8,PAS_vs_VEH_male,0.14177229994479745,0.9069939941531617,0.37381141680089036,0.7157128862671349,17.839523092974996
Q9CXT8,Pmpcb,PAS_vs_VEH_male,0.09390614171005396,0.5941102082508719,0.5582352227539136,0.8484877630594909,17.46661933628204
Q9CXV1,Sdhd,PAS_vs_VEH_male,-0.5142690185577194,-1.024773301620686,0.3161241312551304,0.6638127703646277,17.53151844155129
Q9CXW2,Mrps22,PAS_vs_VEH_male,0.12424691181367109,0.4898729980165163,0.6288621477683001,0.8856887921554492,19.925131880854615
Q9CXZ1,Ndufs4,PAS_vs_VEH_male,0.17210788548519318,0.8016239068008784,0.43097197380433894,0.7593466047502258,20.38489681318123
Q9CY16,Mrps28,PAS_vs_VEH_male,0.2897464743074707,0.9587233576822802,0.34766483703121875,0.6865055857580353,18.015439292080544
Q9CYG7,Tomm34,PAS_vs_VEH_male,0.558233932216222,1.6436668411527484,0.1138416018489868,0.48434428924556966,16.969248411750776
Q9CYH2,Prxl2a,PAS_vs_VEH_male,-0.03260664344557895,-0.09542224804972005,0.9248056513738138,0.9788586177260089,16.71040310199393
Q9CYR0,Ssbp1,PAS_vs_VEH_male,0.6269038080556655,1.3690954356902456,0.18418707522661595,0.5780014294404302,17.259926425279893
Q9CZ13,Uqcrc1,PAS_vs_VEH_male,-0.024324919783406784,-0.18914385687097296,0.8516386044101961,0.9520212891064133,21.976255125605213
Q9CZ42,Naxd,PAS_vs_VEH_male,-0.10597061862454638,-0.4049848501096361,0.6892293125995215,0.906208911010482,17.823311680828883
Q9CZB0,Sdhc,PAS_vs_VEH_male,-0.415351303435461,-0.5758134956311735,0.5714960621378942,0.8582791584980508,14.7449183226788
Q9CZD5,Mtif3,PAS_vs_VEH_male,0.9005046489883082,2.8006301580084156,0.010153108165100084,0.2975989637681634,15.778282242945352
Q9CZN7,Shmt2,PAS_vs_VEH_male,0.08260766332966796,0.4921257538436599,0.6272932456672761,0.8856887921554492,16.807528267973307
Q9CZN8,Qrsl1,PAS_vs_VEH_male,0.5844652679540427,1.4553906885871042,0.16187798733314201,0.5457521978921048,15.245992684286893
Q9CZP5,Bcs1l,PAS_vs_VEH_male,-0.10364839595585096,-0.3965358825298144,0.6961261006784198,0.9068798742783084,14.813170271382067
Q9CZR3,Tomm40l,PAS_vs_VEH_male,0.31299050107394777,0.644028908953741,0.5292765041549905,0.8347425633599657,15.669498318010671
Q9CZR8,Tsfm,PAS_vs_VEH_male,0.36544095105971763,1.1002150235586043,0.28261653306900136,0.6525454909885885,17.495705221859346
Q9CZU6,Cs,PAS_vs_VEH_male,-0.11440660827109994,-0.6998845079654463,0.491015816573379,0.8060606468603447,20.190688529354574
Q9D023,Mpc2,PAS_vs_VEH_male,-0.7214457014067754,-2.0400426230765216,0.052986787108949225,0.368832698849595,18.657128303182944
Q9D051,Pdhb,PAS_vs_VEH_male,-0.12153075387109524,-0.6794379382303221,0.5036389514279004,0.8150054826525568,20.36210127502159
Q9D0G0,Mrps30,PAS_vs_VEH_male,0.7223314258696831,2.779796124202737,0.010650378552742557,0.2975989637681634,16.999127624183707
Q9D0I4,Stx17,PAS_vs_VEH_male,0.03558054525164778,0.11986004814841883,0.9056344622951965,0.9669726487588566,17.288530126020323
Q9D0K2,Oxct1,PAS_vs_VEH_male,0.02219116376932817,0.10319846199177334,0.9186996681917515,0.9753671243605886,18.430522481224596
Q9D0L4,Adck1,PAS_vs_VEH_male,-0.09994076049632383,-0.36082399337811927,0.7215227419567687,0.9118584441381934,16.35285472302799
Q9D0L7,Armc10,PAS_vs_VEH_male,-0.2799344312283374,-1.2823513531577848,0.21248917388590105,0.5849848453760391,13.8912866730977
Q9D0M3,Cyc1,PAS_vs_VEH_male,-0.38186784193668544,-1.8690725516859699,0.07439506582053541,0.4024418798672773,21.695066637457266
Q9D0Q7,Mrpl45,PAS_vs_VEH_male,0.4525239000109842,1.560789076440488,0.1322237387010716,0.535309027124528,16.606650760690293
Q9D0S9,Hint2,PAS_vs_VEH_male,0.2411122183668759,0.8753962441280388,0.3904054759776835,0.7300505491821012,21.965174477209526
Q9D0Y8,Mrpl52,PAS_vs_VEH_male,1.1512648863499528,2.788739498111249,0.010434153135657383,0.2975989637681634,18.50135637901568
Q9D172,Gatd3,PAS_vs_VEH_male,-0.1281277974155337,-0.3865426492170302,0.702646477496222,0.907387676363543,19.532270433367245
Q9D1B9,Mrpl28,PAS_vs_VEH_male,-0.27922320830860414,-1.3034122150367662,0.20532635284512676,0.5849848453760391,17.94742669972525
Q9D1E8,Agpat5,PAS_vs_VEH_male,-0.5687472534837354,-1.2810009458628713,0.21295493638919383,0.5849848453760391,17.678002829548372
Q9D1H8,Mrpl53,PAS_vs_VEH_male,0.35629456398604376,1.0873331525217889,0.2904852339606847,0.6581071811828961,17.074074040996358
Q9D1I6,Mrpl14,PAS_vs_VEH_male,0.08532180465138417,0.311866375738143,0.7579505829995551,0.9228318793588279,15.376667196029123
Q9D1L0,Chchd2,PAS_vs_VEH_male,1.2464529804404094,2.6310419607303572,0.01493015391016884,0.2975989637681634,20.03840324274812
Q9D1N9,Mrpl21,PAS_vs_VEH_male,-0.00252100808767608,-0.011152397587336388,0.9911979950939876,0.99757371414363,18.878971336892505
Q9D1P0,Mrpl13,PAS_vs_VEH_male,0.2673216442728048,0.8840307526532734,0.38582414569024315,0.7256560091127752,17.36750427971871
Q9D273,Mmab,PAS_vs_VEH_male,-0.041655673359354495,-0.11417457696996919,0.9100898643761212,0.9680356609843386,16.87468955344176
Q9D2G2,Dlst,PAS_vs_VEH_male,-0.21188548802788532,-0.8122559607065445,0.4249692644736416,0.7566850853323774,20.07273794828354
Q9D2R6,Coa3,PAS_vs_VEH_male,0.005229063555756142,0.02925613187711167,0.9769126004122446,0.9944459712440814,19.428317896073263
Q9D2R8,Mrps33,PAS_vs_VEH_male,0.12055431250485782,0.4011959904095356,0.6919774884247099,0.9068798742783084,19.356453357608096
Q9D338,Mrpl19,PAS_vs_VEH_male,0.36379938785426447,1.380502636227524,0.1806970813568443,0.5717445916338955,16.3397522219577
Q9D3D9,Atp5f1d,PAS_vs_VEH_male,0.20052565627689134,1.092861593143471,0.2857653567151731,0.6541114211747173,23.60110528800065
Q9D3P8,Plgrkt,PAS_vs_VEH_male,0.2032049893167951,0.5934226159339252,0.5586873651131155,0.8484877630594909,17.52030117612279
Q9D404,Oxsm,PAS_vs_VEH_male,0.3075672727281962,1.4009410395370028,0.1745751894586409,0.5605582906175238,15.232283117935316
Q9D5T0,Atad1,PAS_vs_VEH_male,-0.014744484830242044,-0.07970930271393453,0.9371576895788867,0.9821135935070252,17.65218546187517
Q9D6J5,Ndufb8,PAS_vs_VEH_male,0.039723429552914524,0.19188246109408325,0.849517634935088,0.9517278434775739,24.19368636135565
Q9D6J6,Ndufv2,PAS_vs_VEH_male,-0.6118032673572564,-2.599743257414146,0.01601627679565382,0.2975989637681634,20.749846778038727
Q9D6K8,Fundc2,PAS_vs_VEH_male,-0.1290780158995517,-0.4940129087044544,0.6259803429680555,0.8856887921554492,18.77678417930314
Q9D6M3,Slc25a22,PAS_vs_VEH_male,0.05487642311731733,0.16077903722421572,0.8736707423874899,0.9580018951275951,16.20739215428987
Q9D6R2,Idh3a,PAS_vs_VEH_male,0.06500636467772125,0.5093534233069988,0.6153550490750503,0.8781951454136396,20.954554449261877
Q9D6S7,Mrrf,PAS_vs_VEH_male,-0.16118909118643998,-0.5006620091205861,0.6213646211208937,0.8845491348287409,17.655451967125668
Q9D6T9,Mrps36,PAS_vs_VEH_male,-0.03152949233981772,-0.13161396974843095,0.8964337392890425,0.9669726487588566,18.60886789135883
Q9D6U8,Fam162a,PAS_vs_VEH_male,-0.05124898607784445,-0.2315150309130472,0.8189612440944665,0.935955707536533,19.369154928354128
Q9D6Y7,Msra,PAS_vs_VEH_male,0.42907909158516944,1.9002084219440523,0.07000866710956292,0.40182798831149513,18.178707905473466
Q9D773,Mrpl2,PAS_vs_VEH_male,0.7629167346049641,2.2344978773442437,0.03545291833047217,0.33769919650173,17.781207971244857
Q9D7J4,Cox20,PAS_vs_VEH_male,0.17821946724762938,0.7459371288270109,0.46325884550825935,0.7846751507873939,16.831545737626232
Q9D7J9,Echdc3,PAS_vs_VEH_male,0.05227558776897823,0.17605658314554382,0.8617898496977568,0.9541844729596995,16.356970904532673
Q9D7N3,Mrps9,PAS_vs_VEH_male,0.05360487513343415,0.19481306680548285,0.8472492520316891,0.9510624014901173,15.935195910608476
Q9D7P6,Iscu,PAS_vs_VEH_male,-0.1377387976739044,-0.525877440019172,0.6040055251647267,0.8752081995278647,15.925444511206113
Q9D880,Timm50,PAS_vs_VEH_male,-0.0621134862706505,-0.3145953096816235,0.755903988153342,0.9228318793588279,19.055163092386387
Q9D8B4,Ndufa11,PAS_vs_VEH_male,-0.2299159781629605,-0.9620374760586825,0.3460329702311933,0.6865055857580353,19.00661099263584
Q9D8P4,Mrpl17,PAS_vs_VEH_male,-0.03634280601727369,-0.12340306328377687,0.9028595806827604,0.9669726487588566,14.711765819664588
Q9D8S9,Bola1,PAS_vs_VEH_male,0.2554997704231923,0.7799800994528647,0.4433527062345203,0.7654235171465275,16.978254332786122
Q9D8T7,Slirp,PAS_vs_VEH_male,0.6266133431634522,2.661133983896314,0.013951413293358816,0.2975989637681634,19.422830451216804
Q9D8W7,Ociad2,PAS_vs_VEH_male,-0.07600183174221442,-0.40790730249177987,0.6871125490285441,0.906208911010482,18.09196141537368
Q9D8Y1,Tmem126a,PAS_vs_VEH_male,-0.5413633849728754,-1.4739404223641552,0.15404882690276095,0.5457521978921048,19.257718931904044
Q9DAT5,Trmu,PAS_vs_VEH_male,0.5680022144515959,2.031443617866373,0.05391631452703972,0.36896947772721156,15.30831245152682
Q9DB15,Mrpl12,PAS_vs_VEH_male,0.02983726694976241,0.1161579536676553,0.9085352470620383,0.9680356609843386,19.32190928261594
Q9DB20,Atp5po,PAS_vs_VEH_male,-0.30374766266094255,-1.465281520559367,0.15637661623704768,0.5457521978921048,21.863863648166998
Q9DB77,Uqcrc2,PAS_vs_VEH_male,0.07380473800183296,0.5359328031674995,0.597148401469574,0.8752081995278647,21.425230175047115
Q9DBF1,Aldh7a1,PAS_vs_VEH_male,-0.4213518517054631,-0.8321972309371484,0.41563070019153736,0.7494547228850579,16.138434873401373
Q9DBG1,Cyp27a1,PAS_vs_VEH_male,-0.2852179553592151,-0.9522017440915892,0.35089128541584214,0.6865055857580353,17.38805891749997
Q9DBL1,Acadsb,PAS_vs_VEH_male,-0.5406039513293521,-2.7882808408119524,0.010445140210572575,0.2975989637681634,17.6963362376702
Q9DC61,Pmpca,PAS_vs_VEH_male,-0.21346086625660377,-1.0314555828490057,0.31304816476037506,0.6638127703646277,17.49596622225578
Q9DC69,Ndufa9,PAS_vs_VEH_male,-0.3409806750610507,-1.101572551233169,0.2820379759219492,0.6525454909885885,19.57371610908963
Q9DC70,Ndufs7,PAS_vs_VEH_male,-0.02867940239568867,-0.17782799478441913,0.8604143738535518,0.9541844729596995,20.07075332296073
Q9DCA2,Mrps11,PAS_vs_VEH_male,0.7334053651724908,1.4902685509481342,0.14973573929015604,0.5457521978921048,16.584367238437483
Q9DCB8,Isca2,PAS_vs_VEH_male,-0.0883210543228401,-0.2885061924291123,0.7755424402445102,0.9234970776915762,17.07284340184018
Q9DCC8,Tomm20,PAS_vs_VEH_male,0.27375776624717574,0.9677209939688286,0.34324654516219655,0.6865055857580353,19.641625988628213
Q9DCJ5,Ndufa8,PAS_vs_VEH_male,0.031778059417408855,0.18704095715717245,0.8532680171458733,0.9520212891064133,19.665520808089877
Q9DCJ7,Aurkaip1,PAS_vs_VEH_male,0.7801612135473412,2.7074074467422977,0.012563365489698143,0.2975989637681634,14.167024801473593
Q9DCL9,Paics,PAS_vs_VEH_male,0.7473258467937658,1.7881595498710743,0.08692845931563115,0.4134386768498565,15.197742462301395
Q9DCM0,Ethe1,PAS_vs_VEH_male,0.6267099286724189,2.4249695045744417,0.02356620191476812,0.3201476880435431,17.556916740600933
Q9DCM2,Gstk1,PAS_vs_VEH_male,-0.35232414310427806,-0.9856868304345483,0.3345393073063193,0.6810692707884924,15.76771733747115
Q9DCN2,Cyb5r3,PAS_vs_VEH_male,-1.0605612109520628,-2.808708279161146,0.009966287220419303,0.2975989637681634,17.650819945086102
Q9DCS3,Mecr,PAS_vs_VEH_male,0.39413944932049816,1.4805950595357027,0.15227899160434916,0.5457521978921048,18.31833527619201
Q9DCS9,Ndufb10,PAS_vs_VEH_male,0.4106865249686926,2.0033960961582316,0.05704974947118222,0.3804162982324612,20.162129545791416
Q9DCT2,Ndufs3,PAS_vs_VEH_male,-0.1807721272485736,-0.7488948443088085,0.461508539344765,0.7846751507873939,20.1972963322735
Q9DCU6,Mrpl4,PAS_vs_VEH_male,-0.2533072697899499,-1.0056895561674024,0.32502488875959545,0.6655193291974344,16.29344987663546
Q9DCV4,Rmdn1,PAS_vs_VEH_male,-0.37801995664676724,-1.4437831140142108,0.16227912114065204,0.5457521978921048,15.990088386480892
Q9DCW4,Etfb,PAS_vs_VEH_male,0.1786374920297149,0.8679042307835135,0.39440906159631606,0.733346670165792,21.649747197245578
Q9DCX2,Atp5pd,PAS_vs_VEH_male,0.10745031435920893,0.5555407041724852,0.5838867178844216,0.8656882319323504,22.0468555479331
Q9DCZ4,Apoo,PAS_vs_VEH_male,-0.1822597850104657,-0.9061718633694457,0.3742371958122167,0.7157128862671349,20.205185472880082
Q9EP89,Lactb,PAS_vs_VEH_male,0.2828529501334387,1.3538848286191567,0.18892321453848956,0.5788774222542131,17.59822549546256
Q9EQ20,Aldh6a1,PAS_vs_VEH_male,0.1390674018300686,0.8383252301147391,0.410472849196742,0.742747083186964,19.655823133143354
Q9EQI8,Mrpl46,PAS_vs_VEH_male,0.7299302715905043,2.281220035373927,0.03211486742661224,0.33769919650173,18.63828516032712
Q9ER88,Dap3,PAS_vs_VEH_male,0.46227044993722544,1.8087099310521475,0.08358389679655434,0.40971998527621856,17.30098656131336
Q9ERI6,Rdh14,PAS_vs_VEH_male,-0.3363406057566074,-1.2205310091936343,0.2346251255835775,0.6057594151430548,17.600768983186818
Q9ERS2,Ndufa13,PAS_vs_VEH_male,-0.080701121402587,-0.3165206035709684,0.7544611892185447,0.9228318793588279,18.866139424073577
Q9ESW4,Agk,PAS_vs_VEH_male,-0.21382636754236906,-0.7557943725698378,0.45744090547181704,0.7802595624864627,16.01583523959399
Q9JHI5,Ivd,PAS_vs_VEH_male,-0.07587530682879517,-0.4078394622568792,0.6871616568774346,0.906208911010482,19.584647106110125
Q9JHS4,Clpx,PAS_vs_VEH_male,-0.01770614234774648,-0.04324190380445041,0.9658817806530711,0.9944459712440814,15.873853928897233
Q9JHW2,Nit2,PAS_vs_VEH_male,0.07592758880223016,0.30370497009734454,0.7640820702628897,0.9234013104453644,14.542803920123001
Q9JI39,Abcb10,PAS_vs_VEH_male,0.14627230115848633,0.5232170911391852,0.605826006844555,0.8755958572206292,16.516957370760316
Q9JIK9,Mrps34,PAS_vs_VEH_male,-0.05688544719672706,-0.24489466850498254,0.8087089040217356,0.9336314176511094,17.50016905816549
Q9JIQ3,Diablo,PAS_vs_VEH_male,0.6450673268283342,1.9487132209957152,0.063625965373387,0.3804162982324612,15.643710533888603
Q9JIY5,Htra2,PAS_vs_VEH_male,-0.6516078947166246,-2.6311049516391845,0.014928039396882524,0.2975989637681634,16.227883750465615
Q9JJL8,Sars2,PAS_vs_VEH_male,0.4100435962743134,0.7893137211989008,0.4379872760914977,0.7616712261840509,16.822133835998294
Q9JK42,Pdk2,PAS_vs_VEH_male,-0.23222843755591427,-1.0328112464563963,0.3124267017973993,0.6638127703646277,17.69547871326744
Q9JKF7,Mrpl39,PAS_vs_VEH_male,0.2849552565476188,1.2361668008891256,0.2288679787784052,0.6016985316732527,17.3349822960195
Q9JKL4,Ndufaf3,PAS_vs_VEH_male,0.1325063854919577,0.5725628798899062,0.5724936879084612,0.8582791584980508,17.70153103287246
Q9JLR9,Higd1a,PAS_vs_VEH_male,0.4446142831315072,1.98018000776211,0.05976447270352808,0.3804162982324612,22.202590944493576
Q9JLT4,Txnrd2,PAS_vs_VEH_male,0.10202808512972794,0.299379976736184,0.7673377795288955,0.9234970776915762,17.08276596020888
Q9JLZ3,Auh,PAS_vs_VEH_male,0.2236328255475435,0.8937481843426242,0.38071028191736833,0.7254778907574998,18.882266818344768
Q9QYA2,Tomm40,PAS_vs_VEH_male,-0.5967476596829044,-1.5657003792219566,0.13106980064301677,0.535309027124528,15.347421893583782
Q9QYR9,Acot2,PAS_vs_VEH_male,0.0052628624908770405,0.027004621126062663,0.9786889047983125,0.9944459712440814,16.73908737631368
Q9QZ23,Nfu1,PAS_vs_VEH_male,0.33804893904602373,0.9567694917645834,0.34862935922067884,0.6865055857580353,16.014269133829536
Q9QZH6,Ecsit,PAS_vs_VEH_male,-0.20664639092795412,-0.7428842478233455,0.4650695992056314,0.7846751507873939,17.143985913362997
Q9R0X4,Acot9,PAS_vs_VEH_male,-0.3139383480917175,-0.8015071643661178,0.43103817482567963,0.7593466047502258,16.774294268767658
Q9R112,Sqor,PAS_vs_VEH_male,-0.6540944276407714,-1.9851026129966955,0.05917949608895997,0.3804162982324612,18.02183613648748
Q9WTP6,Ak2,PAS_vs_VEH_male,0.5497658764669389,2.5176762159896495,0.0192255006372617,0.3109610762131529,18.9681549514235
Q9WTP7,Ak3,PAS_vs_VEH_male,0.5198404725522003,2.23817527445596,0.035179165701260555,0.33769919650173,16.08060659432696
Q9WTQ8,Timm23,PAS_vs_VEH_male,-0.15705417808465327,-0.6057547063901305,0.550607039399643,0.8429778932048442,15.640169169827763
Q9WUM5,Suclg1,PAS_vs_VEH_male,0.1339462604554953,0.6952580335290709,0.4938561217200713,0.8083869658126817,20.261502016569118
Q9WUR2,Eci2,PAS_vs_VEH_male,0.15265298900769153,0.6410641160205346,0.5278153910721166,0.8347425633599657,19.443745365464746
Q9WUR9,Ak4,PAS_vs_VEH_male,0.044032918790618325,0.14546335885571762,0.8856118568328853,0.9636542809982355,17.107457527484193
Q9WV98,Timm9,PAS_vs_VEH_male,0.26579265226542503,1.3321520926838086,0.195855587897323,0.5824396540611491,19.589391319744536
Q9WVA2,Timm8a1,PAS_vs_VEH_male,0.6479879572955518,2.1005283983192573,0.0468423500493002,0.3535692903922663,21.143978889142627
Q9WVL0,Gstz1,PAS_vs_VEH_male,-0.1855683758327391,-0.7324086818048705,0.47131477715235526,0.786667611972114,16.249320633968708
Q9Z0V7,Timm17b,PAS_vs_VEH_male,0.09028524873570021,0.38618736365974377,0.7029059464788009,0.907387676363543,18.566409473043464
Q9Z0X1,Aifm1,PAS_vs_VEH_male,0.07259381717508262,0.4771471722400155,0.6377583028020752,0.8856887921554492,19.810405972137474
Q9Z1J3,Nfs1,PAS_vs_VEH_male,0.05595702528108859,0.3720577454401663,0.7132545899089198,0.9083601055342296,16.956508493423907
Q9Z1P6,Ndufa7,PAS_vs_VEH_male,0.6018846677629277,2.5953911697530625,0.01617303712286386,0.2975989637681634,20.266296310433177
Q9Z2I0,Letm1,PAS_vs_VEH_male,-0.2540808692008021,-1.2103529988370119,0.23843104980916974,0.6066683384770593,18.215600920970914
Q9Z2I8,Suclg2,PAS_vs_VEH_male,-0.5537313692377417,-2.023717882711726,0.054763785853585364,0.3703075043432915,17.69606931366383
Q9Z2I9,Sucla2,PAS_vs_VEH_male,-0.19149428694880655,-1.3788919572392715,0.1811866663628542,0.5717445916338955,19.58093085995519
Q9Z2Q5,Mrpl40,PAS_vs_VEH_male,0.4474223806304707,1.1956788037143267,0.24399976480153368,0.6102968989194147,17.477804889813175
Q9Z2Y8,Plpbp,PAS_vs_VEH_male,0.6930076193719383,1.4953680272779943,0.14840900523664163,0.5457521978921048,16.102449621259094
Q9Z2Z6,Slc25a20,PAS_vs_VEH_male,-0.5621628506349836,-1.9623219262886822,0.06192975358661919,0.3804162982324612,17.925074068562676
S4R2K0,Pdf,PAS_vs_VEH_male,-0.3700534101412227,-1.3598061791849385,0.18706821574532984,0.5788774222542131,16.535289689863692
A0A0R4J083,Acadl,treatment_by_sex,-0.16042412403232476,-0.7245648226784982,0.47602315038609033,0.7379135469057568,19.293406255798864
A0A0R4J0P1,Acad8,treatment_by_sex,0.6070124136046999,1.866454493576117,0.07477458412860032,0.3649320165142464,17.700682913284673
A0A0R4J1J1,Pnkd,treatment_by_sex,-1.0447024699581782,-2.14523135197353,0.04272010226752984,0.2821513731157785,17.85263690042878
A0A2R8VHX1,Ndufa6,treatment_by_sex,-0.349534430626667,-1.021509961644259,0.3176339656534928,0.6207158578362121,14.696686243856462
A0A494B9G1,Mrpl49,treatment_by_sex,-0.6831118720097962,-1.4106618572635163,0.17172201054641395,0.50266966661246415,15.060386351925336
A2AIL4,Ndufaf6,treatment_by_sex,-0.06389319717859365,-0.1146298146639968,0.9097330056675879,0.9604616119315799,17.746569904168698
A2APY7,Ndufaf5,treatment_by_sex,0.2212409643058315,0.8248513208119395,0.41792586266258425,0.7002415633992563,17.19287338605944
A2ASZ8,Slc25a25,treatment_by_sex,0.07286362557973902,0.20376075090520623,0.8403318847158755,0.9414369043759709,13.522502239548661
A6H611,Mipep,treatment_by_sex,0.286928583618856,0.8988011385425569,0.3780687495904327,0.65473552496128,17.29212432370021
B1AR13,Cisd3,treatment_by_sex,-0.34751881941763685,-1.1269067892074875,0.27139777633439327,0.586339825543098,17.098756488277086
B1AXP6,Tomm5,treatment_by_sex,-0.0766406948020375,-0.18144841471910447,0.8576045782897203,0.9503582790864756,14.784284865558064
D3Z7P3,Gls,treatment_by_sex,1.7738387224365688,2.921262874528253,0.00875641156808611,0.25194173038306344,15.539181279215011
D3Z7Q2,Smim20,treatment_by_sex,-0.6908638557951043,-1.7158814927817387,0.09962046917538639,0.41064868748183037,16.17170548912309
D3Z7X0,Acad12,treatment_by_sex,0.09903294056088541,0.2915195502493784,0.773266029749809,0.918582417081713,17.988737317081423
E9Q4Z2,Acacb,treatment_by_sex,-0.9961704900913126,-2.667561118741293,0.013750340918793954,0.25194173038306344,15.368288297402543
F7BP55,Ak2,treatment_by_sex,-0.3575953596894301,-0.7180483355204972,0.48146027536962843,0.7379135469057568,14.649902001328845
G5E902,Slc25a3,treatment_by_sex,0.7989773175821604,1.9410054016365896,0.06460471708238298,0.33769350293243217,21.427402152007804
O08600,Endog,treatment_by_sex,-0.6703259297370998,-1.7196926455314228,0.09891382268324554,0.41064868748183037,17.202096926191558
O08709,Prdx6,treatment_by_sex,1.5710544523639296,4.032139035308808,5.190614084579202e-4,0.0982756266680329,17.262508225224558
O08715,Akap1,treatment_by_sex,-0.29949738765846057,-0.600138413752071,0.5542793757156738,0.7961248395260936,15.370937789502523
O08749,Dld,treatment_by_sex,-0.2897602685336551,-0.8644764250262102,0.39624961552813676,0.6705709049218306,20.005178870122126
O08807,Prdx4,treatment_by_sex,-0.5928463112385458,-0.8026241435566112,0.43040502828837146,0.7062317064170757,18.146646492556567
O09111,Ndufb11,treatment_by_sex,0.058627274195547585,0.24143621233938328,0.8113557226109799,0.9291331662157997,20.121202223710686
O09174,Amacr,treatment_by_sex,-0.4229377495515365,-0.7782356411120752,0.44435993300828536,0.7145783038729109,16.336209515236646
O35129,Phb2,treatment_by_sex,0.49211291318908224,1.4047374575795994,0.17345643425359678,0.50266966661246415,19.524119559543077
O35435,Dhodh,treatment_by_sex,-0.18641086239667715,-0.4971632535776692,0.6237914490894172,0.8273223177311427,17.20477403824389
O35459,Ech1,treatment_by_sex,-0.007008609713967218,-0.028223567098862534,0.9777272163299968,0.9952492094541904,18.506903598778788
O35465,Fkbp8,treatment_by_sex,0.5929340703744437,1.5752754666210478,0.12884401630575337,0.44791293785263275,16.634003406362197
O35683,Ndufa1,treatment_by_sex,-0.3652589528084178,-1.318193667963713,0.20041190280680587,0.5221741320837878,20.16424114714534
O35855,Bcat2,treatment_by_sex,0.7471027242340007,1.8593474579411138,0.07581334145894555,0.3649320165142464,18.622921047788584
O35857,Timm44,treatment_by_sex,-0.07772269884348404,-0.26238905031598664,0.7953565080727568,0.9267998318766171,17.611978984529834
O35972,Mrpl23,treatment_by_sex,-0.4109375052419857,-1.405063056758344,0.17336075091166536,0.50266966661246415,17.967807436644307
O55003,Bnip3,treatment_by_sex,-0.04091318224265805,-0.08438646136884534,0.9334791169468948,0.9746620191651402,17.666235462438603
O55028,Bckdk,treatment_by_sex,-0.903872077863479,-2.4317566681625937,0.023219947530732938,0.25829680191896787,17.518990082971126
O55126,Nipsnap2,treatment_by_sex,0.6191381375876439,1.4196995153632792,0.16910283922360517,0.50266966661246415,19.686210631892983
O70325,Gpx4,treatment_by_sex,-0.292405662027754,-0.5939410093759605,0.5583464658200997,0.7961248395260936,18.41085432936873
O70571,Pdk4,treatment_by_sex,-0.8516363483318088,-1.1724205544257478,0.25302462765440603,0.5654776215548784,16.372635921011042
O88441,Mtx2,treatment_by_sex,1.2364630642373289,2.324773543919891,0.02926428314065606,0.25829680191896787,14.05059315727351
O88587,Comt,treatment_by_sex,0.3100269365072492,0.500327231129858,0.6215966425288486,0.8273223177311427,16.48150727581075
O88696,Clpp,treatment_by_sex,-0.22821842987113783,-0.9564491034248499,0.34878769115750397,0.6330199016118453,18.69698902716403
O88967,Yme1l1,treatment_by_sex,0.02124528643048862,0.06374580920849397,0.9497232048026927,0.9861842419157758,16.884593086829614
P05202,Got2,treatment_by_sex,0.9971846703400686,2.8168780720655207,0.009780666638949163,0.25194173038306344,19.963625641097416
P08074,Cbr2,treatment_by_sex,0.5167803671613811,1.0699236413985953,0.2957497799622048,0.6130871351041326,15.987902729404746
P08228,Sod1,treatment_by_sex,1.0764965636123236,2.4763577322755572,0.02105920555543858,0.25829680191896787,20.177997251829776
P08249,Mdh2,treatment_by_sex,-0.05258346024582394,-0.20574703081943377,0.8387980717555241,0.9414369043759709,22.768915352799414
P09671,Sod2,treatment_by_sex,1.1635476723611227,3.216593913061023,0.003822665284642233,0.25194173038306344,18.087123881873335
P09925,Surf1,treatment_by_sex,-0.7261018480937871,-1.6737938752052306,0.10771344148416732,0.4229543048566219,17.105258487647017
P0DJE0,Pet100,treatment_by_sex,-0.5054080686391771,-0.9127665291132091,0.3708308442495225,0.6527073566423142,16.800404677143774
P0DJF2,Pet117,treatment_by_sex,0.09738233648940309,0.1454770879647881,0.8856011398528627,0.9587711012314242,17.962577839827127
P11352,Gpx1,treatment_by_sex,0.9246609308669314,2.3436474273850303,0.028102578270287285,0.25829680191896787,15.671807710698825
P12787,Cox5a,treatment_by_sex,-0.1178216472201683,-0.3913583933906764,0.6991331415266486,0.8627597146849847,23.687227242615222
P16125,Ldhb,treatment_by_sex,0.03962840775185583,0.11561791966076405,0.9089585016850328,0.9604616119315799,16.887327979931513
P16332,Mmut,treatment_by_sex,0.28114805733903836,1.1168825397416666,0.27557234771396,0.5884402011335688,18.21768222977618
P17665,Cox7c,treatment_by_sex,1.9927740260142919,2.780378677934261,0.010636165774836944,0.25194173038306344,17.96507016548738
P19096,Fasn,treatment_by_sex,-0.1352091102095212,-0.1836041055545185,0.8562683752052827,0.9503582790864756,14.629452164069951
P19783,Cox4i1,treatment_by_sex,0.23710462109436747,0.9534057388388181,0.3502941124645569,0.6336530442034023,21.674735984971424
P20108,Prdx3,treatment_by_sex,-0.5436372117205046,-1.4074788275465167,0.17265214491697223,0.50266966661246415,20.44503913382288
P22315,Fech,treatment_by_sex,0.23058452808572483,0.7964102176595089,0.43393462242880176,0.7062317064170757,18.3074342289911
P24270,Cat,treatment_by_sex,-0.3947463117029777,-1.0103947816351992,0.3228143476997696,0.6237216690364259,16.67050723076152
P26443,Glud1,treatment_by_sex,-0.30716353249316697,-1.0870158148092237,0.28828656498413685,0.6042316195977481,18.639282786190513
P28352,Apex1,treatment_by_sex,-0.9110873382495441,-1.4805744881924667,0.1522844371331212,0.48868678130854715,18.10128821715214
P29758,Oat,treatment_by_sex,0.10785382474944072,0.33765780655229893,0.7386822659050606,0.8927053766682435,18.712349208007254
P31786,Dbi,treatment_by_sex,1.4293632721863467,2.3070895377961405,0.03247145378619108,0.26102995265769086,18.082529027158046
P32020,Scp2,treatment_by_sex,0.41269320725945846,0.9724501242737954,0.34093970225151715,0.6330199016118453,18.06360010984855
P35290,Rab24,treatment_by_sex,0.12628466817684547,0.3630993937110356,0.7198451806753099,0.8811897901370173,14.982644615864189
P35486,Pdha1,treatment_by_sex,0.2400284146693572,1.0426668628339624,0.30793474807525584,0.6207158578362121,20.635471677646553
P36552,Cpox,treatment_by_sex,-0.35337483559426275,-0.7068697148288597,0.4867452116851726,0.7432023662289732,15.18807508859257
P38060,Hmgcl,treatment_by_sex,0.5718965070169197,2.1365654996136465,0.043492736275574165,0.28256834777250395,16.644575021902135
P38647,Hspa9,treatment_by_sex,-0.1696620675477405,-0.8140572476340341,0.4239574641365542,0.7061813478872809,20.164178605753797
P40630,Tfam,treatment_by_sex,0.3303372444440882,1.2823322421357608,0.21249575990064504,0.5333551774722569,17.9934865704064
P41216,Acsl1,treatment_by_sex,0.38156947598049484,1.2967738433274587,0.20756360954756137,0.5333551774722569,20.10178573780906
P42125,Eci1,treatment_by_sex,-0.3213789835114298,-1.174391646362411,0.25225029532598986,0.5654776215548784,19.422700825981313
P43023,Cox6a2,treatment_by_sex,-0.4408345981050594,-0.8197360708547464,0.4207774612065024,0.7029458763685099,19.838630227846004
P45952,Acadm,treatment_by_sex,0.049532059566477216,0.26377366656082857,0.794302380090693,0.9267998318766171,19.729517160301853
P46656,Fdx1,treatment_by_sex,0.7846923422750542,2.129610930484822,0.0441218690688092,0.28256834777250395,18.162533481000853
P47738,Aldh2,treatment_by_sex,0.4958732797242895,1.5925058060447814,0.1249176130388471,0.44791293785263275,18.21923443434695
P47740,Aldh3a2,treatment_by_sex,0.18228508502981988,0.45930473179444065,0.6512245046121674,0.837834912925531,14.107106230931544
P47791,Gsr,treatment_by_sex,0.1050617183237268,0.11920016515017229,0.9063675158142036,0.9604616119315799,15.204882716233971
P47934,Crat,treatment_by_sex,0.31694182317481534,1.1850141353276407,0.24810761952248794,0.5646802650297817,18.569613021971627
P48771,Cox7a2,treatment_by_sex,1.6911432467190615,2.593004685223275,0.016259606021963795,0.25829680191896787,18.939578649392214
P48962,Slc25a4,treatment_by_sex,1.0434317506134256,2.456969335729374,0.021974510389616675,0.25829680191896787,22.211912661348386
P50171,Hsd17b8,treatment_by_sex,-0.25880068043348814,-1.1839022595191848,0.2485388490447983,0.5646802650297817,18.589152396577255
P50544,Acadvl,treatment_by_sex,0.3048658314800825,1.3650785679314161,0.18542861492092177,0.5112788993936096,19.6678737850599
P51175,Ppox,treatment_by_sex,-0.2489107710356695,-0.4761390702902129,0.6384654375500265,0.8355953191898965,16.107134694186197
P51660,Hsd17b4,treatment_by_sex,-0.11690146182021621,-0.29549893276199896,0.770263032941823,0.9172104878636383,16.55047872473291
P51881,Slc25a5,treatment_by_sex,0.492282425597228,1.3759025262012212,0.18209812091835834,0.5063577607021447,18.420018399832635
P52196,Tst,treatment_by_sex,0.20022997870659154,0.5688373896225768,0.5749775364080616,0.805518920215605,17.286137795040954
P52503,Ndufs6,treatment_by_sex,-0.5647549395257485,-1.6724914775308852,0.10797248979614468,0.4229543048566219,21.767483136056747
P52825,Cpt2,treatment_by_sex,0.16436337707597204,0.47059981050842836,0.642357205037045,0.836892740812376,18.27340892896026
P53395,Dbt,treatment_by_sex,0.0810889695714252,0.289687735994462,0.7746496087713741,0.918582417081713,18.6574382911788
P53702,Hccs,treatment_by_sex,-0.5258912092854793,-2.0013877209864646,0.05728020018992996,0.31897209517529623,15.41577522653032
P54071,Idh2,treatment_by_sex,0.5123619074607149,1.6004326276880767,0.12314494609555919,0.44791293785263275,19.034502746533537
P54116,Stom,treatment_by_sex,-0.9459879778272278,-0.9984910602146799,0.32842706502253316,0.6239015817150463,15.342355233487883
P56135,Atp5mf,treatment_by_sex,0.32674642347345895,0.9269240129057317,0.3635876086070684,0.6494269235497323,22.052293622337785
P56213,Gfer,treatment_by_sex,-0.2804752833628008,-0.6617210930403141,0.5147230184940742,0.7666338124357788,18.54285067308123
P56379,Atp5mj,treatment_by_sex,0.24355597762294323,0.668762169313098,0.5103018285374951,0.7666338124357788,21.26345883437893
P56382,Atp5f1e,treatment_by_sex,0.30658748204871245,0.9563642579736326,0.3488296288811753,0.6330199016118453,19.77085579710897
P56391,Cox6b1,treatment_by_sex,0.2100691962728014,0.7354652287472986,0.4694874866967794,0.7346250480544648,22.37881869522562
P56392,Cox7a1,treatment_by_sex,1.033160624759951,2.374328454816197,0.026304201702981922,0.25829680191896787,21.158468630629535
P56393,Cox7b,treatment_by_sex,0.9193800861673509,1.9504600426248995,0.0634059739210806,0.33769350293243217,17.89279079820904
P56394,Cox17,treatment_by_sex,1.5376149963320316,1.6741443219759178,0.11047745624542603,0.42980270648905466,17.239940282259404
P56480,Atp5f1b,treatment_by_sex,-0.046541175744785335,-0.2116209821192673,0.8342660262644083,0.9414369043759709,22.404673355111626
P56501,Ucp3,treatment_by_sex,-0.040607671965144476,-0.11646138155417739,0.9082974459277076,0.9604616119315799,16.40945582712009
P58059,Mrps21,treatment_by_sex,-0.05003055509016008,-0.13032580597966983,0.8974413867593095,0.9589130848321338,17.280739008958015
P58281,Opa1,treatment_by_sex,-0.23010497354896486,-0.5712808481161499,0.5733478272409969,0.805518920215605,16.394705506475532
P59017,Bcl2l13,treatment_by_sex,-0.444231635098987,-1.3396290671893454,0.1934484521457619,0.5163440536002258,16.56507910769216
P60603,Romo1,treatment_by_sex,0.39984226564876835,1.2164823301609295,0.23613354384346094,0.5500962447280305,18.53347662557061
P62073,Timm10,treatment_by_sex,-0.21002556978396925,-0.5590730607781828,0.5815132535618059,0.8115467518995227,19.002386251350828
P62075,Timm13,treatment_by_sex,0.7415675672942861,2.407611517841404,0.024473567228379046,0.25829680191896787,18.4303865652872
P62077,Timm8b,treatment_by_sex,0.6623722670614782,1.5742529405779213,0.1290802058059936,0.44791293785263275,17.949456751032685
P62897,Cycs,treatment_by_sex,1.3136057684199756,4.265088995461168,2.9061388505259746e-4,0.08253434335493767,16.792007668935106
P63030,Mpc1,treatment_by_sex,1.031930096371962,2.406468812473983,0.02453441821102746,0.25829680191896787,20.2772397954913
P63038,Hspd1,treatment_by_sex,-0.22040696783770386,-1.1386194801030776,0.26657879501479453,0.5823721368015511,19.951037124589853
P67778,Phb1,treatment_by_sex,-0.04452366704267163,-0.16842033095913028,0.8677243533436818,0.9514815303073577,19.98071318776655
P70349,Hint1,treatment_by_sex,-1.1643881147498227,-2.4904727245021085,0.020415251943824996,0.25829680191896787,19.034908596346053
P70404,Idh3g,treatment_by_sex,0.2641811653551258,0.998683678891282,0.32833570943033785,0.6239015817150463,19.5198683779633
P85094,Isoc2a,treatment_by_sex,-0.5258528053306613,-1.4644627874810332,0.15659818213302956,0.49908505838235967,17.5401018750669
P97287,Mcl1,treatment_by_sex,-1.0857036022122628,-2.462687596259134,0.02170079283749063,0.25829680191896787,14.787980074800789
P97450,Atp5pf,treatment_by_sex,1.3115853053875703,3.52193295490891,0.0018268687913851962,0.2144578234525835,21.45047258798404
P97478,Coq7,treatment_by_sex,0.36694628634968396,1.382025217468526,0.18023523823433468,0.5063577607021447,16.89971153240462
P97742,Cpt1a,treatment_by_sex,-1.0312735140745701,-2.529983997260649,0.018708709709397274,0.25829680191896787,18.584171225399555
P97807,Fh,treatment_by_sex,0.5543290633439071,2.2197266942141467,0.036572133158683476,0.2681773809520723,19.658431521601436
P97823,Lypla1,treatment_by_sex,0.12044295389564219,0.14558261815275256,0.8861880777227071,0.9587711012314242,15.685000399044316
P99028,Uqcrh,treatment_by_sex,-1.4798401390090916,-2.501981699018278,0.019903783973457396,0.25829680191896787,21.48169653791273
P99029,Prdx5,treatment_by_sex,0.2655055866182714,1.049953994255525,0.3046428767307974,0.6202048529859961,18.62284632070557
Q03265,Atp5f1a,treatment_by_sex,0.9040354773134069,2.183979179187596,0.0394146116430564,0.2696629083816133,23.554731301807934
Q06185,Atp5me,treatment_by_sex,0.23173284541491412,1.0286600043381489,0.3143324516389263,0.6207158578362121,19.943104525725346
Q07417,Acads,treatment_by_sex,0.37234523256131524,1.3358755510608102,0.19465394813538567,0.5163479878049788,19.578766042117483
Q14C51,Ptcd3,treatment_by_sex,-0.21207119275561226,-0.5183892885210621,0.6101685827495291,0.8273223177311427,18.095708984881814
Q2TPA8,Hsdl2,treatment_by_sex,0.1806180273870659,0.4764792669608379,0.6382267667991343,0.8355953191898965,16.507007564281004
Q3KNM2,Marchf5,treatment_by_sex,-0.1877547575311418,-0.5267148653912407,0.6034330160119732,0.8224247061405481,18.18682592016858
Q3TC33,Ccdc127,treatment_by_sex,-0.30650666323536413,-0.9132994173751933,0.37055648948465536,0.6527073566423142,18.019613773518472
Q3TC72,Fahd2a,treatment_by_sex,0.37491692671279253,0.9686926762110505,0.34277169810658226,0.6330199016118453,17.12812969705368
Q3TEY5,Immt,treatment_by_sex,-0.6162934108755849,-1.2750055244197185,0.2150322810583571,0.5333551774722569,22.156762803989743
Q3TJA9,Dnaja3,treatment_by_sex,-0.1058113794490545,-0.234349843814813,0.8167862025475904,0.9315955081265689,17.946415700181515
Q3TL44,Nlrx1,treatment_by_sex,0.6390573617589297,1.8340930455154736,0.07960664078010175,0.37369067738097356,17.43570418026423
Q3TLP5,Echdc2,treatment_by_sex,0.01424325023704398,0.03222277402485744,0.9745722889801537,0.9948523135397732,17.891414776573328
Q3TUH1,Tamm41,treatment_by_sex,0.11948083838778523,0.22050983730645077,0.8284456020112058,0.9414369043759709,16.844140825912138
Q3U6K8,Vdac1,treatment_by_sex,-0.9897692050578932,-2.273870633031691,0.032620185340897424,0.26102995265769086,22.570464276372736
Q3UFY8,Trmt10c,treatment_by_sex,-0.1788210907925709,-0.4307649396111141,0.6727615111878438,0.8472916593230494,14.541934470843582
Q3UHB1,Nt5dc3,treatment_by_sex,0.8373319085206141,2.37730535199379,0.028093256161239945,0.25829680191896787,15.268731294764473
Q3UIU2,Ndufb6,treatment_by_sex,-0.13371495551658796,-0.34994307346293424,0.7295644375864919,0.8873618453847162,20.20055471714745
Q3ULD5,Mccc2,treatment_by_sex,-0.689416966087169,-2.2906371863468484,0.031477829401641844,0.26102995265769086,17.824464350695074
Q3ULF4,Spg7,treatment_by_sex,-0.22311343916826232,-0.5681413530573769,0.5754421978096297,0.805518920215605,16.75002726876839
Q3UMR5,Mcu,treatment_by_sex,1.1363104138275588,1.8216867529078484,0.08152962343376532,0.37649452122259114,18.16965417436568
Q3UN04,Usp30,treatment_by_sex,0.20830349791383007,0.6239891051948709,0.5420034435777832,0.7908473740144321,13.042727281664355
Q3UQ84,Tars2,treatment_by_sex,0.18312755902314493,0.5261968154302304,0.6037871522193813,0.8224247061405481,16.45378678238253
Q3URS9,Ccdc51,treatment_by_sex,-0.02582539736117262,-0.08107036729806105,0.9360870646523671,0.9755916563716414,15.370993832824022
Q3UV70,Pdp1,treatment_by_sex,-0.22978293673946482,-0.800685132136813,0.4315045018773117,0.7062317064170757,17.952259268670964
Q4VAE3,Tmem65,treatment_by_sex,0.16555661683444356,0.36663459366736645,0.7172416739437326,0.8798990730022465,19.313383323889347
Q505D7,Opa3,treatment_by_sex,0.6319578263114671,0.8944013992675829,0.3803681220245263,0.65473552496128,16.918400583418936
Q59J78,Ndufaf2,treatment_by_sex,-0.07759691434326754,-0.2870504726715591,0.7766428875586598,0.9190274169444141,19.241215203298683
Q5EBQ0,Vdac3,treatment_by_sex,0.409074052983037,0.9853257626593899,0.33471279354850503,0.6295260487932147,18.64837228601816
Q5IRJ6,Slc30a9,treatment_by_sex,-0.3991377043151445,-1.2160127970992638,0.23630895020006948,0.5500962447280305,17.67496272504482
Q5M8N4,Sdr39u1,treatment_by_sex,-0.05678106584786491,-0.24369626120505758,0.8096258041642269,0.9290251651823856,18.289447698143256
Q5ND52,Mrm3,treatment_by_sex,0.15273921283973735,0.31216821566043246,0.7577241254235166,0.9099097320096352,16.962848246165763
Q5SSK3,Tefm,treatment_by_sex,-0.24434061437550092,-0.6642409915115686,0.513138303685283,0.7666338124357788,15.253854024109753
Q5SUC9,Sco1,treatment_by_sex,0.29159736853793916,1.0389224011554121,0.30963599003949577,0.6207158578362121,17.77846963348916
Q5U458,Dnajc11,treatment_by_sex,0.40619809974959153,1.333411131448446,0.19544862214449021,0.5163479878049788,17.563543297958123
Q60597,Ogdh,treatment_by_sex,-0.014766044755056384,-0.0881108114927746,0.9305510045333091,0.9733940526241612,19.49502187402319
Q60649,Clpb,treatment_by_sex,-0.7507097069330406,-1.715076475369339,0.0997702797050926,0.41064868748183037,16.717281023928717
Q60759,Gcdh,treatment_by_sex,0.036438877167515926,0.16185631777154047,0.8728319424699094,0.9526063627523539,17.106410584417084
Q60930,Vdac2,treatment_by_sex,0.34198695177859406,1.0507564949567387,0.30428188477966406,0.6202048529859961,20.141772618902486
Q60931,Vdac3,treatment_by_sex,0.7566353787048357,1.9876343209658223,0.05888061786155964,0.3199538500731511,19.77399469765784
Q60932,Vdac1,treatment_by_sex,0.5386089334537196,1.5734919358896482,0.12925622007503776,0.44791293785263275,22.235953729541382
Q60936,Coq8a,treatment_by_sex,0.06449089125973728,0.17511142874879174,0.8625239317789744,0.9503582790864756,18.138233821931756
Q61102,Abcb7,treatment_by_sex,1.756047345880475,2.3844333807108407,0.025735491320124253,0.25829680191896787,16.649626281664723
Q61171,Prdx2,treatment_by_sex,-0.6810337296530165,-1.7222382683498516,0.09844420428190549,0.41064868748183037,18.543360990293703
Q61425,Hadh,treatment_by_sex,0.454250049811062,1.6747992426272678,0.10751383174054197,0.4229543048566219,18.294500439409013
Q61586,Gpam,treatment_by_sex,-0.6114332332921855,-1.090970507085566,0.2924909633854345,0.608552627116948,15.2771683480135
Q61733,Mrps31,treatment_by_sex,-0.3016793859394866,-0.5029101421451216,0.6208045518447316,0.8273223177311427,18.637587350767937
Q62425,Coxfa4,treatment_by_sex,-1.5448197847496274,-2.86760229972597,0.008699654842475526,0.25194173038306344,21.845770034568027
Q64105,Spr,treatment_by_sex,1.029552671683751,2.4339906696626468,0.023107010983083355,0.25829680191896787,15.465806033575955
Q64133,Maoa,treatment_by_sex,0.30678904906830695,0.7197672765958069,0.47891643853044785,0.7379135469057568,15.937056186183403
Q64433,Hspe1,treatment_by_sex,-0.7135567755992156,-1.6843134867305778,0.10564025188727383,0.4229543048566219,21.210776291329633
Q64521,Gpd2,treatment_by_sex,-0.08287530422754585,-0.4472031238851977,0.6589099379749295,0.839149876165381,20.90868237264261
Q66GT5,Ptpmt1,treatment_by_sex,0.05241822423222864,0.17135370920776147,0.8654437216019462,0.9508163130945947,13.993636905533478
Q6NVE9,Pptc7,treatment_by_sex,-1.1298440905392688,-2.8868675874106287,0.008319679798245688,0.25194173038306344,17.314252497008646
Q6P3A8,Bckdhb,treatment_by_sex,0.06421866650835284,0.13882679624859975,0.8907949492469718,0.9589130848321338,17.966594721297795
Q6P8J7,Ckmt2,treatment_by_sex,-0.040304278246104275,-0.17404333859991386,0.8633536479025026,0.9503582790864756,21.111845102103608
Q6PB66,Lrpprc,treatment_by_sex,0.4595883121840352,1.5690664187222871,0.13028374835376913,0.44791293785263275,17.489824858595615
Q6PCP5,Mff,treatment_by_sex,-0.6154352196028441,-2.9426380589096306,0.007306871830020387,0.25194173038306344,16.655992691695353
Q6RUT7,Uqcc4,treatment_by_sex,-0.5189267787995853,-1.437803731070507,0.16395228485970229,0.50266966661246415,19.2703994810528
Q6XPS7,Tha1,treatment_by_sex,-0.14990670847357634,-0.463122505141172,0.6476272370581881,0.837834912925531,17.30032927955073
Q71RI9,Kyat3,treatment_by_sex,-0.18761992075944178,-0.5033654108577337,0.6220141728128412,0.8273223177311427,16.06768684022334
Q78IK2,Atp5mk,treatment_by_sex,0.5087971159414089,1.5682578876285438,0.1304722033894696,0.44791293785263275,21.244260773196622
Q78IK4,Apool,treatment_by_sex,0.173907214391118,0.5103396191993297,0.6146748799523656,0.8273223177311427,18.368536608621532
Q78J03,Msrb2,treatment_by_sex,-0.4025791704602959,-1.0212140642777214,0.3177711159237605,0.6207158578362121,16.68013316655729
Q78PY7,Snd1,treatment_by_sex,-0.21401457330010842,-0.8636842710024276,0.39667574657347726,0.6705709049218306,16.563064601751364
Q791V5,Mtch2,treatment_by_sex,0.8197243790699211,1.9002100656867706,0.07000844163979394,0.35190083939294653,19.70844573034464
Q7TMF3,Ndufa12,treatment_by_sex,0.43552498024796193,1.4221411535120274,0.16840074415286854,0.50266966661246415,19.360190214745792
Q7TNG8,Ldhd,treatment_by_sex,-1.00678549247335,-2.2272368369612097,0.03599913922326761,0.2681773809520723,15.555696521192848
Q7TNS2,Micos10,treatment_by_sex,0.23835370466309413,0.5387556640853584,0.5952301947648382,0.818798944406615,20.881942878238526
Q7TSQ8,Pdpr,treatment_by_sex,0.4189225567875283,1.2641994492290973,0.21881572837163707,0.5380404056930296,18.3969830298035
Q80U63,Mfn2,treatment_by_sex,1.1171719582714488,1.5666202549048351,0.13085459890000042,0.44791293785263275,16.64431276278809
Q80VL1,Tdrkh,treatment_by_sex,-0.895498973731593,-1.3828131751675727,0.1827523608167952,0.5063577607021447,14.904582832200209
Q80X85,Mrps7,treatment_by_sex,0.017621368561112405,0.037081591261150675,0.9707398009721795,0.9948523135397732,17.6240846213152
Q80XL6,Acad11,treatment_by_sex,-0.12379809461295999,-0.24600262017979063,0.8090126890896985,0.9290251651823856,16.1405241527244
Q80XN0,Bdh1,treatment_by_sex,-0.09324891509481859,-0.23643408950320158,0.8151880002131451,0.9315955081265689,17.69145801415879
Q80Y14,Glrx5,treatment_by_sex,0.280917031370965,0.6063296238789861,0.5502318385303121,0.7961248395260936,16.390261136707757
Q80YD1,Supv3l1,treatment_by_sex,-0.6030963402427076,-1.6767775453862526,0.10712196316619707,0.4229543048566219,15.860282544651415
Q80ZS3,Mrps26,treatment_by_sex,-0.032858782625321936,-0.08911674708263306,0.9297603004536257,0.9733940526241612,17.049286272921005
Q811U4,Mfn1,treatment_by_sex,0.2772356295221279,0.7634223868665013,0.45296886480140497,0.7210218213424237,16.572064572201384
Q8BFR5,Tufm,treatment_by_sex,0.35008072537072366,1.7224836505058694,0.09839903644484496,0.41064868748183037,18.93992336041685
Q8BG51,Rhot1,treatment_by_sex,0.7033914104088268,1.3390656746988587,0.1936290201000847,0.5163440536002258,17.033100134393752
Q8BGA9,Oxa1l,treatment_by_sex,0.14498551801015225,0.38985008526127735,0.7002327966017217,0.8627597146849847,16.456211688565595
Q8BGB8,Coq4,treatment_by_sex,-0.3500153462602249,-0.6038083519059071,0.5518782592200897,0.7961248395260936,17.349706339696667
Q8BGC4,Ptgr3,treatment_by_sex,-0.5881913094435518,-2.035230184956318,0.05350522438172579,0.30166920546942877,18.495509434764386
Q8BGD8,Coa6,treatment_by_sex,-0.4769786504757789,-1.0377708811303068,0.3101604950822062,0.6207158578362121,18.004303934398575
Q8BGH2,Samm50,treatment_by_sex,0.7411641853893478,1.5796241448757282,0.1278435264421861,0.44791293785263275,18.68848696687984
Q8BGT5,Gpt2,treatment_by_sex,-0.3243917910741416,-1.1268033703321405,0.2714406078414748,0.586339825543098,18.242809334469165
Q8BGX2,Timm29,treatment_by_sex,-0.8621666396635774,-2.5028701247259066,0.019864801233807013,0.25829680191896787,17.087510437429945
Q8BGY7,Fam210a,treatment_by_sex,0.5900562372615248,1.4468723965235113,0.16142006798050987,0.5010196645515279,17.37977255144542
Q8BH59,Slc25a12,treatment_by_sex,0.37969599698388024,1.0908181656876963,0.2866448485543389,0.60301582955135,20.41162801353551
Q8BH86,Dglucy,treatment_by_sex,-0.40124934894641306,-0.8783189734543738,0.38885079040084614,0.6632650118548967,15.603056137586114
Q8BH95,Echs1,treatment_by_sex,0.2944767577039258,1.26805881709408,0.2174586655854946,0.537028356750265,19.331772352243814
Q8BHC4,Dcakd,treatment_by_sex,0.4435686054975996,1.1076082513786611,0.27947602477166,0.5945407568176138,17.95469422988557
Q8BHE8,Maip1,treatment_by_sex,-0.31088824895310907,-0.47986465676593765,0.6358538705741092,0.8355953191898965,17.118658453588704
Q8BIJ6,Iars2,treatment_by_sex,0.10989344575697402,0.588507612041508,0.5619248553554976,0.7961248395260936,17.772329111916598
Q8BK08,Tmem11,treatment_by_sex,0.7362229819253372,1.5064867982824113,0.14554940897105378,0.47787320402056965,18.025801468005422
Q8BK30,Ndufv3,treatment_by_sex,0.17906716040370085,0.4922047026203178,0.62723829535319,0.8273223177311427,20.698390216897298
Q8BK72,Mrps27,treatment_by_sex,0.440532733795191,1.2223231687795713,0.23395974747122894,0.5500962447280305,16.968025403141663
Q8BK99,Opa1,treatment_by_sex,0.14115133500843768,0.45360033921444637,0.6543658242001205,0.837834912925531,16.886611909924618
Q8BKZ9,Pdhx,treatment_by_sex,0.18046350069271,0.785963876549358,0.43990833847536426,0.7098520916307014,19.811440932925443
Q8BMD8,Slc25a24,treatment_by_sex,0.8726160415703621,1.1650218191423072,0.25594692766979793,0.5678822457673641,16.540125543962127
Q8BMF3,Me3,treatment_by_sex,0.860586039056102,2.7178423240081293,0.01226887577337006,0.25194173038306344,18.389053825003266
Q8BMF4,Dlat,treatment_by_sex,0.013394748081509533,0.06560285202456119,0.9482607012065014,0.9861842419157758,20.93293832580279
Q8BMS1,Hadha,treatment_by_sex,-0.16574023690612805,-0.5386738298610452,0.5952857610021784,0.818798944406615,19.809811892337056
Q8BMS4,Coq3,treatment_by_sex,-0.1473513653321561,-0.4507309508653815,0.6564023525560938,0.837834912925531,18.369357021547398
Q8BP40,Acp6,treatment_by_sex,1.391128214842924,2.5451530521445727,0.018089590749774415,0.25829680191896787,15.65355625921581
Q8BPE4,Tmem177,treatment_by_sex,0.9165064412989565,2.0526467591459245,0.051650103532966035,0.30134990321632793,15.955444277900295
Q8BUY5,Timmdc1,treatment_by_sex,-0.7220209802261373,-2.033968550038213,0.05364188336692308,0.30166920546942877,16.387453100797707
Q8BVI4,Qdpr,treatment_by_sex,-0.330288955581878,-0.8931771790992339,0.381009544694785,0.65473552496128,18.401425573294443
Q8BW75,Maob,treatment_by_sex,-0.00913111517263232,-0.03490066041539158,0.9724599697499101,0.9948523135397732,18.168937211843662
Q8BWF0,Aldh5a1,treatment_by_sex,-0.5972561389501472,-2.254460319287896,0.03398984245847718,0.26178989582454326,16.46906439794122
Q8BWM0,Ptges2,treatment_by_sex,-0.13463135288225203,-0.3065455307186379,0.7619462048670915,0.9121038617982092,17.114017911943584
Q8BWT1,Acaa2,treatment_by_sex,0.35776503146285066,1.2316301402380865,0.23052724681708694,0.5500962447280305,19.371558793318776
Q8BX10,Pgam5,treatment_by_sex,-0.14066975374358037,-0.6286242181513751,0.5357863162181016,0.7863737147593842,18.19508906447276
Q8BYM8,Cars2,treatment_by_sex,0.2657849984136966,0.6316705440666565,0.5338284050057611,0.78552988094112,15.750675676693728
Q8C025,Chpt1,treatment_by_sex,-1.1444299137884606,-1.588089417209529,0.12591441221254526,0.44791293785263275,17.020199698964156
Q8C3X2,Ccdc90b,treatment_by_sex,0.4374483016573407,1.1232625919408172,0.27531283130729395,0.5884402011335688,16.24865052062745
Q8C5H8,Nadk2,treatment_by_sex,-0.019981572603750664,-0.04954646866252116,0.960911402387117,0.9948523135397732,15.867479254739283
Q8C5Q4,Grsf1,treatment_by_sex,-1.2973439015730825,-2.3473188027757765,0.027881580902084174,0.25829680191896787,16.825132678901344
Q8CAK1,Iba57,treatment_by_sex,-0.5861131963167772,-1.3921737163974528,0.17718074963476566,0.5049768039627623,17.241398946952856
Q8CAQ8,Immt,treatment_by_sex,0.3942249707216696,2.0513563243816777,0.05178556060621579,0.30134990321632793,20.168669173581044
Q8CBY0,Gatc,treatment_by_sex,-0.5865715332664863,-0.7608963821684424,0.45444685218413317,0.7210218213424237,19.241346252404888
Q8CC88,Vwa8,treatment_by_sex,-0.09513587361276876,-0.3419026562544493,0.7355273278538357,0.8909376673526966,17.252004432991235
Q8CCM6,Timm21,treatment_by_sex,-0.6745788036022873,-1.5664084105584204,0.1309041332456638,0.44791293785263275,16.87215693791719
Q8CD10,Micu2,treatment_by_sex,-0.6071459258994736,-1.7816022749942784,0.09079838082959643,0.39979442101713775,15.096922290554764
Q8CEE7,Rdh13,treatment_by_sex,1.0025215569119865,2.434097651571409,0.023101615448369903,0.25829680191896787,14.211793815292907
Q8CEI1,Bola3,treatment_by_sex,-0.6708136836395511,-1.2177111631452895,0.23567494588182164,0.5500962447280305,18.34655957221336
Q8CEY5,Mtch1,treatment_by_sex,-0.7202870469750522,-1.9905296539208557,0.0585404500511225,0.3199538500731511,18.924465202746052
Q8CG76,Akr7a2,treatment_by_sex,0.13425316831341583,0.35629800364797803,0.7248638150446467,0.8854250471943211,15.496256940750111
Q8CGK3,Lonp1,treatment_by_sex,0.15547823448032716,0.5886545098584895,0.56182795443367906,0.7961248395260936,18.08697084143767
Q8CHT0,Aldh4a1,treatment_by_sex,-0.05553510809001949,-0.2474700105927034,0.8067394616475743,0.9290251651823856,20.049111154011605
Q8JZN5,Acad9,treatment_by_sex,0.05174331309719804,0.25338892794973894,0.8022180556892591,0.9290251651823856,18.339641692325806
Q8JZN7,Rhot2,treatment_by_sex,-0.12301359763514341,-0.4151709465356375,0.681862762496368,0.8566305969343919,17.406781329030444
Q8JZQ2,Afg3l2,treatment_by_sex,0.03318480122188916,0.16136131453566135,0.8732173465761633,0.9526063627523539,18.740334531896668
Q8JZU2,Slc25a1,treatment_by_sex,-0.0684751922435396,-0.12477087232182137,0.902014995853914,0.9594466622565976,13.846988898674292
Q8K009,Aldh1l2,treatment_by_sex,-0.03193087021422514,-0.047189691056963114,0.9627692547228819,0.9948523135397732,14.46787780219293
Q8K0D5,Gfm1,treatment_by_sex,-0.3038163151287776,-0.693883014853704,0.4947020832730319,0.75131225481038,17.16860609127162
Q8K0Z7,Taco1,treatment_by_sex,0.342262029838043,1.1735774811404602,0.2525699217939525,0.5654776215548784,16.819803852028688
Q8K199,Cmc2,treatment_by_sex,-0.3235220138355892,-0.7626486605253736,0.4534212711348563,0.7210218213424237,17.304952830261655
Q8K1M6,Dnm1l,treatment_by_sex,-1.5124916437452711,-2.7237042925132076,0.012106311448886905,0.25194173038306344,15.070676029252084
Q8K1R3,Pnpt1,treatment_by_sex,-0.15574017036962218,-0.4379527112868522,0.6655045326921856,0.8418245997338151,17.344924847681767
Q8K1Z0,Coq9,treatment_by_sex,-0.27258929935051057,-1.233876386550752,0.22970455375675436,0.5500962447280305,19.742575200279028
Q8K2B3,Sdha,treatment_by_sex,-0.17170034466340311,-0.9635270764499805,0.34530119067895815,0.6330199016118453,21.15768927857419
Q8K2C6,Sirt5,treatment_by_sex,-0.7911821326006923,-1.9226712105765162,0.06698619559497389,0.3458923554358652,16.026581897405784
Q8K2M0,Mrpl38,treatment_by_sex,-0.428393267902095,-0.912108422652566,0.3711698524568089,0.6527073566423142,17.14292028443665
Q8K2Q5,Chchd7,treatment_by_sex,-1.2943819255592857,-2.2528411772548753,0.03410643008981726,0.26178989582454326,18.97132474787352
Q8K2Y7,Mrpl47,treatment_by_sex,-0.5898775762256534,-1.6125482763054988,0.12047603794068845,0.44791293785263275,19.01793856661921
Q8K370,Acad10,treatment_by_sex,0.534059220509894,1.4293086737891327,0.1663531861191058,0.50266966661246415,16.05641036862891
Q8K3J1,Ndufs8,treatment_by_sex,-0.9778318224492217,-2.930253568165781,0.00752105899452852,0.25194173038306344,19.78716298066464
Q8K411,Pitrm1,treatment_by_sex,0.4322597353193576,1.4494583150919698,0.16070380594004172,0.5010196645515279,16.175969114355933
Q8K4F5,Abhd11,treatment_by_sex,-0.4166745833239922,-1.4227131936279018,0.1682365912388426,0.50266966661246415,18.800750376737913
Q8K4Z3,Naxe,treatment_by_sex,1.0453639514536626,2.8906088922039372,0.008247746011862579,0.25194173038306344,17.448113084316976
Q8QZS1,Hibch,treatment_by_sex,0.08238307934642819,0.3767344727429814,0.7098229645826314,0.8726827789673909,17.509554261548725
Q8QZT1,Acat1,treatment_by_sex,0.39599659482185956,1.4835992384024737,0.151485437521762,0.48868678130854715,19.137196760426608
Q8R035,Mrpl58,treatment_by_sex,-0.25983175483725063,-0.9209346353615507,0.3666403010074608,0.6527073566423142,18.32856349360128
Q8R086,Suox,treatment_by_sex,-0.7218246710385188,-2.2164182019597507,0.03682717555327753,0.2681773809520723,17.40058243273362
Q8R0F8,Fahd1,treatment_by_sex,0.5228721299785519,1.6034357950454137,0.12247884248757437,0.44791293785263275,17.943784220740618
Q8R0N6,Adhfe1,treatment_by_sex,-0.12108504295183664,-0.244450193346715,0.8090489388894359,0.9290251651823856,15.876408079329446
Q8R0Y8,Slc25a42,treatment_by_sex,-0.37146228954749816,-1.0033325679213476,0.32613615440813115,0.6237216690364259,17.095367297968277
Q8R164,Bphl,treatment_by_sex,1.7252886630893993,2.800400939234874,0.01015845741691339,0.25194173038306344,15.634700090296487
Q8R1I1,Uqcr10,treatment_by_sex,1.3635740680358168,3.0291369737029425,0.005965614309520646,0.25194173038306344,20.229505093710323
Q8R1R3,Stard7,treatment_by_sex,-0.444555094616927,-0.5929355334908283,0.5620529236795133,0.7961248395260936,16.254222243547538
Q8R1S0,Coq6,treatment_by_sex,0.07414387415993318,0.27861721759523944,0.7830273239198262,0.9232457988422141,17.351090250241846
Q8R2Q4,Gfm2,treatment_by_sex,-0.4351137523255062,-1.7318084868510075,0.09669562901596852,0.41064868748183037,17.129000424423936
Q8R2Y8,Ptrh2,treatment_by_sex,0.03046516711151881,0.09551184709762207,0.9247352693945939,0.9713058700715227,17.28433999879065
Q8R3F5,Mcat,treatment_by_sex,1.0138780326912595,1.400195672739499,0.17479551245844607,0.5039789394740983,16.591237049484132
Q8R404,Micos13,treatment_by_sex,0.1673540185703608,0.45365414372250956,0.6543276629504003,0.837834912925531,17.902501592246896
Q8R4N0,Clybl,treatment_by_sex,0.04030090329031566,0.1584834353472642,0.8754586643604378,0.9526063627523539,18.926422008640017
Q8R5L1,C1qbp,treatment_by_sex,0.4862941937672147,0.9147601702132883,0.3698051177314903,0.6527073566423142,18.638887788391962
Q8VCE1,Dnajc28,treatment_by_sex,-0.7145928582424439,-1.2071921562649583,0.24216586176293006,0.5568834391957258,17.088771408894807
Q8VCF0,Mavs,treatment_by_sex,-0.4418121266334225,-1.0461250425674424,0.30636944122023724,0.6207158578362121,16.44481456401767
Q8VCL2,Sco2,treatment_by_sex,-0.8008302135781165,-2.1855763025321484,0.03928346517877142,0.2696629083816133,17.316725352298636
Q8VCM5,Mul1,treatment_by_sex,0.39757677532109525,0.7387649925903309,0.47144561101477966,0.7356623820230628,16.111512773141744
Q8VCX5,Micu1,treatment_by_sex,-0.37508846539012985,-0.7548747320850957,0.45798183920525637,0.7222249340194656,15.939054580679656
Q8VD26,Tmem143,treatment_by_sex,-0.14727307503906317,-0.4923711096081979,0.6271224791685164,0.8273223177311427,17.039697577185446
Q8VDC0,Lars2,treatment_by_sex,0.12034622923290605,0.27243075499588154,0.787720771413461,0.9263465800472998,14.774976786249642
Q8VDK1,Nit1,treatment_by_sex,-0.2560533436858208,-0.6241597893273052,0.5386626123015912,0.7885576386270716,15.9251117445715
Q8VDT9,Mrpl50,treatment_by_sex,0.3753092143079968,0.9615523630908701,0.3462715135651069,0.6330199016118453,17.087194738316082
Q8VE22,Mrps23,treatment_by_sex,-0.3648887243602452,-0.8952594053532118,0.3799189968663018,0.65473552496128,17.146439572844777
Q8VE95,,treatment_by_sex,0.13784742824138263,0.5368304212984495,0.596538121762398,0.818798944406615,17.737315801558424
Q8VEA4,Chchd4,treatment_by_sex,-0.958706085566071,-1.3603591263087986,0.18689572689409029,0.5128346515741222,19.526877040362102
Q91V61,Sfxn3,treatment_by_sex,-0.5075839609681658,-2.1902641875348805,0.03890080068959913,0.2696629083816133,19.477188850030707
Q91VA6,Poldip2,treatment_by_sex,-0.5036661751269236,-1.229132174525021,0.2340210607820704,0.5500962447280305,13.825579085412272
Q91VA7,Idh3b,treatment_by_sex,0.35606547783784137,1.020704075125874,0.31800759618017205,0.6207158578362121,18.343843858623792
Q91VC9,Ghitm,treatment_by_sex,0.7252941811335436,1.2169298915839588,0.23852468167764285,0.5529878334404128,16.89510247263437
Q91VD9,Ndufs1,treatment_by_sex,-0.17255360412478637,-1.0253336458509046,0.3158653854678912,0.6207158578362121,20.92052586411102
Q91VM9,Ppa2,treatment_by_sex,0.3234667488014402,0.7178345006671342,0.4800849384283412,0.7379135469057568,16.553801840310896
Q91VN4,Chchd6,treatment_by_sex,-0.5386504888065389,-1.4052018316947776,0.17331998211286193,0.50266966661246415,16.841738479880622
Q91VT4,Cbr4,treatment_by_sex,0.06180115794669305,0.17730840434185316,0.86081778182094,0.9503582790864756,17.275276626477474
Q91WC3,Acsl6,treatment_by_sex,0.3791958826548374,0.7147020140828704,0.4819822639120348,0.7379135469057568,15.717504034073983
Q91WD5,Ndufs2,treatment_by_sex,-0.04957379819107288,-0.2120081884592143,0.8339674816170347,0.9414369043759709,20.285972139163498
Q91WK1,Spryd4,treatment_by_sex,0.09320732273903864,0.15541868209102536,0.8785622202841923,0.9541555279568282,15.981300357477632
Q91WK5,Gcsh,treatment_by_sex,-0.6764900457835488,-1.09507065455152,0.28481676509143067,0.6013974816800469,19.907328575077994
Q91WS0,Cisd1,treatment_by_sex,0.28155456040151705,1.0556798164910395,0.3020738372971223,0.6202048529859961,20.480758964277282
Q91XE8,Tmem205,treatment_by_sex,0.3339456963772225,0.8114586692946093,0.4254175906338199,0.7062317064170757,16.064176383426094
Q91YP0,L2hgdh,treatment_by_sex,-0.16272362729567647,-0.6969627367029531,0.49280847331697064,0.750442929876781,18.099109347751124
Q91YT0,Ndufv1,treatment_by_sex,0.12015117291316102,0.514239144925334,0.6119888805725191,0.8273223177311427,20.760907291532348
Q91Z53,Grhpr,treatment_by_sex,-0.042178591599679294,-0.12727935130024146,0.8998251306611396,0.9589130848321338,17.508878883866153
Q91ZA3,Pcca,treatment_by_sex,-0.19902837313981436,-0.8562978762831766,0.40066336282204096,0.6753020477237961,18.58621820889554
Q920A7,Afg3l1,treatment_by_sex,0.05366633383748898,0.09500344265606105,0.9251346403322074,0.9713058700715227,15.880289281707892
Q921G7,Etfdh,treatment_by_sex,0.5195908953697277,1.5681661831961013,0.13049359238348537,0.44791293785263275,19.009004814471986
Q921H8,Acaa1a,treatment_by_sex,0.2605359972191117,0.6386081983256401,0.5306976896621478,0.7829513966963636,14.94288194978184
Q921H9,Coa7,treatment_by_sex,0.6023775425486253,1.5519510373159227,0.13432141159780067,0.4528187287951696,15.904603408087667
Q921S7,Mrpl37,treatment_by_sex,-0.01559505871832556,-0.03093797581574302,0.9755858074677001,0.9948523135397732,15.300639105958188
Q922B1,Macrod1,treatment_by_sex,-0.22830549603861883,-0.6174339569861775,0.5430114011718812,0.7908473740144321,19.956362043052838
Q922Q1,Mtarc2,treatment_by_sex,0.2854457688341654,0.9595979803233562,0.3472336680603655,0.6330199016118453,18.439220326459658
Q923X4,Glrx2,treatment_by_sex,0.02160909472025274,0.03785175788883615,0.9701323805600138,0.9948523135397732,16.06125853965675
Q924D0,Rtn4ip1,treatment_by_sex,0.5216810916116934,1.0048964275371974,0.325398537032375,0.6237216690364259,17.299118487054173
Q924T2,Mrps2,treatment_by_sex,-0.7221517106203024,-1.6290535663987342,0.11691797984013573,0.4427294169946473,15.969172468523976
Q924X2,Cpt1b,treatment_by_sex,0.5394304219076851,1.5502448298273257,0.1347295161379994,0.4528187287951696,19.348058571911345
Q925I1,Atad3a,treatment_by_sex,-0.09313261961359487,-0.4380109873619357,0.6654629006319115,0.8418245997338151,18.250536883412916
Q99J39,Mlycd,treatment_by_sex,-0.7446260309066446,-2.714039365284399,0.012375439095397662,0.25194173038306344,18.27911215489332
Q99J47,Dhrs7b,treatment_by_sex,-0.42104657739365337,-1.257164962833412,0.2213059203399306,0.5396247429143922,16.813056230135814
Q99J99,Mpst,treatment_by_sex,-0.15414830469187635,-0.589270465402008,0.5614217340879465,0.7961248395260936,18.703281290591157
Q99JB2,Stoml2,treatment_by_sex,-0.3136689794252092,-0.9786868713085127,0.3379136724856914,0.6313650196443181,17.661035979922698
Q99JR1,Sfxn1,treatment_by_sex,-0.3770891156585954,-0.510922576837761,0.6142729861166106,0.8273223177311427,17.3991982254529
Q99JY0,Hadhb,treatment_by_sex,0.08172826441262515,0.2963458531085411,0.769624385866827,0.9172104878636383,19.722508500594856
Q99KB8,Hagh,treatment_by_sex,0.5258764944272762,1.3385621136985852,0.19650407997569425,0.516732951047196,15.161949772216218
Q99KI0,Aco2,treatment_by_sex,0.22349964117588428,1.327279937987796,0.1974366805460022,0.5167927859452961,20.974620502653142
Q99KR7,Ppif,treatment_by_sex,-0.8653835943567749,-2.1279243132154346,0.044275674210832484,0.28256834777250395,18.845227101542527
Q99L04,Dhrs1,treatment_by_sex,0.06358585380070281,0.21096775549728347,0.8347697361529756,0.9414369043759709,15.629326812030191
Q99L13,Hibadh,treatment_by_sex,0.5709172977090162,2.203999550217407,0.037798957746201865,0.26837259999803326,18.120978631827743
Q99LB2,Dhrs4,treatment_by_sex,-0.49691491401851806,-1.2303826754236917,0.23098509718636445,0.5500962447280305,17.735502170868006
Q99LC3,Ndufa10,treatment_by_sex,0.10537377652013546,0.4024010519492924,0.6911029490275837,0.8589638403668876,19.49459644767556
Q99LC5,Etfa,treatment_by_sex,0.6244480040740186,2.334285496534125,0.028673417086887025,0.25829680191896787,18.743414035942504
Q99LP6,Grpel1,treatment_by_sex,-0.15826307610407753,-0.4527482366543967,0.6549703126769809,0.837834912925531,18.425988536834
Q99LX0,Park7,treatment_by_sex,0.42595760755029133,1.2200800537983991,0.23479277735559367,0.5500962447280305,18.255451987159272
Q99LY9,Ndufs5,treatment_by_sex,-0.13238143681281755,-0.5426034618691336,0.592620356842807,0.818798944406615,19.30106463103028
Q99M87,Dnaja3,treatment_by_sex,0.024571637510327093,0.13575233281545426,0.8931977784154614,0.9589130848321338,18.23685566223394
Q99MN1,Kars1,treatment_by_sex,-0.34823031258184045,-0.6603471063890287,0.5155882330113865,0.7666338124357788,14.910268655949508
Q99MN9,Pccb,treatment_by_sex,-0.1987393056315021,-0.8945469923883312,0.38029188649286527,0.65473552496128,18.2576350570629
Q99MR8,Mccc1,treatment_by_sex,-0.38452134520647263,-1.9853824164430878,0.059146398340987436,0.3199538500731511,17.982557346156305
Q99N15,Hsd17b10,treatment_by_sex,0.6880008143168332,1.6342343013782479,0.11581946152578651,0.441513115078166,18.473319849603026
Q99N84,Mrps18b,treatment_by_sex,0.4882833870300729,1.0262432712411833,0.31544567060862133,0.6207158578362121,15.578123416011556
Q99N85,Mrps18a,treatment_by_sex,0.18309357003598947,0.43798193915518835,0.665483652350044,0.8418245997338151,15.87402824781619
Q99N87,Mrps5,treatment_by_sex,-0.05581770292430477,-0.16014503845938496,0.8741644619118558,0.9526063627523539,17.0629755153764
Q99N91,Mrpl34,treatment_by_sex,-0.1774658643815279,-0.5030040234349363,0.6197425871387522,0.8273223177311427,15.197767164749724
Q99N92,Mrpl27,treatment_by_sex,0.8113681407005107,1.1583738042043716,0.25859397165597475,0.570469750596548,15.165695352186798
Q99N94,Mrpl9,treatment_by_sex,0.3499528499561535,0.9872920922482444,0.33376875753702606,0.6295260487932147,15.326447637814066
Q99N95,Mrpl3,treatment_by_sex,-0.2722904046539849,-0.46754362150533313,0.6445089194805786,0.8377141104461526,14.776530387249144
Q99N96,Mrpl1,treatment_by_sex,-0.43611333738025593,-1.2810665309966165,0.21293229759373336,0.5333551774722569,15.515795134859946
Q99NB1,Acss1,treatment_by_sex,-1.0309478761604378,-1.3675540404958906,0.19158256888278682,0.5163440536002258,15.58668989576283
Q9CPP6,Ndufa5,treatment_by_sex,-0.4181733103918859,-1.678682870917281,0.1067456910611078,0.4229543048566219,19.881472278848683
Q9CPQ1,Cox6c,treatment_by_sex,0.6805097043656545,1.9480862489124646,0.06370508880016586,0.33769350293243217,22.239695813242488
Q9CPQ3,Tomm22,treatment_by_sex,0.29949180774712403,0.6042583990839039,0.5515841839436418,0.7961248395260936,14.758934838971644
Q9CPQ8,Atp5mg,treatment_by_sex,1.4877301510096466,2.158715453850997,0.04154245612578118,0.27760135387580837,18.905073005584494
Q9CPR5,Mrpl15,treatment_by_sex,-0.5324334288881545,-1.8673298650096684,0.07464750158889558,0.3649320165142464,18.265190378808093
Q9CPS6,Hint3,treatment_by_sex,0.4827756593001986,1.013077408657511,0.32155872360807947,0.6237216690364259,18.632165349392317
Q9CPU2,Ndufb2,treatment_by_sex,-0.001975625312802265,-0.0067055603295021905,0.9947075783860622,0.9979830694549161,21.6554561415467
Q9CPU4,Mgst3,treatment_by_sex,0.8416395892050019,1.4510079176292254,0.16027581661190737,0.5010196645515279,18.397893815640305
Q9CPV4,Glod4,treatment_by_sex,0.019417659154594702,0.03579602017253345,0.9718182434486957,0.9948523135397732,13.46363021716516
Q9CPW2,Fdx2,treatment_by_sex,-0.6982648992138358,-1.433681194511095,0.16790834646134029,0.50266966661246415,16.49201306325926
Q9CPY7,Lap3,treatment_by_sex,0.4494002668043322,2.379905728599177,0.025988894456171006,0.25829680191896787,17.940882305483957
Q9CPZ8,Cmc1,treatment_by_sex,-1.1659548738606382,-1.9394497192609055,0.06480385883738575,0.33769350293243217,17.44299379730318
Q9CQ00,Dmac1,treatment_by_sex,0.2929930245133967,0.9289905191254001,0.3625382868722853,0.6494269235497323,17.908532926552418
Q9CQ06,Mrpl24,treatment_by_sex,-0.4513956546780733,-1.0052608536196195,0.32522681645613294,0.6237216690364259,16.886908022568537
Q9CQ40,Mrpl49,treatment_by_sex,0.1841091800260095,0.5578218368007913,0.5834765982940302,0.8122909505661988,15.17005581487704
Q9CQ54,Ndufc2,treatment_by_sex,-0.5667005112739645,-2.4130034660941426,0.024188312668776343,0.25829680191896787,20.846878568107464
Q9CQ62,Decr1,treatment_by_sex,-0.1368369254665609,-0.47053389009193564,0.6424035827362604,0.836892740812376,20.041791029011357
Q9CQ69,Uqcrq,treatment_by_sex,0.4648848251530069,1.290068201544818,0.20984263080495136,0.5333551774722569,21.699082741737403
Q9CQ75,Ndufa2,treatment_by_sex,-0.7196283054212955,-2.8875137504809034,0.00830721350403682,0.25194173038306344,21.719822002173373
Q9CQ85,Timm22,treatment_by_sex,-0.1544178998392951,-0.4122176730891531,0.6839952740482873,0.8566305969343919,17.61265351241883
Q9CQ91,Ndufa3,treatment_by_sex,0.4125229108006252,0.9803567414301062,0.3371065930489169,0.6313650196443181,18.807442444622858
Q9CQ92,Fis1,treatment_by_sex,0.27989027742003714,0.7964665674288938,0.4339025350367628,0.7062317064170757,18.272665535618096
Q9CQA3,Sdhb,treatment_by_sex,-0.07214270372878318,-0.39885563981345784,0.6936771828336123,0.8602808730338249,20.039295469461216
Q9CQA6,Chchd1,treatment_by_sex,0.05279408666562446,0.14231531552317167,0.8880698130396445,0.9589130848321338,14.75285162191478
Q9CQB4,Uqcrb,treatment_by_sex,-0.5234977232364031,-2.505543764318656,0.019747914136057716,0.25829680191896787,20.287671980216675
Q9CQC7,Ndufb4,treatment_by_sex,0.2752584593542906,0.8921565809973423,0.38154482176440785,0.65473552496128,21.973066192976827
Q9CQF0,Mrpl11,treatment_by_sex,-0.5057421204822035,-1.5095405755949203,0.14477193809795413,0.47787320402056965,16.91729834384763
Q9CQF4,Mtres1,treatment_by_sex,0.2411687145913355,0.681722641575581,0.5022194258061181,0.7586718985581785,17.032283406197642
Q9CQF8,Mrpl57,treatment_by_sex,0.11537784848518129,0.20510618119910434,0.8392928672524611,0.9414369043759709,19.090064688099368
Q9CQH3,Ndufb5,treatment_by_sex,0.43121038716813587,1.5065898809458251,0.14552310935810459,0.47787320402056965,19.844329275694065
Q9CQJ8,Ndufb9,treatment_by_sex,6.178867455233217e-4,0.002555457602898201,0.9979830694549161,0.9979830694549161,21.35697260094745
Q9CQL5,Mrpl18,treatment_by_sex,-0.5676236703516828,-1.8287984339386594,0.08042245044415165,0.37442583485473885,18.041514977010237
Q9CQL6,Mrpl35,treatment_by_sex,0.9593115501664151,1.901992486384492,0.06976432310071072,0.35190083939294653,16.09248225247807
Q9CQN1,Trap1,treatment_by_sex,0.40770581009764584,1.2930383540007615,0.20883080395360112,0.5333551774722569,17.681025302103205
Q9CQN6,Tmem14c,treatment_by_sex,0.33807534915739446,0.8534531989473471,0.4068231142405657,0.68365541091314,14.4578946901145
Q9CQN7,Mrpl41,treatment_by_sex,-0.19279844130557677,-0.4945922482308421,0.6255775469295368,0.8273223177311427,18.965357182101137
Q9CQP3,Chchd5,treatment_by_sex,-0.4012543353713802,-0.7336635758152059,0.47445915498666524,0.7379135469057568,16.624881531928242
Q9CQQ7,Atp5pb,treatment_by_sex,0.4611402408362615,1.4838020024621936,0.15143199856345207,0.48868678130854715,21.136214014848214
Q9CQR4,Acot13,treatment_by_sex,0.7640577274305898,2.7397894916632364,0.011670620888076962,0.25194173038306344,18.465189885615274
Q9CQS4,Slc25a46,treatment_by_sex,-0.8481610122762575,-2.1184111193931137,0.04515226008293781,0.2849609303012075,18.42335254813874
Q9CQV1,Pam16,treatment_by_sex,0.00477901414600268,0.013999579430306634,0.9889510007813578,0.9979830694549161,18.0879646194415
Q9CQV7,Dnajc19,treatment_by_sex,-0.8270886261613057,-2.71234869346079,0.012423093596304795,0.25194173038306344,18.833733746248793
Q9CQX2,Cyb5b,treatment_by_sex,-1.1244338687003648,-2.178353431132288,0.03987972588742168,0.2696629083816133,17.666252051422333
Q9CQX8,Kgd4,treatment_by_sex,0.20050927328493984,0.5760710887489806,0.5701596820494463,0.805518920215605,23.17510996546096
Q9CQY6,Uqcc2,treatment_by_sex,-0.09919557027868464,-0.3205110227605917,0.7514737162366253,0.9043158280135659,17.279110209992922
Q9CQZ5,Ndufa6,treatment_by_sex,0.6791539992530993,2.2278759450075087,0.035950756369110416,0.2681773809520723,20.600495545497587
Q9CQZ6,Ndufb3,treatment_by_sex,-0.03431253110075971,-0.13201326038996702,0.8961214360431647,0.9589130848321338,20.958415343873714
Q9CR24,Nudt8,treatment_by_sex,0.09929435550451515,0.17603797791379064,0.8626173279163987,0.9503582790864756,16.86265547862472
Q9CR59,Gadd45gip1,treatment_by_sex,-0.7848265075940297,-1.6206889710144037,0.11871000100649941,0.4465382819317329,17.538411307099345
Q9CR61,Ndufb7,treatment_by_sex,-0.5252600086126193,-1.8057714592628142,0.08405522341413961,0.38118483167540307,19.893804217422215
Q9CR62,Slc25a11,treatment_by_sex,0.45745021062878877,1.1266796450611645,0.27149185584125846,0.586339825543098,19.942064395523886
Q9CR68,Uqcrfs1,treatment_by_sex,0.127096384172102,0.655492280034609,0.5186518062353858,0.7679902178868596,20.885710077633355
Q9CR98,Fam136a,treatment_by_sex,-0.6069078991909791,-1.170279838140398,0.25386759418396826,0.5654776215548784,16.992547588681102
Q9CRB8,Mtfp1,treatment_by_sex,0.23107905529198547,0.7531120496204856,0.4590197203891322,0.7222249340194656,17.716751232044178
Q9CRB9,Chchd3,treatment_by_sex,-0.516372851541604,-2.34138953610309,0.02823928909753325,0.25829680191896787,20.843406381132915
Q9CRD0,Ociad1,treatment_by_sex,-0.1718618046727478,-0.6865958245939875,0.49919918748059566,0.7561203693039422,18.864257953782932
Q9CTY5,Micu3,treatment_by_sex,-0.9710630068123471,-2.2654336119464595,0.03320922351600405,0.26178989582454326,16.515345531079696
Q9CWE0,Mtfr1l,treatment_by_sex,-0.8212396551306895,-2.0508713915776333,0.051836545884109575,0.30134990321632793,17.935235711831517
Q9CWX2,Ndufaf1,treatment_by_sex,0.06397289831024722,0.1360698331719839,0.8935743786412641,0.9589130848321338,16.322844823051202
Q9CXI0,Coq5,treatment_by_sex,0.12325742981981591,0.4568027005316198,0.652096206002562,0.837834912925531,16.998897780008623
Q9CXJ4,Abcb8,treatment_by_sex,-0.04702009795751749,-0.2108246696358747,0.8348800808191971,0.9414369043759709,17.839523092974996
Q9CXT8,Pmpcb,treatment_by_sex,-0.33221504519357836,-1.4866455558524982,0.1506841847597924,0.48868678130854715,17.46661933628204
Q9CXV1,Sdhd,treatment_by_sex,0.8438976771891973,1.1570541352197903,0.2591218233343475,0.570469750596548,17.53151844155129
Q9CXW2,Mrps22,treatment_by_sex,-0.48360608136335514,-1.2828442663694604,0.21231936110052252,0.5333551774722569,19.925131880854615
Q9CXZ1,Ndufs4,treatment_by_sex,-0.5696789091517118,-1.8056298346559136,0.08407799760634124,0.38118483167540307,20.38489681318123
Q9CY16,Mrps28,treatment_by_sex,-0.6491086678001956,-1.3783593186577514,0.1813487989585841,0.5063577607021447,18.015439292080544
Q9CYG7,Tomm34,treatment_by_sex,-1.1542964686495623,-2.37946631676893,0.02601360938431212,0.25829680191896787,16.969248411750776
Q9CYH2,Prxl2a,treatment_by_sex,0.36842659288288004,0.7870814239127067,0.4392668771622361,0.7098520916307014,16.71040310199393
Q9CYR0,Ssbp1,treatment_by_sex,0.4438863310840304,0.6622760845205234,0.5143737624919547,0.7666338124357788,17.259926425279893
Q9CZ13,Uqcrc1,treatment_by_sex,-0.04607572553346628,-0.24617294828546185,0.8077312021949822,0.9290251651823856,21.976255125605213
Q9CZ42,Naxd,treatment_by_sex,0.008642522249715512,0.02366181069316298,0.9813263830104346,0.9953806671129037,17.823311680828883
Q9CZB0,Sdhc,treatment_by_sex,0.3276015639925891,0.34261044023016274,0.7356509964584765,0.8909376673526966,14.7449183226788
Q9CZD5,Mtif3,treatment_by_sex,-1.1517588452742036,-2.426211183825642,0.02350250161214292,0.25829680191896787,15.778282242945352
Q9CZN7,Shmt2,treatment_by_sex,-0.21260163164959422,-0.882072503314504,0.3868600804646186,0.6618570051322391,16.807528267973307
Q9CZN8,Qrsl1,treatment_by_sex,-1.3793875927460242,-2.6480349266351504,0.01586359104315928,0.25829680191896787,15.245992684286893
Q9CZP5,Bcs1l,treatment_by_sex,0.42830668862440824,1.2127787643931234,0.24007175655777732,0.554312023271616,14.813170271382067
Q9CZR3,Tomm40l,treatment_by_sex,-0.7074468786819565,-1.0413742328591533,0.314187152593487,0.6207158578362121,15.669498318010671
Q9CZR8,Tsfm,treatment_by_sex,-0.7645846937178078,-1.5462204106234034,0.13569615701296417,0.45338480696096267,17.495705221859346
Q9CZU6,Cs,treatment_by_sex,0.1807292665524507,0.7580954961668067,0.45608905870578764,0.7216116583423047,20.190688529354574
Q9D023,Mpc2,treatment_by_sex,1.368582603904212,2.6404349139069274,0.01461793200897779,0.25829680191896787,18.657128303182944
Q9D051,Pdhb,treatment_by_sex,0.32227066873335986,1.2539108206487055,0.22246517986594377,0.5400009494181882,20.36210127502159
Q9D0G0,Mrps30,treatment_by_sex,-0.8537914625250096,-2.0874840996036266,0.04811071779152181,0.2938375022105848,16.999127624183707
Q9D0I4,Stx17,treatment_by_sex,-0.30151392271681843,-0.7232925109098313,0.4767894551594477,0.7379135469057568,17.288530126020323
Q9D0K2,Oxct1,treatment_by_sex,0.17214939447151067,0.5676417387119149,0.5757758479005909,0.805518920215605,18.430522481224596
Q9D0L4,Adck1,treatment_by_sex,0.03989558676945393,0.10574583159719395,0.9167005331104405,0.9660220831293695,16.35285472302799
Q9D0L7,Armc10,treatment_by_sex,0.3927833550723907,1.3476843846639368,0.1908811111343873,0.5163440536002258,13.8912866730977
Q9D0M3,Cyc1,treatment_by_sex,0.530119285120616,1.7942650076189697,0.08592297200095164,0.3812831882542229,21.695066637457266
Q9D0Q7,Mrpl45,treatment_by_sex,-0.6288995381183327,-1.3793261687089151,0.1810545793901906,0.5063577607021447,16.606650760690293
Q9D0S9,Hint2,treatment_by_sex,-0.4006509917834613,-1.0037141455825225,0.32595607090127166,0.6237216690364259,21.965174477209526
Q9D0Y8,Mrpl52,treatment_by_sex,-1.840691211344737,-3.048753634884124,0.005696101755545349,0.25194173038306344,18.50135637901568
Q9D172,Gatd3,treatment_by_sex,0.0621417363098935,0.12837361033428768,0.8989687992365322,0.9589130848321338,19.532270433367245
Q9D1B9,Mrpl28,treatment_by_sex,0.12641650911768565,0.40311418467644206,0.6905856199226597,0.8589638403668876,17.94742669972525
Q9D1E8,Agpat5,treatment_by_sex,1.1329437588762126,1.8420320299960786,0.0783968182814054,0.3710782731986523,17.678002829548372
Q9D1H8,Mrpl53,treatment_by_sex,-1.5063684462102778,-2.885730378432453,0.00946779015572711,0.25194173038306344,17.074074040996358
Q9D1I6,Mrpl14,treatment_by_sex,0.09915066637714531,0.26791996125939294,0.7911481498307651,0.9265405136162362,15.376667196029123
Q9D1L0,Chchd2,treatment_by_sex,-2.1446862506901,-3.1031931624149984,0.005008061695229882,0.25194173038306344,20.03840324274812
Q9D1N9,Mrpl21,treatment_by_sex,-0.46809031277429725,-1.4367070757571234,0.16426065210694915,0.50266966661246415,18.878971336892505
Q9D1P0,Mrpl13,treatment_by_sex,-0.9464816021679248,-2.042243692720484,0.05275116327697198,0.30166920546942877,17.36750427971871
Q9D273,Mmab,treatment_by_sex,0.6452853640068135,1.238058223681454,0.22817888056524863,0.5500962447280305,16.87468955344176
Q9D2G2,Dlst,treatment_by_sex,0.4877821796783408,1.2799809625628773,0.2133072545662569,0.5333551774722569,20.07273794828354
Q9D2R6,Coa3,treatment_by_sex,-0.05100522999935819,-0.19945649588050027,0.8436578580931633,0.9433024870018046,19.428317896073263
Q9D2R8,Mrps33,treatment_by_sex,-0.35758330747453826,-0.805924472016365,0.4285376414133907,0.7062317064170757,19.356453357608096
Q9D338,Mrpl19,treatment_by_sex,-0.0994967700814442,-0.24784445769793423,0.806453218997203,0.9290251651823856,16.3397522219577
Q9D3D9,Atp5f1d,treatment_by_sex,-0.47249145760428135,-1.7603617271631256,0.09163528337866611,0.40037569968524883,23.60110528800065
Q9D3P8,Plgrkt,treatment_by_sex,-0.4717888021772474,-0.941056726141577,0.3564517798369473,0.6427447966583685,17.52030117612279
Q9D404,Oxsm,treatment_by_sex,-0.36026066367720233,-1.148426747479903,0.2625922888120028,0.5758780696726549,15.232283117935316
Q9D5T0,Atad1,treatment_by_sex,0.17419598022852867,0.6546178712918289,0.5192046543460459,0.7679902178868596,17.65218546187517
Q9D6J5,Ndufb8,treatment_by_sex,-0.14795578522745956,-0.49143444901577876,0.6277745051797932,0.8273223177311427,24.19368636135565
Q9D6J6,Ndufv2,treatment_by_sex,0.7478763794859269,2.207667816299038,0.03750951682157349,0.26837259999803326,20.749846778038727
Q9D6K8,Fundc2,treatment_by_sex,0.4767583395442081,1.2943047372471452,0.2084005392697098,0.5333551774722569,18.77678417930314
Q9D6M3,Slc25a22,treatment_by_sex,0.34072909735515466,0.7428395832906831,0.46509612216876406,0.7297640811929779,16.20739215428987
Q9D6R2,Idh3a,treatment_by_sex,0.0067884070708110755,0.036620149103255076,0.9711037431016496,0.9948523135397732,20.954554449261877
Q9D6S7,Mrrf,treatment_by_sex,0.48121716031349493,0.9902395607726979,0.3323571088761267,0.6292627928054665,17.655451967125668
Q9D6T9,Mrps36,treatment_by_sex,-0.14106130343149914,-0.4037297340165874,0.6901392047837311,0.8589638403668876,18.60886789135883
Q9D6U8,Fam162a,treatment_by_sex,0.08466371275372708,0.26119661650346465,0.7962646442883612,0.9267998318766171,19.369154928354128
Q9D6Y7,Msra,treatment_by_sex,-0.414355870564016,-1.277032917780418,0.21432807684294358,0.5333551774722569,18.178707905473466
Q9D773,Mrpl2,treatment_by_sex,-1.3239623883488996,-2.436471297660611,0.022982202244825205,0.25829680191896787,17.781207971244857
Q9D7J4,Cox20,treatment_by_sex,-0.5692580040248281,-1.651184781272846,0.11228557687797176,0.43093383558572945,16.831545737626232
Q9D7J9,Echdc3,treatment_by_sex,0.12653522574336407,0.27804831336320696,0.7834585828203295,0.9232457988422141,16.356970904532673
Q9D7N3,Mrps9,treatment_by_sex,-0.17011979696739132,-0.41124084830672203,0.6847012165637569,0.8566305969343919,15.935195910608476
Q9D7P6,Iscu,treatment_by_sex,0.31028873590183004,0.7765174048146932,0.44535337952642684,0.7145783038729109,15.925444511206113
Q9D880,Timm50,treatment_by_sex,-0.009031570013416257,-0.03106557338589451,0.9754851496775172,0.9948523135397732,19.055163092386387
Q9D8B4,Ndufa11,treatment_by_sex,0.1797648134363783,0.5271790061564486,0.6031158164488519,0.8224247061405481,19.00661099263584
Q9D8P4,Mrpl17,treatment_by_sex,-0.25114578441035285,-0.590069984780648,0.5608946801084354,0.7961248395260936,14.711765819664588
Q9D8S9,Bola1,treatment_by_sex,-0.00167205164586548,-0.0034728317011690065,0.9972590217926145,0.9979830694549161,16.978254332786122
Q9D8T7,Slirp,treatment_by_sex,-1.204015877959229,-3.5084780456993387,0.0018878329529276718,0.2144578234525835,19.422830451216804
Q9D8W7,Ociad2,treatment_by_sex,0.20873449641626962,0.8016479744691893,0.4309583265564486,0.7062317064170757,18.09196141537368
Q9D8Y1,Tmem126a,treatment_by_sex,0.4101767271076149,0.7989166539228144,0.43250879057613234,0.7062317064170757,19.257718931904044
Q9DAT5,Trmu,treatment_by_sex,-0.829621741801601,-2.0493815214547837,0.05199346921690165,0.30134990321632793,15.30831245152682
Q9DB15,Mrpl12,treatment_by_sex,-0.0788762576655877,-0.20824818309318344,0.8368676015748805,0.9414369043759709,19.32190928261594
Q9DB20,Atp5po,treatment_by_sex,0.32355965260197905,1.0789616624835243,0.29178634867088515,0.608552627116948,21.863863648166998
Q9DB77,Uqcrc2,treatment_by_sex,0.09152938342860395,0.4560241190280669,0.6526476972307407,0.837834912925531,21.425230175047115
Q9DBF1,Aldh7a1,treatment_by_sex,0.5593088711658396,0.9087850463365682,0.3748423340188973,0.65473552496128,16.138434873401373
Q9DBG1,Cyp27a1,treatment_by_sex,0.22718080654543016,0.5014956362687601,0.620787041513918,0.8273223177311427,17.38805891749997
Q9DBL1,Acadsb,treatment_by_sex,0.600717852578029,2.3140284806906215,0.029945162182718674,0.25829680191896787,17.6963362376702
Q9DC61,Pmpca,treatment_by_sex,0.4478952482184333,1.550654384373579,0.13463146248678856,0.4528187287951696,17.49596622225578
Q9DC69,Ndufa9,treatment_by_sex,0.6271938011472074,1.3906842003658682,0.17762647293011619,0.5049768039627623,19.57371610908963
Q9DC70,Ndufs7,treatment_by_sex,-0.20408644302082024,-0.8646484691866986,0.39615710512173385,0.6705709049218306,20.07075332296073
Q9DCA2,Mrps11,treatment_by_sex,-0.7662389543958135,-1.1036077377782954,0.28117221635727324,0.5959172346676537,16.584367238437483
Q9DCB8,Isca2,treatment_by_sex,-0.13627896933007122,-0.30545906084766705,0.7627629125953335,0.9121038617982092,17.07284340184018
Q9DCC8,Tomm20,treatment_by_sex,-0.3719824197802417,-0.8997499356439103,0.37757409231217265,0.65473552496128,19.641625988628213
Q9DCJ5,Ndufa8,treatment_by_sex,0.00535803250388156,0.02139673755392036,0.9831136518491884,0.9953806671129037,19.665520808089877
Q9DCJ7,Aurkaip1,treatment_by_sex,-0.9671581216536911,-2.312964594148453,0.030013360786358943,0.25829680191896787,14.167024801473593
Q9DCL9,Paics,treatment_by_sex,-1.4880641418464595,-2.847580384715583,0.009112030191228826,0.25194173038306344,15.197742462301395
Q9DCM0,Ethe1,treatment_by_sex,-0.5434003636310649,-1.4498403508508082,0.16059820493238236,0.5010196645515279,17.556916740600933
Q9DCM2,Gstk1,treatment_by_sex,1.000704824809647,2.273747051094045,0.03262874408221136,0.26102995265769086,15.76771733747115
Q9DCN2,Cyb5r3,treatment_by_sex,1.2955778637907471,2.5879362518472844,0.01644490263854006,0.25829680191896787,17.650819945086102
Q9DCS3,Mecr,treatment_by_sex,-0.6705108748975093,-1.8026487863918386,0.0845586070265859,0.38118483167540307,18.31833527619201
Q9DCS9,Ndufb10,treatment_by_sex,-0.500179175199321,-1.6525697054001773,0.11200089077390128,0.43093383558572945,20.162129545791416
Q9DCT2,Ndufs3,treatment_by_sex,0.2766216771579657,0.7879585440414579,0.4387638201205535,0.7098520916307014,20.1972963322735
Q9DCU6,Mrpl4,treatment_by_sex,-0.20260812809468476,-0.5364442482111174,0.5968006390569341,0.818798944406615,16.29344987663546
Q9DCV4,Rmdn1,treatment_by_sex,0.7757105743573263,2.069963284180477,0.04986272543647467,0.30129817072252785,15.990088386480892
Q9DCW4,Etfb,treatment_by_sex,-0.28950989763495016,-0.9589513330815242,0.34755241540040127,0.6330199016118453,21.649747197245578
Q9DCX2,Atp5pd,treatment_by_sex,-0.3643677299254158,-1.2960000081785958,0.2078256290858023,0.5333551774722569,22.0468555479331
Q9DCZ4,Apoo,treatment_by_sex,0.5160322037635368,1.7967594352109835,0.08551506406438183,0.3812831882542229,20.205185472880082
Q9EP89,Lactb,treatment_by_sex,0.0011044833773397045,0.0037029869102111024,0.9970773695988591,0.9979830694549161,17.59822549546256
Q9EQ20,Aldh6a1,treatment_by_sex,-0.09330727188734045,-0.3945218757406031,0.6968289438092305,0.8623068411408343,19.655823133143354
Q9EQI8,Mrpl46,treatment_by_sex,-1.365777276777255,-2.7404436017273976,0.011653220739575464,0.25194173038306344,18.63828516032712
Q9ER88,Dap3,treatment_by_sex,-0.5133692566607877,-1.2570124460380372,0.22136014982227709,0.5396247429143922,17.30098656131336
Q9ERI6,Rdh14,treatment_by_sex,-0.0012377635835143508,-0.0031698713378985684,0.9974981363780535,0.9979830694549161,17.600768983186818
Q9ERS2,Ndufa13,treatment_by_sex,0.2780402794624699,0.762035274520386,0.45378011783694205,0.7210218213424237,18.866139424073577
Q9ESW4,Agk,treatment_by_sex,-0.10095444477584259,-0.2683615099875396,0.7908124621004191,0.9265405136162362,16.01583523959399
Q9JHI5,Ivd,treatment_by_sex,0.17303530988960958,0.6633118400082515,0.5137223133564165,0.7666338124357788,19.584647106110125
Q9JHS4,Clpx,treatment_by_sex,0.09599146205272469,0.17990231387361588,0.858804268821404,0.9503582790864756,15.873853928897233
Q9JHW2,Nit2,treatment_by_sex,-0.4960280711873253,-1.3900759765052726,0.17780873378970508,0.5049768039627623,14.542803920123001
Q9JI39,Abcb10,treatment_by_sex,-0.009312509557155124,-0.022959865022342787,0.9818802469918706,0.9953806671129037,16.516957370760316
Q9JIK9,Mrps34,treatment_by_sex,0.18414232817547926,0.5367003902851978,0.596626509516778,0.818798944406615,17.50016905816549
Q9JIQ3,Diablo,treatment_by_sex,-0.805081185411602,-1.7011683861800324,0.10238890177812218,0.4183949367623986,15.643710533888603
Q9JIY5,Htra2,treatment_by_sex,1.672503780822522,4.819335663288281,7.298187642979907e-5,0.04145370581212587,16.227883750465615
Q9JJL8,Sars2,treatment_by_sex,-0.8310197836098077,-1.1216813258650467,0.273568110790583,0.5884402011335688,16.822133835998294
Q9JK42,Pdk2,treatment_by_sex,0.293420400530195,0.959904235720992,0.34708277693740874,0.6330199016118453,17.69547871326744
Q9JKF7,Mrpl39,treatment_by_sex,0.06754030360965046,0.18712184450607774,0.8532053299217421,0.9503582790864756,17.3349822960195
Q9JKL4,Ndufaf3,treatment_by_sex,-0.34935026513946354,-1.0302413923045435,0.31360550992702996,0.6207158578362121,17.70153103287246
Q9JLR9,Higd1a,treatment_by_sex,-0.3044337062073552,-0.9309257252089645,0.3615574713923396,0.6494269235497323,22.202590944493576
Q9JLT4,Txnrd2,treatment_by_sex,0.15857450581089338,0.321758573132758,0.7505405352262704,0.9043158280135659,17.08276596020888
Q9JLZ3,Auh,treatment_by_sex,-0.16096060766161813,-0.4359463934153141,0.6669385033102408,0.8418245997338151,18.882266818344768
Q9QYA2,Tomm40,treatment_by_sex,1.3536295581593745,2.6680033514352703,0.01373660643110294,0.25194173038306344,15.347421893583782
Q9QYR9,Acot2,treatment_by_sex,-0.45563729731519587,-1.6009257150514484,0.1230353726541378,0.44791293785263275,16.73908737631368
Q9QZ23,Nfu1,treatment_by_sex,-0.916982081116883,-1.9064434460748978,0.06915797373188537,0.35190083939294653,16.014269133829536
Q9QZH6,Ecsit,treatment_by_sex,0.5749572337871633,1.3450598167148813,0.1917146452557943,0.5163440536002258,17.143985913362997
Q9R0X4,Acot9,treatment_by_sex,0.5332223758408929,1.060915039027794,0.2997384035955842,0.6190960481537884,16.774294268767658
Q9R112,Sqor,treatment_by_sex,0.8465709488876669,1.8521305668397503,0.07688097478966163,0.36696129143300676,18.02183613648748
Q9WTP6,Ak2,treatment_by_sex,-0.8444621080026096,-2.6709319489427434,0.013645977795052559,0.25194173038306344,18.9681549514235
Q9WTP7,Ak3,treatment_by_sex,-0.7271682421174006,-2.289127189125942,0.03157919194749159,0.26102995265769086,16.08060659432696
Q9WTQ8,Timm23,treatment_by_sex,-0.0038458325032699747,-0.010720533449153906,0.9915388290016638,0.9979830694549161,15.640169169827763
Q9WUM5,Suclg1,treatment_by_sex,-0.3766417893417433,-1.3435219195084263,0.1922043892490196,0.5163440536002258,20.261502016569118
Q9WUR2,Eci2,treatment_by_sex,-0.39941775555254466,-1.1858230195809947,0.24779425304403913,0.5646802650297817,19.443745365464746
Q9WUR9,Ak4,treatment_by_sex,-0.6556647044322172,-1.7351619425250533,0.09608921529304487,0.41064868748183037,17.107457527484193
Q9WV98,Timm9,treatment_by_sex,-0.8086852428604523,-2.7883900017426804,0.010442524281078287,0.25194173038306344,19.589391319744536
Q9WVA2,Timm8a1,treatment_by_sex,-1.052280124478731,-2.355883784133061,0.0273722077900089,0.25829680191896787,21.143978889142627
Q9WVL0,Gstz1,treatment_by_sex,0.5040789630860285,1.461941505164887,0.15728208706063798,0.49908505838235967,16.249320633968708
Q9Z0V7,Timm17b,treatment_by_sex,-0.34032006285791283,-1.051750128618171,0.3038353345414092,0.6202048529859961,18.566409473043464
Q9Z0X1,Aifm1,treatment_by_sex,-0.45724259237513465,-2.100753559695283,0.04682072206984078,0.2905688602524087,19.810405972137474
Q9Z1J3,Nfs1,treatment_by_sex,-0.0766678080083878,-0.34993028009945215,0.7295739116103211,0.8873618453847162,16.956508493423907
Q9Z1P6,Ndufa7,treatment_by_sex,-0.8464047400045729,-2.453460290146733,0.022144059772318873,0.25829680191896787,20.266296310433177
Q9Z2I0,Letm1,treatment_by_sex,0.1801553237375053,0.6005106832277294,0.5540355641547373,0.7961248395260936,18.215600920970914
Q9Z2I8,Suclg2,treatment_by_sex,0.6479840912965464,1.7453489968846958,0.09426692716104618,0.40872988265247506,17.69606931366383
Q9Z2I9,Sucla2,treatment_by_sex,0.3776033165264394,1.8707963013731115,0.07414610486271661,0.3649320165142464,19.58093085995519
Q9Z2Q5,Mrpl40,treatment_by_sex,-0.6761369585321226,-1.177501865364633,0.25103204765880976,0.5654776215548784,17.477804889813175
Q9Z2Y8,Plpbp,treatment_by_sex,-0.8910369912666223,-1.421637161319087,0.16854547617897353,0.50266966661246415,16.102449621259094
Q9Z2Z6,Slc25a20,treatment_by_sex,0.8288089580844797,2.098226542407775,0.047063970322573236,0.2905688602524087,17.925074068562676
S4R2K0,Pdf,treatment_by_sex,0.7002818486369105,1.8613560453906783,0.07551850336312312,0.3649320165142464,16.535289689863692
A0A0R4J083,Acadl,sex_in_VEH,0.35954986923108123,2.228801087977266,0.035880824273966064,0.09264171939919921,19.293406255798864
A0A0R4J0P1,Acad8,sex_in_VEH,-0.9668943064253419,-4.169569479950913,3.687248180182109e-4,0.0029088291199214416,17.700682913284673
A0A0R4J1J1,Pnkd,sex_in_VEH,-0.466304210570307,-1.3033592904972575,0.20534411524193144,0.34103934929069313,17.85263690042878
A0A2R8VHX1,Ndufa6,sex_in_VEH,0.26087287188715713,1.0339952358489672,0.3118846470526987,0.4674155132610366,14.696686243856462
A0A494B9G1,Mrpl49,sex_in_VEH,0.5692637845778226,1.6223308651472865,0.11835644360032838,0.22944184288391303,15.060386351925336
A2AIL4,Ndufaf6,sex_in_VEH,0.49994481316809214,1.2296303814095393,0.23126154043904587,0.3700184647024734,17.746569904168698
A2APY7,Ndufaf5,sex_in_VEH,-0.3382080471307489,-1.7438752117810157,0.09452872140220853,0.19417577313117326,17.19287338605944
A2ASZ8,Slc25a25,sex_in_VEH,0.35029212885723027,1.3563927566713807,0.1881357905879639,0.31803907456536756,13.522502239548661
A6H611,Mipep,sex_in_VEH,-1.6121073700450772,-7.235563089593924,2.2923596949449299e-7,1.4324854410953386e-5,17.29212432370021
B1AR13,Cisd3,sex_in_VEH,-0.6952246073453665,-3.193890148106557,0.004035880520002637,0.018486936575495952,17.098756488277086
B1AXP6,Tomm5,sex_in_VEH,0.187666704184128,0.619766489039744,0.5415011225183244,0.6804704371469209,14.784284865558064
D3Z7P3,Gls,sex_in_VEH,-0.7689040171100032,-1.8757520637172067,0.07613326180532586,0.16426371335340803,15.539181279215011
D3Z7Q2,Smim20,sex_in_VEH,-0.21341478285296844,-0.7457010816781393,0.4633987024295284,0.6135442027505178,16.17170548912309
D3Z7X0,Acad12,sex_in_VEH,0.24861457154105437,1.014653240678577,0.32082273056105404,0.47828690540335617,17.988737317081423
E9Q4Z2,Acacb,sex_in_VEH,-1.4798363519935265,-5.845273402237398,5.8764062340227426e-06,1.3907494753853824e-4,15.368288297402543
F7BP55,Ak2,sex_in_VEH,0.01885792455185964,0.05209065844548978,0.9589999781016209,0.9793087211506318,14.649902001328845
G5E902,Slc25a3,sex_in_VEH,-0.08538155457315,-0.28491328354631495,0.778259355546684,0.8616378127205223,21.427402152007804
O08600,Endog,sex_in_VEH,1.569432320454208,5.445110031561119,1.5549928181383732e-5,2.94411973567532e-4,17.202096926191558
O08709,Prdx6,sex_in_VEH,-0.9525249994045915,-3.444889317863293,0.0022039233479696505,0.011809702468365674,17.262508225224558
O08715,Akap1,sex_in_VEH,0.48539648442848105,1.349411280265825,0.19033422087043955,0.3208007046124916,15.370937789502523
O08749,Dld,sex_in_VEH,1.2289131965559186,5.0159172311791584,4.4791986517240265e-5,6.695223247840124e-4,20.005178870122126
O08807,Prdx4,sex_in_VEH,-0.5925634384847172,-1.0784906272494161,0.2919919668149356,0.4405406860718042,18.146646492556567
O09111,Ndufb11,sex_in_VEH,0.42986873386260527,2.4213002065911153,0.02375537730198579,0.06814673892690873,20.121202223710686
O09174,Amacr,sex_in_VEH,-0.08703180760129214,-0.2212895687384674,0.8268190713964905,0.8945394905775363,16.336209515236646
O35129,Phb2,sex_in_VEH,-0.15063681207466573,-0.5928949186138759,0.5590344934177991,0.6994087935271143,19.524119559543077
O35435,Dhodh,sex_in_VEH,0.0749252890726737,0.2802457457971932,0.7817932085480794,0.8622495970006002,17.20477403824389
O35459,Ech1,sex_in_VEH,0.3074119740841823,1.6960419823329809,0.10336869984581969,0.20529168360987965,18.506903598778788
O35465,Fkbp8,sex_in_VEH,-0.9499979835381644,-3.6045368397560082,0.001492687091995715,0.00856410371973299,16.634003406362197
O35683,Ndufa1,sex_in_VEH,0.5856218378418419,2.8843414634849447,0.008368587084586829,0.030084540911679235,20.16424114714534
O35855,Bcat2,sex_in_VEH,0.10643187034587953,0.3717709327556512,0.713465245827428,0.8239793378055514,18.622921047788584
O35857,Timm44,sex_in_VEH,-0.47719359692464636,-2.2825199538365744,0.03202623734251026,0.08594573935996488,17.611978984529834
O35972,Mrpl23,sex_in_VEH,0.007580412592055552,0.035443197027623115,0.9720320409562717,0.9876819307033315,17.967807436644307
O55003,Bnip3,sex_in_VEH,0.5327680122284768,1.542940970545183,0.13648807421412412,0.2559297027495296,17.666235462438603
O55028,Bckdk,sex_in_VEH,-0.04116654427343036,-0.14841595249709805,0.8833075711696012,0.9273913131688234,17.518990082971126
O55126,Nipsnap2,sex_in_VEH,-0.5035862869984484,-1.5904637775913382,0.1253776901963494,0.2398333966473356,19.686210631892983
O70325,Gpx4,sex_in_VEH,1.4351431063647482,4.009248172979984,5.49440436028131e-4,0.00395040718561998,18.41085432936873
O70571,Pdk4,sex_in_VEH,-0.8823125422945672,-1.7581767699557462,0.092014338069339,0.19144375100140862,16.372635921011042
O88441,Mtx2,sex_in_VEH,0.2477732331719853,0.6717666622291816,0.5084217297566874,0.6499234666365655,14.05059315727351
O88587,Comt,sex_in_VEH,-0.20341671075406964,-0.45175627710705774,0.6556743206934756,0.7840484508503035,16.48150727581075
O88696,Clpp,sex_in_VEH,-0.3970669416223096,-2.2795413712361063,0.032229652259986835,0.08594573935996488,18.69698902716403
O88967,Yme1l1,sex_in_VEH,0.532524432468545,2.2287808055878444,0.035882356105323636,0.09264171939919921,16.884593086829614
P05202,Got2,sex_in_VEH,-0.5092138383775797,-1.9803209557270656,0.05974765235120388,0.13908085903992437,19.963625641097416
P08074,Cbr2,sex_in_VEH,2.894746357863321,8.047230626885145,3.865823979738826e-8,5.8398167639920606e-6,15.987902729404746
P08228,Sod1,sex_in_VEH,-0.3544549035360127,-1.1286513145959698,0.2706760151206635,0.42006550980474555,20.177997251829776
P08249,Mdh2,sex_in_VEH,0.42935483224922066,2.291397620688019,0.03142689590974134,0.08581960036890905,22.768915352799414
P09671,Sod2,sex_in_VEH,-0.14131505477417505,-0.5452136256255578,0.5908531570923969,0.7281405411479307,18.087123881873335
P09925,Surf1,sex_in_VEH,0.9531148778973026,2.9760359176050954,0.006757939954777911,0.026200584347554814,17.105258487647017
P0DJE0,Pet100,sex_in_VEH,0.58560092133391,1.4410960164053752,0.16302932382544622,0.2875796768101039,16.800404677143774
P0DJF2,Pet117,sex_in_VEH,-0.4554123153991654,-0.9405342045752905,0.3567139231736488,0.5181931160169629,17.962577839827127
P11352,Gpx1,sex_in_VEH,-0.7483108551459114,-2.609140960132065,0.015682617635754674,0.05090129609776374,15.671807710698825
P12787,Cox5a,sex_in_VEH,0.9576766084521076,4.356477788141553,2.3138084831121744e-4,0.0020219126437041766,23.687227242615222
P16125,Ldhb,sex_in_VEH,-1.3557550827744045,-5.477418188353645,1.4367405488936883e-5,2.8140297647297067e-4,16.887327979931513
P16332,Mmut,sex_in_VEH,-0.38068386564709655,-2.101383356134769,0.046760274228423195,0.11448205069717401,18.21768222977618
P17665,Cox7c,sex_in_VEH,2.356737916472163,4.570309989675234,1.357216347777747e-4,0.001494828175167063,17.96507016548738
P19096,Fasn,sex_in_VEH,-1.4990440559813827,-2.846055011207462,0.010327809007551684,0.03533852720656239,14.629452164069951
P19783,Cox4i1,sex_in_VEH,0.049185285348841035,0.2708027365495516,0.7889572663182873,0.8684645877302077,21.674735984971424
P20108,Prdx3,sex_in_VEH,0.4446452282365492,1.5783647512930956,0.12813260748719746,0.24422590957291326,20.44503913382288
P22315,Fech,sex_in_VEH,-0.09539999819443423,-0.4531866983073057,0.6546592342678692,0.7840484508503035,18.3074342289911
P24270,Cat,sex_in_VEH,-0.0846101651503659,-0.29993886048853236,0.7669168227792702,0.8574416527557377,16.67050723076152
P26443,Glud1,sex_in_VEH,-0.6085969420272122,-2.974595042414222,0.006780785033610137,0.026200584347554814,18.639282786190513
P28352,Apex1,sex_in_VEH,-0.368193018462982,-0.7994749022816097,0.43219161506814285,0.58453052066844,18.10128821715214
P29758,Oat,sex_in_VEH,0.5300703504765707,2.2801047023659935,0.03219109072432356,0.08594573935996488,18.712349208007254
P31786,Dbi,sex_in_VEH,-0.6726388816764342,-1.4876405572760314,0.15324700060734397,0.271691041413546,18.082529027158046
P32020,Scp2,sex_in_VEH,-0.3835614788901971,-1.2508406704099895,0.22356313785534598,0.3648961560397601,18.06360010984855
P35290,Rab24,sex_in_VEH,0.21367453776900192,0.8842449438174425,0.38571094597967037,0.548599787777845,14.982644615864189
P35486,Pdha1,sex_in_VEH,0.12053336583851149,0.7171901901590039,0.4804748378308501,0.6266494912069279,20.635471677646553
P36552,Cpox,sex_in_VEH,-0.3001910305478166,-0.8418901738671588,0.4085150875269403,0.5618318879305135,15.18807508859257
P38060,Hmgcl,sex_in_VEH,-0.6881828863131254,-3.7106375889696617,0.0011502153068065006,0.007101329285501003,16.644575021902135
P38647,Hspa9,sex_in_VEH,-0.23219774636670465,-1.5246386982747453,0.1409777712046403,0.2591436053211511,20.164178605753797
P40630,Tfam,sex_in_VEH,0.19240231554283227,1.039263818327529,0.3094805983121779,0.46503962920983344,17.9934865704064
P41216,Acsl1,sex_in_VEH,0.31800315972476767,1.4797698568884115,0.15249755853909558,0.271691041413546,20.10178573780906
P42125,Eci1,sex_in_VEH,-0.5102864837534256,-2.56237947657799,0.017409705087031664,0.05463377065985627,19.422700825981313
P43023,Cox6a2,sex_in_VEH,0.7600358230577555,1.9409537972858795,0.06461131427667381,0.14621205780538138,19.838630227846004
P45952,Acadm,sex_in_VEH,-0.35974559094652037,-2.6322542739637513,0.014889507634941816,0.04917000195724972,19.729517160301853
P46656,Fdx1,sex_in_VEH,1.7946070089694324,6.659105090879082,8.552261862378635e-7,3.469774812736474e-5,18.162533481000853
P47738,Aldh2,sex_in_VEH,-1.4616701539010215,-6.540912135349419,1.1260670163492184e-6,4.264040435242374e-5,18.21923443434695
P47740,Aldh3a2,sex_in_VEH,0.08014003389343927,0.2878871848270237,0.776548425633196,0.8616378127205223,14.107106230931544
P47791,Gsr,sex_in_VEH,-0.9170707141146224,-1.4088696349756273,0.1750221359362391,0.30125022185389033,15.204882716233971
P47934,Crat,sex_in_VEH,-0.29700177050326104,-1.5409262905721268,0.13697646062650878,0.2559297027495296,18.569613021971627
P48771,Cox7a2,sex_in_VEH,-0.228765127177315,-0.48630369448097593,0.6313516025600117,0.7629951282001843,18.939578649392214
P48962,Slc25a4,sex_in_VEH,0.2380817168307061,0.7655240035029108,0.451741398786243,0.6009112752004356,22.211912661348386
P50171,Hsd17b8,sex_in_VEH,-0.6766378067536536,-4.268339019676294,2.882684055406196e-4,0.002407889034515764,18.589152396577255
P50544,Acadvl,sex_in_VEH,-0.1498913244295359,-0.9218622448658818,0.36616640063007533,0.5278744049692456,19.6678737850599
P51175,Ppox,sex_in_VEH,-1.1222210634012502,-2.969228524390492,0.006866523257907263,0.02624851330020361,16.107134694186197
P51660,Hsd17b4,sex_in_VEH,-0.10046538794453852,-0.3500917150124451,0.7294543654938177,0.8404261249502809,16.55047872473291
P51881,Slc25a5,sex_in_VEH,0.18639352738452075,0.7194434324861688,0.4791121096698058,0.6266494912069279,18.420018399832635
P52196,Tst,sex_in_VEH,-0.8421921478888912,-3.281193322981595,0.0032739544140665496,0.015834451907113363,17.286137795040954
P52503,Ndufs6,sex_in_VEH,-0.04008830686044362,-0.16326756825354286,0.8717333352686584,0.9201793938714283,21.767483136056747
P52825,Cpt2,sex_in_VEH,-0.27860850784281865,-1.0987359428052672,0.28324787006984176,0.43600214146252064,18.27340892896026
P53395,Dbt,sex_in_VEH,-0.22189847326331957,-1.0819019429757213,0.29050519091539734,0.4400185291731885,18.6574382911788
P53702,Hccs,sex_in_VEH,0.06422703262718166,0.3406441848537344,0.7364621798708302,0.8467824254385253,15.41577522653032
P54071,Idh2,sex_in_VEH,-0.6864522743334014,-2.9680423606152213,0.006885613524173131,0.02624851330020361,19.034502746533537
P54116,Stom,sex_in_VEH,-1.1199509495159816,-1.6781388065263931,0.10685302124832964,0.21000870612128456,15.342355233487883
P56135,Atp5mf,sex_in_VEH,0.049870391547582216,0.19250585843652235,0.8490349934125805,0.9081956238386926,22.052293622337785
P56213,Gfer,sex_in_VEH,6.0371137923453944e-5,1.9346396686474208e-4,0.9998473056941688,0.9998473056941688,18.54285067308123
P56379,Atp5mj,sex_in_VEH,1.0698102697499827,3.9876328195665645,5.797423848110411e-4,0.004116170932158391,21.26345883437893
P56382,Atp5f1e,sex_in_VEH,0.2868245915233629,1.2143133911799382,0.23694462895857182,0.37698753290887616,19.77085579710897
P56391,Cox6b1,sex_in_VEH,1.2723991560235213,6.052497406951566,3.5721115695636627e-6,1.0144796857560802e-4,22.37881869522562
P56392,Cox7a1,sex_in_VEH,0.4721380162149842,1.4758333499868972,0.15354370474251455,0.271691041413546,21.158468630629535
P56393,Cox7b,sex_in_VEH,1.3602097508471083,3.97549336253552,5.974805981098226e-4,0.004189740490449127,17.89279079820904
P56394,Cox17,sex_in_VEH,0.5349557543239918,0.8051388200393685,0.4306959576963002,0.58453052066844,17.239940282259404
P56480,Atp5f1b,sex_in_VEH,-0.8148861484109702,-5.067857662692133,3.9384095912659347e-5,6.045990940105543e-4,22.404673355111626
P56501,Ucp3,sex_in_VEH,-0.05648064372530115,-0.22512843836919658,0.8238668488335297,0.8930465078958871,16.40945582712009
P58059,Mrps21,sex_in_VEH,0.5577167450895324,1.9598707923378986,0.062232290860528235,0.14253202100314533,17.280739008958015
P58281,Opa1,sex_in_VEH,-0.9986034475270493,-3.4967216275694204,0.0019427265824599044,0.011034686988372256,16.394705506475532
P59017,Bcl2l13,sex_in_VEH,-0.20791174257373157,-0.8855673403493756,0.385012540516499,0.548599787777845,16.56507910769216
P60603,Romo1,sex_in_VEH,0.2332348923620131,0.9806760774282194,0.3369524026095262,0.4971141939797685,18.53347662557061
P62073,Timm10,sex_in_VEH,-0.6219585389626623,-2.280749326100338,0.0321470161819909,0.08594573935996488,19.002386251350828
P62075,Timm13,sex_in_VEH,0.49317779470359113,2.1798278769967863,0.039757347087797476,0.10126535042990567,18.4303865652872
P62077,Timm8b,sex_in_VEH,1.1045667393405125,3.611284852139213,0.0014682016721594292,0.00856410371973299,17.949456751032685
P62897,Cycs,sex_in_VEH,-0.1574146309021991,-0.7005530779130348,0.4906061403334927,0.6318918088649067,16.792007668935106
P63030,Mpc1,sex_in_VEH,0.47945571893799155,1.5330903761206685,0.13888967572510685,0.25746284594304847,20.2772397954913
P63038,Hspd1,sex_in_VEH,-0.4871775820972708,-3.461789241732312,0.0021152010357808697,0.011552251810803212,19.951037124589853
P67778,Phb1,sex_in_VEH,0.09599245056800498,0.49261130472243947,0.6269553250920332,0.7592977071477077,19.98071318776655
P70349,Hint1,sex_in_VEH,-2.280545632958706,-6.6765665106988115,8.212818205659542e-7,3.469774812736474e-5,19.034908596346053
P70404,Idh3g,sex_in_VEH,-0.1335993174805452,-0.6919409871559584,0.49589829528728513,0.6372629676994976,19.5198683779633
P85094,Isoc2a,sex_in_VEH,-1.1724708617832462,-4.5015931903654165,1.6109858615753135e-4,0.0015746326937248912,17.5401018750669
P97287,Mcl1,sex_in_VEH,0.052041069602394074,0.16247481044577433,0.8723504360752958,0.9201793938714283,14.787980074800789
P97450,Atp5pf,sex_in_VEH,0.41433611566001005,1.5143213797637434,0.14356159302532742,0.26304188657543864,21.45047258798404
P97478,Coq7,sex_in_VEH,0.047963282712863986,0.24739437869806083,0.8067972811070161,0.8824892694741058,16.89971153240462
P97742,Cpt1a,sex_in_VEH,0.18833110867738867,0.6324796090758888,0.5333090573249002,0.673154543467874,18.584171225399555
P97807,Fh,sex_in_VEH,-0.22866390498043643,-1.2615550569258764,0.2197493091637024,0.3608011816058025,19.658431521601436
P97823,Lypla1,sex_in_VEH,-1.9726241512218596,-3.259835900547532,0.005272473136652671,0.022020328982490567,15.685000399044316
P99028,Uqcrh,sex_in_VEH,0.34141231641363845,0.784059515543256,0.4410027427122878,0.5910677089992168,21.48169653791273
P99029,Prdx5,sex_in_VEH,0.21913714625875613,1.1890184930275212,0.24655919592809392,0.3868663626717054,18.62284632070557
Q03265,Atp5f1a,sex_in_VEH,0.149751553722119,0.4941416163469861,0.6258908464167021,0.7592977071477077,23.554731301807934
Q06185,Atp5me,sex_in_VEH,0.8940080783823383,5.416802467203646,1.6666918925699025e-5,3.053809661224854e-4,19.943104525725346
Q07417,Acads,sex_in_VEH,-0.57797652807254,-2.8887368403025433,0.008283665398890208,0.029968929595984958,19.578766042117483
Q14C51,Ptcd3,sex_in_VEH,2.6094231287736918,8.525786834634193,6.406015590457424e-8,7.175648988622227e-6,18.095708984881814
Q2TPA8,Hsdl2,sex_in_VEH,-0.08760939503546439,-0.31405481598286483,0.7563091930439693,0.8557442662330171,16.507007564281004
Q3KNM2,Marchf5,sex_in_VEH,-0.7133399078089511,-2.8046328872401376,0.010060126520305012,0.03484761702723178,18.18682592016858
Q3TC33,Ccdc127,sex_in_VEH,-0.17360617162722747,-0.7101454033776365,0.48474991928055067,0.6289318995276908,18.019613773518472
Q3TC72,Fahd2a,sex_in_VEH,-0.10280557620243869,-0.3776182267884356,0.709175197323967,0.8237454234765098,17.12812969705368
Q3TEY5,Immt,sex_in_VEH,0.4841523810457531,1.3580303215745035,0.18762303259709526,0.31803907456536756,22.156762803989743
Q3TJA9,Dnaja3,sex_in_VEH,1.0271332320499411,3.0982716350639445,0.005066816580457699,0.021318161612592392,17.946415700181515
Q3TL44,Nlrx1,sex_in_VEH,0.19323487315263677,0.7674885624151218,0.4505957980513018,0.6007943974017357,17.43570418026423
Q3TLP5,Echdc2,sex_in_VEH,0.9733055438489622,2.9931846650339544,0.0064916425245447095,0.02560592329125969,17.891414776573328
Q3TUH1,Tamm41,sex_in_VEH,-1.9854096581324185,-5.002034499395976,1.5747198141783322e-4,0.0015746326937248912,16.844140825912138
Q3U6K8,Vdac1,sex_in_VEH,-0.3510122171194183,-1.1031642276486247,0.2813607195810244,0.4342741541359289,22.570464276372736
Q3UFY8,Trmt10c,sex_in_VEH,0.07766732777230345,0.25905557041120647,0.7991117130057237,0.8762460482379364,14.541934470843582
Q3UHB1,Nt5dc3,sex_in_VEH,1.083280657085698,4.158587597980683,5.32956622656313e-4,0.0038810174572921257,15.268731294764473
Q3UIU2,Ndufb6,sex_in_VEH,0.7912664618155212,2.822600308952456,0.009652614791040005,0.033843735810560015,20.20055471714745
Q3ULD5,Mccc2,sex_in_VEH,-0.7463451604251752,-3.3774503807391016,0.002595531227960455,0.013402379431650352,17.824464350695074
Q3ULF4,Spg7,sex_in_VEH,-1.0511638071009521,-3.8324471333978956,8.516255045774426e-4,0.005514587962967161,16.75002726876839
Q3UMR5,Mcu,sex_in_VEH,-0.13560108544324478,-0.3031023830705981,0.7645354124648884,0.8574416527557377,18.16965417436568
Q3UN04,Usp30,sex_in_VEH,0.039222107000123074,0.16184489856982034,0.8735866545231196,0.9201793938714283,13.042727281664355
Q3UQ84,Tars2,sex_in_VEH,0.6036506455343407,2.4134279028683197,0.02416598923800805,0.06897629089039484,16.45378678238253
Q3URS9,Ccdc51,sex_in_VEH,0.4279142223751311,1.9080131808035172,0.0689452335877248,0.15237701431061357,15.370993832824022
Q3UV70,Pdp1,sex_in_VEH,-0.068885659362806,-0.33128697140026175,0.7434261212283074,0.8503994610877785,17.952259268670964
Q4VAE3,Tmem65,sex_in_VEH,0.6219876542490113,1.9050357080802023,0.06934924764402553,0.15267586303025776,19.313383323889347
Q505D7,Opa3,sex_in_VEH,1.3141544327777055,2.5431125049192733,0.01817174771145791,0.05640192732299504,16.918400583418936
Q59J78,Ndufaf2,sex_in_VEH,-0.43712888151892315,-2.2020989780045483,0.03794971544218702,0.09753592023150329,19.241215203298683
Q5EBQ0,Vdac3,sex_in_VEH,-0.14639322211307615,-0.49560503687202506,0.6248736740091788,0.7592977071477077,18.64837228601816
Q5IRJ6,Slc30a9,sex_in_VEH,-0.09245029881550337,-0.3888977440225533,0.7009274609844545,0.8175088251317661,17.67496272504482
Q5M8N4,Sdr39u1,sex_in_VEH,-0.1619649264379106,-0.9693982235390489,0.3424271880168426,0.5012851618390891,18.289447698143256
Q5ND52,Mrm3,sex_in_VEH,0.44257571677155383,1.2324162130773142,0.23023909212807506,0.3700184647024734,16.962848246165763
Q5SSK3,Tefm,sex_in_VEH,0.6728595766790679,2.5228171992351713,0.019008039706823396,0.05812340387882762,15.253854024109753
Q5SUC9,Sco1,sex_in_VEH,-0.14477608592855162,-0.7083773448336547,0.48582629444161385,0.6289318995276908,17.77846963348916
Q5U458,Dnajc11,sex_in_VEH,-0.07173801369473765,-0.32532105354650387,0.7478779079690555,0.8503994610877785,17.563543297958123
Q60597,Ogdh,sex_in_VEH,-0.03455266941874413,-0.2829812409071395,0.779721541792867,0.8616378127205223,19.49502187402319
Q60649,Clpb,sex_in_VEH,0.6440651592060256,2.003767051450562,0.05700727430392387,0.1354817230319195,16.717281023928717
Q60759,Gcdh,sex_in_VEH,-0.5986945050455965,-3.774615363670579,9.824066464572605e-4,0.006269741294244089,17.106410584417084
Q60930,Vdac2,sex_in_VEH,-0.33153294326481486,-1.4051455305859706,0.1733365211279395,0.2992557568409412,20.141772618902486
Q60931,Vdac3,sex_in_VEH,-0.32672610791614787,-1.1831138695943082,0.2488449564092421,0.3888351501016128,19.77399469765784
Q60932,Vdac1,sex_in_VEH,-0.22497260499234173,-0.8993606032043705,0.37777702009201575,0.5418619884148105,22.235953729541382
Q60936,Coq8a,sex_in_VEH,-1.1146719644729437,-4.228748436940158,3.181716279775983e-4,0.0026191519520474757,18.138233821931756
Q61102,Abcb7,sex_in_VEH,-0.19608170363288124,-0.38527605736953147,0.703571652264877,0.8189112673902665,16.649626281664723
Q61171,Prdx2,sex_in_VEH,0.04045070656566807,0.1391070407714174,0.8905759785695773,0.931221690144061,18.543360990293703
Q61425,Hadh,sex_in_VEH,0.5542433708334471,2.804567630737751,0.010061635902228893,0.03484761702723178,18.294500439409013
Q61586,Gpam,sex_in_VEH,-1.3928108334200981,-3.4153814777136415,0.0038320259454957834,0.017840907680668892,15.2771683480135
Q61733,Mrps31,sex_in_VEH,1.3275124381981271,3.041492541349229,0.006712113214203233,0.026200584347554814,18.637587350767937
Q62425,Coxfa4,sex_in_VEH,-0.48423152813276005,-1.2305422226169327,0.23092650103930906,0.3700184647024734,21.845770034568027
Q64105,Spr,sex_in_VEH,-0.46953069738310127,-1.5492862066671294,0.13495925531574157,0.2555228567311374,15.465806033575955
Q64133,Maoa,sex_in_VEH,-0.058891265261976855,-0.19546544609258013,0.8467444723719668,0.9074544534099569,15.937056186183403
Q64433,Hspe1,sex_in_VEH,-0.027296088749995562,-0.08805320195904438,0.9305962900646878,0.9573728175068793,21.210776291329633
Q64521,Gpd2,sex_in_VEH,-0.8751460268031117,-6.479326384709008,1.3005135480950895e-6,4.616823095737568e-5,20.90868237264261
Q66GT5,Ptpmt1,sex_in_VEH,0.5143982427899552,2.331108998081228,0.02886950739041462,0.07998965950124635,13.993636905533478
Q6NVE9,Pptc7,sex_in_VEH,0.15701673965113372,0.5557888009743811,0.5837198594743851,0.7239145855490191,17.314252497008646
Q6P3A8,Bckdhb,sex_in_VEH,-1.8580570663535987,-5.644605848890999,9.555278643020266e-6,1.938356524726968e-4,17.966594721297795
Q6P8J7,Ckmt2,sex_in_VEH,1.0428916738473006,6.136549930771711,2.9228335164013105e-6,9.209804976714207e-5,21.111845102103608
Q6PB66,Lrpprc,sex_in_VEH,-0.260314865644137,-1.229672491775007,0.23124605965022654,0.3700184647024734,17.489824858595615
Q6PCP5,Mff,sex_in_VEH,-0.14904353542003435,-0.9778586865558601,0.33831444021233137,0.4978305752347259,16.655992691695353
Q6RUT7,Uqcc4,sex_in_VEH,-0.7660948887795236,-2.9004236874841305,0.008061844551883256,0.029353382727369804,19.2703994810528
Q6XPS7,Tha1,sex_in_VEH,-1.239963061239937,-5.263928646250946,2.4267189945608714e-5,4.307426215345547e-4,17.30032927955073
Q71RI9,Kyat3,sex_in_VEH,-1.3585521715964344,-5.074617991891224,1.368504667406466e-4,0.001494828175167063,16.06768684022334
Q78IK2,Atp5mk,sex_in_VEH,-0.5498355458701703,-2.3234382991463267,0.02934811409349617,0.08092101361701858,21.244260773196622
Q78IK4,Apool,sex_in_VEH,-0.22295306460934583,-0.9032422929385588,0.3757570105010609,0.5403290682648166,18.368536608621532
Q78J03,Msrb2,sex_in_VEH,1.0394397437468363,3.6531549317605583,0.001324850433922343,0.007921211015451481,16.68013316655729
Q78PY7,Snd1,sex_in_VEH,0.3386807031259238,1.9107962930505673,0.06856945748171253,0.15213848378754968,16.563064601751364
Q791V5,Mtch2,sex_in_VEH,0.18155058580833483,0.5804849610356262,0.567230027365104,0.7081025396557782,19.70844573034464
Q7TMF3,Ndufa12,sex_in_VEH,0.18304124608250305,0.8268073069006227,0.4168386740299902,0.5691451126178713,19.360190214745792
Q7TNG8,Ldhd,sex_in_VEH,-0.24042798884909544,-0.7162903448989875,0.48101967987010663,0.6266494912069279,15.555696521192848
Q7TNS2,Micos10,sex_in_VEH,0.07496994023547288,0.23123467281304172,0.8191764330056427,0.8913643945348756,20.881942878238526
Q7TSQ8,Pdpr,sex_in_VEH,0.005802534669701487,0.023943168627492576,0.9811043827164065,0.9912553847959117,18.3969830298035
Q80U63,Mfn2,sex_in_VEH,-0.47253065624552093,-0.9234478228756788,0.36535729888711155,0.5278744049692456,16.64431276278809
Q80VL1,Tdrkh,sex_in_VEH,0.5105703377457189,1.088872457054805,0.28982297392489687,0.4400185291731885,14.904582832200209
Q80X85,Mrps7,sex_in_VEH,0.5688107291714495,1.643844728666049,0.11380457556184313,0.22213401690421614,17.6240846213152
Q80XL6,Acad11,sex_in_VEH,-0.7283921503427013,-1.9839955189100174,0.06585482970904942,0.14843469553468283,16.1405241527244
Q80XN0,Bdh1,sex_in_VEH,1.9030308884274945,6.721605066960855,7.399476742128808e-7,3.469774812736474e-5,17.69145801415879
Q80Y14,Glrx5,sex_in_VEH,1.1230897471026307,3.2780578054584866,0.0032987267041911512,0.015834451907113363,16.390261136707757
Q80YD1,Supv3l1,sex_in_VEH,0.6738522592394034,2.6113867942540043,0.015603850853046468,0.05090129609776374,15.860282544651415
Q80ZS3,Mrps26,sex_in_VEH,0.9884982511236231,3.6066596736646828,0.0014849414359469004,0.00856410371973299,17.049286272921005
Q811U4,Mfn1,sex_in_VEH,-0.4208093852794441,-1.6373683280532085,0.11515913289576742,0.22400817631779416,16.572064572201384
Q8BFR5,Tufm,sex_in_VEH,-0.25631870623377395,-1.7505343064874384,0.09335075953660743,0.19351544312698185,18.93992336041685
Q8BG51,Rhot1,sex_in_VEH,-0.3337700300728983,-0.886167660775202,0.3846957617722728,0.548599787777845,17.033100134393752
Q8BGA9,Oxa1l,sex_in_VEH,0.6788035760976499,2.447756452048179,0.02242224543241095,0.06598878448502289,16.456211688565595
Q8BGB8,Coq4,sex_in_VEH,-1.3283004059684593,-3.1403026943709036,0.004585690326594229,0.020035939273119398,17.349706339696667
Q8BGC4,Ptgr3,sex_in_VEH,-0.379094215380654,-1.828600121951897,0.08045314709212309,0.1705033679789239,18.495509434764386
Q8BGD8,Coa6,sex_in_VEH,0.4639760728111,1.3802380119986555,0.1807774450615571,0.3083531195043977,18.004303934398575
Q8BGH2,Samm50,sex_in_VEH,-0.028571176052928138,-0.08400942481756903,0.9337756001739633,0.9573728175068793,18.68848696687984
Q8BGT5,Gpt2,sex_in_VEH,-0.8690883578182351,-4.1829752211330185,3.5661454173794855e-4,0.0028936722815307825,18.242809334469165
Q8BGX2,Timm29,sex_in_VEH,-0.41604783332404693,-1.6873932289437061,0.10503972263680025,0.20788349288398097,17.087510437429945
Q8BGY7,Fam210a,sex_in_VEH,-0.6034525800069446,-2.0475282767725655,0.05218925658438946,0.12614254357418386,17.37977255144542
Q8BH59,Slc25a12,sex_in_VEH,-0.7282189356395072,-2.862920112639405,0.008794468270669294,0.03141671684113308,20.41162801353551
Q8BH86,Dglucy,sex_in_VEH,0.278907216713872,0.8301455995850706,0.41498727548819425,0.5679825842826369,15.603056137586114
Q8BH95,Echs1,sex_in_VEH,-0.5708281982899557,-3.383076593075124,0.0025604236461882887,0.013402379431650352,19.331772352243814
Q8BHC4,Dcakd,sex_in_VEH,-0.12846780339377872,-0.4395533932217051,0.6643614156981092,0.7901621409890136,17.95469422988557
Q8BHE8,Maip1,sex_in_VEH,-1.4707566088061768,-3.1295578846310095,0.004704317338753015,0.020355148258861033,17.118658453588704
Q8BIJ6,Iars2,sex_in_VEH,0.2679691366855259,1.9762452875042684,0.060235724161657386,0.13908085903992437,17.772329111916598
Q8BK08,Tmem11,sex_in_VEH,0.2884203200583819,0.8321100467756058,0.41390022968282714,0.5678631170527677,18.025801468005422
Q8BK30,Ndufv3,sex_in_VEH,-0.6486312499402516,-2.429186458327166,0.02335051217098257,0.06732533458435584,20.698390216897298
Q8BK72,Mrps27,sex_in_VEH,0.7488831870866051,2.855829367828038,0.008939929002772904,0.03173674795984381,16.968025403141663
Q8BK99,Opa1,sex_in_VEH,-0.07629120346875595,-0.3341608847939712,0.7412848468074673,0.8503994610877785,16.886611909924618
Q8BKZ9,Pdhx,sex_in_VEH,0.24774859900251656,1.4824795490160139,0.15178081017576137,0.271691041413546,19.811440932925443
Q8BMD8,Slc25a24,sex_in_VEH,-0.22391758157873554,-0.4187215677707847,0.6793024998298107,0.8055194570006942,16.540125543962127
Q8BMF3,Me3,sex_in_VEH,-0.443582844898323,-1.954905846306633,0.06284909704944712,0.14336661495616854,18.389053825003266
Q8BMF4,Dlat,sex_in_VEH,-0.19115917293546048,-1.2809455109113177,0.21297407297106744,0.3516548646731579,20.93293832580279
Q8BMS1,Hadha,sex_in_VEH,-0.31886303048491627,-1.4220157186353106,0.16843675613429032,0.2943756230285443,19.809811892337056
Q8BMS4,Coq3,sex_in_VEH,0.059137611916597166,0.24593560543315574,0.8079127114903786,0.8824892694741058,18.369357021547398
Q8BP40,Acp6,sex_in_VEH,1.1123167840881134,2.7804502923932666,0.010634419811179135,0.035954466980653264,15.65355625921581
Q8BPE4,Tmem177,sex_in_VEH,-0.5940322710006356,-1.9270163200383907,0.06641493538569022,0.149105467585265,15.955444277900295
Q8BUY5,Timmdc1,sex_in_VEH,-0.11712805092781764,-0.4682174062956726,0.6440342664515986,0.7766697735552186,16.387453100797707
Q8BVI4,Qdpr,sex_in_VEH,-1.3103067702567586,-4.815069761649044,7.376048775948539e-5,9.52180841986084e-4,18.401425573294443
Q8BW75,Maob,sex_in_VEH,-1.1124281375288376,-5.877876747339456,5.432131977028183e-6,1.3907494753853824e-4,18.168937211843662
Q8BWF0,Aldh5a1,sex_in_VEH,-0.5207409166449786,-2.7664509062902525,0.01098093515231506,0.036906338263402096,16.46906439794122
Q8BWM0,Ptges2,sex_in_VEH,-0.8301324059039175,-2.59823473997211,0.016070451100279617,0.05149608670856972,17.114017911943584
Q8BWT1,Acaa2,sex_in_VEH,-0.7293153720684984,-3.4840748449981924,0.002003519684770291,0.011267318623262626,19.371558793318776
Q8BX10,Pgam5,sex_in_VEH,0.8098246462149596,4.992237397171158,4.750036597408481e-5,6.745051968320042e-4,18.19508906447276
Q8BYM8,Cars2,sex_in_VEH,0.8904078740702293,2.9397552641960014,0.007356202448373729,0.027488967043922882,15.750675676693728
Q8C025,Chpt1,sex_in_VEH,-1.7262614838299157,-3.3254746223688163,0.002942809067305555,0.0146624171072768,17.020199698964156
Q8C3X2,Ccdc90b,sex_in_VEH,1.1188474875009877,3.8749658124233837,0.0010187306407059564,0.006429322265788702,16.24865052062745
Q8C5H8,Nadk2,sex_in_VEH,0.5667495241742273,1.9505091019905687,0.063399805158199,0.1440443573194281,15.867479254739283
Q8C5Q4,Grsf1,sex_in_VEH,0.1166428336492693,0.2856860131502526,0.7776747811775782,0.8616378127205223,16.825132678901344
Q8CAK1,Iba57,sex_in_VEH,-0.004933763910774047,-0.01608371141260525,0.9873062631555785,0.9943084352346959,17.241398946952856
Q8CAQ8,Immt,sex_in_VEH,0.5453945680624699,3.8740536224361475,7.683188796505041e-4,0.005134177925193956,20.168669173581044
Q8CBY0,Gatc,sex_in_VEH,-1.083961411925415,-1.9143656213253002,0.06809015321681512,0.151667478537847,19.241346252404888
Q8CC88,Vwa8,sex_in_VEH,-0.28155046701014186,-1.4095649530638998,0.17204209177543156,0.29862767524703027,17.252004432991235
Q8CCM6,Timm21,sex_in_VEH,0.6287911209177288,1.9908893378643953,0.058498313087145565,0.13787154287758788,16.87215693791719
Q8CD10,Micu2,sex_in_VEH,-0.2884834018645517,-1.1702300475822496,0.25637157011522976,0.3989563063710973,15.096922290554764
Q8CEE7,Rdh13,sex_in_VEH,0.34653058780298807,1.2464863873879497,0.2251274113309144,0.3653496275313125,14.211793815292907
Q8CEI1,Bola3,sex_in_VEH,-0.3410839396946628,-0.8535860488208138,0.40213379257077175,0.5598333190691136,18.34655957221336
Q8CEY5,Mtch1,sex_in_VEH,0.691949092757234,2.5935033016146183,0.01624148311241773,0.051537220155604864,18.924465202746052
Q8CG76,Akr7a2,sex_in_VEH,0.43685313834386186,1.6073550703407118,0.12161406236143407,0.2349550592561039,15.496256940750111
Q8CGK3,Lonp1,sex_in_VEH,-0.45589778441270923,-2.388460946631335,0.025511992565993635,0.07173669196774447,18.08697084143767
Q8CHT0,Aldh4a1,sex_in_VEH,-0.3500942095049169,-2.1322084427189525,0.04388593800734244,0.1086703911925472,20.049111154011605
Q8JZN5,Acad9,sex_in_VEH,-0.17441931826511237,-1.182243837186682,0.2491830891496251,0.3888351501016128,18.339641692325806
Q8JZN7,Rhot2,sex_in_VEH,-0.9518932400301239,-4.5967727920394745,1.2705394918619966e-4,0.001466304898342059,17.406781329030444
Q8JZQ2,Afg3l2,sex_in_VEH,-0.027070417228259203,-0.18067216117425577,0.8582068653566118,0.9128492500422387,18.740334531896668
Q8JZU2,Slc25a1,sex_in_VEH,-0.33740944757932745,-0.8548493539670713,0.40328054055526463,0.5600570832161132,13.846988898674292
Q8K009,Aldh1l2,sex_in_VEH,0.48571949732266084,1.0081256906210834,0.32387907120572224,0.48032196460796406,14.46787780219293
Q8K0D5,Gfm1,sex_in_VEH,0.5465089911717662,1.703103979322657,0.10202101005430914,0.20476301664610455,17.16860609127162
Q8K0Z7,Taco1,sex_in_VEH,0.3197561241854139,1.5301625737128184,0.13961013477193474,0.25746284594304847,16.819803852028688
Q8K199,Cmc2,sex_in_VEH,0.671405070894135,2.158423088763372,0.04156767633208679,0.10493528958500133,17.304952830261655
Q8K1M6,Dnm1l,sex_in_VEH,-1.733422758992436,-4.590440555996965,1.2907613541743478e-4,0.001466304898342059,15.070676029252084
Q8K1R3,Pnpt1,sex_in_VEH,0.6515077656425277,2.4702896900970113,0.021341796012982236,0.06346670227944455,17.344924847681767
Q8K1Z0,Coq9,sex_in_VEH,-0.44862945048743086,-2.7900250265997264,0.01040341681661629,0.0353840763583117,19.742575200279028
Q8K2B3,Sdha,sex_in_VEH,-0.4127182351220533,-3.1718488783301693,0.0042538467647244265,0.019067436978617604,21.15768927857419
Q8K2C6,Sirt5,sex_in_VEH,0.779794126266145,2.6240025535961893,0.015168235567975783,0.04980091215381645,16.026581897405784
Q8K2M0,Mrpl38,sex_in_VEH,1.1685865340559012,3.3778640323149225,0.00259293415745738,0.013402379431650352,17.14292028443665
Q8K2Q5,Chchd7,sex_in_VEH,0.7929875294180313,1.8887221846133002,0.07159980654461902,0.15641803891286,18.97132474787352
Q8K2Y7,Mrpl47,sex_in_VEH,0.9612153141711097,3.656691895021453,0.0013133905622589798,0.007921211015451481,19.01793856661921
Q8K370,Acad10,sex_in_VEH,-0.607647058108423,-2.242309616135932,0.03487369404538391,0.09128229593446112,16.05641036862891
Q8K3J1,Ndufs8,sex_in_VEH,-0.045764420829616625,-0.18761835483406036,0.8528205589832822,0.9088219090103271,19.78716298066464
Q8K411,Pitrm1,sex_in_VEH,-0.1644914769764636,-0.7731663816240021,0.44729474675773107,0.5977962733138618,16.175969114355933
Q8K4F5,Abhd11,sex_in_VEH,-0.3869177059889175,-1.8241686297434063,0.08114174686210758,0.1706981933988041,18.800750376737913
Q8K4Z3,Naxe,sex_in_VEH,-0.5483292612724746,-2.1388362027655545,0.043289076679708376,0.10831804208843329,17.448113084316976
Q8QZS1,Hibch,sex_in_VEH,-0.1379032558237796,-0.8763357921642639,0.3899052640257542,0.550910920314996,17.509554261548725
Q8QZT1,Acat1,sex_in_VEH,-0.4126227600209411,-2.132312130226327,0.04387654371407797,0.1086703911925472,19.137196760426608
Q8R035,Mrpl58,sex_in_VEH,0.9482512116922983,4.501505918001804,1.611336650973663e-4,0.0015746326937248912,18.32856349360128
Q8R086,Suox,sex_in_VEH,0.07126761700615347,0.30179349625483304,0.7655204190230587,0.8574416527557377,17.40058243273362
Q8R0F8,Fahd1,sex_in_VEH,0.2975922117029164,1.2614574735905395,0.2197838183725487,0.3608011816058025,17.943784220740618
Q8R0N6,Adhfe1,sex_in_VEH,-0.03963042315129961,-0.1100252165864684,0.913343410867639,0.948407783131296,15.876408079329446
Q8R0Y8,Slc25a42,sex_in_VEH,0.22590577488977104,0.8475504132367447,0.4054188543351728,0.5605817293646299,17.095367297968277
Q8R164,Bphl,sex_in_VEH,0.3301487929556206,0.7836825815409006,0.4412195574219506,0.5910677089992168,15.634700090296487
Q8R1I1,Uqcr10,sex_in_VEH,0.09884572864043051,0.3009912827662848,0.766124327128381,0.8574416527557377,20.229505093710323
Q8R1R3,Stard7,sex_in_VEH,0.8627971369346188,1.56154771730551,0.13922971328653228,0.25746284594304847,16.254222243547538
Q8R1S0,Coq6,sex_in_VEH,-0.09530897501981883,-0.49721375836261034,0.6237563865739615,0.7592977071477077,17.351090250241846
Q8R2Q4,Gfm2,sex_in_VEH,-0.31924691611272493,-1.739114722750808,0.09537859278802348,0.19417577313117326,17.129000424423936
Q8R2Y8,Ptrh2,sex_in_VEH,0.16389017084056334,0.7211485699370693,0.47808236446837304,0.6266494912069279,17.28433999879065
Q8R3F5,Mcat,sex_in_VEH,3.3082102933399096,6.271423371898079,2.121880595153588e-6,7.089577517924929e-5,16.591237049484132
Q8R404,Micos13,sex_in_VEH,-0.37040518770036,-1.4081797915546004,0.1724469673961724,0.29862767524703027,17.902501592246896
Q8R4N0,Clybl,sex_in_VEH,-0.3701344207139847,-2.007986782001743,0.056526076255244015,0.1349025685419269,18.926422008640017
Q8R5L1,C1qbp,sex_in_VEH,-0.2302836512021571,-0.5950158049679204,0.5576400161123927,0.6992042586133311,18.638887788391962
Q8VCE1,Dnajc28,sex_in_VEH,-1.337543673778974,-3.1702217918899334,0.005037228300091935,0.021318161612592392,17.088771408894807
Q8VCF0,Mavs,sex_in_VEH,0.5231528588186585,1.6971378811084847,0.10315857801608977,0.20529168360987965,16.44481456401767
Q8VCL2,Sco2,sex_in_VEH,-0.4884821720457211,-1.8557228759756046,0.07634792310792204,0.16426371335340803,17.316725352298636
Q8VCM5,Mul1,sex_in_VEH,-1.6825567761447608,-4.297611102233546,6.340500173183866e-4,0.00433904108237161,16.111512773141744
Q8VCX5,Micu1,sex_in_VEH,-0.4901275078512821,-1.3740563738062979,0.18266280703066504,0.3106361508784962,15.939054580679656
Q8VD26,Tmem143,sex_in_VEH,-0.18011851306938098,-0.8560952341993359,0.4007731219038624,0.5598333190691136,17.039697577185446
Q8VDC0,Lars2,sex_in_VEH,-0.08131275714265129,-0.26322655400012496,0.794718856896038,0.8731147209225332,14.774976786249642
Q8VDK1,Nit1,sex_in_VEH,1.367808530060751,4.553693432451642,1.4146471168986828e-4,0.0015160746460348147,15.9251117445715
Q8VDT9,Mrpl50,sex_in_VEH,0.9856279134757919,3.4539039963809213,0.002156154878459568,0.01166377115204795,17.087194738316082
Q8VE22,Mrps23,sex_in_VEH,1.358119949587337,4.543782482361253,1.4500546466698658e-4,0.001525242665386081,17.146439572844777
Q8VE95,,sex_in_VEH,0.27875971305694947,1.4924125629316443,0.14917675955155885,0.2700667470631534,17.737315801558424
Q8VEA4,Chchd4,sex_in_VEH,0.8666633261655647,1.7261529143347496,0.09772573143141602,0.19753813328485517,19.526877040362102
Q91V61,Sfxn3,sex_in_VEH,-0.5037485462339042,-2.9942838395022813,0.0064749210723518205,0.02560592329125969,19.477188850030707
Q91VA6,Poldip2,sex_in_VEH,-0.19437418070340584,-0.6540899289342116,0.5208894080471511,0.6618907914335165,13.825579085412272
Q91VA7,Idh3b,sex_in_VEH,-0.7631012868812803,-3.044373307707224,0.005755249499272704,0.023349869397049257,18.343843858623792
Q91VC9,Ghitm,sex_in_VEH,-1.4842048260028786,-3.4109911972496145,0.002929173026512726,0.0146624171072768,16.89510247263437
Q91VD9,Ndufs1,sex_in_VEH,-0.034939085366300304,-0.2842954894438514,0.7787268166128547,0.8616378127205223,20.92052586411102
Q91VM9,Ppa2,sex_in_VEH,0.02144226133015792,0.06636990442565124,0.9476566673577324,0.9698540307372828,16.553801840310896
Q91VN4,Chchd6,sex_in_VEH,0.9729419337558589,3.472783605439594,0.0020593646479886065,0.011467834510367926,16.841738479880622
Q91VT4,Cbr4,sex_in_VEH,-0.7554994044328645,-3.0079698696220905,0.006270145060634044,0.025258456698157,17.275276626477474
Q91WC3,Acsl6,sex_in_VEH,-0.16964112573236712,-0.4466557042002893,0.6592994125384248,0.7867270300878683,15.717504034073983
Q91WD5,Ndufs2,sex_in_VEH,-0.46043999672465574,-2.711599053727533,0.01244427884125039,0.04157853165782483,20.285972139163498
Q91WK1,Spryd4,sex_in_VEH,-0.5315624270143378,-1.2077507287934075,0.24583100868519614,0.386792279593328,15.981300357477632
Q91WK5,Gcsh,sex_in_VEH,-1.0210541290249608,-2.2461987616799104,0.034588544134673896,0.09095506050229062,19.907328575077994
Q91WS0,Cisd1,sex_in_VEH,-0.4786626320217451,-2.4858310593388495,0.020624967031522095,0.061657796178444996,20.480758964277282
Q91XE8,Tmem205,sex_in_VEH,-0.5662442621192838,-1.9172254349637639,0.06770824683193172,0.15141056771865047,16.064176383426094
Q91YP0,L2hgdh,sex_in_VEH,-0.6895623432767906,-4.071746673494301,4.703825972401233e-4,0.0035154909898998687,18.099109347751124
Q91YT0,Ndufv1,sex_in_VEH,0.7409965019849984,4.347210668851413,2.3679216667608273e-4,0.0020378477374547723,20.760907291532348
Q91Z53,Grhpr,sex_in_VEH,-0.4900886047143551,-2.0440783901411663,0.05255547314890556,0.1264894438499083,17.508878883866153
Q91ZA3,Pcca,sex_in_VEH,-0.11611986619034553,-0.6853751342163558,0.4999547642203146,0.6410255216188232,18.58621820889554
Q920A7,Afg3l1,sex_in_VEH,0.29476908043402084,0.7163944977920791,0.48095659859150375,0.6266494912069279,15.880289281707892
Q921G7,Etfdh,sex_in_VEH,-0.04542985388243537,-0.1888644053799644,0.8518550961212144,0.9088219090103271,19.009004814471986
Q921H8,Acaa1a,sex_in_VEH,-1.1568144490427077,-3.964594980936304,8.301017807543977e-4,0.005482532691494162,14.94288194978184
Q921H9,Coa7,sex_in_VEH,1.2412878893011712,4.414271405964161,2.00312607371451e-4,0.0018351219514029706,15.904603408087667
Q921S7,Mrpl37,sex_in_VEH,1.0753714935949432,2.9939030068287416,0.006480709902168496,0.02560592329125969,15.300639105958188
Q922B1,Macrod1,sex_in_VEH,0.47044704538606297,1.7399043166095183,0.09523718007050355,0.19417577313117326,19.956362043052838
Q922Q1,Mtarc2,sex_in_VEH,-0.23296484072257329,-1.0909798140626241,0.28657520413062665,0.4375664407155805,18.439220326459658
Q923X4,Glrx2,sex_in_VEH,-1.0562379720387511,-2.522050175002747,0.01904033836542485,0.05812340387882762,16.06125853965675
Q924D0,Rtn4ip1,sex_in_VEH,-0.6897671142595527,-1.8727468750624534,0.07386525932779266,0.160176609880034,17.299118487054173
Q924T2,Mrps2,sex_in_VEH,0.12238974382013268,0.3714124402457578,0.7137285813386114,0.8239793378055514,15.969172468523976
Q924X2,Cpt1b,sex_in_VEH,0.10177900738446866,0.402977758121794,0.6906845761624751,0.8156108924330269,19.348058571911345
Q925I1,Atad3a,sex_in_VEH,1.2448606623664382,8.018331786776143,4.1125470168958175e-8,5.8398167639920606e-6,18.250536883412916
Q99J39,Mlycd,sex_in_VEH,0.4728235164681287,2.395479612361597,0.025126782333591616,0.0710050366441793,18.27911215489332
Q99J47,Dhrs7b,sex_in_VEH,-0.4872534038440932,-1.9844673743217147,0.05925469883822659,0.1385048104531387,16.813056230135814
Q99J99,Mpst,sex_in_VEH,0.19440008639199746,1.0121765568677041,0.3219799945046512,0.4787555939231463,18.703281290591157
Q99JB2,Stoml2,sex_in_VEH,0.05283929748951621,0.22718393187613942,0.822287192530482,0.8930384806067184,17.661035979922698
Q99JR1,Sfxn1,sex_in_VEH,-0.16195961426214112,-0.30243005640072435,0.765041323224392,0.8574416527557377,17.3991982254529
Q99JY0,Hadhb,sex_in_VEH,-0.07826589808062323,-0.38892698049339464,0.7009061311117135,0.8175088251317661,19.722508500594856
Q99KB8,Hagh,sex_in_VEH,-0.5728313539732515,-2.085344006510012,0.05075825721099581,0.12320807733267358,15.161949772216218
Q99KI0,Aco2,sex_in_VEH,-0.025214732556445796,-0.20516796575986984,0.8392451608724497,0.9028243397264232,20.974620502653142
Q99KR7,Ppif,sex_in_VEH,0.1611725891721143,0.5431425491665706,0.5922551584689155,0.7281405411479307,18.845227101542527
Q99L04,Dhrs1,sex_in_VEH,-0.4230188662713097,-1.9666102883026304,0.06140357107054247,0.14120335371687498,15.629326812030191
Q99L13,Hibadh,sex_in_VEH,0.5953251680726481,3.141898931360488,0.004568315232862761,0.020035939273119398,18.120978631827743
Q99LB2,Dhrs4,sex_in_VEH,0.4318485180087386,1.4834790950336423,0.1515171088212686,0.271691041413546,17.735502170868006
Q99LC3,Ndufa10,sex_in_VEH,0.2934345553469626,1.5360048037444398,0.13817554213117317,0.25732363255903723,19.49459644767556
Q99LC5,Etfa,sex_in_VEH,-0.35336305143245994,-1.8313066871358894,0.08003507314783304,0.17026187845681334,18.743414035942504
Q99LP6,Grpel1,sex_in_VEH,0.3059261746971558,1.1992084421533216,0.24265148134496972,0.38285011501095223,18.425988536834
Q99LX0,Park7,sex_in_VEH,-0.5449614221809576,-2.1431514054626666,0.04290441084269584,0.1078305546842975,18.255451987159272
Q99LY9,Ndufs5,sex_in_VEH,0.28235155266792944,1.5945839825249235,0.12445083310104374,0.2396205871233656,19.30106463103028
Q99M87,Dnaja3,sex_in_VEH,0.050971700337164805,0.3890168804138592,0.7008405449533048,0.8175088251317661,18.23685566223394
Q99MN1,Kars1,sex_in_VEH,-0.675343390986308,-1.8266924453486355,0.08074895420128614,0.1705033679789239,14.910268655949508
Q99MN9,Pccb,sex_in_VEH,-0.07547155316122911,-0.46442856279644307,0.6467053539741519,0.7782386463078775,18.2576350570629
Q99MR8,Mccc1,sex_in_VEH,-1.028811956179723,-7.3502739324676325,1.7730764729188166e-7,1.4324854410953386e-5,17.982557346156305
Q99N15,Hsd17b10,sex_in_VEH,-0.26798366294372045,-0.8766655437959507,0.38972980400624835,0.550910920314996,18.473319849603026
Q99N84,Mrps18b,sex_in_VEH,1.763055219448077,4.954214592626078,5.219910156244314e-5,7.231485289626269e-4,15.578123416011556
Q99N85,Mrps18a,sex_in_VEH,-0.12166089545312353,-0.4072066101474391,0.6876198304740178,0.813683466060921,15.87402824781619
Q99N87,Mrps5,sex_in_VEH,1.440556877326653,5.7025435954110995,8.300663409551916e-6,1.746213635787218e-4,17.0629755153764
Q99N91,Mrpl34,sex_in_VEH,0.3689353409848817,1.4356502568689669,0.16455825831493984,0.2893779898541357,15.197767164749724
Q99N92,Mrpl27,sex_in_VEH,1.2265659147916352,2.4385989033736784,0.02287565256617307,0.06663267003890412,15.165695352186798
Q99N94,Mrpl9,sex_in_VEH,1.1848855951262909,4.635319807532657,1.1541136865298598e-4,0.0013657011957270008,15.326447637814066
Q99N95,Mrpl3,sex_in_VEH,0.7222181012688687,1.6983373391390502,0.10292901531900651,0.20529168360987965,14.776530387249144
Q99N96,Mrpl1,sex_in_VEH,0.5006826141548135,2.071278341374875,0.049729272287276007,0.12122844059730803,15.515795134859946
Q99NB1,Acss1,sex_in_VEH,-1.4256604171508602,-2.6111693069256785,0.01964977948442805,0.05905330554050334,15.58668989576283
Q9CPP6,Ndufa5,sex_in_VEH,0.3584859378527909,1.9776840485895497,0.06006302792953221,0.13908085903992437,19.881472278848683
Q9CPQ1,Cox6c,sex_in_VEH,0.5064863614047042,1.9848603773674844,0.059208163196923826,0.1385048104531387,22.239695813242488
Q9CPQ3,Tomm22,sex_in_VEH,-0.05468708358074181,-0.1593053533005464,0.8748184378355128,0.9201793938714283,14.758934838971644
Q9CPQ8,Atp5mg,sex_in_VEH,0.48536219161384153,0.974449201238426,0.3399677539044559,0.49897076025253473,18.905073005584494
Q9CPR5,Mrpl15,sex_in_VEH,0.9293739268956358,4.513827042131904,1.562561132269575e-4,0.0015746326937248912,18.265190378808093
Q9CPS6,Hint3,sex_in_VEH,-0.7441680899769736,-2.1614554105970125,0.0413067702305506,0.10474216737032473,18.632165349392317
Q9CPU2,Ndufb2,sex_in_VEH,-0.299940481455387,-1.384554625455222,0.17947006252484737,0.30704516721118463,21.6554561415467
Q9CPU4,Mgst3,sex_in_VEH,0.5063423018069813,1.2011833136235264,0.2418995426559843,0.38272685300445425,18.397893815640305
Q9CPV4,Glod4,sex_in_VEH,-0.30361640816209423,-0.813468722453988,0.4260220045838369,0.5802889654763054,13.46363021716516
Q9CPW2,Fdx2,sex_in_VEH,0.5273672304585517,1.4885278487207563,0.1530149802306058,0.271691041413546,16.49201306325926
Q9CPY7,Lap3,sex_in_VEH,-0.21827726407515158,-1.590339025261634,0.12540584296524415,0.2398333966473356,17.940882305483957
Q9CPZ8,Cmc1,sex_in_VEH,0.6610365810290197,1.5026985564495492,0.14651860177210185,0.2675966746191442,17.44299379730318
Q9CQ00,Dmac1,sex_in_VEH,-0.7588676297854562,-3.2886624355375424,0.003215669174157256,0.015745690438976907,17.908532926552418
Q9CQ06,Mrpl24,sex_in_VEH,0.26221083801339873,0.7959054416078957,0.43422212355244927,0.5858388745315706,16.886908022568537
Q9CQ40,Mrpl49,sex_in_VEH,1.3311015805141242,5.485215368202401,2.7170481838853016e-5,4.6766162680207614e-4,15.17005581487704
Q9CQ54,Ndufc2,sex_in_VEH,-0.5329490725993757,-3.1249174021813153,0.004756460039015802,0.020355148258861033,20.846878568107464
Q9CQ62,Decr1,sex_in_VEH,0.18460141981044131,0.8671517885103885,0.3948126109898964,0.5564604541991591,20.041791029011357
Q9CQ69,Uqcrq,sex_in_VEH,0.1683893048902192,0.6405255107771377,0.5281591658272944,0.6681389892870895,21.699082741737403
Q9CQ75,Ndufa2,sex_in_VEH,-0.22141931846514495,-1.2192185997397058,0.2351132916725774,0.3751245777247864,21.719822002173373
Q9CQ85,Timm22,sex_in_VEH,-0.80865820792107,-2.9529895021964165,0.007132330215170433,0.02700775708144537,17.61265351241883
Q9CQ91,Ndufa3,sex_in_VEH,1.1380962883314538,3.6757532282740835,0.0012532879812521454,0.007654490036034608,18.807442444622858
Q9CQ92,Fis1,sex_in_VEH,-0.1729872765396081,-0.6694721217541455,0.5098572173973985,0.6499234666365655,18.272665535618096
Q9CQA3,Sdhb,sex_in_VEH,0.013846613489928217,0.10503883865220155,0.9172553141799287,0.9501876947199744,20.039295469461216
Q9CQA6,Chchd1,sex_in_VEH,-0.027305723915578284,-0.10357612775070697,0.9184032471853274,0.9501876947199744,14.75285162191478
Q9CQB4,Uqcrb,sex_in_VEH,0.3237084573956466,2.1309086483145943,0.04400385558853144,0.1086703911925472,20.287671980216675
Q9CQC7,Ndufb4,sex_in_VEH,-0.020663725539591837,-0.0912811154568403,0.9280592753831693,0.956692683153612,21.973066192976827
Q9CQF0,Mrpl11,sex_in_VEH,0.600388968528172,2.5081982210323823,0.019632498966156868,0.05905330554050334,16.91729834384763
Q9CQF4,Mtres1,sex_in_VEH,1.317629444756708,5.112469679863187,3.5267841643006576e-5,5.882455976938893e-4,17.032283406197642
Q9CQF8,Mrpl57,sex_in_VEH,1.0435776793692888,2.527650845767761,0.01880567095077321,0.05805228858716947,19.090064688099368
Q9CQH3,Ndufb5,sex_in_VEH,0.350099565204701,1.66501380084772,0.10947000068425532,0.21441020823674833,19.844329275694065
Q9CQJ8,Ndufb9,sex_in_VEH,0.057330609693607926,0.3240462187813611,0.7488303635517024,0.8503994610877785,21.35697260094745
Q9CQL5,Mrpl18,sex_in_VEH,-0.03980522714311974,-0.176293775319446,0.8616056473421436,0.9147514162436217,18.041514977010237
Q9CQL6,Mrpl35,sex_in_VEH,1.7784786289559502,4.856479894578119,6.654237266908589e-5,8.999063732390663e-4,16.09248225247807
Q9CQN1,Trap1,sex_in_VEH,-0.21617767312279668,-0.9582838589140193,0.3478816368816515,0.5079608476832341,17.681025302103205
Q9CQN6,Tmem14c,sex_in_VEH,0.2307359204164019,0.7994293171650936,0.4365113912091967,0.5875319199213832,14.4578946901145
Q9CQN7,Mrpl41,sex_in_VEH,1.371092289910873,4.788410706793127,7.881918584995788e-5,9.948732791728017e-4,18.965357182101137
Q9CQP3,Chchd5,sex_in_VEH,-1.2190915130746447,-3.052285074616174,0.008061381390261822,0.029353382727369804,16.624881531928242
Q9CQQ7,Atp5pb,sex_in_VEH,-0.2001845349722835,-0.8830592051077957,0.38633787871679226,0.548599787777845,21.136214014848214
Q9CQR4,Acot13,sex_in_VEH,-0.38213314236000784,-1.8956814073627408,0.0706320456515284,0.15489962135161442,18.465189885615274
Q9CQS4,Slc25a46,sex_in_VEH,1.3804224245862606,4.703249892639821,9.743747843992503e-5,0.0012031410381277698,18.42335254813874
Q9CQV1,Pam16,sex_in_VEH,-0.3833015782415323,-1.5455457752584996,0.13585875780670165,0.2559297027495296,18.0879646194415
Q9CQV7,Dnajc19,sex_in_VEH,-0.007365562195072783,-0.03317710230857751,0.9738194913276579,0.9877311983466244,18.833733746248793
Q9CQX2,Cyb5b,sex_in_VEH,0.002696173045659833,0.007095572873324226,0.9943997628475159,0.9961535543163826,17.666252051422333
Q9CQX8,Kgd4,sex_in_VEH,-0.5824745042837591,-2.2875385857792607,0.031686153057066783,0.08594573935996488,23.17510996546096
Q9CQY6,Uqcc2,sex_in_VEH,0.21411256602938522,0.9563092066260208,0.3488568416919179,0.5080786822589983,17.279110209992922
Q9CQZ5,Ndufa6,sex_in_VEH,0.38774544027869595,1.7429238341620261,0.09469804803064472,0.19417577313117326,20.600495545497587
Q9CQZ6,Ndufb3,sex_in_VEH,-0.08613230430091079,-0.4576114459456469,0.6515235635570769,0.7823792475695976,20.958415343873714
Q9CR24,Nudt8,sex_in_VEH,1.2690358571979559,3.0838893098465587,0.007557740967575757,0.027875304347941752,16.86265547862472
Q9CR59,Gadd45gip1,sex_in_VEH,1.1757812788300122,3.2757056598021213,0.0033174291847649475,0.015834451907113363,17.538411307099345
Q9CR61,Ndufb7,sex_in_VEH,-0.3787531018899166,-1.8165787123563535,0.08233297498267236,0.17256505457622842,19.893804217422215
Q9CR62,Slc25a11,sex_in_VEH,-0.02522387186090924,-0.0853543649903884,0.93271804971864,0.9573728175068793,19.942064395523886
Q9CR68,Uqcrfs1,sex_in_VEH,0.557477056401023,3.9377684772448984,6.561071330739784e-4,0.004436533947452616,20.885710077633355
Q9CR98,Fam136a,sex_in_VEH,-0.26843097388951165,-0.7036332876474598,0.48872122857123834,0.6308946768828714,16.992547588681102
Q9CRB8,Mtfp1,sex_in_VEH,0.9595343791615676,4.313131089676115,2.578014488852241e-4,0.0021855406412956313,17.716751232044178
Q9CRB9,Chchd3,sex_in_VEH,0.2946478976548157,1.8317400008570788,0.0799683156718233,0.17026187845681334,20.843406381132915
Q9CRD0,Ociad1,sex_in_VEH,0.28512907522525666,1.5635749308684361,0.13156816100580426,0.24993550318159474,18.864257953782932
Q9CTY5,Micu3,sex_in_VEH,-0.13622845204227474,-0.43871451280966134,0.6649603932970924,0.7901621409890136,16.515345531079696
Q9CWE0,Mtfr1l,sex_in_VEH,-0.21276732220279726,-0.7379750498152472,0.46799017175805413,0.61674806858138,17.935235711831517
Q9CWX2,Ndufaf1,sex_in_VEH,-0.8655587472054513,-2.5295075505438493,0.02310989573037205,0.06697153456556798,16.322844823051202
Q9CXI0,Coq5,sex_in_VEH,-0.9597506760931971,-5.100658990530462,3.63133399063106e-5,5.882455976938893e-4,16.998897780008623
Q9CXJ4,Abcb8,sex_in_VEH,-0.0014193252112093546,-0.008814377445787365,0.9930432157945279,0.9961535543163826,17.839523092974996
Q9CXT8,Pmpcb,sex_in_VEH,-0.2849118936759041,-1.7430267937376054,0.09467971074466736,0.19417577313117326,17.46661933628204
Q9CXV1,Sdhd,sex_in_VEH,0.9220348587966214,1.719484344851565,0.09895233437911326,0.19930824796927774,17.53151844155129
Q9CXW2,Mrps22,sex_in_VEH,0.6711608097618047,2.4504290745012502,0.02229149654115588,0.06594567726758616,19.925131880854615
Q9CXZ1,Ndufs4,sex_in_VEH,0.9389645055175997,4.085803090509187,4.5421971164627485e-4,0.003442611334647798,20.38489681318123
Q9CY16,Mrps28,sex_in_VEH,1.979153906151872,5.8157644760085825,6.3103419775444614e-6,1.4337096972981016e-4,18.015439292080544
Q9CYG7,Tomm34,sex_in_VEH,-0.9893462675180054,-2.7973796818792427,0.010229214405286513,0.03521329564971357,16.969248411750776
Q9CYH2,Prxl2a,sex_in_VEH,-0.6614385616828073,-1.9944203765075186,0.058086075493821596,0.13747037866871112,16.71040310199393
Q9CYR0,Ssbp1,sex_in_VEH,0.6980040033798609,1.4263521684958782,0.16719534575541992,0.2931078900897485,17.259926425279893
Q9CZ13,Uqcrc1,sex_in_VEH,0.20286534792301225,1.4840650120090593,0.15136270456888495,0.271691041413546,21.976255125605213
Q9CZ42,Naxd,sex_in_VEH,-0.013358147739978676,-0.05026727335948367,0.9603432353537006,0.9793087211506318,17.823311680828883
Q9CZB0,Sdhc,sex_in_VEH,-0.4658187221257073,-0.6709442311466952,0.5103272290843455,0.6499234666365655,14.7449183226788
Q9CZD5,Mtif3,sex_in_VEH,0.44735179910981415,1.297474326519425,0.2073266472491587,0.34332809223767385,15.778282242945352
Q9CZN7,Shmt2,sex_in_VEH,-0.21827188698500422,-1.2533801942783298,0.22265464961030876,0.3644606368260962,16.807528267973307
Q9CZN8,Qrsl1,sex_in_VEH,-1.18393861865456,-3.1949068553907902,0.00476625830709246,0.020355148258861033,15.245992684286893
Q9CZP5,Bcs1l,sex_in_VEH,-0.20085595791730348,-0.8024291529111806,0.4322232723252549,0.58453052066844,14.813170271382067
Q9CZR3,Tomm40l,sex_in_VEH,-0.8901738813144675,-1.8068679811267097,0.09086905671697952,0.1897559713795749,15.669498318010671
Q9CZR8,Tsfm,sex_in_VEH,0.4410854144045615,1.2476935695131268,0.22469289904690076,0.3653496275313125,17.495705221859346
Q9CZU6,Cs,sex_in_VEH,-0.5506312807909204,-3.1709160702482326,0.0042633177751486544,0.019067436978617604,20.190688529354574
Q9D023,Mpc2,sex_in_VEH,1.080426107414585,2.8367209923682193,0.009343400852220995,0.03296305393827034,18.657128303182944
Q9D051,Pdhb,sex_in_VEH,-0.03187088880549638,-0.16975948765410925,0.8666830439991448,0.9184253152826758,20.36210127502159
Q9D0G0,Mrps30,sex_in_VEH,1.2307135770637814,4.175232829972835,3.635596125522349e-4,0.0029084769004178793,16.999127624183707
Q9D0I4,Stx17,sex_in_VEH,-0.957529914859677,-3.1614434268796723,0.004360656240592601,0.019350412067629667,17.288530126020323
Q9D0K2,Oxct1,sex_in_VEH,-0.18686291757291684,-0.8453529089897373,0.40661914172223157,0.5605817293646299,18.430522481224596
Q9D0L4,Adck1,sex_in_VEH,-0.26064806164887955,-0.9855149728964083,0.3346218738975151,0.4949615218067411,16.35285472302799
Q9D0L7,Armc10,sex_in_VEH,0.5401019154409745,2.6331615093891805,0.01485915794255197,0.04917000195724972,13.8912866730977
Q9D0M3,Cyc1,sex_in_VEH,0.16438905026981487,0.7612512512401493,0.45423904037383445,0.6028219040475186,21.695066637457266
Q9D0Q7,Mrpl45,sex_in_VEH,1.057407829242127,3.201104355084193,0.003966913765614256,0.018318756250966645,16.606650760690293
Q9D0S9,Hint2,sex_in_VEH,-0.03815540499095249,-0.13064529178377213,0.897191457095317,0.9339100038948521,21.965174477209526
Q9D0Y8,Mrpl52,sex_in_VEH,0.16447501310826595,0.3753008972200272,0.7108742113276939,0.8239793378055514,18.50135637901568
Q9D172,Gatd3,sex_in_VEH,0.1919875654590335,0.5447043763802055,0.591197739014396,0.7281405411479307,19.532270433367245
Q9D1B9,Mrpl28,sex_in_VEH,0.5926945672201072,2.5969361463931078,0.016117223962963917,0.05149608670856972,17.94742669972525
Q9D1E8,Agpat5,sex_in_VEH,-1.0029830707381748,-2.275496342046326,0.03250778648685478,0.08628234918006315,17.678002829548372
Q9D1H8,Mrpl53,sex_in_VEH,1.4240660404946368,3.7427444633692297,0.0013777021381176963,0.00815140431719637,17.074074040996358
Q9D1I6,Mrpl14,sex_in_VEH,0.056864643673094406,0.21318991308854374,0.8330565037973557,0.8978673513413626,15.376667196029123
Q9D1L0,Chchd2,sex_in_VEH,-0.7737937201979683,-1.541602792366968,0.1368123071678019,0.2559297027495296,20.03840324274812
Q9D1N9,Mrpl21,sex_in_VEH,0.6114468339846937,2.5798934862095875,0.016742998445251157,0.05283346176057032,18.878971336892505
Q9D1P0,Mrpl13,sex_in_VEH,1.4914154756194193,4.433487782172809,1.9093527946915508e-4,0.0017778891596472144,17.36750427971871
Q9D273,Mmab,sex_in_VEH,-0.40935464813832567,-1.0919197791160953,0.2861704719358689,0.4375664407155805,16.87468955344176
Q9D2G2,Dlst,sex_in_VEH,-0.2865919160889412,-1.029653705856793,0.31387552325294765,0.46916130844124804,20.07273794828354
Q9D2R6,Coa3,sex_in_VEH,-0.13895191651597472,-0.7427360684211061,0.4651575954426539,0.6144407307242498,19.428317896073263
Q9D2R8,Mrps33,sex_in_VEH,0.7230290767153456,2.246267044732816,0.034583556672122845,0.09095506050229062,19.356453357608096
Q9D338,Mrpl19,sex_in_VEH,1.7842088650357901,6.114471693942299,3.080744622492428e-6,9.209804976714207e-5,16.3397522219577
Q9D3D9,Atp5f1d,sex_in_VEH,-0.2193396771778282,-1.1234154114234558,0.2728464805172251,0.42228011153619577,23.60110528800065
Q9D3P8,Plgrkt,sex_in_VEH,0.7559074211772128,2.038916948040843,0.05310765213058753,0.1272790987771043,17.52030117612279
Q9D404,Oxsm,sex_in_VEH,-0.4805928484090689,-2.1063349727846834,0.0462874514183734,0.11381503205903068,15.232283117935316
Q9D5T0,Atad1,sex_in_VEH,0.026408224311385453,0.13744558664155468,0.8918742947858611,0.931221690144061,17.65218546187517
Q9D6J5,Ndufb8,sex_in_VEH,-0.5389125697485078,-2.4448181880955846,0.02256680947036804,0.0660718957689126,24.19368636135565
Q9D6J6,Ndufv2,sex_in_VEH,0.5751072355479359,2.334434875811256,0.028664225823389535,0.079810197390614,20.749846778038727
Q9D6K8,Fundc2,sex_in_VEH,-0.35450289625827125,-1.31681139192523,0.20086756000692185,0.3345829152021455,18.77678417930314
Q9D6M3,Slc25a22,sex_in_VEH,-1.001354765632593,-3.075056231272917,0.005353033391446922,0.02219359829446607,16.20739215428987
Q9D6R2,Idh3a,sex_in_VEH,-0.7770969384204136,-5.743916074001702,7.508346519177255e-6,1.6402849318818003e-4,20.954554449261877
Q9D6S7,Mrrf,sex_in_VEH,1.5650806481706638,4.3740758010485665,2.214425008090511e-4,0.0019653021946803286,17.655451967125668
Q9D6T9,Mrps36,sex_in_VEH,-1.498618012567956,-5.855661819402143,5.7309712376815045e-6,1.3907494753853824e-4,18.60886789135883
Q9D6U8,Fam162a,sex_in_VEH,0.5632372393711691,2.3498976114284282,0.02772730602968948,0.07758182179735776,19.369154928354128
Q9D6Y7,Msra,sex_in_VEH,-0.6080493825833848,-2.5470495552356556,0.01801354419015401,0.05621809395608504,18.178707905473466
Q9D773,Mrpl2,sex_in_VEH,1.3355320684714584,3.389597694173987,0.0025203103575163954,0.013378843767002921,17.781207971244857
Q9D7J4,Cox20,sex_in_VEH,-0.27116329504196557,-1.0869638496460172,0.288309048376163,0.4390336179025753,16.831545737626232
Q9D7J9,Echdc3,sex_in_VEH,0.7272171025092149,2.2399790149889443,0.035045595721617494,0.09131146041228778,16.356970904532673
Q9D7N3,Mrps9,sex_in_VEH,1.2370861677584415,4.059132988321956,4.8537196385000866e-4,0.0035804061748935705,15.935195910608476
Q9D7P6,Iscu,sex_in_VEH,0.48932809881757855,1.6845905887648496,0.10558610022573874,0.20823925322298473,15.925444511206113
Q9D880,Timm50,sex_in_VEH,0.3137939843101982,1.491949045281568,0.14929746228491228,0.2700667470631534,19.055163092386387
Q9D8B4,Ndufa11,sex_in_VEH,-0.8251590715509067,-3.326200050454626,0.002937664722718164,0.0146624171072768,19.00661099263584
Q9D8P4,Mrpl17,sex_in_VEH,0.6734531289103831,2.1997633995697043,0.03813572504653237,0.09757248570464139,14.711765819664588
Q9D8S9,Bola1,sex_in_VEH,0.0503749897493897,0.1425786469222164,0.8878641625429096,0.9304554323327908,16.978254332786122
Q9D8T7,Slirp,sex_in_VEH,0.17706272584362281,0.7079387940301219,0.486093492768761,0.6289318995276908,19.422830451216804
Q9D8W7,Ociad2,sex_in_VEH,-0.8333763901911801,-4.495509786130185,1.6356219882001513e-4,0.0015746326937248912,18.09196141537368
Q9D8Y1,Tmem126a,sex_in_VEH,-1.2201228692337196,-3.3085737153938006,0.0030651689349811607,0.015139269174515645,19.257718931904044
Q9DAT5,Trmu,sex_in_VEH,0.2505948557543771,0.8459381176585792,0.406299277222534,0.5605817293646299,15.30831245152682
Q9DB15,Mrpl12,sex_in_VEH,0.2358898601781796,0.8558969638740601,0.40088053170419824,0.5598333190691136,19.32190928261594
Q9DB20,Atp5po,sex_in_VEH,-0.1863567658872789,-0.8553236572138198,0.4011912151967857,0.5598333190691136,21.863863648166998
Q9DB77,Uqcrc2,sex_in_VEH,0.3698431912964075,2.51979263531488,0.019135698107994304,0.05812340387882762,21.425230175047115
Q9DBF1,Aldh7a1,sex_in_VEH,-2.3013972430656526,-5.340899396418079,3.728317168482397e-5,5.882455976938893e-4,16.138434873401373
Q9DBG1,Cyp27a1,sex_in_VEH,1.258540314152505,3.83114453477193,8.543727829949123e-4,0.005514587962967161,17.38805891749997
Q9DBL1,Acadsb,sex_in_VEH,-1.521359941443496,-8.268543585611125,2.415906524639056e-8,5.8398167639920606e-6,17.6963362376702
Q9DC61,Pmpca,sex_in_VEH,-0.0016218743217137899,-0.00786836741457193,0.9937898411173869,0.9961535543163826,17.49596622225578
Q9DC69,Ndufa9,sex_in_VEH,-0.17561048101535803,-0.53406949487017,0.5984162080124378,0.7341261471945241,19.57371610908963
Q9DC70,Ndufs7,sex_in_VEH,-0.05117685390604976,-0.2980014520665101,0.7683764106561101,0.8574416527557377,20.07075332296073
Q9DCA2,Mrps11,sex_in_VEH,-0.011143893611741618,-0.022136984802592807,0.9825295451410181,0.9912553847959117,16.584367238437483
Q9DCB8,Isca2,sex_in_VEH,0.20967187724862058,0.6475029972875859,0.5237150926448584,0.663995921031874,17.07284340184018
Q9DCC8,Tomm20,sex_in_VEH,-0.3706114010419981,-1.233490121508131,0.22984586551526504,0.3700184647024734,19.641625988628213
Q9DCJ5,Ndufa8,sex_in_VEH,0.5831139651897068,3.1818972674267836,0.004153103294023948,0.01887170136804482,19.665520808089877
Q9DCJ7,Aurkaip1,sex_in_VEH,-0.06147299734984912,-0.20013746516302713,0.8431314614566465,0.9052904916963616,14.167024801473593
Q9DCL9,Paics,sex_in_VEH,-2.6287627324647236,-6.984270024699044,4.0482898244149096e-7,2.0903896547887894e-5,15.197742462301395
Q9DCM0,Ethe1,sex_in_VEH,0.10846430671564633,0.3956312463101531,0.6960216117572802,0.8175088251317661,17.556916740600933
Q9DCM2,Gstk1,sex_in_VEH,-1.8410883625976382,-5.974997583905031,4.300789195921436e-6,1.1632610777539883e-4,15.76771733747115
Q9DCN2,Cyb5r3,sex_in_VEH,-0.1985209664130636,-0.5723366148365814,0.5726443876388155,0.7117330682250487,17.650819945086102
Q9DCS3,Mecr,sex_in_VEH,-0.08418690633574855,-0.3105260788608022,0.7589564176844668,0.8570322967092985,18.31833527619201
Q9DCS9,Ndufb10,sex_in_VEH,-0.0051822319455290256,-0.023291380567599964,0.9816186664245974,0.9912553847959117,20.162129545791416
Q9DCT2,Ndufs3,sex_in_VEH,0.026113991711191886,0.10143361059060993,0.9200850177240928,0.9501968910314267,20.1972963322735
Q9DCU6,Mrpl4,sex_in_VEH,1.1900641936564824,4.435928321382523,1.8977617936541527e-4,0.0017778891596472144,16.29344987663546
Q9DCV4,Rmdn1,sex_in_VEH,0.5086715376072242,1.87261455664293,0.073884281317903,0.160176609880034,15.990088386480892
Q9DCW4,Etfb,sex_in_VEH,-0.31310219734535494,-1.4188753515614714,0.16934035596367333,0.2950470005747437,21.649747197245578
Q9DCX2,Atp5pd,sex_in_VEH,-0.11752176453036967,-0.5737211939915844,0.5717225285247433,0.7117330682250487,22.0468555479331
Q9DCZ4,Apoo,sex_in_VEH,-0.5490519837927046,-2.596364383708411,0.016137858158671498,0.05149608670856972,20.205185472880082
Q9EP89,Lactb,sex_in_VEH,0.30355817719122413,1.3905720884712738,0.17766005731934184,0.30486680530932375,17.59822549546256
Q9EQ20,Aldh6a1,sex_in_VEH,-0.5614168542303091,-3.262318044981946,0.0034258515797766713,0.016215697477609578,19.655823133143354
Q9EQI8,Mrpl46,sex_in_VEH,1.331779640342397,3.7481963106742477,0.0010485582620590962,0.0065448471741710625,18.63828516032712
Q9ER88,Dap3,sex_in_VEH,1.4904478433649153,4.994600795280121,4.722279185056136e-5,6.745051968320042e-4,17.30098656131336
Q9ERI6,Rdh14,sex_in_VEH,0.37320782932654595,1.3455780779582387,0.19154982536189677,0.3218943810815307,17.600768983186818
Q9ERS2,Ndufa13,sex_in_VEH,0.10473337998710619,0.39585623672532294,0.6958579222482583,0.8175088251317661,18.866139424073577
Q9ESW4,Agk,sex_in_VEH,-1.1198740064364276,-4.404556256463572,2.0522728842798488e-4,0.0018503031718586573,16.01583523959399
Q9JHI5,Ivd,sex_in_VEH,-1.3522739527761196,-7.193126616595361,2.5219814103791174e-7,1.4324854410953386e-5,19.584647106110125
Q9JHS4,Clpx,sex_in_VEH,-0.41431765062711357,-1.0775540251117868,0.2924011243821658,0.4405406860718042,15.873853928897233
Q9JHW2,Nit2,sex_in_VEH,-0.1019343581726524,-0.392556076681608,0.6982604312457485,0.8175088251317661,14.542803920123001
Q9JI39,Abcb10,sex_in_VEH,0.3607796445368727,1.2093550366880401,0.23880671124033598,0.37888886029192975,16.516957370760316
Q9JIK9,Mrps34,sex_in_VEH,1.1803129399731205,4.833548640277027,7.044690049284655e-5,9.305544065101591e-4,17.50016905816549
Q9JIQ3,Diablo,sex_in_VEH,-0.45859028999509377,-1.33800086634815,0.19397065273305494,0.3240450904481624,15.643710533888603
Q9JIY5,Htra2,sex_in_VEH,0.7457966380461905,3.052390684830303,0.00564743463374486,0.02322277434243566,16.227883750465615
Q9JJL8,Sars2,sex_in_VEH,0.2975781858594999,0.5499293171666365,0.5876669883482978,0.7272218940780678,16.822133835998294
Q9JK42,Pdk2,sex_in_VEH,-0.8697167989942614,-3.9571013249140448,6.2538439263679e-4,0.00433193091484996,17.69547871326744
Q9JKF7,Mrpl39,sex_in_VEH,1.9449802347545564,7.259327926836335,2.1732515762616615e-7,1.4324854410953386e-5,17.3349822960195
Q9JKL4,Ndufaf3,sex_in_VEH,-0.1264244507092549,-0.5287573074810208,0.6020377846426191,0.7369772880969993,17.70153103287246
Q9JLR9,Higd1a,sex_in_VEH,-1.1208872805515284,-4.684840540796358,1.0201080420225218e-4,0.0012328114209974306,22.202590944493576
Q9JLT4,Txnrd2,sex_in_VEH,0.4838221688703257,1.3430343196127428,0.19235987021394524,0.32230208342631533,17.08276596020888
Q9JLZ3,Auh,sex_in_VEH,1.1175409570204913,4.139458734875328,3.9743785054276366e-4,0.003092393138469723,18.882266818344768
Q9QYA2,Tomm40,sex_in_VEH,-0.3830181860359829,-1.0936174527306501,0.28544052763481764,0.4375664407155805,15.347421893583782
Q9QYR9,Acot2,sex_in_VEH,0.306036408470888,1.4988052145674322,0.1475201612674897,0.2685623448715838,16.73908737631368
Q9QZ23,Nfu1,sex_in_VEH,-0.11109254235683785,-0.3248694776803615,0.7482152428521954,0.8503994610877785,16.014269133829536
Q9QZH6,Ecsit,sex_in_VEH,0.7155431540047985,2.3167671233370335,0.029770258732199118,0.08168843941975411,17.143985913362997
Q9R0X4,Acot9,sex_in_VEH,-1.4680060841437914,-4.08549308197218,4.545701586242691e-4,0.003442611334647798,16.774294268767658
Q9R112,Sqor,sex_in_VEH,-0.07192879296647448,-0.21725903263543445,0.8299215027122813,0.8961889991265698,18.02183613648748
Q9WTP6,Ak2,sex_in_VEH,-0.70292329388014,-3.0497269847555226,0.005683038087321402,0.02322277434243566,18.9681549514235
Q9WTP7,Ak3,sex_in_VEH,-0.7582884465474713,-3.3290735000104377,0.0029173734977816453,0.0146624171072768,16.08060659432696
Q9WTQ8,Timm23,sex_in_VEH,0.010265603818533364,0.04084391852656052,0.9677726810936782,0.9851162775290488,15.640169169827763
Q9WUM5,Suclg1,sex_in_VEH,0.02659813717173165,0.12994738675480375,0.8977374333214599,0.9339100038948521,20.261502016569118
Q9WUR2,Eci2,sex_in_VEH,-1.895230412057785,-7.735466228808872,7.579910903474182e-8,7.175648988622227e-6,19.443745365464746
Q9WUR9,Ak4,sex_in_VEH,-2.997973637429995,-11.20847318839823,8.479430896087128e-11,4.816316748977489e-8,17.107457527484193
Q9WV98,Timm9,sex_in_VEH,0.05186874798139485,0.24333733349641934,0.809900473671646,0.88296251256333,19.589391319744536
Q9WVA2,Timm8a1,sex_in_VEH,-0.10801856845276347,-0.32924459287570185,0.7449491302320095,0.8503994610877785,21.143978889142627
Q9WVL0,Gstz1,sex_in_VEH,-0.43107487528252797,-1.7324124778155805,0.09658616750803649,0.19593193980201687,16.249320633968708
Q9Z0V7,Timm17b,sex_in_VEH,-0.8174729325265062,-3.4638811650722245,0.002104464247054856,0.011552251810803212,18.566409473043464
Q9Z0X1,Aifm1,sex_in_VEH,0.0985867847125732,0.6241245955198267,0.5386853193657309,0.678432952105843,19.810405972137474
Q9Z1J3,Nfs1,sex_in_VEH,0.05190612041737097,0.32236340154791543,0.7500882570510159,0.8503994610877785,16.956508493423907
Q9Z1P6,Ndufa7,sex_in_VEH,0.23708160689392344,0.9357199606606278,0.35913526851065936,0.5203796747807513,20.266296310433177
Q9Z2I0,Letm1,sex_in_VEH,-0.18765065745410325,-0.8589295646751431,0.39923968419962863,0.5598333190691136,18.215600920970914
Q9Z2I8,Suclg2,sex_in_VEH,-0.6274643849227743,-2.4085904994306415,0.024421545675115744,0.06935718971732871,17.69606931366383
Q9Z2I9,Sucla2,sex_in_VEH,-0.27118825554585513,-1.8436001176507175,0.0781597525014599,0.1675273185691669,19.58093085995519
Q9Z2Q5,Mrpl40,sex_in_VEH,1.2265477324754954,2.944001521774367,0.007283650415592228,0.027398102225538977,17.477804889813175
Q9Z2Y8,Plpbp,sex_in_VEH,-1.48817647606454,-3.2401178186661737,0.003613257942427188,0.016961409184286305,16.102449621259094
Q9Z2Z6,Slc25a20,sex_in_VEH,0.14333866155513775,0.5151505399626719,0.6113619094171244,0.7467818592450035,17.925074068562676
S4R2K0,Pdf,sex_in_VEH,-0.809407453772323,-2.931687695720779,0.007495952394135126,0.02782811084881537,16.535289689863692
A0A0R4J083,Acadl,sex_in_PAS,0.519973993263406,3.428815056549055,0.0022916753472328353,0.006960810680364976,19.293406255798864
A0A0R4J0P1,Acad8,sex_in_PAS,-1.5739067200300418,-6.902364686184243,4.881342700025316e-7,1.107386257163167e-5,17.700682913284673
A0A0R4J1J1,Pnkd,sex_in_PAS,0.5783982593878711,1.7506539332631244,0.09332971342423342,0.14444489707074817,17.85263690042878
A0A2R8VHX1,Ndufa6,sex_in_PAS,0.6104073025138241,2.640750093037261,0.014607562534414987,0.03154789170930689,14.696686243856462
A0A494B9G1,Mrpl49,sex_in_PAS,1.2523756565876187,3.75272863580118,0.0010369057218819328,0.003635570679190974,15.060386351925336
A2AIL4,Ndufaf6,sex_in_PAS,0.5638380103466858,1.4788147434947378,0.15275085191676185,0.2185452994678104,17.746569904168698
A2APY7,Ndufaf5,sex_in_PAS,-0.5594490114365804,-3.0194812610105872,0.006102728136521415,0.015270262473762834,17.19287338605944
A2ASZ8,Slc25a25,sex_in_PAS,0.27742850327749125,1.1216306159153757,0.2735892343755425,0.35479151855093183,13.522502239548661
A6H611,Mipep,sex_in_PAS,-1.8990359536639332,-8.306324270085874,2.2310564925408913e-8,1.2672400877632262e-6,17.29212432370021
B1AR13,Cisd3,sex_in_PAS,-0.34770578792772966,-1.5917290142686058,0.12509246170828492,0.18399513616842067,17.098756488277086
B1AXP6,Tomm5,sex_in_PAS,0.2643073989861655,0.8975416384628949,0.3787260496818241,0.45769446004101294,14.784284865558064
D3Z7P3,Gls,sex_in_PAS,-2.542742739546572,-5.676115537167596,1.794218165662568e-5,1.476979591443969e-4,15.539181279215011
D3Z7Q2,Smim20,sex_in_PAS,0.4774490729421341,1.6858944576582056,0.10533161136338921,0.15878329572391123,16.17170548912309
D3Z7X0,Acad12,sex_in_PAS,0.14958163098016897,0.6356951737054213,0.5312476468153455,0.5928264506701695,17.988737317081423
E9Q4Z2,Acacb,sex_in_PAS,-0.48366586190221383,-1.7618466128327066,0.09137844381932264,0.14219987969691852,15.368288297402543
F7BP55,Ak2,sex_in_PAS,0.37645328424128977,1.1007841969182297,0.2847352663424629,0.3667338577834896,14.649902001328845
G5E902,Slc25a3,sex_in_PAS,-0.8843588721553104,-3.133851053247194,0.004656568301949286,0.012077309568526,21.427402152007804
O08600,Endog,sex_in_PAS,2.2397582501913096,8.535023368621395,1.3835880804554846e-8,9.823475371233941e-7,17.202096926191558
O08709,Prdx6,sex_in_PAS,-2.523579451768521,-9.192801952597597,3.6376825013527407e-9,4.791642740598721e-7,17.262508225224558
O08715,Akap1,sex_in_PAS,0.7848938720869416,2.2690391340512313,0.032956323663836995,0.06126018112987171,15.370937789502523
O08749,Dld,sex_in_PAS,1.5186734650895737,6.639220456369267,8.956340438037555e-7,1.8168576317161897e-5,20.005178870122126
O08807,Prdx4,sex_in_PAS,2.8287275382865573e-4,5.730116414639786e-4,0.99954774208439,0.99954774208439,18.146646492556567
O09111,Ndufb11,sex_in_PAS,0.3712414596670577,2.2408758185353186,0.03497935778681832,0.06429862531686992,20.121202223710686
O09174,Amacr,sex_in_PAS,0.33590594195024437,0.8956195029498853,0.37973060658577984,0.45793414976798924,16.336209515236646
O35129,Phb2,sex_in_PAS,-0.642749725263748,-2.6648517440327755,0.013834768823103243,0.02999293393710932,19.524119559543077
O35435,Dhodh,sex_in_PAS,0.26133615146935085,0.9941142238155097,0.3305076573946618,0.40988722576455877,17.20477403824389
O35459,Ech1,sex_in_PAS,0.3144205837981495,1.852333437234146,0.07685078555328347,0.12191700653920307,18.506903598778788
O35465,Fkbp8,sex_in_PAS,-1.5429320539126081,-5.741590973319949,7.550764747890248e-6,7.575262020812982e-5,16.634003406362197
O35683,Ndufa1,sex_in_PAS,0.9508807906502597,5.0427754686734225,4.1908021173166735e-5,2.7678786077161286e-4,20.16424114714534
O35855,Bcat2,sex_in_PAS,-0.6406708538881212,-2.272334987893229,0.03272668295425213,0.061147223414523715,18.622921047788584
O35857,Timm44,sex_in_PAS,-0.3994708980811623,-1.903679466266828,0.06953396239113538,0.11204996984493995,17.611978984529834
O35972,Mrpl23,sex_in_PAS,0.41851791783404124,2.0979550562570743,0.04709017059905042,0.08080782638908159,17.967807436644307
O55003,Bnip3,sex_in_PAS,0.5736811944711349,1.6855970323374223,0.10538961705618756,0.15878329572391123,17.666235462438603
O55028,Bckdk,sex_in_PAS,0.8627055335900486,3.4866650633437,0.001990918992500921,0.006179464413882639,17.518990082971126
O55126,Nipsnap2,sex_in_PAS,-1.1227244245860923,-3.743788493758124,0.0010600143736893446,0.0036937924187456918,19.686210631892983
O70325,Gpx4,sex_in_PAS,1.7275487683925022,5.1111952625308446,3.5379176126723016e-5,2.480910128392429e-4,18.41085432936873
O70571,Pdk4,sex_in_PAS,-0.030676193962758447,-0.05841151398156742,0.9539251853736648,0.9623969898618856,16.372635921011042
O88441,Mtx2,sex_in_PAS,-0.9886898310653436,-2.5801296311143704,0.016734174443649493,0.03546645926863027,14.05059315727351
O88587,Comt,sex_in_PAS,-0.5134436472613189,-1.2061437654841483,0.24001854672107945,0.3215342795697479,16.48150727581075
O88696,Clpp,sex_in_PAS,-0.16884851175117177,-1.0354011383828254,0.3112418547178476,0.39257128486817533,18.69698902716403
O88967,Yme1l1,sex_in_PAS,0.5112791460380564,2.200429662671112,0.03808257862665479,0.0691912410216605,16.884593086829614
P05202,Got2,sex_in_PAS,-1.5063985087176484,-6.191310875221749,2.5658218496880152e-6,3.8670715227677825e-5,19.963625641097416
P08074,Cbr2,sex_in_PAS,2.3779659907019415,7.377400385351873,1.6690034392352626e-7,5.266633074920162e-6,15.987902729404746
P08228,Sod1,sex_in_PAS,-1.4309514671483363,-4.7607492744972175,8.443734945674316e-5,4.6741535953603505e-4,20.177997251829776
P08249,Mdh2,sex_in_PAS,0.4819382924950446,2.7728913727763,0.01082021232577233,0.024485580083819458,22.768915352799414
P09671,Sod2,sex_in_PAS,-1.3048627271352977,-5.171267484411066,3.0498067973533234e-5,2.2497276115541397e-4,18.087123881873335
P09925,Surf1,sex_in_PAS,1.6792167259910897,5.738803718621829,7.601935478632746e-6,7.575262020812982e-5,17.105258487647017
P0DJE0,Pet100,sex_in_PAS,1.091008989973087,2.9006753569547503,0.008057130638149187,0.019309916466112822,16.800404677143774
P0DJF2,Pet117,sex_in_PAS,-0.5527946518885685,-1.195974388442978,0.24388663986025066,0.323662643552856,17.962577839827127
P11352,Gpx1,sex_in_PAS,-1.6729717860128428,-6.174842824258136,2.6682440452567185e-6,3.8670715227677825e-5,15.671807710698825
P12787,Cox5a,sex_in_PAS,1.0754982556722759,5.2285346649227415,2.6478994195072398e-5,1.9789564082633055e-4,23.687227242615222
P16125,Ldhb,sex_in_PAS,-1.3953834905262603,-5.885285759885394,5.3360303139404035e-6,5.937789166500305e-5,16.887327979931513
P16332,Mmut,sex_in_PAS,-0.6618319229861349,-3.786699514274476,9.535364813979732e-4,0.003406344159962571,18.21768222977618
P17665,Cox7c,sex_in_PAS,0.36396389045787103,0.7311660007208907,0.47205888157733744,0.540658985410427,17.96507016548738
P19096,Fasn,sex_in_PAS,-1.3638349457718615,-2.6499144378667516,0.015799739600838882,0.03386510223877919,14.629452164069951
P19783,Cox4i1,sex_in_PAS,-0.18791933574552644,-1.106188864420191,0.28007698478247384,0.3615539258101026,21.674735984971424
P20108,Prdx3,sex_in_PAS,0.9882824399570538,3.7400006962673316,0.0010699574407966805,0.0037057062583689907,20.44503913382288
P22315,Fech,sex_in_PAS,-0.32598452628015906,-1.6399283909720743,0.11462208124646259,0.17132984775787038,18.3074342289911
P24270,Cat,sex_in_PAS,0.3101361465526118,1.1473986433197707,0.2630081273961856,0.3426344411950308,16.67050723076152
P26443,Glud1,sex_in_PAS,-0.3014334095340452,-1.546560773280846,0.13561418353968743,0.19750988782190373,18.639282786190513
P28352,Apex1,sex_in_PAS,0.5428943197865621,1.3302062430328583,0.19648585710206673,0.269574799115879,18.10128821715214
P29758,Oat,sex_in_PAS,0.42221652572713,1.9275009095622435,0.06635149126514156,0.10829783631781725,18.712349208007254
P31786,Dbi,sex_in_PAS,-2.102002153862781,-4.962683386292067,8.63009978653119e-5,4.6779705011867434e-4,18.082529027158046
P32020,Scp2,sex_in_PAS,-0.7962546861496556,-2.7140591358160413,0.012374882850513544,0.027456771324576926,18.06360010984855
P35290,Rab24,sex_in_PAS,0.08738986959215644,0.34936555561708627,0.7299921576862569,0.7779278528438911,14.982644615864189
P35486,Pdha1,sex_in_PAS,-0.11949504883084572,-0.7595660495423086,0.4552264051535341,0.5276910165861374,20.635471677646553
P36552,Cpox,sex_in_PAS,0.05318380504644615,0.15178381881646702,0.8806804812387992,0.9045687402235767,15.18807508859257
P38060,Hmgcl,sex_in_PAS,-1.2600793933300451,-6.528687955686429,1.1586816038601477e-6,2.2694177620433234e-5,16.644575021902135
P38647,Hspa9,sex_in_PAS,-0.06253567881896416,-0.4395359070721047,0.6643738988323048,0.7215380010262888,20.164178605753797
P40630,Tfam,sex_in_PAS,-0.13793492890125592,-0.7700356966347646,0.4491130925523097,0.5216691954390836,17.9934865704064
P41216,Acsl1,sex_in_PAS,-0.06356631625572717,-0.3162618877624899,0.7546550156520526,0.7997090464372497,20.10178573780906
P42125,Eci1,sex_in_PAS,-0.18890750024199576,-1.006473032593689,0.3246560800687356,0.4052849527011908,19.422700825981313
P43023,Cox6a2,sex_in_PAS,1.200870421162815,3.2578797876083865,0.0034625481139300045,0.009483721188972534,19.838630227846004
P45952,Acadm,sex_in_PAS,-0.4092776505129976,-3.1781398488033,0.0041905017624268535,0.011019467597492838,19.729517160301853
P46656,Fdx1,sex_in_PAS,1.0099146666943781,4.019139839272989,5.361024641019804e-4,0.0020856589014378413,18.162533481000853
P47738,Aldh2,sex_in_PAS,-1.957543433625311,-9.027546260613601,5.061594444294423e-9,4.791642740598721e-7,18.21923443434695
P47740,Aldh3a2,sex_in_PAS,-0.10214505113638062,-0.3611019687141624,0.7220054086740312,0.7708629175316725,14.107106230931544
P47791,Gsr,sex_in_PAS,-1.0221324324383492,-1.7200179412025247,0.10166897403158887,0.1548203143430093,15.204882716233971
P47934,Crat,sex_in_PAS,-0.6139435936780764,-3.310917387143557,0.0030479106357646497,0.008699564025700105,18.569613021971627
P48771,Cox7a2,sex_in_PAS,-1.9199083738963765,-4.250058971842388,3.017105779105309e-4,0.0012885083327306885,18.939578649392214
P48962,Slc25a4,sex_in_PAS,-0.8053500337827195,-2.784842843180903,0.010527846798210245,0.02411216524751379,22.211912661348386
P50171,Hsd17b8,sex_in_PAS,-0.41783712632016545,-2.7759924000939113,0.010743622567473528,0.024409510473299853,18.589152396577255
P50544,Acadvl,sex_in_PAS,-0.4547571559096184,-2.9703229833389724,0.006848953835491701,0.016840717656100804,19.6678737850599
P51175,Ppox,sex_in_PAS,-0.8733102923655807,-2.418029170751562,0.023925202186317183,0.04751578616023832,16.107134694186197
P51660,Hsd17b4,sex_in_PAS,0.016436073875677693,0.06035749181015696,0.9523921168094408,0.9623969898618856,16.55047872473291
P51881,Slc25a5,sex_in_PAS,-0.30588889821270726,-1.2396236570096362,0.22760974208108026,0.30854972196194175,18.420018399832635
P52196,Tst,sex_in_PAS,-1.0424221265954827,-4.327592257313751,2.486683308268202e-4,0.00109491172022972,17.286137795040954
P52503,Ndufs6,sex_in_PAS,0.5246666326653049,2.263381093321173,0.03335398130348041,0.06171029765595073,21.767483136056747
P52825,Cpt2,sex_in_PAS,-0.4429718849187907,-1.8443339680756938,0.07804902174905518,0.12314401209295371,18.27340892896026
P53395,Dbt,sex_in_PAS,-0.30298744283474477,-1.5905294003201373,0.12536288326968098,0.18399513616842067,18.6574382911788
P53702,Hccs,sex_in_PAS,0.5901182419126609,3.2243999544053037,0.0037519069935715585,0.010099920248097844,15.41577522653032
P54071,Idh2,sex_in_PAS,-1.1988141817941163,-5.415778421834853,1.6708817233386096e-5,1.4165086848601943e-4,19.034502746533537
P54116,Stom,sex_in_PAS,-0.17396297168875385,-0.25869473250927044,0.7981709893819298,0.8333844153840738,15.342355233487883
P56135,Atp5mf,sex_in_PAS,-0.27687603192587673,-1.1581934661798254,0.25866605778611773,0.33853069313943523,22.052293622337785
P56213,Gfer,sex_in_PAS,0.28053565450072426,0.9780196028627707,0.33823654557744454,0.4176486041043228,18.54285067308123
P56379,Atp5mj,sex_in_PAS,0.8262542921270395,3.3548086355785847,0.0027416134329775166,0.00806858253850378,21.26345883437893
P56382,Atp5f1e,sex_in_PAS,-0.01976289052534952,-0.09118163080643811,0.9281374549523409,0.9430806340123965,19.77085579710897
P56391,Cox6b1,sex_in_PAS,1.0623299597507199,5.494080833756584,1.3793589423612762e-5,1.2436125067638172e-4,22.37881869522562
P56392,Cox7a1,sex_in_PAS,-0.5610226085449668,-1.9020349803201158,0.06975851227477012,0.11204996984493995,21.158468630629535
P56393,Cox7b,sex_in_PAS,0.44082966467975737,1.3596533332828031,0.18711591729858354,0.2598578020185708,17.89279079820904
P56394,Cox17,sex_in_PAS,-1.0026592420080398,-1.581228946609433,0.13032212924587425,0.190290409798603,17.239940282259404
P56480,Atp5f1b,sex_in_PAS,-0.7683449726661848,-5.120835296976256,3.454574425341189e-5,2.452747841992244e-4,22.404673355111626
P56501,Ucp3,sex_in_PAS,-0.015872971760156673,-0.06555076993803695,0.9483017156511311,0.9601343573793983,16.40945582712009
P58059,Mrps21,sex_in_PAS,0.6077473001796925,2.358672701618768,0.027208201642876344,0.05256550521480872,17.280739008958015
P58281,Opa1,sex_in_PAS,-0.7684984739780845,-2.7055693475629443,0.012615925564230322,0.027882668173084917,16.394705506475532
P59017,Bcl2l13,sex_in_PAS,0.23631989252525543,1.0091117104014116,0.3234161027071498,0.4046263135190773,16.56507910769216
P60603,Romo1,sex_in_PAS,-0.16660737328675523,-0.7343603349674745,0.47014754115762647,0.5405745007642345,18.53347662557061
P62073,Timm10,sex_in_PAS,-0.41193296917869304,-1.5942795966977428,0.12451911052586705,0.18370611630829217,19.002386251350828
P62075,Timm13,sex_in_PAS,-0.24838977259069495,-1.188446132084683,0.24678007593397647,0.3259792630941829,18.4303865652872
P62077,Timm8b,sex_in_PAS,0.4421944722790343,1.5304618945917932,0.13953633893684877,0.20270240541209744,17.949456751032685
P62897,Cycs,sex_in_PAS,-1.4710203993221747,-6.983697050947973,4.05358060077072e-7,9.694833863661376e-6,16.792007668935106
P63030,Mpc1,sex_in_PAS,-0.5524743774339704,-1.88307624227428,0.07239342916560719,0.1155041229383845,20.2772397954913
P63038,Hspd1,sex_in_PAS,-0.26677061425956694,-2.007104611008279,0.05662637594857352,0.09515296497029904,19.951037124589853
P67778,Phb1,sex_in_PAS,0.14051611761067662,0.7865634975545,0.4395640906185865,0.51162377760524,19.98071318776655
P70349,Hint1,sex_in_PAS,-1.1161575182088832,-3.496236948816374,0.0019450228472383257,0.006103718106250658,19.034908596346053
P70404,Idh3g,sex_in_PAS,-0.397780482835671,-2.1998567842065446,0.03812827190102066,0.0691912410216605,19.5198683779633
P85094,Isoc2a,sex_in_PAS,-0.646618056452585,-2.6159905411494204,0.015443544279997955,0.033227019511510754,17.5401018750669
P97287,Mcl1,sex_in_PAS,1.1377446718146569,3.755832042451427,0.0010290005810616029,0.0036302629195216797,14.787980074800789
P97450,Atp5pf,sex_in_PAS,-0.8972491897275603,-3.5516293707159328,0.0016990524322616609,0.005421695401823727,21.45047258798404
P97478,Coq7,sex_in_PAS,-0.31898300363682,-1.7583336266953977,0.0919870812989192,0.1427559075895795,16.89971153240462
P97742,Cpt1a,sex_in_PAS,1.2196046227519588,4.3812385254792545,2.1752055173072525e-4,9.728478219137948e-4,18.584171225399555
P97807,Fh,sex_in_PAS,-0.7829929683243435,-4.557931271463383,1.3997727898907593e-4,6.795478159469669e-4,19.658431521601436
P97823,Lypla1,sex_in_PAS,-2.093067105117502,-3.710091526402457,0.00209346367340714,0.0064624313396481285,15.685000399044316
P99028,Uqcrh,sex_in_PAS,1.82125245542273,4.549949159725778,1.427920811149481e-4,6.87338153163479e-4,21.48169653791273
P99029,Prdx5,sex_in_PAS,-0.04636844035951526,-0.2678055596233951,0.7912351304956167,0.8276640039070171,18.62284632070557
Q03265,Atp5f1a,sex_in_PAS,-0.7542839235912879,-2.6750967505109355,0.013518062155437948,0.029531766554956745,23.554731301807934
Q06185,Atp5me,sex_in_PAS,0.6622752329674242,4.3192785333803965,2.5387875525569384e-4,0.0011092548691171852,19.943104525725346
Q07417,Acads,sex_in_PAS,-0.9503217606338552,-4.897181950830711,6.014048720218588e-5,3.634020928812934e-4,19.578766042117483
Q14C51,Ptcd3,sex_in_PAS,2.821494321529304,10.394119984616998,2.800075825046787e-9,4.791642740598721e-7,18.095708984881814
Q2TPA8,Hsdl2,sex_in_PAS,-0.2682274224225303,-1.0450824709940467,0.3068407567137932,0.38990055886674396,16.507007564281004
Q3KNM2,Marchf5,sex_in_PAS,-0.5255851502778093,-2.1044320318392318,0.04646865071932344,0.08022551248807208,18.18682592016858
Q3TC33,Ccdc127,sex_in_PAS,0.13290049160813666,0.5780119310087134,0.5688705240173226,0.6310907375817173,18.019613773518472
Q3TC72,Fahd2a,sex_in_PAS,-0.4777225029152312,-1.7365801984379121,0.09583372633807669,0.1475164134418091,17.12812969705368
Q3TEY5,Immt,sex_in_PAS,1.100445791921338,3.3713824971736273,0.0026339201113399226,0.007792013662713938,22.156762803989743
Q3TJA9,Dnaja3,sex_in_PAS,1.1329446114989956,3.6960970517621874,0.0011921233993195635,0.004054647250380312,17.946415700181515
Q3TL44,Nlrx1,sex_in_PAS,-0.4458224886062929,-1.8509510757701695,0.07705669955558785,0.12191700653920307,17.43570418026423
Q3TLP5,Echdc2,sex_in_PAS,0.9590622936119182,3.20315430765755,0.003947525350214549,0.010576388674159734,17.891414776573328
Q3TUH1,Tamm41,sex_in_PAS,-2.1048904965202038,-5.70676851508295,4.1465534350902824e-5,2.7678786077161286e-4,16.844140825912138
Q3U6K8,Vdac1,sex_in_PAS,0.6387569879384749,2.1504967466839187,0.042256709237015355,0.07430901190905487,22.570464276372736
Q3UFY8,Trmt10c,sex_in_PAS,0.25648841856487437,0.8932887605805784,0.38580224515844663,0.46427049841101203,14.541934470843582
Q3UHB1,Nt5dc3,sex_in_PAS,0.24594874856508397,1.0374551172551645,0.3125417036172017,0.39275152135966934,15.268731294764473
Q3UIU2,Ndufb6,sex_in_PAS,0.9249814173321091,3.562423459267687,0.0016547982902764878,0.005340485391346847,20.20055471714745
Q3ULD5,Mccc2,sex_in_PAS,-0.05692819433800622,-0.2786038972081904,0.7830374206515864,0.82060010134705,17.824464350695074
Q3ULF4,Spg7,sex_in_PAS,-0.8280503679326898,-2.9462625575382666,0.007245297642526593,0.017738487331703037,16.75002726876839
Q3UMR5,Mcu,sex_in_PAS,-1.2719114992708036,-2.9261347343138078,0.007593612817289999,0.018511468155453733,18.16965417436568
Q3UN04,Usp30,sex_in_PAS,-0.169081390913707,-0.7364674072602369,0.4728014142658793,0.540658985410427,13.042727281664355
Q3UQ84,Tars2,sex_in_PAS,0.42052308651119574,1.7377909397075912,0.09561607853664926,0.1475164134418091,16.45378678238253
Q3URS9,Ccdc51,sex_in_PAS,0.4537396197363037,2.005666364859304,0.056790237896005936,0.09515296497029904,15.370993832824022
Q3UV70,Pdp1,sex_in_PAS,0.16089727737665882,0.8134549396612358,0.4242956190754281,0.49690703429864574,17.952259268670964
Q4VAE3,Tmem65,sex_in_PAS,0.4564310374145677,1.4632191813547706,0.15693521278253733,0.222848002151203,19.313383323889347
Q505D7,Opa3,sex_in_PAS,0.6821966064662384,1.415689462108398,0.17026101038396782,0.2405677957664023,16.918400583418936
Q59J78,Ndufaf2,sex_in_PAS,-0.3595319671756556,-1.9593345353811662,0.06229865318279161,0.10284346902193824,19.241215203298683
Q5EBQ0,Vdac3,sex_in_PAS,-0.5554672750961132,-1.9039826408042038,0.06949263389718208,0.11204996984493995,18.64837228601816
Q5IRJ6,Slc30a9,sex_in_PAS,0.30668740549964113,1.3550434248365817,0.18855912417378554,0.2612233720261224,17.67496272504482
Q5M8N4,Sdr39u1,sex_in_PAS,-0.1051838605900457,-0.64768466042828,0.5235996621497219,0.5865968601598461,18.289447698143256
Q5ND52,Mrm3,sex_in_PAS,0.2898365039318165,0.8721545389885353,0.39213453846236557,0.4696035850795143,16.962848246165763
Q5SSK3,Tefm,sex_in_PAS,0.9172001910545688,3.620488972182272,0.0014354384552852898,0.004685799095414049,15.253854024109753
Q5SUC9,Sco1,sex_in_PAS,-0.4363734544664908,-2.268374016096908,0.033002844059402715,0.06126018112987171,17.77846963348916
Q5U458,Dnajc11,sex_in_PAS,-0.4779361134443292,-2.273997870184459,0.03261137559614987,0.061132875704993817,17.563543297958123
Q60597,Ogdh,sex_in_PAS,-0.019786624663687746,-0.1723789963399471,0.8646468659373286,0.896203320898545,19.49502187402319
Q60649,Clpb,sex_in_PAS,1.3947748661390662,4.6944171510336385,9.960546488859499e-5,5.193008845735912e-4,16.717281023928717
Q60759,Gcdh,sex_in_PAS,-0.6351333822131124,-3.9752859085720096,5.977883569851514e-4,0.002309821678690925,17.106410584417084
Q60930,Vdac2,sex_in_PAS,-0.6735198950434089,-3.0042611466719604,0.006325014858783513,0.015757054560478226,20.141772618902486
Q60931,Vdac3,sex_in_PAS,-1.0833614866209835,-4.1348611951015775,4.0201346040768366e-4,0.001649484010854997,19.77399469765784
Q60932,Vdac1,sex_in_PAS,-0.7635815384460614,-3.267923657734783,0.0033800415803085493,0.009319726299103185,22.235953729541382
Q60936,Coq8a,sex_in_PAS,-1.179162855732681,-4.584607299003925,1.3096751745369795e-4,6.46865651423482e-4,18.138233821931756
Q61102,Abcb7,sex_in_PAS,-1.9521290495133563,-3.667239994805829,0.0012797895975167881,0.004250997025669799,16.649626281664723
Q61171,Prdx2,sex_in_PAS,0.7214844362186845,2.69234643422894,0.013000187923108615,0.028510064634462137,18.543360990293703
Q61425,Hadh,sex_in_PAS,0.09999332102238512,0.5382716677079751,0.5955588697084098,0.6543083907047906,18.294500439409013
Q61586,Gpam,sex_in_PAS,-0.7813776001279127,-2.0324833716473316,0.06019127264825664,0.10025994974841576,15.2771683480135
Q61733,Mrps31,sex_in_PAS,1.6291918241376138,3.9590978139793274,8.405934744984332e-4,0.0030606223943276285,18.637587350767937
Q62425,Coxfa4,sex_in_PAS,1.0605882566168674,2.88268302468278,0.008400844287163506,0.019799500228667517,21.845770034568027
Q64105,Spr,sex_in_PAS,-1.4990833690668524,-5.080230634088279,3.819612300620331e-5,2.609847955159944e-4,15.465806033575955
Q64133,Maoa,sex_in_PAS,-0.3656803143302838,-1.212877844952019,0.23748261177237462,0.31957228906037694,15.937056186183403
Q64433,Hspe1,sex_in_PAS,0.68626068684922,2.3765994022053656,0.02617539250934751,0.05091651693599105,21.210776291329633
Q64521,Gpd2,sex_in_PAS,-0.7922707225755659,-6.2439728128447465,2.264413609707811e-6,3.7829027362177546e-5,20.90868237264261
Q66GT5,Ptpmt1,sex_in_PAS,0.4619800185577265,2.180582498289953,0.039694845096621724,0.07112514831192789,13.993636905533478
Q6NVE9,Pptc7,sex_in_PAS,1.2868608301904025,4.751164546977731,8.647656736348733e-5,4.6779705011867434e-4,17.314252497008646
Q6P3A8,Bckdhb,sex_in_PAS,-1.9222757328619515,-5.91466945903856,4.971623641296377e-6,5.77852380667135e-5,17.966594721297795
Q6P8J7,Ckmt2,sex_in_PAS,1.083195952093405,6.885896583405439,5.069021599690553e-7,1.107386257163167e-5,21.111845102103608
Q6PB66,Lrpprc,sex_in_PAS,-0.7199031778281721,-3.556253539074358,0.0016799538956083582,0.005391038489861851,17.489824858595615
Q6PCP5,Mff,sex_in_PAS,0.46639168418280974,3.2566345856328285,0.0034729119846941673,0.009483721188972534,16.655992691695353
Q6RUT7,Uqcc4,sex_in_PAS,-0.24716810997993832,-1.0049243075277325,0.3253853975299026,0.4053046179758436,19.2703994810528
Q6XPS7,Tha1,sex_in_PAS,-1.0900563527663607,-4.91009213835535,5.8242358069125114e-5,3.634020928812934e-4,17.30032927955073
Q71RI9,Kyat3,sex_in_PAS,-1.1709322508369926,-4.515053679238542,4.102153551062967e-4,0.0016643022978598322,16.06768684022334
Q78IK2,Atp5mk,sex_in_PAS,-1.0586326618115791,-4.769978841916108,8.251938568300905e-5,4.640694165143479e-4,21.244260773196622
Q78IK4,Apool,sex_in_PAS,-0.39686027900046383,-1.6892357511834295,0.10468182579599278,0.15855807213899706,18.368536608621532
Q78J03,Msrb2,sex_in_PAS,1.4420189142071305,5.284995229340576,2.304040829202422e-5,1.792733138338323e-4,16.68013316655729
Q78PY7,Snd1,sex_in_PAS,0.5526952764260322,3.1917812205421745,0.004056259562809624,0.010716071775236589,16.563064601751364
Q791V5,Mtch2,sex_in_PAS,-0.6381737932615863,-2.14790235239712,0.0424844655458058,0.07447893959882004,19.70844573034464
Q7TMF3,Ndufa12,sex_in_PAS,-0.2524837341654589,-1.1931922829446753,0.24495295128773764,0.3243199914485664,19.360190214745792
Q7TNG8,Ldhd,sex_in_PAS,0.7663575036242527,2.5311704733971188,0.018659580979081367,0.03868117516831466,15.555696521192848
Q7TNS2,Micos10,sex_in_PAS,-0.16338376442762126,-0.5427603005551881,0.5925140969553435,0.6523243569909047,20.881942878238526
Q7TSQ8,Pdpr,sex_in_PAS,-0.41312002211782684,-1.8279480497130438,0.0805541526646339,0.12639436108704988,18.3969830298035
Q80U63,Mfn2,sex_in_PAS,-1.5897026145169697,-3.2006917368197154,0.003970827419656861,0.010588873119084963,16.64431276278809
Q80VL1,Tdrkh,sex_in_PAS,1.406069311477312,3.1479244714745254,0.005294861138954073,0.01330743861471643,14.904582832200209
Q80X85,Mrps7,sex_in_PAS,0.5511893606103371,1.692269987854821,0.10409469632366619,0.15809034094075508,17.6240846213152
Q80XL6,Acad11,sex_in_PAS,-0.6045940557297413,-1.756605432686264,0.09936174703490393,0.15171363525759524,16.1405241527244
Q80XN0,Bdh1,sex_in_PAS,1.996279803522313,7.270442838653516,2.1197422312875147e-7,6.020067936856542e-6,17.69145801415879
Q80Y14,Glrx5,sex_in_PAS,0.8421727157316674,2.700251470777252,0.012769159417021283,0.028111947863829798,16.390261136707757
Q80YD1,Supv3l1,sex_in_PAS,1.276948599482111,5.096388147018041,3.669905850545321e-5,2.542081125743588e-4,15.860282544651415
Q80ZS3,Mrps26,sex_in_PAS,1.021357033748945,4.140991133275074,3.9592429680537024e-4,0.001649484010854997,17.049286272921005
Q811U4,Mfn1,sex_in_PAS,-0.698045014801572,-2.720725851926172,0.012188653870474169,0.027149629013448345,16.572064572201384
Q8BFR5,Tufm,sex_in_PAS,-0.6063994316044976,-4.302165181859526,2.6494955537366486e-4,0.001148788911849173,18.93992336041685
Q8BG51,Rhot1,sex_in_PAS,-1.037161440481725,-2.8326369061533763,0.009431852880370135,0.021806873013613674,17.033100134393752
Q8BGA9,Oxa1l,sex_in_PAS,0.5338180580874976,2.154215891573494,0.041932133430371984,0.07396724157904126,16.456211688565595
Q8BGB8,Coq4,sex_in_PAS,-0.9782850597082344,-2.468087019137022,0.021445242603160313,0.043042041691148614,17.349706339696667
Q8BGC4,Ptgr3,sex_in_PAS,0.20909709406289778,1.0384385517665413,0.3098563021094206,0.3919785737152581,18.495509434764386
Q8BGD8,Coa6,sex_in_PAS,0.9409547232868789,3.0019753117921892,0.006359062274959027,0.01577269594836999,18.004303934398575
Q8BGH2,Samm50,sex_in_PAS,-0.769735361442276,-2.3812814101903523,0.025911658389191967,0.050576707783714904,18.68848696687984
Q8BGT5,Gpt2,sex_in_PAS,-0.5446965667440935,-2.7333661528371103,0.01184279904380983,0.02648310967277159,18.242809334469165
Q8BGX2,Timm29,sex_in_PAS,0.4461188063395305,1.8545294678864066,0.07652465185186186,0.1217535077082844,17.087510437429945
Q8BGY7,Fam210a,sex_in_PAS,-1.1935088172684694,-4.234225290511321,3.138575708132833e-4,0.0013303813449398875,17.37977255144542
Q8BH59,Slc25a12,sex_in_PAS,-1.1079149326233875,-4.662598586517149,1.0782472669880142e-4,5.517517546389119e-4,20.41162801353551
Q8BH86,Dglucy,sex_in_PAS,0.680156565660285,2.197229393864,0.03833847180986859,0.06935112098090879,15.603056137586114
Q8BH95,Echs1,sex_in_PAS,-0.8653049559938815,-5.423097644312921,1.6411683243950877e-5,1.4123994064491058e-4,19.331772352243814
Q8BHC4,Dcakd,sex_in_PAS,-0.5720364088913783,-2.0893596493316258,0.04792647452180414,0.08174846104620045,17.95469422988557
Q8BHE8,Maip1,sex_in_PAS,-1.1598683598530677,-2.600890919616291,0.015975176245040284,0.03398872905633416,17.118658453588704
Q8BIJ6,Iars2,sex_in_PAS,0.1580756909285519,1.2312532227444786,0.2306655122738091,0.3119476451702942,17.772329111916598
Q8BK08,Tmem11,sex_in_PAS,-0.4478026618669553,-1.2998154651654867,0.2065361956670408,0.28268086539488957,18.025801468005422
Q8BK30,Ndufv3,sex_in_PAS,-0.8276984103439524,-3.3496731332799143,0.002775843609575849,0.00810097697868004,20.698390216897298
Q8BK72,Mrps27,sex_in_PAS,0.3083504532914141,1.247165016626845,0.22488306731716032,0.3055827326223614,16.968025403141663
Q8BK99,Opa1,sex_in_PAS,-0.21744253847719364,-1.0283647345397013,0.3144683137873099,0.39430022567592055,16.886611909924618
Q8BKZ9,Pdhx,sex_in_PAS,0.06728509830980656,0.4273344915354138,0.6731083579267156,0.7282391377188085,19.811440932925443
Q8BMD8,Slc25a24,sex_in_PAS,-1.0965336231490976,-2.090831031618582,0.047782376925432954,0.08174816293266843,16.540125543962127
Q8BMF3,Me3,sex_in_PAS,-1.304168883954425,-5.905157508813309,5.0867287030557665e-6,5.77852380667135e-5,18.389053825003266
Q8BMF4,Dlat,sex_in_PAS,-0.20455392101697,-1.4679019825904907,0.15566916921909046,0.22216102541819946,20.93293832580279
Q8BMS1,Hadha,sex_in_PAS,-0.15312279357878822,-0.7267891893623781,0.4746851602730835,0.5414079739660872,19.809811892337056
Q8BMS4,Coq3,sex_in_PAS,0.20648897724875326,0.932313450519808,0.3608552270995581,0.4388988629390771,18.369357021547398
Q8BP40,Acp6,sex_in_PAS,-0.27881143075481063,-0.7486126182130363,0.4616753839302432,0.5329910936430451,15.65355625921581
Q8BPE4,Tmem177,sex_in_PAS,-1.5105387122995921,-4.676464797445263,1.04162291049946e-4,5.378561937851757e-4,15.955444277900295
Q8BUY5,Timmdc1,sex_in_PAS,0.6048929292983196,2.401710622729347,0.024789304486957934,0.04889001718261148,16.387453100797707
Q8BVI4,Qdpr,sex_in_PAS,-0.9800178146748806,-3.914040122911724,6.958631810438601e-4,0.0026175515684298844,18.401425573294443
Q8BW75,Maob,sex_in_PAS,-1.1032970223562053,-6.107511157089241,3.1323111769894124e-6,4.2360779726904436e-5,18.168937211843662
Q8BWF0,Aldh5a1,sex_in_PAS,0.0765152223051686,0.4104506478035677,0.685272502385262,0.737187085899297,16.46906439794122
Q8BWM0,Ptges2,sex_in_PAS,-0.6955010530216654,-2.3080072055177703,0.03033302513354291,0.05781596736863212,17.114017911943584
Q8BWT1,Acaa2,sex_in_PAS,-1.087080403531349,-5.3976940658340045,1.7466567684906548e-5,1.4589721242686646e-4,19.371558793318776
Q8BX10,Pgam5,sex_in_PAS,0.95049439995854,6.166256605681585,2.723289804766044e-6,3.8670715227677825e-5,18.19508906447276
Q8BYM8,Cars2,sex_in_PAS,0.6246228756565344,2.1386174699140814,0.043308657410998076,0.07569020741368279,15.750675676693728
Q8C025,Chpt1,sex_in_PAS,-0.5818315700414551,-1.1640240824519612,0.2563429123402411,0.3378254622024523,17.020199698964156
Q8C3X2,Ccdc90b,sex_in_PAS,0.6813991858436488,2.6073464291464825,0.017307365951739685,0.03654492141482581,16.24865052062745
Q8C5H8,Nadk2,sex_in_PAS,0.586731096777978,2.0979518894620055,0.047090476293637336,0.08080782638908159,15.867479254739283
Q8C5Q4,Grsf1,sex_in_PAS,1.4139867352223519,3.7957869141993092,9.323784331778995e-4,0.0033666197978732856,16.825132678901344
Q8CAK1,Iba57,sex_in_PAS,0.5811794324060031,2.0155185619348766,0.055676137175358284,0.09383989885935759,17.241398946952856
Q8CAQ8,Immt,sex_in_PAS,0.15116959734080027,1.1555876634779347,0.2597093273779257,0.3391147079325559,20.168669173581044
Q8CBY0,Gatc,sex_in_PAS,-0.4973898786589288,-0.9507887276596186,0.3515930087949314,0.42947275052800216,19.241346252404888
Q8CC88,Vwa8,sex_in_PAS,-0.1864145933973731,-0.9622784659898557,0.34591451038908994,0.4239387419415428,17.252004432991235
Q8CCM6,Timm21,sex_in_PAS,1.303369924520016,4.451944137156227,1.823423528427985e-4,8.420362310138988e-4,16.87215693791719
Q8CD10,Micu2,sex_in_PAS,0.3186625240349219,1.3543072039156112,0.1915198968749659,0.26403713938102097,15.096922290554764
Q8CEE7,Rdh13,sex_in_PAS,-0.6559909691089985,-2.158681064387873,0.04154542193756367,0.07374312393917551,14.211793815292907
Q8CEI1,Bola3,sex_in_PAS,0.3297297439448883,0.8695244084597001,0.3935410325666352,0.4696035850795143,18.34655957221336
Q8CEY5,Mtch1,sex_in_PAS,1.4122361397322862,5.777104853745408,6.928600232014537e-6,7.155354421425923e-5,18.924465202746052
Q8CG76,Akr7a2,sex_in_PAS,0.30259997003044603,1.1594638543223916,0.2581585643028973,0.33853069313943523,15.496256940750111
Q8CGK3,Lonp1,sex_in_PAS,-0.6113760188930364,-3.34888324733684,0.0027811452655679718,0.00810097697868004,18.08697084143767
Q8CHT0,Aldh4a1,sex_in_PAS,-0.2945591014148974,-1.925548366179967,0.06660745006555857,0.10840410211242771,20.049111154011605
Q8JZN5,Acad9,sex_in_PAS,-0.2261626313623104,-1.6018603784315333,0.12282789532613426,0.18168292850324028,18.339641692325806
Q8JZN7,Rhot2,sex_in_PAS,-0.8288796423949805,-3.911292460044983,7.006180555051423e-4,0.002618099049519216,17.406781329030444
Q8JZQ2,Afg3l2,sex_in_PAS,-0.06025521845014836,-0.4277343406228103,0.6728213684002903,0.7282391377188085,18.740334531896668
Q8JZU2,Slc25a1,sex_in_PAS,-0.26893425533578785,-0.7052808584246012,0.48918862254156004,0.5546090570930261,13.846988898674292
Q8K009,Aldh1l2,sex_in_PAS,0.517650367536886,1.0895641209037332,0.2871855539285431,0.3682198524411117,14.46787780219293
Q8K0D5,Gfm1,sex_in_PAS,0.8503253063005438,2.854440625298082,0.008968684688149908,0.020963839106457396,17.16860609127162
Q8K0Z7,Taco1,sex_in_PAS,-0.02250590565262911,-0.11062932187002339,0.9128696293678209,0.929229300145022,16.819803852028688
Q8K199,Cmc2,sex_in_PAS,0.9949270847297242,3.4494389587061467,0.002179687272274339,0.006691723467040705,17.304952830261655
Q8K1M6,Dnm1l,sex_in_PAS,-0.2209311152471649,-0.5426268338400003,0.5926045214917375,0.6523243569909047,15.070676029252084
Q8K1R3,Pnpt1,sex_in_PAS,0.8072479360121498,3.3841372352150993,0.0025538572356562286,0.007634688999224936,17.344924847681767
Q8K1Z0,Coq9,sex_in_PAS,-0.1760401511369203,-1.1620320857493405,0.25713485842673034,0.33808472126477507,19.742575200279028
Q8K2B3,Sdha,sex_in_PAS,-0.24101789045865019,-1.9795381950249726,0.05984111785469342,0.0999698674748996,21.15768927857419
Q8K2C6,Sirt5,sex_in_PAS,1.5709762588668355,5.519196339897475,1.2972263873775871e-5,1.1884267548878542e-4,16.026581897405784
Q8K2M0,Mrpl38,sex_in_PAS,1.5969798019579962,5.027297531873627,4.354632161852174e-5,2.810717122650039e-4,17.14292028443665
Q8K2Q5,Chchd7,sex_in_PAS,2.087369454977317,5.321936266418301,2.1038644781328838e-5,1.6597153105270528e-4,18.97132474787352
Q8K2Y7,Mrpl47,sex_in_PAS,1.5510928903967631,6.097262007899245,3.2098475640927153e-6,4.2399846893131685e-5,19.01793856661921
Q8K370,Acad10,sex_in_PAS,-1.141706278618317,-4.438143515428744,1.8873019680561476e-4,8.575900142847134e-4,16.05641036862891
Q8K3J1,Ndufs8,sex_in_PAS,0.9320674016196051,4.092950525232605,4.462139418182597e-4,0.0017723742584109896,19.78716298066464
Q8K411,Pitrm1,sex_in_PAS,-0.5967512122958212,-2.8555186421870435,0.008946355346502989,0.020963839106457396,16.175969114355933
Q8K4F5,Abhd11,sex_in_PAS,0.029756877335074705,0.14734445396821338,0.8841436776416063,0.9064866586650403,18.800750376737913
Q8K4Z3,Naxe,sex_in_PAS,-1.5936932127261372,-6.248098272553999,2.242384299155829e-6,3.7829027362177546e-5,17.448113084316976
Q8QZS1,Hibch,sex_in_PAS,-0.2202863351702078,-1.4507516814939976,0.16034652378432063,0.22712425314088308,17.509554261548725
Q8QZT1,Acat1,sex_in_PAS,-0.8086193548428007,-4.398421070381031,2.083928428754132e-4,9.394217043907515e-4,19.137196760426608
Q8R035,Mrpl58,sex_in_PAS,1.208082966529549,6.43652058323339,1.4378311869081452e-6,2.634477787625247e-5,18.32856349360128
Q8R086,Suox,sex_in_PAS,0.7930922880446722,3.53634095858035,0.001763721714303429,0.005565521854024153,17.40058243273362
Q8R0F8,Fahd1,sex_in_PAS,-0.22527991827563554,-1.0006646299150515,0.3273971994872472,0.40691818229487187,17.943784220740618
Q8R0N6,Adhfe1,sex_in_PAS,0.08145461980053703,0.23955346673151995,0.8127975910008549,0.8470991407128177,15.876408079329446
Q8R0Y8,Slc25a42,sex_in_PAS,0.5973680644372692,2.3247985569458027,0.02926271483952027,0.055963710534840116,17.095367297968277
Q8R164,Bphl,sex_in_PAS,-1.3951398701337787,-3.1034804777579765,0.005004651971216776,0.012690367498442538,15.634700090296487
Q8R1I1,Uqcr10,sex_in_PAS,-1.2647283393953863,-4.107853814129972,4.299689716541126e-4,0.0017198758866164504,20.229505093710323
Q8R1R3,Stard7,sex_in_PAS,1.3073522315515458,2.579636275588107,0.02092250655074882,0.04252947669660601,16.254222243547538
Q8R1S0,Coq6,sex_in_PAS,-0.169452849179752,-0.9180026254871645,0.36814089652185,0.4458508085808333,17.351090250241846
Q8R2Q4,Gfm2,sex_in_PAS,0.11586683621278127,0.6754251404700319,0.5061376302953051,0.5704090754121692,17.129000424423936
Q8R2Y8,Ptrh2,sex_in_PAS,0.13342500372904453,0.5961472789010525,0.5568968139353578,0.6190164194036853,17.28433999879065
Q8R3F5,Mcat,sex_in_PAS,2.2943322606486483,4.6253034385683,1.1832959196391186e-4,5.947894534115215e-4,16.591237049484132
Q8R404,Micos13,sex_in_PAS,-0.5377592062707208,-2.079101735628207,0.048941926426925846,0.08323058146854456,17.902501592246896
Q8R4N0,Clybl,sex_in_PAS,-0.4104353240043004,-2.343015049079638,0.028140806117434178,0.05418297584644954,18.926422008640017
Q8R5L1,C1qbp,sex_in_PAS,-0.7165778449693718,-1.966201665437404,0.06145353854683861,0.10206318682632845,18.638887788391962
Q8VCE1,Dnajc28,sex_in_PAS,-0.6229508155365302,-1.5003524075865275,0.14995041568518738,0.21613421551069129,17.088771408894807
Q8VCF0,Mavs,sex_in_PAS,0.964964985452081,3.3425505087869922,0.002824007574236692,0.00818385868452266,16.44481456401767
Q8VCL2,Sco2,sex_in_PAS,0.31234804153239537,1.225406849502514,0.23281820272665507,0.31411101935567715,17.316725352298636
Q8VCM5,Mul1,sex_in_PAS,-2.080133551465856,-5.633502935222122,4.74915345746927e-5,3.0309204088118486e-4,16.111512773141744
Q8VCX5,Micu1,sex_in_PAS,-0.11503904246115226,-0.332557349878409,0.7424793347257865,0.7882771254658818,15.939054580679656
Q8VD26,Tmem143,sex_in_PAS,-0.03284543803031781,-0.1544910850119386,0.8785697028949533,0.904035491384662,17.039697577185446
Q8VDC0,Lars2,sex_in_PAS,-0.20165898637555735,-0.638600214440671,0.5293890156998817,0.5919152773967181,14.774976786249642
Q8VDK1,Nit1,sex_in_PAS,1.6238618737465718,5.811748316528909,6.371869658358564e-6,6.828720690467291e-5,15.9251117445715
Q8VDT9,Mrpl50,sex_in_PAS,0.6103186991677951,2.2918965110640643,0.03139352143100436,0.05923981536454855,17.087194738316082
Q8VE22,Mrps23,sex_in_PAS,1.7230086739475823,6.218123834245259,2.407561337507437e-6,3.7985967769561784e-5,17.146439572844777
Q8VE95,,sex_in_PAS,0.14091228481556684,0.7997144905830977,0.43205553416229314,0.5039169269079723,17.737315801558424
Q8VEA4,Chchd4,sex_in_PAS,1.8253694117316357,3.6909453143175903,0.0012073289344600037,0.004057768253096343,19.526877040362102
Q91V61,Sfxn3,sex_in_PAS,0.003835414734261633,0.024064397368567463,0.9810087298918775,0.9844751918349584,19.477188850030707
Q91VA6,Poldip2,sex_in_PAS,0.30929199442351774,1.0962141779102823,0.2866794329589068,0.3682198524411117,13.825579085412272
Q91VA7,Idh3b,sex_in_PAS,-1.1191667647191217,-4.612964941940485,1.220263125539285e-4,6.079907502686964e-4,18.343843858623792
Q91VC9,Ghitm,sex_in_PAS,-2.2094990071364222,-5.424851815701103,3.1006674841609475e-5,2.257921962824895e-4,16.89510247263437
Q91VD9,Ndufs1,sex_in_PAS,0.13761451875848607,1.1969693721850656,0.24350613249924274,0.323662643552856,20.92052586411102
Q91VM9,Ppa2,sex_in_PAS,-0.3020244874712823,-0.961461602587424,0.34631615538886595,0.4239387419415428,16.553801840310896
Q91VN4,Chchd6,sex_in_PAS,1.5115924225623978,5.777685408309836,6.9188744574362736e-6,7.155354421425923e-5,16.841738479880622
Q91VT4,Cbr4,sex_in_PAS,-0.8173005623795575,-3.381896950575455,0.002567746096258974,0.007636019804581661,17.275276626477474
Q91WC3,Acsl6,sex_in_PAS,-0.5488370083872045,-1.4814561289951413,0.15205119589891283,0.21809363452167294,15.717504034073983
Q91WD5,Ndufs2,sex_in_PAS,-0.41086619853358286,-2.555814841362614,0.01766593153045002,0.037026749480795616,20.285972139163498
Q91WK1,Spryd4,sex_in_PAS,-0.6247697497533764,-1.533666258814502,0.14591870609753063,0.2114332272025444,15.981300357477632
Q91WK5,Gcsh,sex_in_PAS,-0.3445640832414121,-0.8236826280527991,0.4185763020900678,0.49428552928723185,19.907328575077994
Q91WS0,Cisd1,sex_in_PAS,-0.7602171924232621,-4.1196268599687,4.175526593276828e-4,0.0016820561028235731,20.480758964277282
Q91XE8,Tmem205,sex_in_PAS,-0.9001899584965063,-3.141033063320274,0.004577732340005099,0.011927302610655487,16.064176383426094
Q91YP0,L2hgdh,sex_in_PAS,-0.5268387159811141,-3.278028964975786,0.0032989554013605365,0.009140520331574559,18.099109347751124
Q91YT0,Ndufv1,sex_in_PAS,0.6208453290718374,3.8850471260024424,7.47686381454058e-4,0.0027577004199084735,20.760907291532348
Q91Z53,Grhpr,sex_in_PAS,-0.4479100131146758,-1.957980100540411,0.06246654368409981,0.10284346902193824,17.508878883866153
Q91ZA3,Pcca,sex_in_PAS,0.08290850694946883,0.5210531980066873,0.6073086918408571,0.6646461213210151,18.58621820889554
Q920A7,Afg3l1,sex_in_PAS,0.24110274659653186,0.6229444991579516,0.5394470143860307,0.6007958905318931,15.880289281707892
Q921G7,Etfdh,sex_in_PAS,-0.5650207492521631,-2.4796062836412753,0.02090935096204017,0.04252947669660601,19.009004814471986
Q921H8,Acaa1a,sex_in_PAS,-1.4173504462618194,-4.970738779764853,8.476017963417537e-5,4.6741535953603505e-4,14.94288194978184
Q921H9,Coa7,sex_in_PAS,0.6389103467525459,2.3880282663382935,0.025535916908501082,0.05018823807622358,15.904603408087667
Q921S7,Mrpl37,sex_in_PAS,1.0909665523132706,3.0847799239268263,0.005231308137026318,0.013206146763693104,15.300639105958188
Q922B1,Macrod1,sex_in_PAS,0.6987525414246818,2.770359384094269,0.01088313097780693,0.024530231727755304,19.956362043052838
Q922Q1,Mtarc2,sex_in_PAS,-0.5184106095567387,-2.5033004977122926,0.019845942681035532,0.04099089251937521,18.439220326459658
Q923X4,Glrx2,sex_in_PAS,-1.0778470667590039,-2.7781966374772677,0.010689494387112914,0.024384067517590903,16.06125853965675
Q924D0,Rtn4ip1,sex_in_PAS,-1.2114482058712461,-3.3113148209120666,0.0030449933918967748,0.008699564025700105,17.299118487054173
Q924T2,Mrps2,sex_in_PAS,0.8445414544404368,2.848181268972773,0.009099388098788673,0.021182182131606418,15.969172468523976
Q924X2,Cpt1b,sex_in_PAS,-0.43765141452321643,-1.8284879333135444,0.0804705172270472,0.12639436108704988,19.348058571911345
Q925I1,Atad3a,sex_in_PAS,1.337993281980033,9.209646388641746,3.517931273788545e-9,4.791642740598721e-7,18.250536883412916
Q99J39,Mlycd,sex_in_PAS,1.2174495473747733,6.388688529320907,1.6089094581321947e-6,2.8558142881846457e-5,18.27911215489332
Q99J47,Dhrs7b,sex_in_PAS,-0.06620682645043985,-0.290663311780488,0.773912655891256,0.813779795706376,16.813056230135814
Q99J99,Mpst,sex_in_PAS,0.3485483910838738,1.962519304040461,0.061905448274661705,0.1025139784839879,18.703281290591157
Q99JB2,Stoml2,sex_in_PAS,0.36650827691472543,1.6620890834339026,0.11006046019777939,0.16538185553528753,17.661035979922698
Q99JR1,Sfxn1,sex_in_PAS,0.21512950139645426,0.4235884038147556,0.6757995530455474,0.729760734087207,17.3991982254529
Q99JY0,Hadhb,sex_in_PAS,-0.15999416249324838,-0.8484127596792675,0.404948453924056,0.4801893983901123,19.722508500594856
Q99KB8,Hagh,sex_in_PAS,-1.0987078484005277,-3.9118135625058734,9.364893099717942e-4,0.0033666197978732856,15.161949772216218
Q99KI0,Aco2,sex_in_PAS,-0.24871437373233007,-2.1606098091752313,0.04137937819500064,0.07367864205254032,20.974620502653142
Q99KR7,Ppif,sex_in_PAS,1.0265561835288892,3.6914726438918315,0.0012057637813409714,0.004057768253096343,18.845227101542527
Q99L04,Dhrs1,sex_in_PAS,-0.4866047200720125,-2.304806216793169,0.030541085501540017,0.058017848043059296,15.629326812030191
Q99L13,Hibadh,sex_in_PAS,0.0244078703636319,0.13818747626865305,0.8912945188238734,0.9105310911725902,18.120978631827743
Q99LB2,Dhrs4,sex_in_PAS,0.9287634320272566,3.3176704277828386,0.0029987087651044057,0.008646023241519302,17.735502170868006
Q99LC3,Ndufa10,sex_in_PAS,0.18806077882682715,1.050034499251804,0.30460664918838193,0.3881824074441593,19.49459644767556
Q99LC5,Etfa,sex_in_PAS,-0.9778110555064785,-5.277373483804122,2.3476834506782423e-5,1.802005675655732e-4,18.743414035942504
Q99LP6,Grpel1,sex_in_PAS,0.4641892508012333,1.9423443639353637,0.06443374870277035,0.10547080479300738,18.425988536834
Q99LX0,Park7,sex_in_PAS,-0.9709190297312489,-4.058619195765209,4.859924732554596e-4,0.001916970311174313,18.255451987159272
Q99LY9,Ndufs5,sex_in_PAS,0.414732989480747,2.47100865822428,0.021308130635512425,0.04291850425876261,19.30106463103028
Q99M87,Dnaja3,sex_in_PAS,0.02640006282683771,0.21140913466509373,0.8344293761202248,0.8680510725939335,18.23685566223394
Q99MN1,Kars1,sex_in_PAS,-0.32711307840446757,-0.8698837078148538,0.393348700991341,0.4696035850795143,14.910268655949508
Q99MN9,Pccb,sex_in_PAS,0.123267752470273,0.8136737283993148,0.4241727646466458,0.49690703429864574,18.2576350570629
Q99MR8,Mccc1,sex_in_PAS,-0.6442906109732505,-4.813087168275604,7.412518925143322e-5,4.2103107494814067e-4,17.982557346156305
Q99N15,Hsd17b10,sex_in_PAS,-0.9559844772605537,-3.3025614985551526,0.0031098767077879317,0.008744603811997749,18.473319849603026
Q99N84,Mrps18b,sex_in_PAS,1.2747718324180042,4.036445131120481,5.135357502409246e-4,0.002011643490598932,15.578123416011556
Q99N85,Mrps18a,sex_in_PAS,-0.304754465489113,-1.0422779407107008,0.3081111417458462,0.3906409118563407,15.87402824781619
Q99N87,Mrps5,sex_in_PAS,1.4963745802509578,6.231201824844335,2.334018778163825e-6,3.787779045705864e-5,17.0629755153764
Q99N91,Mrpl34,sex_in_PAS,0.5464012053664096,2.260310192446953,0.03357163689278092,0.06191133037369988,15.197767164749724
Q99N92,Mrpl27,sex_in_PAS,0.41519777409112457,0.8517461317928461,0.4031334104438714,0.4790371906529685,15.165695352186798
Q99N94,Mrpl9,sex_in_PAS,0.8349327451701374,3.4001710882599427,0.0024565675725312006,0.00742197011275384,15.326447637814066
Q99N95,Mrpl3,sex_in_PAS,0.9945085059228536,2.4993119932644294,0.020021355086080186,0.04120336843802009,14.776530387249144
Q99N96,Mrpl1,sex_in_PAS,0.9367959515350694,3.9080392574500524,7.06289339023539e-4,0.0026220414677475172,15.515795134859946
Q99NB1,Acss1,sex_in_PAS,-0.3947125409904224,-0.7593311495749778,0.45941524510297393,0.5314620350682061,15.58668989576283
Q9CPP6,Ndufa5,sex_in_PAS,0.7766592482446768,4.545241386921337,1.4447874083105584e-4,6.89612813378485e-4,19.881472278848683
Q9CPQ1,Cox6c,sex_in_PAS,-0.17402334296095034,-0.729468215887179,0.4730766122341237,0.540658985410427,22.239695813242488
Q9CPQ3,Tomm22,sex_in_PAS,-0.35417889132786584,-0.9906955772568328,0.3321390740018564,0.4110130588955434,14.758934838971644
Q9CPQ8,Atp5mg,sex_in_PAS,-1.002367959395805,-2.1044588200029524,0.046466095522863585,0.08022551248807208,18.905073005584494
Q9CPR5,Mrpl15,sex_in_PAS,1.4618073557837903,7.410998444842622,1.5487387317789482e-7,5.174609409708486e-6,18.265190378808093
Q9CPS6,Hint3,sex_in_PAS,-1.2269437492771722,-3.723861580308424,0.0011133623498929294,0.0038326655438738417,18.632165349392317
Q9CPU2,Ndufb2,sex_in_PAS,-0.2979648561425847,-1.4921778517610682,0.14923786979974785,0.2156923919752081,21.6554561415467
Q9CPU4,Mgst3,sex_in_PAS,-0.33529728739802067,-0.8415338329068011,0.40871051238602096,0.4836407729901248,18.397893815640305
Q9CPV4,Glod4,sex_in_PAS,-0.32303406731668893,-0.8206407364478103,0.4220234667741194,0.4962926068896476,13.46363021716516
Q9CPW2,Fdx2,sex_in_PAS,1.2256321296723875,3.667332402600254,0.001636182093727874,0.00531057959564247,16.49201306325926
Q9CPY7,Lap3,sex_in_PAS,-0.6676775308794838,-5.148322562251823,3.227657902393665e-5,2.3206451753919009e-4,17.940882305483957
Q9CPZ8,Cmc1,sex_in_PAS,1.826991454889658,4.458683353433328,1.7930204149993486e-4,8.360115515630942e-4,17.44299379730318
Q9CQ00,Dmac1,sex_in_PAS,-1.051860654298853,-4.892471505258019,6.08484530853142e-5,3.638096984469312e-4,17.908532926552418
Q9CQ06,Mrpl24,sex_in_PAS,0.713606492691472,2.338828371116156,0.028395101554130865,0.05448789757684571,16.886908022568537
Q9CQ40,Mrpl49,sex_in_PAS,1.1469924004881147,5.127251220422856,5.979697927215843e-5,3.634020928812934e-4,15.17005581487704
Q9CQ54,Ndufc2,sex_in_PAS,0.03375143867458874,0.20903984254926308,0.8362567907791532,0.868361713277073,20.846878568107464
Q9CQ62,Decr1,sex_in_PAS,0.3214383452770022,1.6224185943229084,0.11833757723105111,0.17641927524209194,20.041791029011357
Q9CQ69,Uqcrq,sex_in_PAS,-0.2964955202627877,-1.202996486743488,0.2412107115741526,0.3223710215861616,21.699082741737403
Q9CQ75,Ndufa2,sex_in_PAS,0.49820898695615057,2.919065115073668,0.007719705668703066,0.018738430853945904,21.719822002173373
Q9CQ85,Timm22,sex_in_PAS,-0.6542403080817749,-2.5595195027596516,0.01752090397059849,0.03685879057518497,17.61265351241883
Q9CQ91,Ndufa3,sex_in_PAS,0.7255733775308286,2.5463125710396137,0.018043060499381335,0.037540140526185345,18.807442444622858
Q9CQ92,Fis1,sex_in_PAS,-0.45287755395964524,-1.9014834795385698,0.069833960079416793,0.11204996984493995,18.272665535618096
Q9CQA3,Sdhb,sex_in_PAS,0.08598931721871139,0.6943211045282818,0.4944324649276257,0.5594375300376323,20.039295469461216
Q9CQA6,Chchd1,sex_in_PAS,-0.08009981058120275,-0.30690943560045736,0.7616727179191262,0.8041451743086686,14.75285162191478
Q9CQB4,Uqcrb,sex_in_PAS,0.8472061806320497,5.906033559505872,5.0760150584311774e-6,5.77852380667135e-5,20.287671980216675
Q9CQC7,Ndufb4,sex_in_PAS,-0.29592218489388245,-1.4116159000599393,0.17144400337367255,0.24163819830333996,21.973066192976827
Q9CQF0,Mrpl11,sex_in_PAS,1.1061310890103755,4.718827169533176,9.372889186874807e-5,4.975515007612047e-4,16.91729834384763
Q9CQF4,Mtres1,sex_in_PAS,1.0764607301653726,4.442093104881368,1.868795407134913e-4,8.560288639134118e-4,17.032283406197642
Q9CQF8,Mrpl57,sex_in_PAS,0.9281998308841075,2.429377495411467,0.023340784325473863,0.0465177736732251,19.090064688099368
Q9CQH3,Ndufb5,sex_in_PAS,-0.08111082196343489,-0.41770347062520224,0.6800362221889892,0.7329422660405045,19.844329275694065
Q9CQJ8,Ndufb9,sex_in_PAS,0.056712722948084604,0.3441128979165841,0.7338864672830906,0.7806133210052348,21.35697260094745
Q9CQL5,Mrpl18,sex_in_PAS,0.5278184432085631,2.47839230842663,0.020965234991284654,0.04252947669660601,18.041514977010237
Q9CQL6,Mrpl35,sex_in_PAS,0.8191670787895351,2.361946375756094,0.027016841800081983,0.05237394587865722,16.09248225247807
Q9CQN1,Trap1,sex_in_PAS,-0.6238834832204425,-2.8320547350536174,0.00944452598829043,0.021806873013613674,17.681025302103205
Q9CQN6,Tmem14c,sex_in_PAS,-0.10733942874099256,-0.3956280622825345,0.6979461079631354,0.7492793739806505,14.4578946901145
Q9CQN7,Mrpl41,sex_in_PAS,1.5638907312164498,5.912385502590406,4.999017902519357e-6,5.77852380667135e-5,18.965357182101137
Q9CQP3,Chchd5,sex_in_PAS,-0.8178371777032645,-2.1889114332194097,0.044823756172311754,0.07809783284010145,16.624881531928242
Q9CQQ7,Atp5pb,sex_in_PAS,-0.661324775808545,-3.110759399197052,0.004919011173657883,0.012529140567881961,21.136214014848214
Q9CQR4,Acot13,sex_in_PAS,-1.1461908697905976,-5.94782592985726,4.5907149171002656e-6,5.77852380667135e-5,18.465189885615274
Q9CQS4,Slc25a46,sex_in_PAS,2.228583436862518,8.183792587545184,2.8902011976832296e-8,1.4923948002582494e-6,18.42335254813874
Q9CQV1,Pam16,sex_in_PAS,-0.388080592387535,-1.654384320707557,0.11162879571816463,0.16729592603672166,18.0879646194415
Q9CQV7,Dnajc19,sex_in_PAS,0.819723063966233,3.9213681900052126,6.833373815399328e-4,0.0026175515684298844,18.833733746248793
Q9CQX2,Cyb5b,sex_in_PAS,1.1271300417460246,3.226135215582002,0.0037363507221128953,0.010099920248097844,17.666252051422333
Q9CQX8,Kgd4,sex_in_PAS,-0.782983777568699,-3.2995307119211983,0.003132653490339097,0.00876525705671235,23.17510996546096
Q9CQY6,Uqcc2,sex_in_PAS,0.31330813630806986,1.4662931497801757,0.15610319886696972,0.22222209763518494,17.279110209992922
Q9CQZ5,Ndufa6,sex_in_PAS,-0.2914085589744033,-1.3982016526718504,0.17538601272041404,0.24597346969183995,20.600495545497587
Q9CQZ6,Ndufb3,sex_in_PAS,-0.051819773200151076,-0.28909614859602817,0.7750966011921645,0.813779795706376,20.958415343873714
Q9CR24,Nudt8,sex_in_PAS,1.1697415016934407,3.0322413912980077,0.00839777216125064,0.019799500228667517,16.86265547862472
Q9CR59,Gadd45gip1,sex_in_PAS,1.9606077864240419,6.031498652009526,3.7561460842174696e-6,4.848843126898915e-5,17.538411307099345
Q9CR61,Ndufb7,sex_in_PAS,0.14650690672270272,0.7223240413986252,0.47737324032059847,0.5433827665372745,19.893804217422215
Q9CR62,Slc25a11,sex_in_PAS,-0.482674082489698,-1.7336213564693204,0.09636739931484903,0.1479369805698223,19.942064395523886
Q9CR68,Uqcrfs1,sex_in_PAS,0.43038067222892096,3.248501315810333,0.0035413487399939894,0.009624335331658306,20.885710077633355
Q9CR98,Fam136a,sex_in_PAS,0.33847692530146745,0.9635049956678786,0.3453120303746895,0.4239387419415428,16.992547588681102
Q9CRB8,Mtfp1,sex_in_PAS,0.7284553238695821,3.4472521529120312,0.00219130381139009,0.006691723467040705,17.716751232044178
Q9CRB9,Chchd3,sex_in_PAS,0.8110207491964196,5.375420708816209,1.844788241396499e-5,1.4969138873045877e-4,20.843406381132915
Q9CRD0,Ociad1,sex_in_PAS,0.45699087989800447,2.6651811011822004,0.013824479618184227,0.02999293393710932,18.864257953782932
Q9CTY5,Micu3,sex_in_PAS,0.8348345547700724,2.825258699357879,0.009593668574139047,0.022061553644174,16.515345531079696
Q9CWE0,Mtfr1l,sex_in_PAS,0.6084723329278923,2.189602715727701,0.03895459031957075,0.07001964335922843,17.935235711831517
Q9CWX2,Ndufaf1,sex_in_PAS,-0.9295316455156986,-2.883071186041868,0.011373176350981498,0.025533455206946602,16.322844823051202
Q9CXI0,Coq5,sex_in_PAS,-1.083008105913013,-5.600003189080156,1.0651116846383262e-5,9.91776126023884e-5,16.998897780008623
Q9CXJ4,Abcb8,sex_in_PAS,0.04560077274630814,0.29550259713887683,0.7702602693443013,0.81170284413277,17.839523092974996
Q9CXT8,Pmpcb,sex_in_PAS,0.04730315151767428,0.3104360733102617,0.759023978555696,0.8028410052507176,17.46661933628204
Q9CXV1,Sdhd,sex_in_PAS,0.07813718160742411,0.15805079934645874,0.8757956977204848,0.9028166176138573,17.53151844155129
Q9CXW2,Mrps22,sex_in_PAS,1.1547668911251598,4.458094052604941,1.7956586142728434e-4,8.360115515630942e-4,19.925131880854615
Q9CXZ1,Ndufs4,sex_in_PAS,1.5086434146693115,6.9790869268534035,4.0964086747864967e-7,9.694833863661376e-6,20.38489681318123
Q9CY16,Mrps28,sex_in_PAS,2.6282625739520675,8.074023684369585,3.650685345749914e-8,1.7279910636549592e-6,18.015439292080544
Q9CYG7,Tomm34,sex_in_PAS,0.1649502011315569,0.4967852738097066,0.6240538871647084,0.6803504950279355,16.969248411750776
Q9CYH2,Prxl2a,sex_in_PAS,-1.0298651545656874,-3.117625499344395,0.004839522547040124,0.012438229894655161,16.71040310199393
Q9CYR0,Ssbp1,sex_in_PAS,0.2541176722958305,0.5548601096075505,0.5843445758122956,0.6457348619871283,17.259926425279893
Q9CZ13,Uqcrc1,sex_in_PAS,0.24894107345647853,1.947100769668941,0.06382963065927393,0.10478390235395257,21.976255125605213
Q9CZ42,Naxd,sex_in_PAS,-0.022000669989694188,-0.0877992659861978,0.9307959061548239,0.9440929905284642,17.823311680828883
Q9CZB0,Sdhc,sex_in_PAS,-0.7934202861182964,-1.2067473138000029,0.24233320315150195,0.32311093753533593,14.7449183226788
Q9CZD5,Mtif3,sex_in_PAS,1.5991106443840177,4.900626500312706,5.962803798958937e-5,3.634020928812934e-4,15.778282242945352
Q9CZN7,Shmt2,sex_in_PAS,-0.0056702553354099905,-0.0340287015324946,0.9731477498635648,0.9783149060575307,16.807528267973307
Q9CZN8,Qrsl1,sex_in_PAS,0.195448974091466,0.5338770415905367,0.599614986491362,0.6574928809403352,15.245992684286893
Q9CZP5,Bcs1l,sex_in_PAS,-0.6291626465417117,-2.525394395720898,0.020600815896364956,0.04224282826402633,14.813170271382067
Q9CZR3,Tomm40l,sex_in_PAS,-0.18272700263250918,-0.39065344014654163,0.70154240700498,0.7504257762313158,15.669498318010671
Q9CZR8,Tsfm,sex_in_PAS,1.2056701081223693,3.4871629804332995,0.001988505654201361,0.006179464413882639,17.495705221859346
Q9CZU6,Cs,sex_in_PAS,-0.7313605473433711,-4.477563826588308,1.7105173327089892e-4,8.096448708155882e-4,20.190688529354574
Q9D023,Mpc2,sex_in_PAS,-0.28815649648962705,-0.8196671670059196,0.42081595600642463,0.495899300854044,18.657128303182944
Q9D051,Pdhb,sex_in_PAS,-0.35414155753885623,-2.017628918280107,0.05544003354617407,0.09372005670900854,20.36210127502159
Q9D0G0,Mrps30,sex_in_PAS,2.084505039588791,7.351548995434717,1.7680384516733556e-7,5.285504423949821e-6,16.999127624183707
Q9D0I4,Stx17,sex_in_PAS,-0.6560159921428586,-2.290347895190817,0.03149722577481279,0.05923981536454855,17.288530126020323
Q9D0K2,Oxct1,sex_in_PAS,-0.3590123120444275,-1.7290698544524639,0.09719328024836808,0.1488026500837549,18.430522481224596
Q9D0L4,Adck1,sex_in_PAS,-0.3005436484183335,-1.1170419018341342,0.2755056182912399,0.35646285008980466,16.35285472302799
Q9D0L7,Armc10,sex_in_PAS,0.14731856036858382,0.7115003634177317,0.4839259673963511,0.5497398989622547,13.8912866730977
Q9D0M3,Cyc1,sex_in_PAS,-0.36573023485080114,-1.8137644414084724,0.08277849689937697,0.12952668385357058,21.695066637457266
Q9D0Q7,Mrpl45,sex_in_PAS,1.6863073673604578,5.365608586920132,1.8897727753268732e-5,1.5118182202614986e-4,16.606650760690293
Q9D0S9,Hint2,sex_in_PAS,0.3624955867925088,1.3321982415153621,0.19584065928606847,0.2693401803256341,21.965174477209526
Q9D0Y8,Mrpl52,sex_in_PAS,2.005166224453003,4.828504589250101,7.133623600153094e-5,4.177214644213358e-4,18.50135637901568
Q9D172,Gatd3,sex_in_PAS,0.12984582914914,0.39133316583217653,0.699151528538283,0.7492793739806505,19.532270433367245
Q9D1B9,Mrpl28,sex_in_PAS,0.4662780581024215,2.1679941145768815,0.04074919295776694,0.07278472201261517,17.94742669972525
Q9D1E8,Agpat5,sex_in_PAS,-2.1359268296143874,-4.97934073802334,4.904428306293155e-5,3.0952391977494574e-4,17.678002829548372
Q9D1H8,Mrpl53,sex_in_PAS,2.930434486704913,8.199794063850007,1.1556580256415965e-7,4.1025859910276675e-6,17.074074040996358
Q9D1I6,Mrpl14,sex_in_PAS,-0.04228602270405091,-0.16483570220614321,0.8705129094979425,0.90063995008166,15.376667196029123
Q9D1L0,Chchd2,sex_in_PAS,1.3708925304921316,2.885575889705778,0.008344653720050573,0.019799500228667517,20.03840324274812
Q9D1N9,Mrpl21,sex_in_PAS,1.079537146758991,4.828828019926398,7.127887327474178e-5,4.177214644213358e-4,18.878971336892505
Q9D1P0,Mrpl13,sex_in_PAS,2.437897077787344,7.647454924568822,9.188296824630922e-8,3.479301730926909e-6,17.36750427971871
Q9D273,Mmab,sex_in_PAS,-1.0546400121451391,-2.9126197982125865,0.007836403123416295,0.018860495652968032,16.87468955344176
Q9D2G2,Dlst,sex_in_PAS,-0.774374095767282,-2.974974635842888,0.006774759417183545,0.016730710212870665,20.07273794828354
Q9D2R6,Coa3,sex_in_PAS,-0.08794668651661652,-0.5044593443872966,0.6187356523893451,0.6758497126099,19.428317896073263
Q9D2R8,Mrps33,sex_in_PAS,1.0806123841898838,3.5385845380279988,0.001754082788435574,0.005565521854024153,19.356453357608096
Q9D338,Mrpl19,sex_in_PAS,1.8837056351172325,6.83233273262429,5.732191570520685e-7,1.2058832637243516e-5,16.3397522219577
Q9D3D9,Atp5f1d,sex_in_PAS,0.25315178042645314,1.3744927785038916,0.1825291983453182,0.254733623243589,23.60110528800065
Q9D3P8,Plgrkt,sex_in_PAS,1.2276962233544602,3.6378257323442473,0.0013756632139616152,0.004516628355665881,17.52030117612279
Q9D404,Oxsm,sex_in_PAS,-0.12033218473186658,-0.5589427543762192,0.581600723649613,0.6439555770623395,15.232283117935316
Q9D5T0,Atad1,sex_in_PAS,-0.14778775591714322,-0.8027346455319783,0.4303424228423872,0.5029516382190863,17.65218546187517
Q9D6J5,Ndufb8,sex_in_PAS,-0.3909567845210482,-1.906470006186255,0.06915436936715344,0.11204996984493995,24.19368636135565
Q9D6J6,Ndufv2,sex_in_PAS,-0.17276914393799103,-0.7430119451042494,0.46499377418050103,0.5357331921592792,20.749846778038727
Q9D6K8,Fundc2,sex_in_PAS,-0.8312612358024793,-3.3064044400156414,0.0030812275604131805,0.008707905997207187,18.77678417930314
Q9D6M3,Slc25a22,sex_in_PAS,-1.3420838629877476,-4.154609150497921,3.827230758178626e-4,0.0016102719041818218,16.20739215428987
Q9D6R2,Idh3a,sex_in_PAS,-0.7838853454912247,-6.1855995980546545,2.6008807092669566e-6,3.8670715227677825e-5,20.954554449261877
Q9D6S7,Mrrf,sex_in_PAS,1.083863487857169,3.296098096264548,0.003158645660867806,0.008794660467514284,17.655451967125668
Q9D6T9,Mrps36,sex_in_PAS,-1.3575567091364569,-5.70730306442156,8.205350001162954e-6,8.011325939353681e-5,18.60886789135883
Q9D6U8,Fam162a,sex_in_PAS,0.478573526617442,2.1931686734816225,0.03866540836703215,0.06972048238880718,19.369154928354128
Q9D6Y7,Msra,sex_in_PAS,-0.1936935120193688,-0.8814391326359903,0.38719552721727946,0.46496207073872037,18.178707905473466
Q9D773,Mrpl2,sex_in_PAS,2.659494456820358,7.106953671473668,3.0636866393361573e-7,7.909881868831533e-6,17.781207971244857
Q9D7J4,Cox20,sex_in_PAS,0.2980947089828625,1.2527306013665747,0.22288676613996408,0.30359636251198946,16.831545737626232
Q9D7J9,Echdc3,sex_in_PAS,0.6006818767658508,1.8835691748873442,0.07232383544169606,0.1155041229383845,16.356970904532673
Q9D7N3,Mrps9,sex_in_PAS,1.4072059647258346,5.030739965022617,4.3176448155181755e-5,2.810717122650039e-4,15.935195910608476
Q9D7P6,Iscu,sex_in_PAS,0.1790393629157485,0.6524654617127359,0.5205669041630654,0.5843517817482631,15.925444511206113
Q9D880,Timm50,sex_in_PAS,0.3228255543236145,1.6084067946539398,0.1213828695372906,0.18001428171587747,19.055163092386387
Q9D8B4,Ndufa11,sex_in_PAS,-1.004923884987285,-4.295416193812794,2.6944680737097634e-4,0.0011594377771720799,19.00661099263584
Q9D8P4,Mrpl17,sex_in_PAS,0.924598913320736,3.127035934120871,0.004732586446164764,0.012218677733734484,14.711765819664588
Q9D8S9,Bola1,sex_in_PAS,0.05204704139525518,0.15912785239754534,0.874956693386045,0.9028166176138573,16.978254332786122
Q9D8T7,Slirp,sex_in_PAS,1.3810786038028517,5.8775810207870585,5.4360041665143635e-6,5.937789166500305e-5,19.422830451216804
Q9D8W7,Ociad2,sex_in_PAS,-1.0421108866074498,-5.699361572641219,8.365013513598085e-6,8.011325939353681e-5,18.09196141537368
Q9D8Y1,Tmem126a,sex_in_PAS,-1.6302995963413345,-4.563956250173596,1.3788951927567542e-4,6.751831633498589e-4,19.257718931904044
Q9DAT5,Trmu,sex_in_PAS,1.0802165975559763,3.915224365510095,6.938236872943345e-4,0.0026175515684298844,15.30831245152682
Q9DB15,Mrpl12,sex_in_PAS,0.3147661178437673,1.2115226260201686,0.23799133498686523,0.31957228906037694,19.32190928261594
Q9DB20,Atp5po,sex_in_PAS,-0.509916418489258,-2.474702685565622,0.021135935112290297,0.0427231713301811,21.863863648166998
Q9DB77,Uqcrc2,sex_in_PAS,0.2783138078678036,2.0329385288418877,0.053753684404914875,0.0911405753492288,21.425230175047115
Q9DBF1,Aldh7a1,sex_in_PAS,-2.8607061142314922,-6.510027082720252,3.0853630056435876e-6,4.2360779726904436e-5,16.138434873401373
Q9DBG1,Cyp27a1,sex_in_PAS,1.0313595076070747,3.306368418965949,0.0030814949039412753,0.008707905997207187,17.38805891749997
Q9DBL1,Acadsb,sex_in_PAS,-2.122077794021525,-11.587649558123488,4.405306364141725e-11,2.5022140148324997e-8,17.6963362376702
Q9DC61,Pmpca,sex_in_PAS,-0.4495171225401471,-2.2215723278718658,0.03643055623242894,0.06653554964636539,17.49596622225578
Q9DC69,Ndufa9,sex_in_PAS,-0.8028042821625654,-2.60083724581916,0.015977096228945813,0.03398872905633416,19.57371610908963
Q9DC70,Ndufs7,sex_in_PAS,0.15290958911477048,0.9443248522588013,0.35481513456901825,0.43247853312275186,20.07075332296073
Q9DCA2,Mrps11,sex_in_PAS,0.7550950607840718,1.579158018231436,0.12795045801177365,0.18730891791414286,16.584367238437483
Q9DCB8,Isca2,sex_in_PAS,0.3459508465786918,1.127238609158544,0.27126038456546886,0.35257642662056365,17.07284340184018
Q9DCC8,Tomm20,sex_in_PAS,0.0013710187382436345,0.004827754171535787,0.9961896388217255,0.9979465870383423,19.641625988628213
Q9DCJ5,Ndufa8,sex_in_PAS,0.5777559326858253,3.385541118459509,0.002545191040641589,0.007634688999224936,19.665520808089877
Q9DCJ7,Aurkaip1,sex_in_PAS,0.905685124303842,3.192060742282524,0.004053552773849218,0.010716071775236589,14.167024801473593
Q9DCL9,Paics,sex_in_PAS,-1.140698590618264,-3.14663210479119,0.004517167012070372,0.011823736695188809,15.197742462301395
Q9DCM0,Ethe1,sex_in_PAS,0.6518646703467113,2.55066727044058,0.017869306627328302,0.03731531678059734,17.556916740600933
Q9DCM2,Gstk1,sex_in_PAS,-2.8417931874072853,-9.043064584185021,4.906258615422382e-9,4.791642740598721e-7,15.76771733747115
Q9DCN2,Cyb5r3,sex_in_PAS,-1.4940988302038107,-4.138949523395321,3.9794207239687325e-4,0.001649484010854997,17.650819945086102
Q9DCS3,Mecr,sex_in_PAS,0.5863239685617607,2.3023688590671996,0.030700385800690854,0.05812606378264135,18.31833527619201
Q9DCS9,Ndufb10,sex_in_PAS,0.49499694325379195,2.4123731449993717,0.02422149982267014,0.047936626826747875,20.162129545791416
Q9DCT2,Ndufs3,sex_in_PAS,-0.2505076854467738,-1.0495933615060318,0.304805200211435,0.3881824074441593,20.1972963322735
Q9DCU6,Mrpl4,sex_in_PAS,1.3926723217511654,5.238636647552481,2.582768873849877e-5,1.956016960462307e-4,16.29344987663546
Q9DCV4,Rmdn1,sex_in_PAS,-0.2670390367501021,-1.0343832952497911,0.3117071293583575,0.39257128486817533,15.990088386480892
Q9DCW4,Etfb,sex_in_PAS,-0.023592299710404774,-0.1145065049939672,0.9098296656291986,0.9277975764405473,21.649747197245578
Q9DCX2,Atp5pd,sex_in_PAS,0.2468459653950461,1.2818329150218906,0.21266789305014383,0.29037346935692715,22.0468555479331
Q9DCZ4,Apoo,sex_in_PAS,-1.0650841875562413,-5.480710987815373,1.4252122475923597e-5,1.2628090283040122e-4,20.205185472880082
Q9EP89,Lactb,sex_in_PAS,0.30245369381388443,1.4880932963133318,0.1503046040963434,0.21613421551069129,17.59822549546256
Q9EQ20,Aldh6a1,sex_in_PAS,-0.4681095823429686,-2.8853785134238152,0.008348476115463799,0.019799500228667517,19.655823133143354
Q9EQI8,Mrpl46,sex_in_PAS,2.697556917119652,7.71884229270665,7.859862591798731e-8,3.1888585372440564e-6,18.63828516032712
Q9ER88,Dap3,sex_in_PAS,2.003817100025703,7.1865986614425,2.5593434396768545e-7,6.922414636840254e-6,17.30098656131336
Q9ERI6,Rdh14,sex_in_PAS,0.3744455929100603,1.362342472852877,0.18627806281383028,0.25932828352513626,17.600768983186818
Q9ERS2,Ndufa13,sex_in_PAS,-0.1733068994753637,-0.6897753076808771,0.49723420699423526,0.561489124399057,18.866139424073577
Q9ESW4,Agk,sex_in_PAS,-1.018919561660585,-3.674969508704535,0.0012557049768425579,0.004195531922626899,16.01583523959399
Q9JHI5,Ivd,sex_in_PAS,-1.5253092626657292,-8.433859596213065,1.7077466897466663e-8,1.0777779108623405e-6,19.584647106110125
Q9JHS4,Clpx,sex_in_PAS,-0.5103091126798383,-1.3793958499738326,0.18103338947249442,0.2532683872423075,15.873853928897233
Q9JHW2,Nit2,sex_in_PAS,0.3940937130146729,1.6101726577864168,0.1209955170133868,0.1799095645644076,14.542803920123001
Q9JI39,Abcb10,sex_in_PAS,0.37009215409402785,1.346780787229042,0.19116776226058022,0.26403713938102097,16.516957370760316
Q9JIK9,Mrps34,sex_in_PAS,0.9961706117976412,4.133220538386656,4.036589392761348e-4,0.001649484010854997,17.50016905816549
Q9JIQ3,Diablo,sex_in_PAS,0.34649089541650824,1.0617637085522647,0.2993610244248288,0.38296635557050174,15.643710533888603
Q9JIY5,Htra2,sex_in_PAS,-0.9267071427763316,-3.7601845356569354,0.0010180136498866865,0.003613948457097737,16.227883750465615
Q9JJL8,Sars2,sex_in_PAS,1.1285979694693076,2.230255233805788,0.03577115436951597,0.06554198607059701,16.822133835998294
Q9JK42,Pdk2,sex_in_PAS,-1.1631371995244564,-5.475042696441689,1.4451159654887466e-5,1.2628090283040122e-4,17.69547871326744
Q9JKF7,Mrpl39,sex_in_PAS,1.877439931144906,7.762646923258923,7.144065452871274e-8,3.121407059408372e-6,17.3349822960195
Q9JKL4,Ndufaf3,sex_in_PAS,0.22292581443020865,0.9271026882126794,0.3634968016901653,0.4411670584615681,17.70153103287246
Q9JLR9,Higd1a,sex_in_PAS,-0.8164535743441732,-3.6623248301693474,0.0012953404241755014,0.004277635819370261,22.202590944493576
Q9JLT4,Txnrd2,sex_in_PAS,0.3252476630594323,0.9670770342113231,0.34356148575910106,0.4233035225838816,17.08276596020888
Q9JLZ3,Auh,sex_in_PAS,1.2785015646821094,5.076019395091119,3.859634299884424e-5,2.609847955159944e-4,18.882266818344768
Q9QYA2,Tomm40,sex_in_PAS,-1.7366477441953574,-4.730948001772679,9.094156154221345e-5,4.8730949958469095e-4,15.347421893583782
Q9QYR9,Acot2,sex_in_PAS,0.7616737057860838,3.8416573590193237,8.324477242563586e-4,0.003050518112113624,16.73908737631368
Q9QZ23,Nfu1,sex_in_PAS,0.8058895387600433,2.382503046258992,0.02584324836686905,0.050576707783714904,16.014269133829536
Q9QZH6,Ecsit,sex_in_PAS,0.14058592021763516,0.47572987509759596,0.6387525683094812,0.6950411088118493,17.143985913362997
Q9R0X4,Acot9,sex_in_PAS,-2.0012284599846843,-5.6945798803113,8.462668245796143e-6,8.011325939353681e-5,16.774294268767658
Q9R112,Sqor,sex_in_PAS,-0.9184997418541414,-2.9145981513262957,0.007800405619884012,0.018853746349336675,18.02183613648748
Q9WTP6,Ak2,sex_in_PAS,0.1415388141224696,0.6540010551788923,0.5195948336385405,0.5843517817482631,18.9681549514235
Q9WTP7,Ak3,sex_in_PAS,-0.031120204430070686,-0.14054894197480672,0.8894494818088983,0.9102834336350526,16.08060659432696
Q9WTQ8,Timm23,sex_in_PAS,0.014111436321803339,0.055129340183075956,0.9565113366366786,0.9632951049816195,15.640169169827763
Q9WUM5,Suclg1,sex_in_PAS,0.40323992651347496,2.1050518494215766,0.04640956151824238,0.08022551248807208,20.261502016569118
Q9WUR2,Eci2,sex_in_PAS,-1.4958126565052403,-6.4714919414012595,1.32460468549865e-6,2.5079182045441105e-5,19.443745365464746
Q9WUR9,Ak4,sex_in_PAS,-2.3423089329977778,-8.77552065221334,8.4340353371206e-9,6.843617244977857e-7,17.107457527484193
Q9WV98,Timm9,sex_in_PAS,0.8605539908418471,4.375828285074337,2.204764495132403e-4,9.783642447150037e-4,19.589391319744536
Q9WVA2,Timm8a1,sex_in_PAS,0.9442615560259675,3.1153557370704728,0.004865661581219052,0.012449080081677576,21.143978889142627
Q9WVL0,Gstz1,sex_in_PAS,-0.9351538383685565,-3.9178985979612087,6.892398721194388e-4,0.0026175515684298844,16.249320633968708
Q9Z0V7,Timm17b,sex_in_PAS,-0.4771528696685934,-2.155442538547244,0.04182557607063563,0.07396724157904126,18.566409473043464
Q9Z0X1,Aifm1,sex_in_PAS,0.5558293770877079,3.711890816212249,0.001146671908946861,0.00392355207398685,19.810405972137474
Q9Z1J3,Nfs1,sex_in_PAS,0.12857392842575877,0.8653556894748368,0.39577696956291375,0.47128159059063945,16.956508493423907
Q9Z1P6,Ndufa7,sex_in_PAS,1.0834863468984963,4.62763853619072,1.1764272258804716e-4,5.947894534115215e-4,20.266296310433177
Q9Z2I0,Letm1,sex_in_PAS,-0.36780598119160857,-1.7889087971708253,0.08680452573746995,0.13545321598594212,18.215600920970914
Q9Z2I8,Suclg2,sex_in_PAS,-1.2754484762193208,-4.8217592828458855,7.254320671735123e-5,4.2045450423934186e-4,17.69606931366383
Q9Z2I9,Sucla2,sex_in_PAS,-0.6487915720722945,-4.694219327342551,9.965457115936873e-5,5.193008845735912e-4,19.58093085995519
Q9Z2Q5,Mrpl40,sex_in_PAS,1.902684691007618,4.815096952933991,7.375549844366923e-5,4.2103107494814067e-4,17.477804889813175
Q9Z2Y8,Plpbp,sex_in_PAS,-0.5971394847979177,-1.4001603457778593,0.17480596024596373,0.24576679559333514,16.102449621259094
Q9Z2Z6,Slc25a20,sex_in_PAS,-0.685470296529342,-2.4448727683433704,0.022564116245192976,0.04512823249038595,17.925074068562676
S4R2K0,Pdf,sex_in_PAS,-1.5096893024092335,-5.907092114714607,5.063100113237705e-6,5.77852380667135e-5,16.535289689863692
