protein,VEH_F1,VEH_F2,VEH_F3,VEH_F4,VEH_F5,VEH_M1,VEH_M2,VEH_M3,VEH_M4,VEH_M5,PAS_F1,PAS_F2,PAS_F3,PAS_F4,PAS_F5,PAS_M1,PAS_M2,PAS_M3,PAS_M4,PAS_M5
A0A0R4J083,18.87877402315877,19.196792990585767,19.061270687219896,19.340960134083634,19.26103110121598,19.340960134083634,19.942843946502244,19.642096613722547,19.518284094893723,19.340960134083634,19.184437321328083,18.692282908777205,19.290425749847145,19.046930634139372,18.763860833259834,19.77894842668896,19.340960134083634,19.496007333766194,19.600690355991926,19.14960755854512
A0A0R4J0P1,18.652875672362054,18.596792390092027,18.034804036558977,18.596792390092027,17.851809963190362,17.521576419247648,16.959647602428937,15.966938014427248,17.549262476004678,17.58159803286625,18.26696818486289,18.71188265180645,18.615261411268353,18.290776804272948,18.466920385554168,16.49423691569948,17.45117194033125,16.696630397981174,16.220880378073787,17.486832198572618
A0A0R4J1J1,17.18183000185983,17.77002020068777,18.090482964010345,17.94778725715681,18.496346452542106,16.959647602428937,18.157867605260808,19.170084045667675,17.306374522486458,16.96745483041869,17.83356363028924,16.96745483041869,17.980494711251342,17.871129689661778,17.636772446255954,18.504176677888744,17.0254987353992,18.71188265180645,18.81837142069259,17.655497732392206
A0A2R8VHX1,14.491977057265013,14.213855869008873,14.943892958612873,14.455132935010662,14.647068341797354,14.907766233762212,15.041060302928619,15.15479865637353,14.958855613286435,14.110450751191195,14.213855869008873,14.491977057265013,14.767158757534029,14.27992554993843,14.213855869008873,14.674536997207497,14.958855613286435,15.17391607065505,14.924934119748198,15.309850254240075
A0A494B9G1,14.062377284182485,14.421280175086434,14.647068341797354,14.734863622776391,15.213626927175422,14.27992554993843,16.31423135303767,16.85109079459135,15.1246294928855,14.767158757534029,14.110450751191195,14.519932854893003,14.363115424551037,14.958855613286435,14.455132935010662,16.542780037674664,15.17391607065505,15.432067181453064,15.871945612940143,15.363278257846426
A2AIL4,18.615261411268353,17.36073389088333,18.36619974090788,17.776514433967243,16.19889426476575,18.496346452542106,18.131834214733836,16.895185066576122,18.22166863553482,18.43019048165924,17.04647772954568,18.729605796642268,17.093396465191883,15.929116056465412,17.738142088900677,17.980494711251342,18.36026818197843,17.36903571098365,17.888820499453303,18.30321225012261
A2APY7,16.938127804812325,17.377663320685862,17.486832198572618,17.410471383898066,16.833471200979996,16.553507708594772,17.202488406188003,17.07309083792128,16.95075394557148,17.202488406188003,17.8967016599141,17.7205259828368,17.549262476004678,17.531492215438494,17.16370578001571,17.10880421396298,16.96745483041869,17.18183000185983,16.813610280749028,16.895185066576122
A2ASZ8,12.97547912697416,13.122776374989124,13.353366177846173,14.173604168677693,13.616205112967759,13.513413451400192,13.513413451400192,13.616205112967759,13.9059903074325,13.616205112967759,12.97547912697416,13.834772134222595,13.685467075981979,13.353366177846173,12.97547912697416,13.616205112967759,14.062377284182485,13.513413451400192,13.513413451400192,13.513413451400192
A6H611,18.024984597209546,18.33896168785754,18.63428266429829,18.01287315474744,18.539827291089676,16.96745483041869,16.38688116187791,16.34756926983865,17.0254987353992,15.88917648622122,18.313999970776624,18.071009660071656,18.090482964010345,17.842961543755088,18.238118584311707,16.267436084128995,16.145733024845747,16.23482940770717,16.257354035510616,16.213051319928134
B1AR13,17.36903571098365,17.329928783224688,17.67363549045361,18.177688706479643,16.560191399972652,16.600952431286682,17.171496594965255,17.34547369798334,16.86753235418222,16.560191399972652,17.07309083792128,17.314095025786568,17.24258460902694,16.884466848554016,17.51457136713056,17.093396465191883,17.064727212773455,16.257354035510616,17.202488406188003,16.672228387954043
B1AXP6,14.734863622776391,15.235594350690604,14.320614750527465,14.544949147292186,14.674536997207497,15.379992575571023,15.100958209410527,15.235594350690604,14.832807104034071,14.907766233762212,15.52652691134934,14.213855869008873,14.173604168677693,14.389805789365075,14.27992554993843,15.213626927175422,15.1246294928855,14.958855613286435,14.869377300950848,13.96781234656099
D3Z7P3,17.34547369798334,17.014635465582884,15.682716821604217,17.171496594965255,13.96781234656099,16.1212776921713,14.142828999884605,14.142828999884605,16.213051319928134,15.706460770071525,16.43380379503146,16.553507708594772,16.877859805966047,16.16972521474323,16.844894839959387,14.173604168677693,13.9059903074325,14.110450751191195,14.062377284182485,14.142828999884605
D3Z7Q2,15.467499628792032,16.05998935354726,16.4681336588001,17.58947560297899,16.456434051047253,16.022902729634403,16.281306373512244,16.19889426476575,16.1212776921713,16.213051319928134,15.607216232138608,15.507604851788347,16.64963311408764,15.541997202834702,15.721502429955052,16.32469319676742,15.666130920214659,16.76260483574207,16.38688116187791,16.38688116187791
D3Z7X0,17.506702229218458,18.373411503783274,17.477753413428957,18.33024765097391,17.94778725715681,18.290776804272948,17.824245998358947,17.789788714645585,18.071009660071656,18.78492510524014,17.880388051865513,18.33024765097391,18.18759383239808,17.16370578001571,17.689632089868898,17.842961543755088,18.01287315474744,18.373411503783274,17.83356363028924,18.06372076678057
E9Q4Z2,16.31423135303767,16.560191399972652,15.52652691134934,16.299907355234044,17.004447865045186,14.647068341797354,14.544949147292186,14.544949147292186,14.869377300950848,15.137773679904996,15.194890827490047,16.09036153560357,15.871945612940143,14.734863622776391,15.15479865637353,14.869377300950848,14.851483746637095,15.06435550824852,15.002488827854545,15.081777807299682
F7BP55,13.9059903074325,13.834772134222595,15.100958209410527,15.379992575571023,14.589043151004551,14.519932854893003,15.002488827854545,15.1246294928855,14.421280175086434,14.421280175086434,15.721502429955052,14.062377284182485,13.96781234656099,14.173604168677693,14.589043151004551,15.137773679904996,14.615989774243147,14.891584099532386,14.803121566292154,14.734863622776391
G5E902,22.124207499502695,22.024626500268308,21.2853640988752,21.75149677266863,20.78629693165928,21.61371657020363,20.683236850434426,19.91743802193927,21.787699843667895,22.078795321726435,21.495002643017862,22.024626500268308,22.124207499502695,21.495002643017862,21.99432659547019,20.443772281564254,22.024626500268308,21.114233774210284,20.466581851551005,21.312784340339647
O08600,16.132409567755165,16.71313914670801,16.43380379503146,16.076942346039637,16.553507708594772,17.7293872657367,18.763860833259834,18.959894035283355,18.204275393365705,17.40433764614644,16.959647602428937,15.840430485845923,15.100958209410527,16.220880378073787,16.145733024845747,18.4525273316329,18.06372076678057,17.689632089868898,18.47695406639158,18.119896830631212
O08709,17.74921377153779,17.40433764614644,17.994736225606697,16.672228387954043,18.95106737203556,17.03539930853817,16.50758444652603,17.681075396566506,16.64168495987787,16.72263831024762,18.564914568031423,18.443355788804887,18.195059748517842,18.39077119361858,18.596792390092027,15.956902660435318,16.631722308323525,15.706460770071525,15.682716821604217,15.721502429955052
O08715,15.194890827490047,14.979829472178162,14.615989774243147,14.363115424551037,15.560440415474186,15.294935512233874,16.34756926983865,16.833471200979996,15.137773679904996,15.347912746455638,14.958855613286435,14.024847516254491,14.589043151004551,15.995461336326727,15.17391607065505,16.519265858639905,14.924934119748198,16.243046519675097,15.914100547354973,15.399356733755349
O08749,18.351145786711804,19.206111881200528,20.20375800879423,19.57069568517199,18.91462040073265,20.302905028773885,21.034687448052203,21.662205406930468,20.657559285833464,20.14349116699084,19.323760606723436,19.07560771377747,19.404770326434583,19.299961986535195,19.299961986535195,21.034687448052203,20.554405832709335,20.302905028773885,21.18559093177676,20.57474544193243
O08807,17.459322368071206,18.90158127878823,17.337668125657288,17.314095025786568,17.486832198572618,18.45965836200418,17.40433764614644,17.595799011763855,16.99465608790098,16.976070922293978,20.03489054248491,17.281022049162324,18.935947130404,17.337668125657288,19.518284094893723,17.281022049162324,19.07560771377747,19.41351773502707,19.246175360418153,18.87877402315877
O09111,20.078009466799756,19.68484238133201,20.03489054248491,20.078009466799756,19.614675635527078,20.443772281564254,20.24380631899546,20.49783063583705,20.348951848174927,20.078009466799756,19.496007333766194,19.642096613722547,20.04744130793093,20.11354846502263,20.24380631899546,20.322596770330982,20.04744130793093,20.615584182459976,20.348951848174927,20.443772281564254
O09174,16.895185066576122,16.022902729634403,17.100466285992447,16.64963311408764,15.623208149746299,16.659890630080277,16.09036153560357,16.772352750754262,16.687572909706024,15.507604851788347,17.2226566163975,14.615989774243147,15.571385090669462,16.80391476225131,16.34756926983865,16.687572909706024,15.649666694654902,16.730697087653226,16.542780037674664,16.542780037674664
O35129,20.49783063583705,19.77894842668896,19.53440432749931,19.41351773502707,19.629948064572282,20.03489054248491,18.686395538355164,18.383204388367343,19.65726588934619,19.853186699776195,19.72552345521813,19.892893242935052,20.078009466799756,19.591250061843002,19.713294975969468,18.63428266429829,20.000273427387157,19.206111881200528,18.652875672362054,19.518284094893723
O35435,17.10880421396298,17.100466285992447,17.789788714645585,17.273291646903512,16.92937544533877,17.506702229218458,16.011195751837462,16.42140912781597,17.314095025786568,17.871129689661778,16.49423691569948,17.125436335957197,17.49510609622982,17.15466544240266,17.21507710066778,17.273291646903512,17.906895922895963,17.914233018107094,16.553507708594772,17.636772446255954
O35459,17.906895922895963,18.142405145990725,18.729605796642268,18.33896168785754,18.677917216302305,18.504176677888744,18.95106737203556,18.729605796642268,18.665149140714654,18.5303793270639,18.71188265180645,18.26696818486289,18.238118584311707,18.564914568031423,18.01287315474744,18.486313236741456,18.557195436175146,18.87877402315877,18.91462040073265,18.33024765097391
O35465,17.621085375053482,17.45117194033125,17.133498028186448,16.49423691569948,17.0254987353992,16.906734474952508,16.772352750754262,15.137773679904996,16.184322245717446,15.414677502687642,17.486832198572618,17.18183000185983,17.34547369798334,17.789788714645585,17.299893503693692,15.15479865637353,15.981316607758902,16.32469319676742,16.05998935354726,15.914100547354973
O35683,20.322596770330982,20.094483592305707,20.078009466799756,19.817832451156555,19.80126636569122,20.87686599734483,20.57474544193243,19.713294975969468,20.592518356570043,20.730791699885405,19.217446424477156,19.23466212660717,19.75293882608616,19.53440432749931,20.04744130793093,20.348951848174927,20.730791699885405,20.51733159815573,20.421583668758817,20.87686599734483
O35855,18.774860491346796,18.841591969953136,18.27499553716694,19.629948064572282,18.74960153818804,18.85095552348028,18.486313236741456,17.125436335957197,19.14960755854512,19.061270687219896,18.504176677888744,19.26103110121598,18.729605796642268,18.763860833259834,19.124704910637995,17.43328747304157,18.91462040073265,18.071009660071656,17.760475787074267,18.95106737203556
O35857,17.865213999510175,18.204275393365705,17.842961543755088,18.30321225012261,17.58947560297899,18.005855283549412,17.337668125657288,17.74921377153779,17.55737507387419,17.064727212773455,17.61080164581511,17.486832198572618,17.888820499453303,17.865213999510175,17.477753413428957,17.21507710066778,17.15466544240266,17.655497732392206,17.621085375053482,16.74385402617571
O35972,17.923402029730873,17.79481631491284,17.58159803286625,17.880388051865513,18.195059748517842,17.74214388236789,17.929022724818815,18.43019048165924,17.7293872657367,17.906895922895963,18.054675518592425,17.67363549045361,18.06372076678057,17.923402029730873,17.538792105956716,18.046880977537526,18.213265902702407,18.054675518592425,18.22166863553482,18.4525273316329
O55003,16.70626608745243,18.43019048165924,17.320725947945235,17.064727212773455,17.24258460902694,18.890223319110287,17.263258642971245,17.18183000185983,18.290776804272948,18.22166863553482,17.49510609622982,17.442866120669663,17.7293872657367,16.92937544533877,17.133498028186448,17.929022724818815,18.763860833259834,18.58388280389488,16.976070922293978,17.7293872657367
O55028,17.03539930853817,17.2226566163975,17.636772446255954,17.393653224741477,17.689632089868898,16.772352750754262,17.851809963190362,18.890223319110287,17.290184140983268,17.171496594965255,17.148516879497258,17.306374522486458,17.337668125657288,17.064727212773455,17.08517817128026,18.41956930540811,17.51457136713056,17.281022049162324,18.686395538355164,17.58159803286625
O55126,20.18592365974449,20.730791699885405,19.496007333766194,20.06207468890141,19.37180104088261,19.817832451156555,18.596792390092027,18.41956930540811,19.76487978674208,20.04744130793093,20.06207468890141,20.75830462641241,20.443772281564254,20.078009466799756,20.128654116613404,18.43019048165924,19.975639739849605,19.029945691187148,18.571569054276416,19.75293882608616
O70325,17.880388051865513,18.313999970776624,16.213051319928134,18.034804036558977,18.571569054276416,19.77894842668896,19.817832451156555,19.309882689701375,19.046930634139372,18.984211437271973,17.645973449767126,16.38688116187791,17.58159803286625,17.51457136713056,17.74214388236789,19.27684573645653,19.217446424477156,18.36026818197843,19.76487978674208,18.774860491346796
O70571,16.530877804679726,18.24634741195974,17.79481631491284,16.938127804812325,17.51457136713056,16.877859805966047,15.27568110137022,15.432067181453064,17.08517817128026,17.07309083792128,15.706460770071525,14.363115424551037,17.18183000185983,14.544949147292186,16.906734474952508,15.399356733755349,15.871945612940143,16.456434051047253,15.081777807299682,17.171496594965255
O88441,14.924934119748198,14.674536997207497,14.173604168677693,13.122776374989124,13.513413451400192,14.213855869008873,13.353366177846173,13.353366177846173,15.002488827854545,14.674536997207497,13.122776374989124,15.081777807299682,15.019734348747557,14.421280175086434,14.142828999884605,13.353366177846173,14.803121566292154,13.353366177846173,13.353366177846173,13.353366177846173
O88587,17.871129689661778,16.42140912781597,14.907766233762212,17.698341388592723,15.06435550824852,16.154851772553705,16.267436084128995,16.220880378073787,16.076942346039637,16.659890630080277,14.734863622776391,17.422385970980464,17.689632089868898,17.093396465191883,16.96745483041869,16.34756926983865,16.57884352513613,16.399865146906766,16.42140912781597,16.631722308323525
O88696,18.564914568031423,18.692282908777205,18.890223319110287,18.91462040073265,19.547171277319784,18.63428266429829,18.407189931004336,18.97423308304976,18.213265902702407,18.686395538355164,18.774860491346796,18.564914568031423,18.793620041543022,18.831262453151037,18.665149140714654,18.496346452542106,18.47695406639158,18.73884461038869,18.51605368961477,18.557195436175146
O88967,17.410471383898066,16.281306373512244,16.31423135303767,16.57884352513613,16.64168495987787,17.263258642971245,17.133498028186448,17.377663320685862,16.917480987954626,17.133498028186448,16.132409567755165,16.74385402617571,16.687572909706024,16.41115233735012,16.79324321561711,17.506702229218458,16.959647602428937,17.824245998358947,16.696630397981174,16.884466848554016
P05202,20.75830462641241,20.53686877652722,19.83601165476238,20.75830462641241,19.892893242935052,19.904893824307102,19.014966590563763,18.290776804272948,20.04744130793093,20.18592365974449,20.302905028773885,21.01454540906937,20.615584182459976,20.421583668758817,21.074144251045773,18.92766643986594,19.881765108388542,19.50715678908713,18.793620041543022,19.50715678908713
P08074,15.213626927175422,14.647068341797354,14.110450751191195,15.255970705408734,13.353366177846173,17.970265999743717,17.320725947945235,17.929022724818815,17.38648976082601,17.410471383898066,15.806895208269083,13.685467075981979,13.353366177846173,15.399356733755349,14.958855613286435,17.636772446255954,17.03539930853817,17.251638359270554,17.442866120669663,16.58997882357088
P08228,20.153764200405462,19.309882689701375,20.817218322561878,20.592518356570043,20.984727581025474,20.348951848174927,19.68484238133201,19.77894842668896,19.928334082559875,19.44568799214925,22.078795321726435,20.6311340243877,20.466581851551005,21.01454540906937,20.850981518206034,19.50715678908713,20.078009466799756,18.984211437271973,19.77894842668896,19.124704910637995
P08249,21.902309620911247,22.867017441848482,22.556842060734493,22.124207499502695,22.556842060734493,22.867017441848482,23.209012651291893,22.867017441848482,22.867017441848482,23.046863166412727,22.867017441848482,22.269318888798278,22.269318888798278,22.867017441848482,22.867017441848482,23.386708900159682,22.867017441848482,22.867017441848482,23.386708900159682,22.867017441848482
P09671,17.980494711251342,18.443355788804887,18.665149140714654,17.888820499453303,17.712463571221484,18.564914568031423,18.26696818486289,17.133498028186448,18.313999970776624,17.49510609622982,19.112890419199893,18.91462040073265,18.41956930540811,18.238118584311707,19.046930634139372,17.337668125657288,18.157867605260808,17.329928783224688,17.67363549045361,17.04647772954568
P09925,17.04647772954568,17.04647772954568,16.399865146906766,16.040156056765746,16.74385402617571,17.776514433967243,18.054675518592425,18.443355788804887,17.776514433967243,16.959647602428937,15.966938014427248,15.806895208269083,15.929116056465412,17.004447865045186,16.011195751837462,18.024984597209546,17.337668125657288,18.26696818486289,18.320900602968656,17.148516879497258
P0DJE0,15.88917648622122,16.75465720836384,17.014635465582884,15.966938014427248,15.76375548772117,17.171496594965255,17.05526952811243,18.596792390092027,17.40433764614644,15.734951874056438,16.154851772553705,15.966938014427248,16.772352750754262,16.456434051047253,16.631722308323525,17.351614134518577,15.995461336326727,17.34547369798334,18.45965836200418,17.521576419247648
P0DJF2,17.994736225606697,18.26696818486289,18.935947130404,18.677917216302305,17.410471383898066,16.895185066576122,17.299893503693692,19.817832451156555,18.660197306811675,16.86753235418222,18.58388280389488,17.148516879497258,18.071009660071656,18.660197306811675,17.938525598463357,17.171496594965255,16.884466848554016,19.614675635527078,17.251638359270554,17.100466285992447
P11352,16.62157362769217,15.751231695933773,16.19889426476575,15.467499628792032,14.943892958612873,15.213626927175422,15.399356733755349,15.541997202834702,15.081777807299682,14.943892958612873,17.58947560297899,16.80391476225131,16.184322245717446,16.132409567755165,16.57884352513613,15.507604851788347,14.891584099532386,15.235594350690604,14.389805789365075,14.958855613286435
P12787,23.046863166412727,23.209012651291893,23.386708900159682,22.661418830087044,23.63264156699747,23.63264156699747,24.514942141618643,24.514942141618643,24.514942141618643,23.63264156699747,23.209012651291893,23.046863166412727,23.209012651291893,23.209012651291893,23.209012651291893,24.514942141618643,23.63264156699747,24.514942141618643,24.514942141618643,23.937408415071037
P16125,18.466920385554168,16.976070922293978,17.442866120669663,17.36073389088333,17.10880421396298,15.929116056465412,16.220880378073787,15.995461336326727,15.706460770071525,16.569699759178974,17.74214388236789,17.45117194033125,17.7205259828368,17.655497732392206,17.842961543755088,16.23482940770717,16.600952431286682,16.220880378073787,15.981316607758902,16.519265858639905
P16332,18.39077119361858,18.539827291089676,18.36026818197843,18.4525273316329,18.564914568031423,18.157867605260808,18.16911730248406,16.813610280749028,18.099778862629723,18.119896830631212,18.665149140714654,18.596792390092027,18.571569054276416,18.959894035283355,18.4525273316329,17.914233018107094,18.230258655185942,17.171496594965255,18.33896168785754,17.784183239302607
P17665,18.24634741195974,17.738142088900677,17.273291646903512,15.294935512233874,15.27568110137022,19.863590672259157,18.71188265180645,16.99465608790098,20.03489054248491,19.184437321328083,17.34547369798334,19.309882689701375,17.57545301060403,16.730697087653226,18.142405145990725,18.24634741195974,19.591250061843002,17.57545301060403,17.689632089868898,18.47695406639158
P19096,17.133498028186448,15.194890827490047,13.513413451400192,15.636621719716976,15.235594350690604,14.803121566292154,13.96781234656099,14.024847516254491,13.616205112967759,13.754440251487543,16.569699759178974,14.544949147292186,14.491977057265013,15.467499628792032,15.213626927175422,14.024847516254491,13.616205112967759,13.96781234656099,13.9059903074325,13.9059903074325
P19783,22.024626500268308,21.75149677266863,21.75149677266863,21.787699843667895,21.662205406930468,21.532919263147512,22.124207499502695,21.2853640988752,21.941785733801748,21.83687506837006,21.461316411282215,21.70251958025411,21.25573917155103,22.124207499502695,21.902309620911247,21.532919263147512,21.495002643017862,20.956815206988388,21.61371657020363,21.75149677266863
P20108,20.03489054248491,19.928334082559875,20.554405832709335,19.518284094893723,20.28726006499452,19.959236695028657,21.18559093177676,21.359828500257358,20.6311340243877,20.26895637749878,20.592518356570043,19.817832451156555,19.309882689701375,20.368681184184588,20.16766853288342,21.70251958025411,20.466581851551005,21.158083602803337,21.034687448052203,20.554405832709335
P22315,18.41956930540811,18.4525273316329,18.177688706479643,18.539827291089676,18.351145786711804,18.28335476994825,17.804307022124807,17.814256535258824,18.443355788804887,18.33896168785754,18.320900602968656,18.841591969953136,18.564914568031423,18.51605368961477,18.383204388367343,17.549262476004678,18.692282908777205,18.142405145990725,17.74921377153779,18.763860833259834
P24270,16.659890630080277,16.542780037674664,16.281306373512244,17.11686982679312,16.371071053317163,16.34756926983865,17.410471383898066,17.251638359270554,16.19889426476575,16.371071053317163,17.273291646903512,16.938127804812325,15.995461336326727,16.938127804812325,15.956902660435318,17.18183000185983,16.19889426476575,16.782376848089555,17.125436335957197,16.4681336588001
P26443,18.702435757340385,18.729605796642268,19.088322161501978,18.890223319110287,18.935947130404,18.52412103846554,18.660197306811675,18.4525273316329,18.06372076678057,17.954048070991806,19.38662238260746,18.41956930540811,18.443355788804887,19.07560771377747,18.91462040073265,18.60781648646165,18.39077119361858,18.407189931004336,18.73884461038869,18.400109231324972
P28352,17.655497732392206,16.938127804812325,18.33024765097391,18.39077119361858,18.443355788804887,16.41115233735012,19.206111881200528,17.888820499453303,16.49423691569948,18.005855283549412,18.808523382055842,17.645973449767126,17.79481631491284,18.546392080268458,18.30321225012261,19.14960755854512,18.290776804272948,18.082136635852454,19.196792990585767,18.443355788804887
P29758,17.51457136713056,18.351145786711804,18.677917216302305,18.466920385554168,18.841591969953136,18.959894035283355,19.340960134083634,19.014966590563763,18.91462040073265,18.64584924579679,19.046930634139372,18.496346452542106,18.082136635852454,18.665149140714654,18.63428266429829,19.41351773502707,18.58388280389488,18.831262453151037,19.404770326434583,18.36026818197843
P31786,18.6238955848025,18.45965836200418,17.306374522486458,17.251638359270554,19.170084045667675,19.088322161501978,17.351614134518577,17.531492215438494,16.976070922293978,16.938127804812325,19.642096613722547,20.11354846502263,18.90158127878823,18.890223319110287,19.290425749847145,17.251638359270554,16.983556626202294,17.36073389088333,17.337668125657288,17.18183000185983
P32020,18.729605796642268,17.970265999743717,18.195059748517842,18.763860833259834,17.865213999510175,18.71188265180645,17.784183239302607,17.306374522486458,17.10880421396298,18.01287315474744,19.07560771377747,18.74960153818804,18.43019048165924,18.131834214733836,18.054675518592425,17.290184140983268,17.58159803286625,18.443355788804887,17.24258460902694,17.824245998358947
P35290,15.329673207369467,14.832807104034071,15.294935512233874,14.213855869008873,14.320614750527465,14.832807104034071,14.674536997207497,14.704418840297247,15.255970705408734,15.213626927175422,14.704418840297247,15.15479865637353,15.541997202834702,15.379992575571023,14.704418840297247,14.704418840297247,15.607216232138608,14.589043151004551,15.590852133318316,15.002488827854545
P35486,20.730791699885405,20.615584182459976,20.421583668758817,21.01454540906937,20.03489054248491,20.51733159815573,20.393070877238095,20.094483592305707,20.75830462641241,21.034687448052203,20.711733610272972,20.87686599734483,20.956815206988388,20.57474544193243,20.730791699885405,20.730791699885405,21.158083602803337,20.153764200405462,20.51733159815573,20.683236850434426
P36552,14.519932854893003,15.623208149746299,15.590852133318316,15.914100547354973,15.363278257846426,13.685467075981979,15.981316607758902,14.363115424551037,15.363278257846426,15.363278257846426,15.914100547354973,14.767158757534029,15.041060302928619,15.363278257846426,15.329673207369467,14.389805789365075,13.96781234656099,15.571385090669462,16.19889426476575,15.450505640312821
P38060,16.696630397981174,16.85109079459135,16.41115233735012,17.299893503693692,16.696630397981174,16.184322245717446,16.076942346039637,16.399865146906766,16.022902729634403,16.05998935354726,17.906895922895963,17.7293872657367,17.11686982679312,17.377663320685862,17.273291646903512,16.38688116187791,16.49423691569948,15.871945612940143,16.145733024845747,15.88917648622122
P38647,19.68484238133201,20.322596770330982,20.393070877238095,19.942843946502244,20.40879778879779,20.000273427387157,20.078009466799756,20.393070877238095,19.942843946502244,19.863590672259157,20.466581851551005,20.06207468890141,20.222449101142026,20.49783063583705,20.094483592305707,20.368681184184588,19.83601165476238,20.592518356570043,20.153764200405462,19.959236695028657
P40630,17.784183239302607,18.195059748517842,17.923402029730873,17.664111596114573,18.06372076678057,18.665149140714654,18.005855283549412,18.22166863553482,17.94778725715681,18.27499553716694,18.099778862629723,18.16911730248406,18.034804036558977,17.914233018107094,17.776514433967243,17.871129689661778,17.865213999510175,17.776514433967243,18.2557585057893,17.36073389088333
P41216,20.466581851551005,20.466581851551005,19.76487978674208,19.27684573645653,19.863590672259157,20.49783063583705,19.91743802193927,19.112890419199893,20.53686877652722,20.615584182459976,19.83601165476238,20.348951848174927,19.98820723861737,20.153764200405462,20.348951848174927,19.892893242935052,20.421583668758817,20.49783063583705,19.72552345521813,20.302905028773885
P42125,19.124704910637995,19.892893242935052,19.27684573645653,19.50715678908713,19.959236695028657,18.858535607091802,19.26103110121598,20.26895637749878,19.014966590563763,19.046930634139372,19.853186699776195,19.53440432749931,19.41351773502707,19.38662238260746,19.53440432749931,19.741596370382172,18.841591969953136,19.561239095358236,19.206111881200528,19.170084045667675
P43023,20.11354846502263,19.496007333766194,19.100486304593453,20.094483592305707,19.299961986535195,19.91743802193927,20.53686877652722,21.074144251045773,20.57474544193243,19.942843946502244,18.01287315474744,20.18592365974449,19.135976263263608,20.03489054248491,18.109981335387467,20.393070877238095,19.942843946502244,20.04744130793093,20.615584182459976,20.14349116699084
P45952,19.478562068988683,19.853186699776195,19.892893242935052,20.222449101142026,20.094483592305707,19.41351773502707,19.881765108388542,19.44568799214925,19.50715678908713,19.50715678908713,20.222449101142026,19.80126636569122,19.83601165476238,19.741596370382172,20.078009466799756,19.518284094893723,19.518284094893723,19.53440432749931,19.547171277319784,19.496007333766194
P46656,16.844894839959387,17.15466544240266,17.171496594965255,16.76260483574207,18.213265902702407,19.27684573645653,18.665149140714654,19.57069568517199,18.984211437271973,18.90158127878823,18.36619974090788,17.51457136713056,17.148516879497258,18.06372076678057,17.459322368071206,18.729605796642268,18.26696818486289,18.692282908777205,18.959894035283355,18.504176677888744
P47738,18.85095552348028,19.088322161501978,18.85095552348028,18.119896830631212,19.046930634139372,17.880388051865513,17.74214388236789,17.630518726224373,17.05526952811243,17.377663320685862,19.57069568517199,19.196792990585767,18.60781648646165,19.26103110121598,19.44568799214925,16.983556626202294,17.320725947945235,17.970265999743717,17.299893503693692,17.08517817128026
P47740,15.041060302928619,14.173604168677693,13.754440251487543,14.251058959096156,13.9059903074325,14.389805789365075,14.062377284182485,14.110450751191195,14.544949147292186,13.9059903074325,13.513413451400192,14.142828999884605,14.455132935010662,13.513413451400192,14.363115424551037,14.110450751191195,13.754440251487543,14.062377284182485,14.024847516254491,14.062377284182485
P47791,14.27992554993843,14.110450751191195,15.995461336326727,14.674536997207497,17.929022724818815,14.421280175086434,15.15479865637353,15.309850254240075,14.647068341797354,14.615989774243147,14.907766233762212,15.649666694654902,15.794373955037148,14.455132935010662,17.07309083792128,15.294935512233874,14.907766233762212,15.041060302928619,14.943892958612873,14.891584099532386
P47934,18.92766643986594,18.890223319110287,18.546392080268458,18.95106737203556,18.6238955848025,18.14906886661004,18.195059748517842,17.804307022124807,18.702435757340385,18.702435757340385,18.793620041543022,19.184437321328083,19.170084045667675,18.63428266429829,18.831262453151037,18.01287315474744,18.808523382055842,17.55737507387419,18.28335476994825,18.6238955848025
P48771,20.87686599734483,19.112890419199893,19.046930634139372,19.23466212660717,18.774860491346796,19.100486304593453,18.692282908777205,17.67363549045361,19.340960134083634,19.100486304593453,19.561239095358236,20.49783063583705,20.20375800879423,18.90158127878823,20.14349116699084,16.58997882357088,19.323760606723436,15.483930727410229,18.204275393365705,18.92766643986594
P48962,22.661418830087044,22.763557667718935,22.162401291150907,21.221420076011466,21.83687506837006,22.763557667718935,21.902309620911247,21.01454540906937,22.661418830087044,22.763557667718935,21.70251958025411,23.209012651291893,23.046863166412727,22.435227806422336,22.556842060734493,21.461316411282215,22.763557667718935,21.70251958025411,21.39138221131153,22.217949962441484
P50171,18.43019048165924,18.92766643986594,18.686395538355164,19.124704910637995,19.65726588934619,18.26696818486289,18.546392080268458,18.557195436175146,18.16911730248406,18.142405145990725,18.858535607091802,18.702435757340385,18.665149140714654,18.729605796642268,18.808523382055842,18.33896168785754,18.082136635852454,18.238118584311707,18.5303793270639,18.320900602968656
P50544,20.28726006499452,20.06207468890141,19.355670097681298,19.642096613722547,19.741596370382172,19.68484238133201,19.591250061843002,18.81837142069259,19.741596370382172,19.83601165476238,19.591250061843002,20.16766853288342,19.942843946502244,19.77894842668896,19.881765108388542,19.42648560831271,19.76487978674208,19.23466212660717,19.26103110121598,19.547171277319784
P51175,17.093396465191883,17.18183000185983,16.70626608745243,14.851483746637095,16.782376848089555,16.49423691569948,15.450505640312821,15.607216232138608,15.019734348747557,16.040156056765746,16.145733024845747,16.983556626202294,16.672228387954043,16.05998935354726,16.542780037674664,15.560440415474186,17.05526952811243,15.329673207369467,15.309850254240075,15.255970705408734
P51660,16.92937544533877,16.38688116187791,16.42140912781597,17.08517817128026,14.734863622776391,15.76375548772117,16.906734474952508,16.542780037674664,16.4681336588001,16.456434051047253,17.24258460902694,16.906734474952508,17.2226566163975,16.519265858639905,16.076942346039637,17.16370578001571,16.74385402617571,16.132409567755165,16.884466848554016,16.42140912781597
P51881,19.404770326434583,18.60781648646165,18.4525273316329,17.804307022124807,17.698341388592723,18.92766643986594,17.760475787074267,17.45117194033125,18.74960153818804,18.92766643986594,18.73884461038869,18.774860491346796,18.557195436175146,18.486313236741456,18.47695406639158,18.054675518592425,18.7204326373595,18.64584924579679,17.630518726224373,18.5303793270639
P52196,17.171496594965255,17.55737507387419,17.34547369798334,18.054675518592425,17.994736225606697,16.371071053317163,16.530877804679726,15.450505640312821,17.004447865045186,16.824995230946268,17.459322368071206,18.213265902702407,18.046880977537526,18.090482964010345,18.33024765097391,16.62157362769217,17.004447865045186,17.314095025786568,16.70626608745243,17.630518726224373
P52503,20.984727581025474,21.61371657020363,21.902309620911247,21.70251958025411,22.269318888798278,21.902309620911247,22.217949962441484,22.435227806422336,21.461316411282215,21.25573917155103,22.024626500268308,21.461316411282215,21.312784340339647,21.83687506837006,21.158083602803337,22.325925525527033,21.75149677266863,21.83687506837006,22.435227806422336,21.461316411282215
P52825,19.07560771377747,18.984211437271973,18.230258655185942,18.142405145990725,17.67363549045361,18.400109231324972,17.664111596114573,17.621085375053482,18.351145786711804,18.51605368961477,18.142405145990725,18.660197306811675,18.91462040073265,18.109981335387467,18.5303793270639,17.738142088900677,18.729605796642268,17.938525598463357,17.521576419247648,18.52412103846554
P53395,18.01287315474744,18.959894035283355,18.763860833259834,18.702435757340385,18.046880977537526,18.33024765097391,18.6238955848025,18.74960153818804,18.504176677888744,18.2557585057893,18.571569054276416,19.496007333766194,19.184437321328083,18.7204326373595,18.85095552348028,18.443355788804887,19.124704910637995,18.30321225012261,18.774860491346796,18.729605796642268
P53702,14.803121566292154,15.432067181453064,15.706460770071525,14.924934119748198,15.399356733755349,15.137773679904996,15.571385090669462,15.76375548772117,15.507604851788347,15.294935512233874,15.779577679171126,15.137773679904996,15.347912746455638,14.891584099532386,14.869377300950848,15.821003030743967,15.734951874056438,15.88917648622122,15.636621719716976,15.666130920214659
P54071,19.518284094893723,19.959236695028657,19.290425749847145,19.853186699776195,18.92766643986594,18.999887475064458,19.061270687219896,17.38648976082601,18.959894035283355,18.999887475064458,19.27684573645653,19.68484238133201,19.547171277319784,19.518284094893723,19.741596370382172,17.712463571221484,19.206111881200528,18.131834214733836,18.06372076678057,18.85095552348028
P54116,15.27568110137022,16.983556626202294,14.704418840297247,15.981316607758902,15.483930727410229,16.23482940770717,14.110450751191195,17.329928783224688,13.834772134222595,13.96781234656099,17.36073389088333,14.803121566292154,14.832807104034071,15.002488827854545,15.235594350690604,14.142828999884605,13.834772134222595,17.43328747304157,16.184322245717446,14.110450751191195
P56135,23.209012651291893,22.162401291150907,21.83687506837006,21.461316411282215,22.124207499502695,22.162401291150907,21.787699843667895,21.435937203088393,22.269318888798278,22.435227806422336,21.532919263147512,22.556842060734493,22.435227806422336,21.70251958025411,22.269318888798278,21.61371657020363,22.124207499502695,22.162401291150907,21.495002643017862,22.269318888798278
P56213,17.938525598463357,18.564914568031423,18.858535607091802,17.906895922895963,19.404770326434583,18.313999970776624,19.184437321328083,19.614675635527078,18.686395538355164,17.880388051865513,18.841591969953136,17.880388051865513,18.099778862629723,18.71188265180645,18.290776804272948,19.029945691187148,17.664111596114573,19.061270687219896,18.841591969953136,18.082136635852454
P56379,21.532919263147512,20.443772281564254,20.730791699885405,20.51733159815573,20.51733159815573,22.661418830087044,21.074144251045773,21.75149677266863,21.532919263147512,21.787699843667895,21.01454540906937,20.817218322561878,20.75830462641241,20.592518356570043,21.01454540906937,21.662205406930468,21.83687506837006,21.787699843667895,21.70251958025411,21.532919263147512
P56382,20.06207468890141,19.614675635527078,19.713294975969468,20.20375800879423,18.959894035283355,20.57474544193243,19.27684573645653,19.26103110121598,19.975639739849605,20.11354846502263,19.614675635527078,19.547171277319784,20.11354846502263,19.355670097681298,19.975639739849605,19.614675635527078,20.14349116699084,20.128654116613404,19.42648560831271,19.741596370382172
P56391,21.787699843667895,21.662205406930468,22.078795321726435,22.325925525527033,21.532919263147512,23.046863166412727,23.386708900159682,23.209012651291893,23.209012651291893,22.867017441848482,20.657559285833464,21.787699843667895,22.024626500268308,22.162401291150907,21.787699843667895,22.867017441848482,23.046863166412727,22.325925525527033,23.046863166412727,22.763557667718935
P56392,22.078795321726435,21.359828500257358,20.984727581025474,21.18559093177676,20.53686877652722,21.2853640988752,21.2853640988752,20.302905028773885,22.325925525527033,21.435937203088393,21.034687448052203,21.83687506837006,21.75149677266863,20.817218322561878,21.2853640988752,20.615584182459976,20.78629693165928,20.18592365974449,20.683236850434426,21.39138221131153
P56393,17.306374522486458,17.281022049162324,18.01287315474744,17.703878176859767,16.040156056765746,18.984211437271973,18.142405145990725,18.546392080268458,19.170084045667675,18.14906886661004,15.85664807302328,17.914233018107094,17.636772446255954,18.024984597209546,18.034804036558977,18.33024765097391,18.702435757340385,17.980494711251342,17.906895922895963,18.131834214733836
P56394,18.81837142069259,16.243046519675097,16.479276910223142,16.610150642354533,18.831262453151037,18.808523382055842,16.76260483574207,16.884466848554016,18.024984597209546,16.443704165800064,16.62157362769217,19.41351773502707,18.546392080268458,16.610150642354533,16.62157362769217,16.631722308323525,16.38688116187791,16.71313914670801,16.659890630080277,16.687572909706024
P56480,22.162401291150907,23.046863166412727,22.763557667718935,22.556842060734493,22.867017441848482,21.572169049957665,21.99432659547019,21.902309620911247,21.99432659547019,22.217949962441484,23.046863166412727,22.763557667718935,22.763557667718935,22.661418830087044,23.046863166412727,22.078795321726435,22.269318888798278,22.435227806422336,21.787699843667895,22.162401291150907
P56501,17.314095025786568,16.600952431286682,16.299907355234044,16.267436084128995,15.706460770071525,16.19889426476575,15.88917648622122,15.914100547354973,16.71313914670801,16.542780037674664,16.1212776921713,16.833471200979996,16.80391476225131,15.734951874056438,16.64963311408764,16.443704165800064,16.299907355234044,17.07309083792128,16.371071053317163,16.41115233735012
P58059,17.49510609622982,16.62157362769217,17.645973449767126,16.687572909706024,16.917480987954626,17.645973449767126,17.531492215438494,17.442866120669663,17.49510609622982,17.824245998358947,16.38688116187791,17.093396465191883,17.230815129262613,16.71313914670801,17.251638359270554,17.865213999510175,17.963491203041322,16.31423135303767,17.636772446255954,17.851809963190362
P58281,17.549262476004678,17.093396465191883,17.04647772954568,16.64168495987787,17.04647772954568,16.31423135303767,14.647068341797354,14.674536997207497,16.011195751837462,16.71313914670801,16.730697087653226,17.11686982679312,17.064727212773455,16.844894839959387,16.71313914670801,15.929116056465412,16.64963311408764,14.544949147292186,16.281306373512244,16.281306373512244
P59017,17.251638359270554,17.11686982679312,16.49423691569948,16.220880378073787,15.840430485845923,16.530877804679726,16.4681336588001,17.202488406188003,16.560191399972652,16.34756926983865,16.31423135303767,16.479276910223142,16.57884352513613,16.257354035510616,16.38688116187791,16.399865146906766,16.333073359605823,17.125436335957197,17.093396465191883,16.299907355234044
P60603,19.029945691187148,18.546392080268458,18.841591969953136,18.43019048165924,17.664111596114573,18.702435757340385,18.082136635852454,18.27499553716694,19.100486304593453,18.81837142069259,18.407189931004336,18.58388280389488,18.841591969953136,18.24634741195974,18.841591969953136,18.204275393365705,18.564914568031423,18.546392080268458,18.14906886661004,18.793620041543022
P62073,18.959894035283355,19.184437321328083,19.904893824307102,18.60781648646165,19.942843946502244,18.95106737203556,19.496007333766194,19.206111881200528,18.496346452542106,18.33024765097391,19.863590672259157,18.63428266429829,19.14960755854512,19.323760606723436,18.90158127878823,18.763860833259834,18.24634741195974,18.47695406639158,19.23466212660717,18.373411503783274
P62075,18.2557585057893,17.8967016599141,18.571569054276416,17.760475787074267,17.595799011763855,18.652875672362054,18.52412103846554,18.466920385554168,18.373411503783274,18.793620041543022,19.170084045667675,18.73884461038869,18.85095552348028,18.557195436175146,18.36026818197843,18.36619974090788,18.30321225012261,18.39077119361858,18.984211437271973,17.994736225606697
P62077,17.2226566163975,16.813610280749028,17.8967016599141,17.477753413428957,17.014635465582884,18.73884461038869,18.313999970776624,19.340960134083634,18.383204388367343,17.698341388592723,18.443355788804887,17.38648976082601,17.393653224741477,17.880388051865513,17.789788714645585,18.686395538355164,17.938525598463357,18.774860491346796,18.443355788804887,17.351614134518577
P62897,16.976070922293978,16.610150642354533,16.99465608790098,16.31423135303767,17.05526952811243,16.70626608745243,16.57884352513613,16.101732189130953,16.530877804679726,16.75465720836384,17.422385970980464,17.49510609622982,17.595799011763855,17.538792105956716,18.099778862629723,15.235594350690604,16.72263831024762,16.479276910223142,16.443704165800064,16.184322245717446
P63030,20.24380631899546,20.222449101142026,19.942843946502244,20.711733610272972,19.340960134083634,20.956815206988388,19.75293882608616,19.600690355991926,20.730791699885405,20.75830462641241,19.65726588934619,21.158083602803337,20.914417144668427,20.18592365974449,20.711733610272972,19.478562068988683,20.711733610272972,20.40879778879779,19.853186699776195,20.20375800879423
P63038,19.75293882608616,20.01298401271381,20.14349116699084,20.466581851551005,20.348951848174927,19.561239095358236,19.80126636569122,19.942843946502244,19.561239095358236,19.614675635527078,20.28726006499452,20.04744130793093,20.16766853288342,20.20375800879423,19.928334082559875,20.16766853288342,19.68484238133201,20.01298401271381,19.83601165476238,19.478562068988683
P67778,20.368681184184588,20.348951848174927,19.701809077147505,19.614675635527078,19.309882689701375,20.24380631899546,19.701809077147505,19.404770326434583,20.18592365974449,20.094483592305707,19.75293882608616,19.98820723861737,20.094483592305707,19.928334082559875,20.03489054248491,19.98820723861737,20.443772281564254,20.322596770330982,19.863590672259157,20.222449101142026
P70349,19.904893824307102,19.38662238260746,19.98820723861737,20.302905028773885,20.393070877238095,17.07309083792128,18.539827291089676,19.061270687219896,17.04647772954568,17.8967016599141,20.554405832709335,18.858535607091802,19.42648560831271,20.128654116613404,19.65726588934619,18.692282908777205,17.621085375053482,18.890223319110287,18.58388280389488,18.692282908777205
P70404,19.91743802193927,19.66992557534399,19.44568799214925,20.04744130793093,19.355670097681298,19.38662238260746,19.124704910637995,18.999887475064458,19.68484238133201,19.72552345521813,19.23466212660717,20.222449101142026,20.01298401271381,19.37180104088261,19.591250061843002,19.290425749847145,19.561239095358236,19.246175360418153,18.97423308304976,19.53440432749931
P85094,17.7293872657367,17.664111596114573,17.824245998358947,18.320900602968656,18.4525273316329,16.86753235418222,17.290184140983268,17.290184140983268,16.782376848089555,15.995461336326727,17.94778725715681,18.06372076678057,17.51457136713056,18.45965836200418,17.954048070991806,17.77002020068777,17.2226566163975,17.486832198572618,16.95075394557148,17.21507710066778
P97287,14.173604168677693,14.455132935010662,14.767158757534029,14.491977057265013,15.17391607065505,14.851483746637095,15.1246294928855,16.299907355234044,14.27992554993843,14.519932854893003,14.979829472178162,14.734863622776391,13.616205112967759,14.062377284182485,13.9059903074325,15.255970705408734,14.832807104034071,15.666130920214659,15.734951874056438,14.832807104034071
P97450,20.850981518206034,21.2853640988752,21.70251958025411,19.83601165476238,22.078795321726435,22.269318888798278,21.461316411282215,21.70251958025411,21.572169049957665,21.39138221131153,22.556842060734493,22.124207499502695,21.662205406930468,21.941785733801748,21.572169049957665,20.850981518206034,21.114233774210284,20.93756712891059,21.312784340339647,20.78629693165928
P97478,17.45117194033125,17.03539930853817,16.267436084128995,16.906734474952508,17.093396465191883,16.85109079459135,16.687572909706024,16.64963311408764,17.07309083792128,17.13918367716565,16.72263831024762,17.014635465582884,17.133498028186448,16.96745483041869,17.24258460902694,16.36055979295909,17.11686982679312,16.687572909706024,16.610150642354533,16.983556626202294
P97742,18.793620041543022,18.95106737203556,17.980494711251342,18.774860491346796,17.7205259828368,18.91462040073265,19.323760606723436,17.880388051865513,18.546392080268458,18.60781648646165,17.74921377153779,17.506702229218458,17.703878176859767,18.230258655185942,18.539827291089676,19.323760606723436,18.90158127878823,19.942843946502244,19.27684573645653,19.014966590563763
P97807,19.561239095358236,19.91743802193927,19.340960134083634,20.24380631899546,19.853186699776195,19.600690355991926,19.23466212660717,18.36619974090788,19.614675635527078,19.76487978674208,20.16766853288342,20.393070877238095,19.959236695028657,19.904893824307102,20.26895637749878,19.38662238260746,19.629948064572282,19.42648560831271,19.088322161501978,19.44568799214925
P97823,17.15466544240266,16.895185066576122,15.751231695933773,14.615989774243147,17.804307022124807,14.320614750527465,15.137773679904996,15.27568110137022,14.615989774243147,14.589043151004551,14.389805789365075,17.61080164581511,16.530877804679726,16.333073359605823,17.74921377153779,15.27568110137022,14.869377300950848,15.019734348747557,14.891584099532386,14.869377300950848
P99028,19.83601165476238,20.850981518206034,21.572169049957665,21.114233774210284,21.941785733801748,20.683236850434426,22.435227806422336,23.63264156699747,21.114233774210284,21.312784340339647,21.114233774210284,19.701809077147505,20.730791699885405,21.435937203088393,20.368681184184588,23.209012651291893,21.074144251045773,23.046863166412727,22.556842060734493,21.902309620911247
P99029,18.692282908777205,18.36619974090788,18.054675518592425,18.407189931004336,18.652875672362054,18.213265902702407,18.78492510524014,18.793620041543022,18.7204326373595,18.539827291089676,19.029945691187148,18.935947130404,18.36026818197843,18.596792390092027,18.793620041543022,19.061270687219896,18.400109231324972,19.046930634139372,18.539827291089676,18.466920385554168
Q03265,23.937408415071037,23.937408415071037,23.046863166412727,23.63264156699747,23.046863166412727,24.514942141618643,23.046863166412727,22.325925525527033,23.63264156699747,23.937408415071037,23.63264156699747,24.514942141618643,23.63264156699747,23.937408415071037,23.937408415071037,22.556842060734493,23.937408415071037,23.386708900159682,22.867017441848482,23.63264156699747
Q06185,19.72552345521813,19.50715678908713,19.478562068988683,19.713294975969468,19.07560771377747,20.592518356570043,20.348951848174927,20.914417144668427,20.302905028773885,20.302905028773885,19.80126636569122,19.713294975969468,19.217446424477156,19.496007333766194,19.57069568517199,20.51733159815573,20.393070877238095,20.20375800879423,20.094483592305707,19.892893242935052
Q07417,19.46303142493094,19.72552345521813,19.975639739849605,19.975639739849605,20.421583668758817,19.65726588934619,19.41351773502707,19.23466212660717,18.95106737203556,19.518284094893723,20.421583668758817,19.881765108388542,19.561239095358236,19.942843946502244,20.18592365974449,19.088322161501978,18.97423308304976,19.14960755854512,19.355670097681298,18.677917216302305
Q14C51,16.782376848089555,16.34756926983865,16.610150642354533,16.70626608745243,16.959647602428937,18.831262453151037,19.561239095358236,19.42648560831271,19.124704910637995,19.42648560831271,17.698341388592723,16.687572909706024,16.610150642354533,16.672228387954043,16.80391476225131,20.11354846502263,19.26103110121598,18.7204326373595,19.75293882608616,19.817832451156555
Q2TPA8,17.148516879497258,17.21507710066778,15.450505640312821,17.05526952811243,16.23482940770717,16.782376848089555,16.443704165800064,15.483930727410229,16.57884352513613,17.03539930853817,16.076942346039637,16.64168495987787,16.895185066576122,16.64168495987787,16.600952431286682,16.299907355234044,16.16972521474323,16.824995230946268,16.213051319928134,16.34756926983865
Q3KNM2,18.546392080268458,18.131834214733836,18.78492510524014,18.47695406639158,19.38662238260746,17.10880421396298,17.630518726224373,18.024984597209546,18.119896830631212,18.034804036558977,18.47695406639158,18.6238955848025,18.16911730248406,18.351145786711804,18.52412103846554,17.8967016599141,18.33024765097391,17.15466544240266,17.79481631491284,18.16911730248406
Q3TC33,18.005855283549412,17.94778725715681,18.16911730248406,18.546392080268458,18.52412103846554,18.373411503783274,17.888820499453303,16.16972521474323,18.005855283549412,18.06372076678057,17.67363549045361,17.929022724818815,17.789788714645585,18.33896168785754,18.14906886661004,17.760475787074267,18.504176677888744,18.01287315474744,18.119896830631212,18.41956930540811
Q3TC72,16.281306373512244,17.320725947945235,17.093396465191883,17.57545301060403,18.290776804272948,16.99465608790098,17.549262476004678,18.177688706479643,17.15466544240266,16.917480987954626,17.43328747304157,16.672228387954043,16.50758444652603,17.7293872657367,17.410471383898066,16.74385402617571,16.70626608745243,16.72263831024762,16.62157362769217,16.659890630080277
Q3TEY5,21.61371657020363,21.902309620911247,22.661418830087044,23.046863166412727,18.890223319110287,22.078795321726435,22.763557667718935,23.386708900159682,22.763557667718935,22.024626500268308,21.941785733801748,21.662205406930468,21.99432659547019,21.074144251045773,21.70251958025411,22.661418830087044,22.435227806422336,22.661418830087044,23.209012651291893,22.661418830087044
Q3TJA9,17.320725947945235,17.760475787074267,17.10880421396298,17.192105492267707,17.393653224741477,17.703878176859767,19.100486304593453,18.85095552348028,18.774860491346796,18.090482964010345,17.15466544240266,17.13918367716565,17.08517817128026,17.664111596114573,17.970265999743717,19.100486304593453,18.92766643986594,17.24258460902694,18.763860833259834,18.58388280389488
Q3TL44,18.119896830631212,17.49510609622982,17.38648976082601,17.40433764614644,17.21507710066778,17.83356363028924,16.79324321561711,16.560191399972652,17.7205259828368,18.18759383239808,16.86753235418222,17.923402029730873,17.814256535258824,17.784183239302607,17.55737507387419,16.96745483041869,18.024984597209546,16.917480987954626,16.772352750754262,17.36903571098365
Q3TLP5,15.914100547354973,17.531492215438494,17.689632089868898,17.55737507387419,16.243046519675097,18.177688706479643,18.91462040073265,19.135976263263608,17.842961543755088,18.204275393365705,17.79481631491284,17.393653224741477,17.281022049162324,17.929022724818815,17.824245998358947,18.87877402315877,18.16911730248406,17.789788714645585,18.596792390092027,18.959894035283355
Q3TUH1,18.157867605260808,17.7205259828368,18.41956930540811,17.645973449767126,15.794373955037148,15.541997202834702,16.101732189130953,16.213051319928134,15.721502429955052,15.649666694654902,18.119896830631212,17.760475787074267,17.842961543755088,17.630518726224373,18.660197306811675,16.1212776921713,15.751231695933773,16.040156056765746,16.022902729634403,15.966938014427248
Q3U6K8,22.763557667718935,22.661418830087044,23.209012651291893,21.662205406930468,23.386708900159682,22.435227806422336,22.867017441848482,22.763557667718935,22.435227806422336,21.99432659547019,22.661418830087044,21.18559093177676,21.902309620911247,23.046863166412727,22.325925525527033,22.763557667718935,22.325925525527033,23.209012651291893,22.763557667718935,23.046863166412727
Q3UFY8,14.251058959096156,14.024847516254491,14.213855869008873,15.06435550824852,14.519932854893003,14.024847516254491,14.907766233762212,14.979829472178162,14.320614750527465,14.363115424551037,14.173604168677693,14.851483746637095,14.647068341797354,14.767158757534029,14.024847516254491,15.002488827854545,14.519932854893003,14.832807104034071,14.674536997207497,14.674536997207497
Q3UHB1,14.615989774243147,14.363115424551037,14.891584099532386,14.891584099532386,15.041060302928619,15.309850254240075,15.467499628792032,15.623208149746299,16.040156056765746,15.840430485845923,14.924934119748198,15.347912746455638,15.137773679904996,15.571385090669462,15.019734348747557,15.571385090669462,15.76375548772117,15.347912746455638,15.329673207369467,15.27568110137022
Q3UIU2,20.51733159815573,19.642096613722547,19.246175360418153,19.600690355991926,20.322596770330982,20.53686877652722,20.711733610272972,21.034687448052203,20.24380631899546,20.914417144668427,18.92766643986594,19.57069568517199,19.701809077147505,19.478562068988683,20.302905028773885,20.657559285833464,19.853186699776195,21.18559093177676,20.711733610272972,20.850981518206034
Q3ULD5,17.393653224741477,18.034804036558977,18.373411503783274,17.7293872657367,18.407189931004336,17.093396465191883,17.94778725715681,18.28335476994825,16.906734474952508,17.549262476004678,17.980494711251342,18.034804036558977,18.005855283549412,18.034804036558977,17.804307022124807,18.313999970776624,17.230815129262613,17.51457136713056,17.970265999743717,17.880388051865513
Q3ULF4,17.738142088900677,17.36903571098365,17.865213999510175,17.306374522486458,16.95075394557148,16.824995230946268,15.235594350690604,15.399356733755349,15.929116056465412,17.306374522486458,17.11686982679312,17.320725947945235,16.92937544533877,17.251638359270554,17.004447865045186,16.213051319928134,16.184322245717446,16.631722308323525,16.09036153560357,16.333073359605823
Q3UMR5,19.38662238260746,18.97423308304976,17.40433764614644,18.63428266429829,18.034804036558977,18.6238955848025,18.06372076678057,16.32469319676742,18.33896168785754,18.91462040073265,18.702435757340385,18.87877402315877,19.029945691187148,17.980494711251342,19.170084045667675,16.243046519675097,19.246175360418153,16.213051319928134,16.938127804812325,18.290776804272948
Q3UN04,13.122776374989124,12.97547912697416,12.97547912697416,12.97547912697416,12.97547912697416,13.122776374989124,12.97547912697416,12.97547912697416,12.97547912697416,13.122776374989124,13.353366177846173,13.353366177846173,12.97547912697416,12.97547912697416,13.122776374989124,12.97547912697416,12.97547912697416,12.97547912697416,12.97547912697416,12.97547912697416
Q3UQ84,16.011195751837462,16.569699759178974,16.05998935354726,16.42140912781597,15.100958209410527,16.62157362769217,16.569699759178974,16.456434051047253,17.148516879497258,16.64168495987787,16.50758444652603,16.895185066576122,16.19889426476575,15.942037252295412,16.267436084128995,16.333073359605823,17.07309083792128,16.600952431286682,16.64168495987787,17.014635465582884
Q3URS9,15.002488827854545,14.891584099532386,15.649666694654902,15.432067181453064,14.251058959096156,15.329673207369467,15.329673207369467,15.929116056465412,15.623208149746299,15.590852133318316,15.100958209410527,15.483930727410229,15.607216232138608,14.979829472178162,14.734863622776391,15.721502429955052,15.623208149746299,16.05998935354726,15.571385090669462,15.507604851788347
Q3UV70,17.40433764614644,17.703878176859767,17.970265999743717,18.27499553716694,18.071009660071656,17.230815129262613,18.230258655185942,18.230258655185942,17.888820499453303,17.689632089868898,18.41956930540811,17.664111596114573,17.698341388592723,17.83356363028924,18.230258655185942,18.407189931004336,17.630518726224373,18.177688706479643,18.351145786711804,17.938525598463357
Q4VAE3,19.591250061843002,19.547171277319784,19.112890419199893,19.061270687219896,18.39077119361858,20.393070877238095,19.46303142493094,17.963491203041322,19.77894842668896,20.153764200405462,19.124704910637995,19.029945691187148,19.817832451156555,18.5303793270639,18.73884461038869,19.206111881200528,20.20375800879423,19.340960134083634,18.831262453151037,19.98820723861737
Q505D7,17.760475787074267,16.95075394557148,15.399356733755349,15.607216232138608,15.571385090669462,18.082136635852454,17.093396465191883,16.31423135303767,17.980494711251342,17.459322368071206,17.46871543584445,15.399356733755349,17.963491203041322,17.410471383898066,15.27568110137022,17.148516879497258,18.099778862629723,17.21507710066778,17.16370578001571,17.004447865045186
Q59J78,19.614675635527078,19.340960134083634,19.57069568517199,19.196792990585767,19.518284094893723,19.206111881200528,18.774860491346796,19.355670097681298,18.999887475064458,18.87877402315877,19.404770326434583,19.355670097681298,19.124704910637995,19.881765108388542,19.340960134083634,19.014966590563763,18.959894035283355,19.088322161501978,19.14960755854512,19.046930634139372
Q5EBQ0,19.42648560831271,18.557195436175146,18.97423308304976,19.135976263263608,18.320900602968656,18.571569054276416,18.571569054276416,16.58997882357088,18.793620041543022,19.014966590563763,18.33896168785754,19.14960755854512,18.652875672362054,18.808523382055842,19.66992557534399,18.195059748517842,19.23466212660717,18.046880977537526,18.01287315474744,18.90158127878823
Q5IRJ6,17.531492215438494,17.486832198572618,17.888820499453303,17.929022724818815,17.46871543584445,17.58947560297899,17.689632089868898,17.954048070991806,17.486832198572618,17.442866120669663,16.85109079459135,17.40433764614644,17.531492215438494,17.46871543584445,18.119896830631212,18.14906886661004,17.55737507387419,18.557195436175146,17.38648976082601,18.005855283549412
Q5M8N4,18.71188265180645,18.615261411268353,17.929022724818815,18.74960153818804,18.373411503783274,18.30321225012261,18.351145786711804,17.914233018107094,18.33024765097391,18.36026818197843,18.005855283549412,18.351145786711804,18.504176677888744,18.22166863553482,18.204275393365705,18.109981335387467,18.046880977537526,18.351145786711804,18.099778862629723,18.2557585057893
Q5ND52,16.38688116187791,15.966938014427248,17.11686982679312,17.281022049162324,16.75465720836384,17.11686982679312,17.5650573062629,18.2557585057893,16.884466848554016,16.844894839959387,16.64963311408764,16.41115233735012,16.976070922293978,16.32469319676742,17.621085375053482,17.24258460902694,16.154851772553705,16.530877804679726,17.980494711251342,17.192105492267707
Q5SSK3,14.024847516254491,15.213626927175422,15.137773679904996,14.958855613286435,15.347912746455638,15.507604851788347,15.363278257846426,14.958855613286435,15.956902660435318,15.467499628792032,14.544949147292186,15.590852133318316,14.734863622776391,15.041060302928619,14.519932854893003,15.779577679171126,15.914100547354973,15.414677502687642,15.467499628792032,16.132409567755165
Q5SUC9,17.970265999743717,17.923402029730873,18.383204388367343,17.963491203041322,17.5650573062629,18.06372076678057,17.83356363028924,17.57545301060403,17.77002020068777,17.865213999510175,17.871129689661778,18.01287315474744,18.109981335387467,17.938525598463357,17.61080164581511,16.99465608790098,17.760475787074267,17.40433764614644,17.21507710066778,17.738142088900677
Q5U458,18.383204388367343,17.7293872657367,17.314095025786568,18.082136635852454,17.351614134518577,18.119896830631212,17.273291646903512,16.333073359605823,17.58947560297899,17.851809963190362,17.290184140983268,17.938525598463357,17.871129689661778,17.79481631491284,17.67363549045361,16.938127804812325,17.83356363028924,17.477753413428957,17.2226566163975,17.202488406188003
Q60597,19.50715678908713,19.713294975969468,19.309882689701375,19.404770326434583,19.46303142493094,19.26103110121598,19.42648560831271,19.27684573645653,19.57069568517199,19.591250061843002,19.42648560831271,19.72552345521813,19.629948064572282,19.41351773502707,19.547171277319784,19.57069568517199,19.66992557534399,19.355670097681298,19.323760606723436,19.713294975969468
Q60649,16.569699759178974,15.806895208269083,16.32469319676742,16.23482940770717,16.610150642354533,17.314095025786568,17.57545301060403,17.064727212773455,16.31423135303767,16.99465608790098,16.4681336588001,16.132409567755165,16.479276910223142,14.924934119748198,16.184322245717446,17.645973449767126,16.906734474952508,17.8967016599141,17.804307022124807,17.093396465191883
Q60759,17.24258460902694,17.43328747304157,17.521576419247648,17.15466544240266,17.281022049162324,16.399865146906766,17.100466285992447,17.100466285992447,16.80391476225131,16.79324321561711,17.281022049162324,17.784183239302607,17.329928783224688,17.351614134518577,17.531492215438494,16.782376848089555,16.542780037674664,16.772352750754262,17.014635465582884,16.906734474952508
Q60930,21.495002643017862,20.11354846502263,20.16766853288342,20.554405832709335,20.20375800879423,20.14349116699084,19.50715678908713,18.692282908777205,20.11354846502263,20.466581851551005,20.153764200405462,20.554405832709335,20.421583668758817,20.683236850434426,20.466581851551005,19.404770326434583,20.348951848174927,19.66992557534399,19.561239095358236,20.11354846502263
Q60931,20.914417144668427,20.128654116613404,19.741596370382172,19.98820723861737,19.77894842668896,19.942843946502244,18.841591969953136,17.94778725715681,19.83601165476238,20.222449101142026,19.942843946502244,20.592518356570043,20.53686877652722,20.14349116699084,20.40879778879779,18.81837142069259,20.28726006499452,18.858535607091802,18.87877402315877,19.66992557534399
Q60932,23.386708900159682,22.435227806422336,22.124207499502695,21.941785733801748,22.162401291150907,22.556842060734493,21.662205406930468,20.817218322561878,22.024626500268308,22.661418830087044,22.124207499502695,22.867017441848482,22.867017441848482,22.556842060734493,22.661418830087044,21.572169049957665,22.661418830087044,22.024626500268308,21.532919263147512,22.078795321726435
Q60936,19.27684573645653,19.561239095358236,18.504176677888744,18.729605796642268,18.793620041543022,18.22166863553482,17.521576419247648,16.610150642354533,17.83356363028924,18.443355788804887,18.729605796642268,18.7204326373595,18.660197306811675,18.14906886661004,18.400109231324972,16.672228387954043,18.142405145990725,17.11686982679312,16.917480987954626,17.760475787074267
Q61102,17.963491203041322,17.58947560297899,17.595799011763855,16.696630397981174,16.38688116187791,17.18183000185983,14.27992554993843,14.27992554993843,17.760475787074267,17.251638359270554,17.202488406188003,18.14906886661004,18.351145786711804,17.290184140983268,17.929022724818815,14.320614750527465,17.689632089868898,14.251058959096156,14.173604168677693,16.64963311408764
Q61171,18.60781648646165,17.871129689661778,18.774860491346796,18.157867605260808,18.22166863553482,18.407189931004336,19.404770326434583,19.37180104088261,17.880388051865513,18.230258655185942,18.90158127878823,17.804307022124807,17.929022724818815,18.400109231324972,18.2557585057893,19.299961986535195,18.36619974090788,19.26103110121598,19.124704910637995,18.596792390092027
Q61425,18.131834214733836,18.22166863553482,17.776514433967243,17.712463571221484,17.914233018107094,18.486313236741456,18.97423308304976,18.7204326373595,18.64584924579679,18.177688706479643,18.74960153818804,18.27499553716694,17.8967016599141,18.071009660071656,18.41956930540811,18.677917216302305,18.14906886661004,18.290776804272948,18.702435757340385,17.8967016599141
Q61586,15.76375548772117,15.871945612940143,16.64168495987787,14.767158757534029,15.995461336326727,14.110450751191195,15.081777807299682,15.194890827490047,14.519932854893003,14.455132935010662,15.666130920214659,16.456434051047253,16.154851772553705,15.450505640312821,14.924934119748198,15.17391607065505,14.734863622776391,14.924934119748198,14.851483746637095,14.803121566292154
Q61733,17.824245998358947,17.521576419247648,17.74214388236789,19.38662238260746,18.615261411268353,19.014966590563763,20.06207468890141,20.153764200405462,19.355670097681298,19.27684573645653,17.77002020068777,17.698341388592723,17.621085375053482,17.74921377153779,17.79481631491284,20.128654116613404,17.923402029730873,17.7205259828368,19.80126636569122,19.591250061843002
Q62425,21.461316411282215,22.078795321726435,22.435227806422336,23.209012651291893,22.024626500268308,21.787699843667895,22.325925525527033,22.269318888798278,21.495002643017862,21.662205406930468,21.83687506837006,19.135976263263608,21.034687448052203,21.902309620911247,21.495002643017862,22.269318888798278,21.39138221131153,22.556842060734493,22.217949962441484,22.325925525527033
Q64105,15.981316607758902,14.869377300950848,15.85664807302328,16.184322245717446,15.914100547354973,15.194890827490047,15.379992575571023,13.513413451400192,14.851483746637095,15.636621719716976,16.456434051047253,16.560191399972652,15.981316607758902,16.022902729634403,16.696630397981174,13.513413451400192,15.294935512233874,15.363278257846426,15.100958209410527,14.943892958612873
Q64133,16.730697087653226,15.956902660435318,15.347912746455638,15.507604851788347,15.942037252295412,15.821003030743967,15.682716821604217,15.17391607065505,15.379992575571023,16.696630397981174,15.956902660435318,16.569699759178974,16.631722308323525,16.011195751837462,15.85664807302328,15.363278257846426,16.022902729634403,16.813610280749028,15.235594350690604,16.040156056765746
Q64433,20.6311340243877,20.817218322561878,21.25573917155103,20.683236850434426,21.99432659547019,21.01454540906937,21.75149677266863,21.25573917155103,20.87686599734483,20.711733610272972,21.902309620911247,20.657559285833464,20.657559285833464,21.18559093177676,20.817218322561878,22.124207499502695,20.87686599734483,21.902309620911247,21.941785733801748,21.158083602803337
Q64521,21.074144251045773,21.158083602803337,21.532919263147512,21.359828500257358,21.70251958025411,20.18592365974449,20.368681184184588,19.75293882608616,20.554405832709335,20.683236850434426,21.359828500257358,21.312784340339647,21.435937203088393,21.532919263147512,21.221420076011466,20.49783063583705,20.75830462641241,20.657559285833464,20.40879778879779,20.615584182459976
Q66GT5,13.353366177846173,13.513413451400192,13.834772134222595,13.616205112967759,14.024847516254491,13.834772134222595,14.251058959096156,14.251058959096156,13.96781234656099,14.647068341797354,13.685467075981979,13.754440251487543,13.9059903074325,13.9059903074325,13.834772134222595,14.27992554993843,14.491977057265013,14.213855869008873,14.142828999884605,14.363115424551037
Q6NVE9,16.34756926983865,16.92937544533877,16.92937544533877,17.630518726224373,17.842961543755088,17.337668125657288,17.0254987353992,18.204275393365705,16.96745483041869,17.351614134518577,17.100466285992447,16.267436084128995,16.076942346039637,17.230815129262613,17.0254987353992,18.157867605260808,17.442866120669663,18.33896168785754,18.546392080268458,17.531492215438494
Q6P3A8,18.984211437271973,18.774860491346796,19.170084045667675,18.73884461038869,19.27684573645653,16.42140912781597,17.230815129262613,15.721502429955052,16.74385402617571,17.929022724818815,18.466920385554168,19.206111881200528,19.246175360418153,19.100486304593453,18.984211437271973,15.666130920214659,17.655497732392206,16.983556626202294,18.005855283549412,17.0254987353992
Q6P8J7,20.16766853288342,20.956815206988388,20.6311340243877,19.959236695028657,20.87686599734483,21.461316411282215,22.024626500268308,21.99432659547019,21.662205406930468,21.61371657020363,20.850981518206034,20.421583668758817,20.6311340243877,20.26895637749878,20.615584182459976,21.83687506837006,21.572169049957665,21.495002643017862,21.83687506837006,21.359828500257358
Q6PB66,18.14906886661004,17.842961543755088,17.703878176859767,17.738142088900677,17.273291646903512,17.290184140983268,16.85109079459135,16.687572909706024,17.655497732392206,17.914233018107094,17.351614134518577,18.22166863553482,17.914233018107094,17.61080164581511,17.888820499453303,16.71313914670801,17.636772446255954,17.093396465191883,16.782376848089555,17.477753413428957
Q6PCP5,16.76260483574207,16.553507708594772,16.72263831024762,16.895185066576122,16.76260483574207,16.687572909706024,16.813610280749028,17.014635465582884,16.41115233735012,16.41115233735012,16.560191399972652,16.333073359605823,16.281306373512244,16.542780037674664,16.243046519675097,17.064727212773455,16.553507708594772,17.05526952811243,16.75465720836384,16.696630397981174
Q6RUT7,19.046930634139372,19.42648560831271,20.000273427387157,19.75293882608616,19.66992557534399,18.7204326373595,19.14960755854512,19.518284094893723,18.808523382055842,18.564914568031423,19.713294975969468,18.999887475064458,19.088322161501978,19.76487978674208,19.42648560831271,18.858535607091802,18.60781648646165,19.853186699776195,19.46303142493094,18.97423308304976
Q6XPS7,17.57545301060403,18.024984597209546,18.06372076678057,17.8967016599141,17.954048070991806,17.410471383898066,16.62157362769217,16.022902729634403,16.243046519675097,16.74385402617571,17.888820499453303,18.024984597209546,17.74921377153779,18.005855283549412,17.906895922895963,16.560191399972652,17.290184140983268,16.36055979295909,16.399865146906766,17.263258642971245
Q71RI9,16.813610280749028,16.70626608745243,16.145733024845747,16.99465608790098,16.58997882357088,15.06435550824852,15.734951874056438,15.806895208269083,15.194890827490047,15.1246294928855,16.19889426476575,16.79324321561711,16.58997882357088,17.014635465582884,16.85109079459135,15.76375548772117,15.414677502687642,15.467499628792032,15.541997202834702,15.541997202834702
Q78IK2,22.269318888798278,21.435937203088393,21.61371657020363,21.83687506837006,20.850981518206034,21.074144251045773,20.40879778879779,20.24380631899546,21.158083602803337,21.359828500257358,21.39138221131153,21.941785733801748,21.70251958025411,21.461316411282215,22.162401291150907,20.592518356570043,21.312784340339647,20.711733610272972,20.322596770330982,21.034687448052203
Q78IK4,18.571569054276416,18.763860833259834,18.486313236741456,18.36026818197843,18.51605368961477,18.071009660071656,18.109981335387467,17.004447865045186,18.486313236741456,18.729605796642268,18.33024765097391,18.39077119361858,18.959894035283355,18.496346452542106,18.71188265180645,17.595799011763855,18.774860491346796,18.793620041543022,17.531492215438494,18.686395538355164
Q78J03,15.590852133318316,16.456434051047253,16.371071053317163,15.806895208269083,16.076942346039637,17.192105492267707,17.61080164581511,17.906895922895963,17.18183000185983,16.983556626202294,16.213051319928134,15.636621719716976,15.399356733755349,16.74385402617571,15.636621719716976,17.57545301060403,16.895185066576122,17.963491203041322,17.306374522486458,17.05526952811243
Q78PY7,16.299907355234044,16.730697087653226,16.1212776921713,16.772352750754262,15.779577679171126,16.92937544533877,16.64168495987787,17.10880421396298,16.85109079459135,16.50758444652603,16.443704165800064,16.076942346039637,16.569699759178974,16.34756926983865,15.966938014427248,16.456434051047253,16.71313914670801,17.202488406188003,16.959647602428937,16.782376848089555
Q791V5,20.78629693165928,19.76487978674208,19.42648560831271,20.322596770330982,19.701809077147505,20.11354846502263,19.196792990585767,18.36026818197843,20.40879778879779,20.28726006499452,19.355670097681298,19.942843946502244,19.77894842668896,19.853186699776195,20.28726006499452,18.64584924579679,20.094483592305707,19.27684573645653,18.660197306811675,19.904893824307102
Q7TMF3,19.65726588934619,19.518284094893723,19.323760606723436,18.686395538355164,18.78492510524014,19.246175360418153,19.57069568517199,19.46303142493094,19.42648560831271,19.701809077147505,18.51605368961477,19.91743802193927,19.80126636569122,19.170084045667675,19.76487978674208,18.935947130404,19.299961986535195,19.547171277319784,19.44568799214925,19.42648560831271
Q7TNG8,15.06435550824852,15.450505640312821,15.734951874056438,15.734951874056438,16.659890630080277,15.15479865637353,15.590852133318316,17.148516879497258,15.432067181453064,15.17391607065505,15.541997202834702,14.674536997207497,14.519932854893003,15.560440415474186,15.081777807299682,16.600952431286682,15.002488827854545,16.011195751837462,15.821003030743967,15.15479865637353
Q7TNS2,21.18559093177676,21.01454540906937,21.114233774210284,21.39138221131153,16.96745483041869,20.984727581025474,20.75830462641241,21.39138221131153,20.956815206988388,20.93756712891059,20.683236850434426,20.914417144668427,21.532919263147512,21.114233774210284,21.435937203088393,20.914417144668427,21.034687448052203,21.034687448052203,21.158083602803337,21.114233774210284
Q7TSQ8,18.831262453151037,18.27499553716694,18.51605368961477,18.999887475064458,18.109981335387467,18.47695406639158,17.645973449767126,17.58159803286625,18.58388280389488,18.959894035283355,18.27499553716694,18.665149140714654,18.47695406639158,18.60781648646165,18.78492510524014,18.005855283549412,18.546392080268458,18.43019048165924,17.506702229218458,18.660197306811675
Q80U63,17.337668125657288,17.273291646903512,17.18183000185983,16.659890630080277,16.672228387954043,17.13918367716565,15.17391607065505,15.329673207369467,16.220880378073787,17.681075396566506,16.530877804679726,18.407189931004336,18.26696818486289,15.85664807302328,17.377663320685862,15.309850254240075,17.698341388592723,16.154851772553705,15.706460770071525,14.907766233762212
Q80VL1,13.96781234656099,15.081777807299682,14.27992554993843,14.389805789365075,14.615989774243147,15.560440415474186,15.019734348747557,17.49510609622982,14.455132935010662,15.235594350690604,14.251058959096156,14.110450751191195,14.110450751191195,14.213855869008873,14.173604168677693,16.76260483574207,14.647068341797354,16.1212776921713,14.832807104034071,14.767158757534029
Q80X85,17.5650573062629,17.58159803286625,17.506702229218458,17.459322368071206,17.15466544240266,18.238118584311707,17.79481631491284,16.782376848089555,17.74921377153779,18.774860491346796,17.45117194033125,17.459322368071206,17.45117194033125,17.477753413428957,17.58159803286625,17.994736225606697,18.64584924579679,15.636621719716976,17.34547369798334,18.831262453151037
Q80XL6,16.917480987954626,15.821003030743967,16.57884352513613,17.320725947945235,15.636621719716976,15.414677502687642,16.05998935354726,16.1212776921713,15.590852133318316,15.52652691134934,16.519265858639905,16.959647602428937,15.666130920214659,16.631722308323525,16.672228387954043,16.076942346039637,15.636621719716976,15.914100547354973,15.88917648622122,15.85664807302328
Q80XN0,17.814256535258824,17.621085375053482,16.631722308323525,15.721502429955052,17.337668125657288,19.309882689701375,18.33024765097391,18.054675518592425,19.290425749847145,19.135976263263608,16.42140912781597,15.88917648622122,16.72263831024762,16.70626608745243,16.281306373512244,18.5303793270639,19.046930634139372,18.841591969953136,18.071009660071656,18.071009660071656
Q80Y14,14.320614750527465,15.942037252295412,16.519265858639905,14.704418840297247,14.704418840297247,16.631722308323525,17.11686982679312,17.738142088900677,16.895185066576122,16.49423691569948,17.03539930853817,16.813610280749028,15.85664807302328,16.213051319928134,15.623208149746299,17.410471383898066,16.41115233735012,17.290184140983268,17.329928783224688,16.75465720836384
Q80YD1,15.571385090669462,15.483930727410229,15.041060302928619,15.560440415474186,16.31423135303767,15.871945612940143,16.824995230946268,16.877859805966047,16.154851772553705,15.942037252295412,14.943892958612873,15.309850254240075,15.06435550824852,15.329673207369467,15.137773679904996,16.906734474952508,15.821003030743967,16.184322245717446,16.49423691569948,16.371071053317163
Q80ZS3,16.877859805966047,16.154851772553705,16.220880378073787,16.877859805966047,17.263258642971245,17.459322368071206,17.880388051865513,17.51457136713056,17.299893503693692,17.7205259828368,16.022902729634403,16.184322245717446,16.560191399972652,17.148516879497258,16.530877804679726,17.664111596114573,17.595799011763855,16.41115233735012,17.784183239302607,17.814256535258824
Q811U4,16.687572909706024,16.959647602428937,16.79324321561711,16.730697087653226,16.443704165800064,16.43380379503146,16.32469319676742,16.09036153560357,16.32469319676742,16.553507708594772,16.542780037674664,17.549262476004678,17.784183239302607,16.36055979295909,16.41115233735012,16.31423135303767,16.456434051047253,16.371071053317163,15.995461336326727,16.31423135303767
Q8BFR5,18.7204326373595,19.124704910637995,18.7204326373595,19.66992557534399,18.858535607091802,18.64584924579679,18.64584924579679,18.71188265180645,18.841591969953136,18.808523382055842,19.290425749847145,19.42648560831271,19.496007333766194,19.27684573645653,19.100486304593453,18.557195436175146,18.935947130404,18.539827291089676,18.677917216302305,18.74960153818804
Q8BG51,18.090482964010345,17.299893503693692,17.94778725715681,17.263258642971245,17.306374522486458,17.923402029730873,15.721502429955052,15.794373955037148,17.11686982679312,17.74214388236789,17.712463571221484,17.16370578001571,17.521576419247648,17.549262476004678,17.202488406188003,15.751231695933773,15.399356733755349,17.377663320685862,15.52652691134934,17.251638359270554
Q8BGA9,15.721502429955052,16.1212776921713,16.456434051047253,15.995461336326727,15.734951874056438,16.672228387954043,16.58997882357088,17.230815129262613,16.79324321561711,16.70626608745243,16.09036153560357,16.32469319676742,17.014635465582884,16.19889426476575,15.560440415474186,16.824995230946268,16.43380379503146,17.442866120669663,16.569699759178974,16.64168495987787
Q8BGB8,18.443355788804887,17.549262476004678,17.74921377153779,18.238118584311707,17.299893503693692,17.202488406188003,16.145733024845747,16.257354035510616,15.76375548772117,17.263258642971245,18.109981335387467,17.79481631491284,17.712463571221484,18.43019048165924,17.57545301060403,16.16972521474323,17.202488406188003,18.97423308304976,16.076942346039637,17.03539930853817
Q8BGC4,18.91462040073265,18.85095552348028,18.90158127878823,18.383204388367343,19.061270687219896,18.466920385554168,18.400109231324972,18.099778862629723,18.615261411268353,18.26696818486289,18.6238955848025,17.994736225606697,17.865213999510175,18.615261411268353,18.28335476994825,18.034804036558977,18.677917216302305,18.95106737203556,18.238118584311707,18.665149140714654
Q8BGD8,17.13918367716565,17.38648976082601,18.213265902702407,17.337668125657288,18.238118584311707,18.024984597209546,18.677917216302305,19.496007333766194,18.14906886661004,17.36903571098365,17.923402029730873,16.772352750754262,17.486832198572618,17.994736225606697,17.712463571221484,18.831262453151037,17.40433764614644,18.808523382055842,19.029945691187148,18.090482964010345
Q8BGH2,19.942843946502244,19.170084045667675,18.39077119361858,18.26696818486289,18.27499553716694,19.029945691187148,17.698341388592723,17.58947560297899,18.92766643986594,19.404770326434583,18.373411503783274,19.404770326434583,19.26103110121598,19.135976263263608,19.135976263263608,17.888820499453303,19.44568799214925,18.099778862629723,17.486832198572618,18.841591969953136
Q8BGT5,18.30321225012261,18.677917216302305,18.81837142069259,18.97423308304976,19.50715678908713,17.914233018107094,17.24258460902694,18.313999970776624,17.994736225606697,18.071009660071656,18.557195436175146,18.109981335387467,18.119896830631212,18.702435757340385,18.58388280389488,17.5650573062629,17.410471383898066,17.681075396566506,17.994736225606697,18.313999970776624
Q8BGX2,16.96745483041869,17.133498028186448,17.51457136713056,16.50758444652603,17.645973449767126,16.569699759178974,17.393653224741477,17.842961543755088,16.730697087653226,16.519265858639905,16.96745483041869,16.95075394557148,17.04647772954568,17.10880421396298,16.50758444652603,17.61080164581511,16.371071053317163,17.664111596114573,17.738142088900677,16.959647602428937
Q8BGY7,18.33896168785754,17.804307022124807,18.313999970776624,17.7205259828368,17.2226566163975,17.58159803286625,16.833471200979996,16.154851772553705,17.273291646903512,17.664111596114573,17.804307022124807,18.082136635852454,17.994736225606697,17.320725947945235,17.865213999510175,16.09036153560357,17.531492215438494,17.13918367716565,15.942037252295412,16.917480987954626
Q8BH59,20.57474544193243,21.221420076011466,20.53686877652722,20.615584182459976,20.956815206988388,19.50715678908713,19.77894842668896,19.046930634139372,20.421583668758817,20.51733159815573,20.57474544193243,21.435937203088393,21.158083602803337,20.6311340243877,21.18559093177676,19.629948064572282,20.53686877652722,20.24380631899546,19.37180104088261,20.28726006499452
Q8BH86,15.399356733755349,14.734863622776391,14.851483746637095,16.281306373512244,15.019734348747557,14.943892958612873,16.16972521474323,16.844894839959387,15.347912746455638,14.958855613286435,15.623208149746299,15.235594350690604,14.851483746637095,15.347912746455638,15.981316607758902,16.696630397981174,15.571385090669462,16.145733024845747,16.23482940770717,15.821003030743967
Q8BH95,19.299961986535195,19.701809077147505,19.591250061843002,19.80126636569122,19.42648560831271,19.184437321328083,19.246175360418153,18.58388280389488,18.87877402315877,19.124704910637995,20.20375800879423,19.975639739849605,19.642096613722547,19.75293882608616,19.72552345521813,18.774860491346796,19.14960755854512,18.27499553716694,19.100486304593453,19.196792990585767
Q8BHC4,18.082136635852454,18.30321225012261,17.681075396566506,17.34547369798334,18.230258655185942,17.477753413428957,17.738142088900677,17.486832198572618,17.681075396566506,18.571569054276416,18.351145786711804,17.888820499453303,18.142405145990725,18.793620041543022,18.39077119361858,16.95075394557148,17.804307022124807,18.230258655185942,18.195059748517842,17.74921377153779
Q8BHE8,17.954048070991806,17.929022724818815,16.844894839959387,17.004447865045186,17.636772446255954,17.51457136713056,15.85664807302328,15.956902660435318,15.399356733755349,15.27568110137022,17.521576419247648,18.054675518592425,18.52412103846554,17.94778725715681,17.980494711251342,15.914100547354973,17.314095025786568,18.213265902702407,17.824245998358947,15.706460770071525
Q8BIJ6,17.55737507387419,17.46871543584445,17.61080164581511,17.83356363028924,17.655497732392206,17.906895922895963,17.655497732392206,17.83356363028924,17.923402029730873,17.789788714645585,17.636772446255954,17.776514433967243,17.655497732392206,17.521576419247648,17.94778725715681,17.880388051865513,17.8967016599141,18.22166863553482,17.7205259828368,17.954048070991806
Q8BK08,19.088322161501978,17.83356363028924,17.851809963190362,18.486313236741456,17.57545301060403,18.204275393365705,17.306374522486458,16.72263831024762,18.63428266429829,18.858535607091802,17.970265999743717,18.230258655185942,18.466920385554168,17.814256535258824,18.43019048165924,16.976070922293978,19.014966590563763,17.521576419247648,17.13918367716565,18.39077119361858
Q8BK30,20.592518356570043,20.93756712891059,21.39138221131153,20.57474544193243,21.312784340339647,20.730791699885405,20.421583668758817,20.40879778879779,20.078009466799756,20.368681184184588,22.269318888798278,21.39138221131153,20.711733610272972,20.75830462641241,20.78629693165928,19.942843946502244,20.24380631899546,20.368681184184588,20.6311340243877,20.04744130793093
Q8BK72,16.959647602428937,16.399865146906766,15.956902660435318,16.569699759178974,16.57884352513613,16.696630397981174,16.553507708594772,18.238118584311707,17.192105492267707,17.5650573062629,16.833471200979996,17.064727212773455,16.906734474952508,17.05526952811243,17.13918367716565,17.133498028186448,17.329928783224688,15.995461336326727,17.320725947945235,17.871129689661778
Q8BK99,16.824995230946268,16.49423691569948,17.251638359270554,17.0254987353992,16.479276910223142,16.542780037674664,17.08517817128026,16.79324321561711,16.50758444652603,17.04647772954568,17.08517817128026,17.03539930853817,16.884466848554016,17.07309083792128,17.329928783224688,16.884466848554016,16.824995230946268,16.569699759178974,17.064727212773455,16.92937544533877
Q8BKZ9,19.37180104088261,19.41351773502707,19.50715678908713,20.03489054248491,19.904893824307102,19.591250061843002,19.928334082559875,20.16766853288342,19.904893824307102,19.713294975969468,19.881765108388542,20.01298401271381,20.06207468890141,19.91743802193927,19.561239095358236,20.18592365974449,19.72552345521813,19.44568799214925,20.03489054248491,19.863590672259157
Q8BMD8,18.06372076678057,17.655497732392206,14.958855613286435,17.148516879497258,15.1246294928855,17.636772446255954,15.52652691134934,15.636621719716976,16.76260483574207,16.220880378073787,17.938525598463357,16.824995230946268,16.844894839959387,16.1212776921713,17.49510609622982,15.607216232138608,16.75465720836384,17.77002020068777,15.363278257846426,15.347912746455638
Q8BMF3,18.73884461038869,18.793620041543022,18.564914568031423,18.557195436175146,18.7204326373595,18.686395538355164,17.994736225606697,16.145733024845747,18.195059748517842,18.290776804272948,19.100486304593453,19.246175360418153,19.061270687219896,19.014966590563763,19.246175360418153,17.486832198572618,18.373411503783274,17.906895922895963,17.55737507387419,18.099778862629723
Q8BMF4,21.034687448052203,21.074144251045773,20.93756712891059,20.443772281564254,21.461316411282215,20.711733610272972,20.78629693165928,21.312784340339647,20.711733610272972,20.984727581025474,21.18559093177676,20.850981518206034,21.01454540906937,21.221420076011466,20.93756712891059,20.956815206988388,20.984727581025474,20.466581851551005,20.850981518206034,20.730791699885405
Q8BMS1,20.348951848174927,20.711733610272972,19.642096613722547,19.496007333766194,19.713294975969468,19.741596370382172,19.53440432749931,18.87877402315877,19.959236695028657,20.000273427387157,19.928334082559875,20.03489054248491,19.892893242935052,19.50715678908713,19.91743802193927,19.600690355991926,20.06207468890141,20.222449101142026,19.07560771377747,19.928334082559875
Q8BMS4,18.407189931004336,18.213265902702407,18.660197306811675,16.74385402617571,19.41351773502707,18.01287315474744,18.496346452542106,18.373411503783274,18.677917216302305,18.407189931004336,18.546392080268458,18.18759383239808,18.373411503783274,18.41956930540811,18.06372076678057,18.47695406639158,18.351145786711804,18.60781648646165,18.383204388367343,18.571569054276416
Q8BP40,14.389805789365075,15.590852133318316,14.589043151004551,15.329673207369467,14.869377300950848,16.884466848554016,15.255970705408734,15.414677502687642,16.553507708594772,15.483930727410229,15.571385090669462,17.04647772954568,15.76375548772117,15.794373955037148,15.929116056465412,15.379992575571023,16.938127804812325,15.100958209410527,15.06435550824852,16.1212776921713
Q8BPE4,16.833471200979996,15.995461336326727,17.202488406188003,15.794373955037148,16.101732189130953,16.040156056765746,15.871945612940143,15.019734348747557,15.751231695933773,16.184322245717446,16.011195751837462,16.4681336588001,16.99465608790098,16.371071053317163,16.75465720836384,15.06435550824852,14.589043151004551,16.62157362769217,14.734863622776391,14.704418840297247
Q8BUY5,16.519265858639905,16.267436084128995,16.687572909706024,16.813610280749028,16.43380379503146,16.333073359605823,16.895185066576122,16.371071053317163,16.38688116187791,16.154851772553705,14.421280175086434,16.600952431286682,16.49423691569948,15.706460770071525,16.154851772553705,16.877859805966047,16.399865146906766,16.99465608790098,16.41115233735012,16.824995230946268
Q8BVI4,18.890223319110287,18.41956930540811,19.38662238260746,19.309882689701375,19.478562068988683,17.36073389088333,17.970265999743717,17.506702229218458,17.61080164581511,17.784183239302607,19.518284094893723,18.5303793270639,18.596792390092027,19.23466212660717,19.112890419199893,17.689632089868898,17.776514433967243,17.263258642971245,18.665149140714654,17.923402029730873
Q8BW75,18.95106737203556,18.73884461038869,18.831262453151037,18.90158127878823,18.204275393365705,17.963491203041322,17.281022049162324,17.477753413428957,17.538792105956716,17.776514433967243,18.30321225012261,18.793620041543022,18.74960153818804,18.78492510524014,18.686395538355164,17.202488406188003,17.94778725715681,18.383204388367343,17.18183000185983,17.681075396566506
Q8BWF0,16.23482940770717,16.41115233735012,16.75465720836384,16.58997882357088,16.813610280749028,16.05998935354726,16.456434051047253,16.281306373512244,15.88917648622122,16.022902729634403,16.782376848089555,16.610150642354533,16.43380379503146,16.399865146906766,16.443704165800064,16.79324321561711,16.42140912781597,17.38648976082601,16.519265858639905,16.076942346039637
Q8BWM0,16.80391476225131,17.192105492267707,17.58947560297899,18.046880977537526,18.099778862629723,17.05526952811243,16.49423691569948,16.479276910223142,16.62157362769217,16.399865146906766,17.538792105956716,18.005855283549412,17.61080164581511,17.824245998358947,16.610150642354533,16.50758444652603,16.257354035510616,17.804307022124807,16.895185066576122,16.443704165800064
Q8BWT1,19.881765108388542,20.49783063583705,19.37180104088261,19.591250061843002,19.591250061843002,19.290425749847145,18.92766643986594,18.665149140714654,19.27684573645653,19.217446424477156,19.50715678908713,20.24380631899546,19.863590672259157,19.600690355991926,19.853186699776195,18.351145786711804,19.184437321328083,19.07560771377747,18.504176677888744,18.935947130404
Q8BX10,17.43328747304157,17.698341388592723,17.784183239302607,17.74921377153779,18.2557585057893,18.793620041543022,18.51605368961477,18.45965836200418,18.400109231324972,18.73884461038869,17.506702229218458,17.58947560297899,17.970265999743717,17.703878176859767,17.871129689661778,18.90158127878823,18.539827291089676,18.51605368961477,18.858535607091802,18.615261411268353
Q8BYM8,14.891584099532386,15.507604851788347,15.194890827490047,16.213051319928134,16.213051319928134,16.16972521474323,16.1212776921713,15.255970705408734,16.58997882357088,16.672228387954043,15.432067181453064,16.05998935354726,15.821003030743967,14.851483746637095,14.851483746637095,16.022902729634403,16.076942346039637,14.979829472178162,15.76375548772117,16.32469319676742
Q8C025,18.034804036558977,16.824995230946268,18.45965836200418,18.351145786711804,18.596792390092027,16.281306373512244,15.914100547354973,15.981316607758902,16.43380379503146,15.309850254240075,17.954048070991806,17.655497732392206,14.907766233762212,18.157867605260808,17.963491203041322,15.966938014427248,16.92937544533877,15.721502429955052,17.410471383898066,17.549262476004678
Q8C3X2,15.607216232138608,15.294935512233874,15.623208149746299,15.821003030743967,15.871945612940143,16.95075394557148,16.184322245717446,16.976070922293978,16.772352750754262,16.4681336588001,15.751231695933773,16.50758444652603,16.333073359605823,15.649666694654902,15.649666694654902,16.184322245717446,16.86753235418222,16.906734474952508,16.983556626202294,16.569699759178974
Q8C5H8,14.674536997207497,15.467499628792032,15.721502429955052,15.1246294928855,16.36055979295909,16.076942346039637,17.125436335957197,15.52652691134934,16.09036153560357,15.329673207369467,16.243046519675097,15.666130920214659,15.235594350690604,16.040156056765746,15.607216232138608,16.4681336588001,15.88917648622122,15.942037252295412,16.36055979295909,16.399865146906766
Q8C5Q4,15.363278257846426,16.58997882357088,17.299893503693692,16.600952431286682,16.399865146906766,16.560191399972652,18.36026818197843,17.337668125657288,15.995461336326727,16.687572909706024,16.267436084128995,16.42140912781597,17.05526952811243,16.154851772553705,15.734951874056438,18.36026818197843,17.251638359270554,16.64963311408764,18.082136635852454,17.329928783224688
Q8CAK1,17.014635465582884,17.16370578001571,17.621085375053482,16.132409567755165,17.630518726224373,16.813610280749028,17.776514433967243,18.195059748517842,17.21507710066778,16.895185066576122,17.064727212773455,16.71313914670801,16.257354035510616,17.34547369798334,17.290184140983268,17.784183239302607,16.79324321561711,18.157867605260808,17.664111596114573,17.299893503693692
Q8CAQ8,20.20375800879423,20.000273427387157,19.959236695028657,20.128654116613404,19.72552345521813,20.6311340243877,20.26895637749878,19.80126636569122,20.683236850434426,20.57474544193243,20.000273427387157,20.094483592305707,20.368681184184588,20.04744130793093,19.892893242935052,20.14349116699084,20.49783063583705,19.80126636569122,20.128654116613404,20.421583668758817
Q8CBY0,18.935947130404,19.061270687219896,19.853186699776195,20.368681184184588,20.730791699885405,17.16370578001571,19.614675635527078,21.158083602803337,18.858535607091802,17.093396465191883,20.18592365974449,19.100486304593453,19.323760606723436,19.83601165476238,19.642096613722547,20.078009466799756,17.08517817128026,19.741596370382172,19.591250061843002,17.40433764614644
Q8CC88,17.664111596114573,17.506702229218458,17.290184140983268,17.842961543755088,17.148516879497258,17.329928783224688,16.730697087653226,16.4681336588001,17.202488406188003,17.486832198572618,16.95075394557148,17.477753413428957,17.55737507387419,17.18183000185983,17.320725947945235,16.813610280749028,17.538792105956716,17.621085375053482,16.456434051047253,17.45117194033125
Q8CCM6,16.371071053317163,17.13918367716565,17.07309083792128,17.10880421396298,15.432067181453064,17.422385970980464,17.58159803286625,16.569699759178974,17.67363549045361,17.329928783224688,16.64168495987787,15.294935512233874,14.891584099532386,16.72263831024762,16.70626608745243,17.46871543584445,17.506702229218458,17.393653224741477,17.77002020068777,17.34547369798334
Q8CD10,15.081777807299682,15.363278257846426,15.06435550824852,15.363278257846426,15.450505640312821,14.924934119748198,15.294935512233874,15.467499628792032,14.907766233762212,14.851483746637095,15.309850254240075,14.389805789365075,15.081777807299682,14.589043151004551,14.979829472178162,15.450505640312821,15.06435550824852,15.137773679904996,15.1246294928855,15.041060302928619
Q8CEE7,15.347912746455638,13.96781234656099,13.685467075981979,14.519932854893003,13.685467075981979,15.081777807299682,13.616205112967759,13.685467075981979,14.389805789365075,14.734863622776391,14.320614750527465,14.832807104034071,14.544949147292186,14.363115424551037,14.251058959096156,13.685467075981979,14.674536997207497,13.616205112967759,13.616205112967759,13.616205112967759
Q8CEI1,18.18759383239808,17.980494711251342,18.596792390092027,18.831262453151037,19.135976263263608,18.142405145990725,18.935947130404,19.299961986535195,17.621085375053482,18.082136635852454,18.81837142069259,17.83356363028924,17.314095025786568,18.858535607091802,17.914233018107094,18.702435757340385,17.13918367716565,18.85095552348028,19.217446424477156,17.46871543584445
Q8CEY5,18.45965836200418,18.660197306811675,18.30321225012261,19.100486304593453,18.665149140714654,19.478562068988683,19.355670097681298,19.881765108388542,19.23466212660717,19.112890419199893,18.400109231324972,17.980494711251342,18.71188265180645,18.443355788804887,17.40433764614644,19.53440432749931,18.999887475064458,19.72552345521813,19.713294975969468,19.323760606723436
Q8CG76,14.544949147292186,14.851483746637095,14.832807104034071,16.011195751837462,16.132409567755165,15.806895208269083,15.779577679171126,16.938127804812325,15.294935512233874,15.560440415474186,15.467499628792032,15.414677502687642,15.309850254240075,15.1246294928855,15.06435550824852,16.011195751837462,15.52652691134934,15.76375548772117,15.294935512233874,15.194890827490047
Q8CGK3,18.660197306811675,18.571569054276416,18.28335476994825,18.665149140714654,17.776514433967243,17.842961543755088,17.45117194033125,17.192105492267707,18.18759383239808,18.109981335387467,18.046880977537526,18.546392080268458,18.6238955848025,18.33024765097391,18.320900602968656,17.422385970980464,18.45965836200418,17.784183239302607,17.57545301060403,17.888820499453303
Q8CHT0,19.57069568517199,20.153764200405462,20.153764200405462,20.53686877652722,20.443772281564254,19.713294975969468,20.094483592305707,20.18592365974449,19.863590672259157,19.561239095358236,20.04744130793093,20.322596770330982,20.000273427387157,20.554405832709335,20.222449101142026,20.094483592305707,19.614675635527078,19.881765108388542,20.11354846502263,19.853186699776195
Q8JZN5,18.763860833259834,18.504176677888744,18.60781648646165,18.41956930540811,18.383204388367343,18.36619974090788,18.071009660071656,18.119896830631212,18.41956930540811,18.466920385554168,18.024984597209546,18.24634741195974,18.496346452542106,18.52412103846554,18.407189931004336,17.74921377153779,18.466920385554168,18.400109231324972,18.177688706479643,18.177688706479643
Q8JZN7,17.842961543755088,18.046880977537526,18.320900602968656,17.914233018107094,17.16370578001571,17.273291646903512,16.844894839959387,16.76260483574207,17.125436335957197,16.76260483574207,18.14906886661004,17.337668125657288,18.024984597209546,17.888820499453303,17.645973449767126,16.917480987954626,17.18183000185983,17.351614134518577,16.71313914670801,16.86753235418222
Q8JZQ2,18.808523382055842,18.7204326373595,18.808523382055842,18.615261411268353,18.81837142069259,18.935947130404,18.504176677888744,18.571569054276416,18.73884461038869,18.652875672362054,18.763860833259834,18.808523382055842,19.014966590563763,18.85095552348028,18.51605368961477,18.652875672362054,18.74960153818804,19.124704910637995,18.43019048165924,18.7204326373595
Q8JZU2,14.767158757534029,14.062377284182485,13.9059903074325,13.513413451400192,13.754440251487543,14.734863622776391,13.685467075981979,13.754440251487543,13.353366177846173,12.97547912697416,14.869377300950848,13.9059903074325,13.122776374989124,14.615989774243147,13.685467075981979,13.754440251487543,13.353366177846173,13.754440251487543,13.685467075981979,13.685467075981979
Q8K009,14.363115424551037,14.27992554993843,14.519932854893003,13.685467075981979,14.110450751191195,13.754440251487543,14.363115424551037,14.389805789365075,14.110450751191195,16.58997882357088,13.96781234656099,14.251058959096156,14.251058959096156,14.704418840297247,13.96781234656099,14.421280175086434,14.024847516254491,17.100466285992447,14.251058959096156,14.251058959096156
Q8K0D5,17.05526952811243,16.906734474952508,16.23482940770717,17.36903571098365,17.521576419247648,17.531492215438494,17.07309083792128,16.64168495987787,17.58159803286625,17.55737507387419,16.70626608745243,17.21507710066778,17.13918367716565,17.202488406188003,15.571385090669462,17.320725947945235,17.79481631491284,17.923402029730873,17.46871543584445,17.55737507387419
Q8K0Z7,16.145733024845747,17.10880421396298,16.560191399972652,17.230815129262613,16.32469319676742,16.844894839959387,16.95075394557148,16.86753235418222,17.337668125657288,17.004447865045186,17.014635465582884,16.76260483574207,16.542780037674664,17.133498028186448,16.813610280749028,17.100466285992447,16.530877804679726,16.443704165800064,16.844894839959387,16.833471200979996
Q8K199,15.85664807302328,16.772352750754262,16.782376848089555,17.51457136713056,16.938127804812325,17.100466285992447,17.842961543755088,18.808523382055842,17.459322368071206,17.148516879497258,17.21507710066778,16.62157362769217,17.03539930853817,16.75465720836384,16.959647602428937,18.213265902702407,16.833471200979996,18.4525273316329,18.33024765097391,17.459322368071206
Q8K1M6,15.806895208269083,16.833471200979996,15.483930727410229,16.976070922293978,16.16972521474323,15.363278257846426,15.06435550824852,15.734951874056438,14.062377284182485,13.513413451400192,14.363115424551037,15.871945612940143,14.924934119748198,14.142828999884605,14.674536997207497,14.924934119748198,14.213855869008873,13.685467075981979,15.213626927175422,14.389805789365075
Q8K1R3,16.022902729634403,16.99465608790098,16.917480987954626,17.329928783224688,17.36073389088333,17.014635465582884,18.213265902702407,17.664111596114573,17.703878176859767,17.43328747304157,17.13918367716565,16.85109079459135,17.306374522486458,17.03539930853817,17.2226566163975,18.230258655185942,17.273291646903512,16.92937544533877,18.39077119361858,17.865213999510175
Q8K1Z0,20.01298401271381,20.14349116699084,19.881765108388542,20.657559285833464,19.57069568517199,19.76487978674208,19.600690355991926,19.591250061843002,19.642096613722547,19.46303142493094,20.01298401271381,19.614675635527078,19.68484238133201,19.701809077147505,19.68484238133201,19.72552345521813,19.642096613722547,19.701809077147505,19.340960134083634,19.41351773502707
Q8K2B3,21.01454540906937,21.461316411282215,21.495002643017862,21.435937203088393,21.435937203088393,21.158083602803337,20.93756712891059,20.554405832709335,21.034687448052203,20.87686599734483,21.61371657020363,20.956815206988388,21.18559093177676,21.312784340339647,21.359828500257358,21.01454540906937,21.18559093177676,21.221420076011466,20.914417144668427,20.984727581025474
Q8K2C6,15.294935512233874,15.379992575571023,14.924934119748198,16.4681336588001,16.72263831024762,16.101732189130953,16.659890630080277,17.351614134518577,16.443704165800064,16.09036153560357,14.832807104034071,15.255970705408734,15.706460770071525,15.255970705408734,14.891584099532386,16.833471200979996,16.34756926983865,16.42140912781597,17.281022049162324,16.267436084128995
Q8K2M0,15.682716821604217,17.263258642971245,16.38688116187791,15.779577679171126,16.824995230946268,17.784183239302607,17.712463571221484,18.539827291089676,17.804307022124807,17.538792105956716,17.18183000185983,15.100958209410527,16.62157362769217,16.76260483574207,16.553507708594772,18.51605368961477,16.696630397981174,17.595799011763855,18.290776804272948,18.22166863553482
Q8K2Q5,18.16911730248406,18.36026818197843,19.135976263263608,18.841591969953136,19.029945691187148,19.196792990585767,20.615584182459976,20.592518356570043,19.088322161501978,19.196792990585767,16.79324321561711,18.177688706479643,16.70626608745243,18.686395538355164,17.923402029730873,20.04744130793093,18.5303793270639,20.53686877652722,20.53686877652722,19.26103110121598
Q8K2Y7,17.888820499453303,18.400109231324972,18.290776804272948,19.42648560831271,19.124704910637995,19.404770326434583,20.01298401271381,19.959236695028657,19.404770326434583,19.37180104088261,17.337668125657288,17.970265999743717,17.923402029730873,18.58388280389488,18.60781648646165,19.561239095358236,19.41351773502707,19.713294975969468,19.928334082559875,20.03489054248491
Q8K370,16.267436084128995,15.88917648622122,16.50758444652603,16.34756926983865,15.682716821604217,15.100958209410527,15.751231695933773,15.821003030743967,15.541997202834702,15.607216232138608,17.329928783224688,16.659890630080277,16.09036153560357,16.782376848089555,17.34547369798334,15.794373955037148,15.450505640312821,15.507604851788347,15.560440415474186,16.09036153560357
Q8K3J1,19.206111881200528,19.881765108388542,20.04744130793093,18.85095552348028,20.04744130793093,19.135976263263608,20.302905028773885,20.53686877652722,19.547171277319784,19.741596370382172,19.975639739849605,19.112890419199893,19.355670097681298,19.184437321328083,19.38662238260746,20.6311340243877,19.817832451156555,20.57474544193243,20.393070877238095,20.01298401271381
Q8K411,15.450505640312821,16.32469319676742,16.040156056765746,16.36055979295909,16.4681336588001,16.213051319928134,16.43380379503146,15.779577679171126,15.636621719716976,16.281306373512244,16.884466848554016,16.519265858639905,16.299907355234044,16.23482940770717,16.730697087653226,16.41115233735012,15.721502429955052,16.299907355234044,15.779577679171126,15.649666694654902
Q8K4F5,18.4525273316329,19.323760606723436,18.615261411268353,19.701809077147505,18.808523382055842,18.90158127878823,18.959894035283355,18.90158127878823,18.557195436175146,18.238118584311707,18.7204326373595,18.486313236741456,18.808523382055842,18.87877402315877,18.774860491346796,18.97423308304976,18.660197306811675,18.78492510524014,18.90158127878823,18.564914568031423
Q8K4Z3,18.64584924579679,18.01287315474744,17.880388051865513,17.45117194033125,17.784183239302607,17.712463571221484,16.672228387954043,16.184322245717446,17.5650573062629,17.506702229218458,18.28335476994825,18.204275393365705,18.204275393365705,18.054675518592425,18.090482964010345,16.132409567755165,17.61080164581511,16.333073359605823,15.840430485845923,16.79324321561711
Q8QZS1,17.486832198572618,17.74921377153779,17.15466544240266,17.938525598463357,17.38648976082601,17.43328747304157,17.314095025786568,17.689632089868898,17.521576419247648,17.299893503693692,17.655497732392206,17.521576419247648,17.377663320685862,17.8967016599141,17.655497732392206,17.314095025786568,17.306374522486458,17.67363549045361,17.49510609622982,17.320725947945235
Q8QZT1,18.28335476994825,19.600690355991926,19.184437321328083,19.561239095358236,20.01298401271381,19.170084045667675,18.793620041543022,18.564914568031423,18.90158127878823,19.029945691187148,19.904893824307102,19.741596370382172,19.57069568517199,19.547171277319784,19.206111881200528,18.7204326373595,18.71188265180645,18.90158127878823,18.63428266429829,18.702435757340385
Q8R035,17.8967016599141,17.906895922895963,17.24258460902694,18.290776804272948,17.549262476004678,18.60781648646165,19.135976263263608,18.677917216302305,18.692282908777205,18.677917216302305,17.784183239302607,17.77002020068777,17.459322368071206,17.776514433967243,18.071009660071656,18.78492510524014,18.87877402315877,19.014966590563763,19.135976263263608,19.217446424477156
Q8R086,16.456434051047253,17.064727212773455,17.712463571221484,17.595799011763855,17.45117194033125,17.351614134518577,17.923402029730873,18.046880977537526,17.064727212773455,17.24258460902694,17.410471383898066,16.782376848089555,16.959647602428937,17.24258460902694,16.895185066576122,18.177688706479643,17.21507710066778,17.994736225606697,18.109981335387467,17.314095025786568
Q8R0F8,17.38648976082601,17.851809963190362,17.549262476004678,18.51605368961477,18.546392080268458,18.36026818197843,18.290776804272948,17.422385970980464,18.131834214733836,18.30321225012261,17.776514433967243,17.906895922895963,17.43328747304157,18.213265902702407,18.26696818486289,17.630518726224373,17.914233018107094,17.954048070991806,17.51457136713056,17.906895922895963
Q8R0N6,15.52652691134934,15.414677502687642,15.432067181453064,16.542780037674664,17.329928783224688,15.682716821604217,16.257354035510616,15.041060302928619,15.571385090669462,16.132409567755165,17.0254987353992,15.467499628792032,15.002488827854545,16.145733024845747,15.779577679171126,16.145733024845747,16.040156056765746,15.213626927175422,15.607216232138608,16.16972521474323
Q8R0Y8,17.46871543584445,16.844894839959387,17.422385970980464,16.519265858639905,16.70626608745243,16.50758444652603,17.38648976082601,17.03539930853817,17.351614134518577,17.521576419247648,16.05998935354726,16.844894839959387,16.64168495987787,16.569699759178974,17.314095025786568,17.51457136713056,17.703878176859767,17.94778725715681,17.595799011763855,16.95075394557148
Q8R164,16.257354035510616,16.040156056765746,15.213626927175422,16.154851772553705,15.467499628792032,16.74385402617571,13.754440251487543,13.834772134222595,16.42140912781597,16.101732189130953,15.88917648622122,16.92937544533877,16.74385402617571,15.981316607758902,16.19889426476575,13.834772134222595,16.58997882357088,15.52652691134934,15.255970705408734,13.754440251487543
Q8R1I1,21.25573917155103,20.40879778879779,20.26895637749878,20.11354846502263,18.660197306811675,20.153764200405462,19.629948064572282,18.91462040073265,20.850981518206034,20.49783063583705,20.730791699885405,21.532919263147512,20.93756712891059,20.711733610272972,20.984727581025474,19.44568799214925,20.93756712891059,19.46303142493094,19.290425749847145,19.80126636569122
Q8R1R3,15.623208149746299,15.309850254240075,15.666130920214659,15.85664807302328,15.929116056465412,15.623208149746299,16.243046519675097,17.538792105956716,15.821003030743967,17.842961543755088,15.76375548772117,15.734951874056438,15.483930727410229,15.682716821604217,15.706460770071525,17.83356363028924,17.7205259828368,17.549262476004678,16.132409567755165,16.022902729634403
Q8R1S0,17.281022049162324,17.230815129262613,17.410471383898066,17.521576419247648,17.58159803286625,17.442866120669663,16.99465608790098,17.871129689661778,17.16370578001571,17.290184140983268,17.10880421396298,17.74214388236789,17.77002020068777,16.79324321561711,17.36073389088333,17.08517817128026,17.43328747304157,17.74214388236789,17.133498028186448,17.064727212773455
Q8R2Q4,17.21507710066778,17.148516879497258,17.57545301060403,17.681075396566506,17.133498028186448,17.0254987353992,16.560191399972652,16.96745483041869,17.133498028186448,16.92937544533877,17.125436335957197,16.99465608790098,17.16370578001571,16.99465608790098,17.10880421396298,17.38648976082601,17.281022049162324,16.877859805966047,17.004447865045186,17.273291646903512
Q8R2Y8,16.99465608790098,17.61080164581511,16.833471200979996,17.100466285992447,17.79481631491284,17.306374522486458,16.938127804812325,17.04647772954568,17.645973449767126,17.738142088900677,16.92937544533877,17.538792105956716,17.171496594965255,17.486832198572618,16.782376848089555,17.34547369798334,17.814256535258824,17.320725947945235,17.15466544240266,17.133498028186448
Q8R3F5,14.421280175086434,13.616205112967759,16.076942346039637,15.235594350690604,14.851483746637095,17.79481631491284,18.81837142069259,18.95106737203556,17.914233018107094,17.760475787074267,14.519932854893003,17.36903571098365,14.421280175086434,14.519932854893003,16.299907355234044,18.466920385554168,17.784183239302607,16.74385402617571,18.7204326373595,17.538792105956716
Q8R404,18.52412103846554,18.14906886661004,18.33896168785754,17.980494711251342,17.83356363028924,17.824245998358947,17.36073389088333,17.16370578001571,17.45117194033125,18.615261411268353,17.58159803286625,18.51605368961477,18.383204388367343,17.970265999743717,17.994736225606697,17.377663320685862,18.313999970776624,17.842961543755088,16.99465608790098,17.83356363028924
Q8R4N0,18.63428266429829,18.935947130404,18.984211437271973,19.246175360418153,19.68484238133201,18.774860491346796,18.5303793270639,19.184437321328083,18.652875672362054,18.596792390092027,19.478562068988683,19.088322161501978,18.702435757340385,19.246175360418153,19.196792990585767,18.959894035283355,18.43019048165924,18.959894035283355,18.890223319110287,18.351145786711804
Q8R5L1,18.400109231324972,18.91462040073265,19.029945691187148,17.970265999743717,18.082136635852454,18.729605796642268,18.74960153818804,19.741596370382172,18.39077119361858,17.636772446255954,18.238118584311707,19.38662238260746,18.692282908777205,19.46303142493094,19.37180104088261,19.68484238133201,17.888820499453303,18.935947130404,17.681075396566506,17.789788714645585
Q8VCE1,18.099778862629723,18.099778862629723,18.74960153818804,18.5303793270639,16.687572909706024,17.34547369798334,16.631722308323525,16.75465720836384,16.877859805966047,16.299907355234044,18.496346452542106,16.34756926983865,16.213051319928134,16.443704165800064,17.784183239302607,16.530877804679726,16.213051319928134,16.57884352513613,16.530877804679726,16.560191399972652
Q8VCF0,16.076942346039637,16.96745483041869,15.636621719716976,15.956902660435318,16.519265858639905,17.21507710066778,17.13918367716565,17.299893503693692,16.813610280749028,16.530877804679726,15.27568110137022,15.706460770071525,16.31423135303767,16.530877804679726,15.041060302928619,16.844894839959387,16.4681336588001,16.884466848554016,17.314095025786568,16.36055979295909
Q8VCL2,17.442866120669663,17.251638359270554,17.814256535258824,17.290184140983268,17.681075396566506,16.71313914670801,17.477753413428957,16.076942346039637,17.014635465582884,17.05526952811243,17.51457136713056,17.15466544240266,16.86753235418222,17.963491203041322,17.05526952811243,17.923402029730873,17.04647772954568,18.034804036558977,17.36073389088333,17.595799011763855
Q8VCM5,17.273291646903512,17.337668125657288,16.824995230946268,15.002488827854545,15.137773679904996,14.979829472178162,15.541997202834702,15.666130920214659,15.100958209410527,15.002488827854545,17.133498028186448,17.789788714645585,17.263258642971245,17.506702229218458,17.630518726224373,15.623208149746299,15.27568110137022,15.379992575571023,15.379992575571023,15.379992575571023
Q8VCX5,16.49423691569948,15.779577679171126,16.877859805966047,16.917480987954626,16.1212776921713,16.443704165800064,14.869377300950848,14.907766233762212,15.649666694654902,16.36055979295909,15.794373955037148,15.942037252295412,16.145733024845747,16.813610280749028,15.363278257846426,14.943892958612873,16.220880378073787,14.767158757534029,16.16972521474323,16.19889426476575
Q8VD26,17.698341388592723,17.34547369798334,16.542780037674664,17.422385970980464,16.600952431286682,16.79324321561711,17.064727212773455,17.08517817128026,16.959647602428937,17.11686982679312,16.71313914670801,17.273291646903512,17.299893503693692,16.696630397981174,17.04647772954568,17.07309083792128,17.299893503693692,16.86753235418222,16.730697087653226,17.16370578001571
Q8VDC0,15.649666694654902,14.767158757534029,14.142828999884605,15.52652691134934,14.27992554993843,14.869377300950848,14.615989774243147,14.647068341797354,14.943892958612873,14.173604168677693,15.081777807299682,15.571385090669462,15.194890827490047,14.110450751191195,14.615989774243147,14.647068341797354,15.194890827490047,14.519932854893003,14.455132935010662,14.491977057265013
Q8VDK1,14.907766233762212,15.06435550824852,15.081777807299682,15.309850254240075,15.309850254240075,16.299907355234044,16.610150642354533,16.50758444652603,16.75465720836384,15.956902660435318,15.06435550824852,14.958855613286435,15.779577679171126,15.06435550824852,15.347912746455638,17.681075396566506,16.011195751837462,17.5650573062629,16.79324321561711,16.43380379503146
Q8VDT9,16.906734474952508,16.213051319928134,15.821003030743967,17.07309083792128,17.40433764614644,17.36903571098365,17.67363549045361,17.645973449767126,17.46871543584445,17.58947560297899,16.772352750754262,16.75465720836384,17.0254987353992,17.393653224741477,16.371071053317163,17.306374522486458,17.477753413428957,16.267436084128995,17.929022724818815,17.281022049162324
Q8VE22,16.4681336588001,15.929116056465412,16.36055979295909,16.92937544533877,17.11686982679312,17.57545301060403,17.914233018107094,18.06372076678057,17.664111596114573,17.938525598463357,15.560440415474186,16.243046519675097,16.41115233735012,17.2226566163975,15.942037252295412,18.373411503783274,18.119896830631212,16.844894839959387,18.046880977537526,18.204275393365705
Q8VE95,17.004447865045186,17.914233018107094,17.329928783224688,18.071009660071656,17.55737507387419,18.046880977537526,17.980494711251342,17.21507710066778,17.970265999743717,17.77002020068777,17.689632089868898,17.814256535258824,17.645973449767126,17.595799011763855,17.851809963190362,17.698341388592723,18.238118584311707,17.538792105956716,17.703878176859767,18.109981335387467
Q8VEA4,19.014966590563763,17.459322368071206,19.46303142493094,19.904893824307102,19.817832451156555,19.853186699776195,21.01454540906937,20.615584182459976,19.66992557534399,19.66992557534399,17.738142088900677,18.686395538355164,17.5650573062629,20.348951848174927,17.703878176859767,20.87686599734483,19.741596370382172,20.393070877238095,21.221420076011466,19.77894842668896
Q91V61,19.80126636569122,19.83601165476238,19.91743802193927,19.37180104088261,19.98820723861737,19.57069568517199,19.38662238260746,19.196792990585767,19.299961986535195,19.07560771377747,19.299961986535195,19.37180104088261,19.27684573645653,19.80126636569122,19.217446424477156,19.124704910637995,19.355670097681298,19.98820723861737,19.38662238260746,19.27684573645653
Q91VA6,13.616205112967759,13.353366177846173,14.062377284182485,14.589043151004551,14.062377284182485,12.97547912697416,14.024847516254491,14.062377284182485,13.754440251487543,13.834772134222595,14.024847516254491,13.122776374989124,13.754440251487543,13.754440251487543,13.754440251487543,14.062377284182485,13.685467075981979,14.024847516254491,13.96781234656099,14.024847516254491
Q91VA7,19.496007333766194,18.999887475064458,18.557195436175146,19.299961986535195,18.30321225012261,18.109981335387467,17.329928783224688,16.659890630080277,18.26696818486289,18.692282908777205,18.652875672362054,18.984211437271973,18.999887475064458,18.571569054276416,18.92766643986594,17.442866120669663,18.383204388367343,18.109981335387467,17.10880421396298,17.980494711251342
Q91VC9,19.340960134083634,17.595799011763855,16.696630397981174,17.16370578001571,15.88917648622122,16.32469319676742,16.19889426476575,16.267436084128995,15.779577679171126,15.751231695933773,17.621085375053482,18.831262453151037,17.938525598463357,17.636772446255954,18.64584924579679,16.19889426476575,15.806895208269083,16.101732189130953,16.101732189130953,16.011195751837462
Q91VD9,20.711733610272972,20.984727581025474,21.158083602803337,20.49783063583705,21.01454540906937,20.93756712891059,20.984727581025474,20.75830462641241,20.984727581025474,20.657559285833464,20.78629693165928,21.034687448052203,20.850981518206034,20.93756712891059,20.914417144668427,21.158083602803337,21.221420076011466,20.78629693165928,20.956815206988388,21.074144251045773
Q91VM9,16.19889426476575,16.57884352513613,16.569699759178974,16.80391476225131,17.03539930853817,16.4681336588001,17.18183000185983,15.213626927175422,16.16972521474323,17.314095025786568,17.16370578001571,16.86753235418222,16.022902729634403,16.833471200979996,17.15466544240266,17.13918367716565,16.281306373512244,14.943892958612873,16.877859805966047,16.257354035510616
Q91VN4,15.706460770071525,16.145733024845747,16.772352750754262,15.88917648622122,16.42140912781597,17.299893503693692,17.871129689661778,18.5303793270639,17.03539930853817,16.833471200979996,16.184322245717446,16.257354035510616,16.36055979295909,15.840430485845923,16.101732189130953,18.071009660071656,16.813610280749028,17.299893503693692,18.157867605260808,17.24258460902694
Q91VT4,17.77002020068777,17.5650573062629,17.43328747304157,18.58388280389488,17.824245998358947,16.833471200979996,16.71313914670801,16.49423691569948,17.34547369798334,16.57884352513613,17.477753413428957,18.099778862629723,17.851809963190362,17.329928783224688,17.760475787074267,16.92937544533877,16.267436084128995,16.38688116187791,16.64963311408764,17.61080164581511
Q91WC3,17.36073389088333,15.649666694654902,15.414677502687642,16.257354035510616,15.194890827490047,15.347912746455638,14.924934119748198,15.002488827854545,15.981316607758902,16.1212776921713,15.399356733755349,16.57884352513613,16.011195751837462,15.507604851788347,16.479276910223142,15.041060302928619,16.443704165800064,14.869377300950848,14.704418840297247,16.05998935354726
Q91WD5,20.393070877238095,20.78629693165928,20.78629693165928,20.26895637749878,20.57474544193243,20.094483592305707,20.14349116699084,19.100486304593453,20.222449101142026,20.40879778879779,20.914417144668427,20.40879778879779,20.592518356570043,20.24380631899546,20.443772281564254,20.03489054248491,20.40879778879779,19.75293882608616,19.817832451156555,20.322596770330982
Q91WK1,17.192105492267707,15.041060302928619,16.64963311408764,15.541997202834702,16.299907355234044,15.27568110137022,15.966938014427248,16.040156056765746,15.450505640312821,15.379992575571023,17.251638359270554,15.27568110137022,16.32469319676742,16.600952431286682,16.560191399972652,15.995461336326727,15.541997202834702,15.751231695933773,15.751231695933773,15.734951874056438
Q91WK5,19.701809077147505,19.942843946502244,20.368681184184588,20.40879778879779,21.034687448052203,19.83601165476238,20.817218322561878,20.443772281564254,18.4525273316329,18.36619974090788,18.85095552348028,20.078009466799756,19.928334082559875,20.87686599734483,20.51733159815573,20.153764200405462,18.571569054276416,19.642096613722547,20.554405832709335,19.600690355991926
Q91WS0,20.956815206988388,20.914417144668427,20.592518356570043,20.93756712891059,20.368681184184588,20.615584182459976,19.741596370382172,19.547171277319784,20.28726006499452,20.53686877652722,20.956815206988388,20.730791699885405,20.817218322561878,20.78629693165928,21.034687448052203,19.65726588934619,20.592518356570043,20.28726006499452,19.904893824307102,20.348951848174927
Q91XE8,16.213051319928134,16.333073359605823,15.560440415474186,17.04647772954568,16.41115233735012,15.85664807302328,15.432067181453064,15.590852133318316,15.666130920214659,15.794373955037148,16.57884352513613,16.696630397981174,16.79324321561711,15.779577679171126,16.824995230946268,16.05998935354726,15.483930727410229,16.79324321561711,15.194890827490047,15.17391607065505
Q91YP0,18.213265902702407,18.28335476994825,18.5303793270639,18.36619974090788,18.5303793270639,17.698341388592723,17.422385970980464,18.30321225012261,17.51457136713056,17.980494711251342,18.39077119361858,18.43019048165924,18.22166863553482,18.407189931004336,18.33896168785754,18.131834214733836,18.177688706479643,17.871129689661778,17.776514433967243,17.393653224741477
Q91YT0,20.14349116699084,20.57474544193243,20.711733610272972,19.72552345521813,20.817218322561878,21.18559093177676,21.572169049957665,20.78629693165928,21.25573917155103,21.01454540906937,20.40879778879779,20.443772281564254,20.24380631899546,20.51733159815573,20.554405832709335,21.221420076011466,21.25573917155103,20.683236850434426,21.2853640988752,20.817218322561878
Q91Z53,17.58947560297899,17.410471383898066,17.5650573062629,18.22166863553482,18.33896168785754,17.789788714645585,16.884466848554016,17.655497732392206,16.833471200979996,17.320725947945235,18.2557585057893,17.299893503693692,17.880388051865513,17.40433764614644,17.7293872657367,17.192105492267707,17.014635465582884,17.133498028186448,17.351614134518577,17.306374522486458
Q91ZA3,18.373411503783274,18.33024765097391,18.793620041543022,18.204275393365705,19.112890419199893,17.8967016599141,18.729605796642268,18.702435757340385,18.52412103846554,18.41956930540811,18.692282908777205,18.615261411268353,18.686395538355164,18.692282908777205,18.564914568031423,19.07560771377747,18.52412103846554,18.466920385554168,18.71188265180645,18.60781648646165
Q920A7,15.995461336326727,15.15479865637353,16.257354035510616,15.081777807299682,16.631722308323525,15.794373955037148,15.794373955037148,16.243046519675097,16.600952431286682,15.081777807299682,16.696630397981174,15.821003030743967,14.615989774243147,14.907766233762212,16.4681336588001,15.706460770071525,16.36055979295909,16.50758444652603,15.956902660435318,15.929116056465412
Q921G7,19.629948064572282,19.217446424477156,18.999887475064458,18.7204326373595,19.100486304593453,19.44568799214925,18.27499553716694,17.61080164581511,19.206111881200528,19.290425749847145,18.959894035283355,19.561239095358236,19.518284094893723,19.124704910637995,19.323760606723436,18.142405145990725,19.38662238260746,19.290425749847145,18.486313236741456,18.890223319110287
Q921H8,15.019734348747557,14.943892958612873,15.27568110137022,15.942037252295412,15.081777807299682,13.353366177846173,14.589043151004551,14.615989774243147,14.173604168677693,14.142828999884605,16.479276910223142,16.145733024845747,15.734951874056438,15.751231695933773,15.450505640312821,14.615989774243147,14.173604168677693,14.491977057265013,14.421280175086434,14.455132935010662
Q921H9,14.110450751191195,15.002488827854545,15.235594350690604,15.137773679904996,15.821003030743967,15.981316607758902,16.41115233735012,16.983556626202294,16.569699759178974,16.011195751837462,16.32469319676742,15.363278257846426,16.101732189130953,15.309850254240075,15.794373955037148,16.64168495987787,17.093396465191883,15.966938014427248,16.4681336588001,15.76375548772117
Q921S7,14.958855613286435,15.1246294928855,15.255970705408734,15.194890827490047,14.907766233762212,15.956902660435318,16.333073359605823,14.589043151004551,16.333073359605823,16.243046519675097,13.9059903074325,15.041060302928619,15.623208149746299,14.251058959096156,14.320614750527465,14.589043151004551,16.519265858639905,14.455132935010662,15.85664807302328,16.553507708594772
Q922B1,19.892893242935052,19.290425749847145,19.80126636569122,20.914417144668427,20.000273427387157,20.554405832709335,20.914417144668427,20.06207468890141,20.322596770330982,19.629948064572282,19.741596370382172,18.95106737203556,19.38662238260746,19.98820723861737,19.355670097681298,20.26895637749878,19.863590672259157,19.518284094893723,20.592518356570043,20.078009466799756
Q922Q1,18.999887475064458,18.320900602968656,18.91462040073265,18.959894035283355,18.090482964010345,18.4525273316329,17.865213999510175,17.549262476004678,18.43019048165924,18.7204326373595,18.831262453151037,18.400109231324972,18.774860491346796,18.774860491346796,18.74960153818804,17.776514433967243,18.78492510524014,17.929022724818815,17.963491203041322,18.496346452542106
Q923X4,15.966938014427248,16.299907355234044,16.730697087653226,16.145733024845747,17.377663320685862,14.704418840297247,17.04647772954568,17.698341388592723,14.891584099532386,14.803121566292154,16.299907355234044,16.70626608745243,16.96745483041869,15.956902660435318,16.687572909706024,15.432067181453064,15.041060302928619,15.1246294928855,16.32469319676742,15.019734348747557
Q924D0,18.27499553716694,18.005855283549412,18.046880977537526,17.865213999510175,17.814256535258824,17.49510609622982,16.42140912781597,14.832807104034071,17.281022049162324,17.94778725715681,17.7205259828368,17.703878176859767,18.14906886661004,17.906895922895963,17.595799011763855,14.832807104034071,17.36073389088333,17.880388051865513,15.721502429955052,17.125436335957197
Q924T2,15.255970705408734,15.399356733755349,15.914100547354973,15.871945612940143,16.64963311408764,15.041060302928619,16.371071053317163,17.281022049162324,15.85664807302328,15.399356733755349,15.363278257846426,15.995461336326727,16.132409567755165,15.590852133318316,15.002488827854545,16.75465720836384,15.840430485845923,16.34756926983865,17.07309083792128,16.243046519675097
Q924X2,20.04744130793093,19.53440432749931,19.299961986535195,18.92766643986594,19.206111881200528,19.53440432749931,18.984211437271973,17.970265999743717,19.600690355991926,19.959236695028657,19.196792990585767,19.863590672259157,19.76487978674208,19.309882689701375,19.701809077147505,18.660197306811675,19.928334082559875,19.217446424477156,18.6238955848025,19.629948064572282
Q925I1,17.79481631491284,17.645973449767126,17.655497732392206,17.202488406188003,17.970265999743717,18.841591969953136,18.831262453151037,19.246175360418153,18.890223319110287,18.935947130404,16.877859805966047,17.689632089868898,17.804307022124807,17.738142088900677,17.506702229218458,18.999887475064458,18.665149140714654,18.763860833259834,18.95106737203556,18.999887475064458
Q99J39,17.630518726224373,18.177688706479643,17.906895922895963,18.195059748517842,18.14906886661004,17.865213999510175,18.999887475064458,18.6238955848025,18.6238955848025,18.52412103846554,17.57545301060403,17.290184140983268,17.906895922895963,17.851809963190362,17.7205259828368,19.217446424477156,18.496346452542106,19.100486304593453,19.014966590563763,18.71188265180645
Q99J47,17.11686982679312,16.659890630080277,16.938127804812325,17.46871543584445,16.86753235418222,16.220880378073787,15.507604851788347,16.906734474952508,16.145733024845747,17.2226566163975,16.76260483574207,17.05526952811243,17.15466544240266,16.659890630080277,16.99465608790098,16.959647602428937,16.76260483574207,17.410471383898066,16.824995230946268,16.62157362769217
Q99J99,18.177688706479643,18.407189931004336,18.131834214733836,19.547171277319784,18.400109231324972,18.87877402315877,18.7204326373595,19.217446424477156,18.571569054276416,18.557195436175146,18.677917216302305,18.28335476994825,18.64584924579679,18.6238955848025,18.6238955848025,18.85095552348028,18.984211437271973,18.92766643986594,18.808523382055842,19.029945691187148
Q99JB2,16.85109079459135,17.57545301060403,17.871129689661778,17.24258460902694,18.131834214733836,17.40433764614644,18.443355788804887,18.407189931004336,17.531492215438494,17.34547369798334,17.263258642971245,17.34547369798334,17.630518726224373,17.7205259828368,17.45117194033125,18.16911730248406,17.16370578001571,17.814256535258824,18.16911730248406,17.689632089868898
Q99JR1,18.33024765097391,18.071009660071656,17.393653224741477,17.49510609622982,15.956902660435318,18.351145786711804,17.21507710066778,18.774860491346796,17.36073389088333,16.730697087653226,17.306374522486458,15.794373955037148,15.560440415474186,18.01287315474744,18.024984597209546,17.04647772954568,17.377663320685862,19.37180104088261,16.833471200979996,16.976070922293978
Q99JY0,19.959236695028657,20.421583668758817,19.863590672259157,19.046930634139372,19.53440432749931,20.06207468890141,19.76487978674208,18.660197306811675,19.881765108388542,19.98820723861737,19.46303142493094,20.14349116699084,19.881765108388542,19.642096613722547,19.83601165476238,19.496007333766194,19.77894842668896,19.629948064572282,19.478562068988683,19.91743802193927
Q99KB8,14.851483746637095,15.329673207369467,15.806895208269083,15.751231695933773,15.966938014427248,15.235594350690604,14.704418840297247,14.734863622776391,15.15479865637353,14.544949147292186,16.58997882357088,15.623208149746299,15.363278257846426,15.483930727410229,15.483930727410229,14.734863622776391,14.251058959096156,14.615989774243147,14.491977057265013,14.519932854893003
Q99KI0,20.53686877652722,21.114233774210284,20.683236850434426,20.984727581025474,21.18559093177676,20.75830462641241,20.850981518206034,21.221420076011466,20.914417144668427,20.956815206988388,20.93756712891059,21.25573917155103,21.074144251045773,21.359828500257358,21.114233774210284,20.984727581025474,20.850981518206034,20.984727581025474,20.78629693165928,20.93756712891059
Q99KR7,17.804307022124807,18.51605368961477,18.71188265180645,19.65726588934619,19.496007333766194,18.443355788804887,19.217446424477156,19.928334082559875,19.07560771377747,18.763860833259834,18.596792390092027,17.5650573062629,18.177688706479643,18.47695406639158,18.45965836200418,19.66992557534399,18.27499553716694,19.323760606723436,19.65726588934619,19.088322161501978
Q99L04,16.040156056765746,15.571385090669462,15.840430485845923,16.41115233735012,15.981316607758902,15.399356733755349,14.979829472178162,15.100958209410527,15.329673207369467,15.76375548772117,15.942037252295412,16.31423135303767,15.432067181453064,15.821003030743967,15.821003030743967,15.1246294928855,15.560440415474186,15.779577679171126,14.958855613286435,15.414677502687642
Q99L13,17.595799011763855,17.814256535258824,17.914233018107094,17.824245998358947,18.36619974090788,18.5303793270639,18.39077119361858,18.14906886661004,18.47695406639158,18.4525273316329,18.4525273316329,18.119896830631212,17.664111596114573,18.082136635852454,18.177688706479643,18.6238955848025,18.195059748517842,17.79481631491284,18.024984597209546,17.77002020068777
Q99LB2,17.645973449767126,18.466920385554168,16.906734474952508,17.655497732392206,16.983556626202294,18.034804036558977,18.47695406639158,17.784183239302607,18.082136635852454,18.6238955848025,17.230815129262613,17.43328747304157,17.824245998358947,16.877859805966047,16.877859805966047,18.22166863553482,18.005855283549412,16.959647602428937,18.131834214733836,18.486313236741456
Q99LC3,19.66992557534399,19.591250061843002,19.23466212660717,19.53440432749931,18.85095552348028,19.614675635527078,19.547171277319784,18.64584924579679,19.817832451156555,19.928334082559875,18.999887475064458,19.600690355991926,19.53440432749931,19.57069568517199,19.404770326434583,19.26103110121598,19.904893824307102,19.904893824307102,19.299961986535195,19.975639739849605
Q99LC5,19.14960755854512,19.27684573645653,18.496346452542106,19.290425749847145,18.63428266429829,18.81837142069259,18.14906886661004,17.980494711251342,18.71188265180645,18.831262453151037,19.14960755854512,19.46303142493094,19.299961986535195,18.81837142069259,19.23466212660717,18.119896830631212,18.81837142069259,18.596792390092027,17.871129689661778,18.157867605260808
Q99LP6,17.377663320685862,18.16911730248406,18.2557585057893,18.71188265180645,17.963491203041322,18.16911730248406,18.85095552348028,19.14960755854512,18.51605368961477,18.195059748517842,18.64584924579679,18.373411503783274,18.213265902702407,18.539827291089676,17.880388051865513,18.890223319110287,18.28335476994825,18.999887475064458,18.92766643986594,18.407189931004336
Q99LX0,18.539827291089676,17.776514433967243,18.652875672362054,18.52412103846554,19.14960755854512,17.94778725715681,18.41956930540811,18.090482964010345,17.36903571098365,18.099778862629723,19.246175360418153,18.81837142069259,18.24634741195974,18.677917216302305,18.87877402315877,18.2557585057893,17.351614134518577,17.645973449767126,17.923402029730873,17.49510609622982
Q99LY9,19.642096613722547,19.26103110121598,19.07560771377747,18.984211437271973,19.23466212660717,19.642096613722547,19.290425749847145,18.47695406639158,19.46303142493094,19.77894842668896,18.97423308304976,19.061270687219896,19.340960134083634,19.196792990585767,18.95106737203556,19.46303142493094,19.50715678908713,19.83601165476238,19.184437321328083,19.65726588934619
Q99M87,18.36619974090788,18.157867605260808,18.142405145990725,18.099778862629723,18.18759383239808,17.994736225606697,18.24634741195974,18.320900602968656,18.36619974090788,18.157867605260808,18.195059748517842,18.195059748517842,18.33896168785754,18.119896830631212,18.36619974090788,18.26696818486289,18.109981335387467,18.52412103846554,18.313999970776624,18.26696818486289
Q99MN1,15.414677502687642,15.52652691134934,15.17391607065505,16.101732189130953,15.806895208269083,15.666130920214659,14.213855869008873,14.213855869008873,14.024847516254491,15.623208149746299,15.15479865637353,13.616205112967759,15.15479865637353,15.137773679904996,14.832807104034071,14.251058959096156,15.794373955037148,14.173604168677693,14.110450751191195,14.213855869008873
Q99MN9,17.636772446255954,18.06372076678057,18.407189931004336,18.024984597209546,18.64584924579679,17.74921377153779,18.33896168785754,18.615261411268353,18.142405145990725,18.024984597209546,18.63428266429829,18.313999970776624,18.157867605260808,18.27499553716694,18.195059748517842,18.615261411268353,18.22166863553482,18.33024765097391,18.564914568031423,18.195059748517842
Q99MR8,18.504176677888744,18.18759383239808,18.58388280389488,18.6238955848025,18.466920385554168,17.08517817128026,17.51457136713056,17.760475787074267,17.329928783224688,17.621085375053482,18.213265902702407,18.320900602968656,18.539827291089676,18.36619974090788,18.27499553716694,17.7205259828368,17.521576419247648,17.422385970980464,17.645973449767126,17.94778725715681
Q99N15,18.78492510524014,19.014966590563763,18.692282908777205,16.833471200979996,19.184437321328083,18.615261411268353,19.66992557534399,18.157867605260808,17.938525598463357,18.313999970776624,19.206111881200528,18.959894035283355,18.78492510524014,18.935947130404,18.959894035283355,18.18759383239808,17.58947560297899,17.273291646903512,18.400109231324972,17.963491203041322
Q99N84,14.704418840297247,14.491977057265013,14.251058959096156,15.347912746455638,14.544949147292186,15.966938014427248,16.542780037674664,16.36055979295909,16.610150642354533,16.32469319676742,14.062377284182485,15.450505640312821,15.467499628792032,14.869377300950848,15.541997202834702,16.553507708594772,16.479276910223142,14.363115424551037,16.906734474952508,16.72263831024762
Q99N85,16.79324321561711,15.734951874056438,15.571385090669462,16.553507708594772,16.011195751837462,15.914100547354973,15.560440415474186,15.682716821604217,16.281306373512244,15.019734348747557,15.379992575571023,16.64963311408764,16.267436084128995,15.607216232138608,16.05998935354726,15.636621719716976,15.85664807302328,15.399356733755349,15.399356733755349,16.101732189130953
Q99N87,16.05998935354726,16.184322245717446,16.243046519675097,16.560191399972652,16.184322245717446,17.15466544240266,18.30321225012261,17.851809963190362,17.630518726224373,17.79481631491284,16.16972521474323,16.884466848554016,16.38688116187791,16.560191399972652,16.42140912781597,18.290776804272948,17.486832198572618,16.659890630080277,18.41956930540811,18.01287315474744
Q99N91,15.1246294928855,14.803121566292154,15.002488827854545,15.571385090669462,14.979829472178162,15.590852133318316,15.414677502687642,15.571385090669462,14.979829472178162,15.806895208269083,14.891584099532386,14.421280175086434,14.674536997207497,15.432067181453064,14.907766233762212,15.541997202834702,15.15479865637353,15.27568110137022,15.17391607065505,15.636621719716976
Q99N92,15.483930727410229,15.137773679904996,14.979829472178162,13.754440251487543,14.142828999884605,15.450505640312821,14.389805789365075,14.421280175086434,16.70626608745243,16.479276910223142,14.491977057265013,16.040156056765746,15.17391607065505,15.666130920214659,14.767158757534029,14.455132935010662,16.23482940770717,14.320614750527465,14.27992554993843,16.938127804812325
Q99N94,15.137773679904996,14.907766233762212,14.389805789365075,14.320614750527465,15.15479865637353,15.721502429955052,16.040156056765746,14.943892958612873,16.257354035510616,15.966938014427248,14.803121566292154,15.1246294928855,15.450505640312821,14.320614750527465,14.943892958612873,14.979829472178162,16.50758444652603,15.956902660435318,15.806895208269083,15.794373955037148
Q99N95,14.455132935010662,14.589043151004551,13.96781234656099,13.96781234656099,14.832807104034071,14.251058959096156,16.213051319928134,16.132409567755165,15.52652691134934,14.062377284182485,14.142828999884605,14.907766233762212,14.958855613286435,13.96781234656099,14.062377284182485,14.519932854893003,14.110450751191195,14.907766233762212,16.34756926983865,15.607216232138608
Q99N96,15.432067181453064,15.17391607065505,15.379992575571023,15.414677502687642,14.803121566292154,15.88917648622122,15.942037252295412,15.379992575571023,15.682716821604217,15.779577679171126,15.347912746455638,14.320614750527465,15.213626927175422,15.081777807299682,15.467499628792032,16.569699759178974,16.243046519675097,15.081777807299682,15.966938014427248,16.145733024845747
Q99NB1,15.636621719716976,16.631722308323525,14.734863622776391,16.824995230946268,18.005855283549412,14.767158757534029,15.309850254240075,15.507604851788347,14.924934119748198,14.869377300950848,16.281306373512244,15.751231695933773,15.590852133318316,16.553507708594772,14.421280175086434,15.483930727410229,15.081777807299682,15.15479865637353,15.137773679904996,15.06435550824852
Q9CPP6,19.41351773502707,19.741596370382172,19.77894842668896,19.892893242935052,19.196792990585767,19.975639739849605,20.18592365974449,20.04744130793093,20.01298401271381,19.975639739849605,20.078009466799756,19.340960134083634,19.72552345521813,19.713294975969468,19.27684573645653,20.711733610272972,20.18592365974449,19.77894842668896,20.20375800879423,20.393070877238095
Q9CPQ1,22.556842060734493,22.124207499502695,22.325925525527033,22.867017441848482,20.466581851551005,23.209012651291893,22.556842060734493,22.162401291150907,22.556842060734493,22.556842060734493,22.162401291150907,22.217949962441484,22.162401291150907,22.325925525527033,22.435227806422336,22.024626500268308,21.902309620911247,21.461316411282215,22.162401291150907,22.556842060734493
Q9CPQ3,15.560440415474186,14.544949147292186,14.421280175086434,14.062377284182485,14.455132935010662,14.491977057265013,14.851483746637095,14.891584099532386,14.589043151004551,14.389805789365075,15.041060302928619,16.220880378073787,15.1246294928855,15.15479865637353,14.110450751191195,14.907766233762212,14.363115424551037,14.734863622776391,14.615989774243147,14.647068341797354
Q9CPQ8,19.76487978674208,19.246175360418153,18.6238955848025,18.090482964010345,18.41956930540811,19.547171277319784,18.034804036558977,16.530877804679726,19.75293882608616,19.642096613722547,18.91462040073265,20.984727581025474,19.904893824307102,18.73884461038869,19.014966590563763,17.703878176859767,19.892893242935052,18.63428266429829,17.36903571098365,19.290425749847145
Q9CPR5,17.789788714645585,17.784183239302607,17.938525598463357,16.631722308323525,18.33024765097391,18.692282908777205,18.73884461038869,19.76487978674208,18.596792390092027,18.71188265180645,17.664111596114573,17.681075396566506,17.290184140983268,17.45117194033125,17.58947560297899,18.95106737203556,18.85095552348028,18.615261411268353,19.170084045667675,19.061270687219896
Q9CPS6,17.83356363028924,19.46303142493094,19.26103110121598,19.112890419199893,19.561239095358236,19.07560771377747,18.45965836200418,17.923402029730873,18.238118584311707,18.351145786711804,19.340960134083634,19.518284094893723,19.23466212660717,17.760475787074267,19.614675635527078,17.621085375053482,18.652875672362054,17.7293872657367,17.74214388236789,18.14906886661004
Q9CPU2,21.70251958025411,21.495002643017862,21.662205406930468,22.078795321726435,22.325925525527033,21.25573917155103,21.312784340339647,21.787699843667895,21.39138221131153,21.75149677266863,21.787699843667895,21.99432659547019,21.83687506837006,21.662205406930468,21.61371657020363,21.495002643017862,21.787699843667895,21.39138221131153,21.074144251045773,21.70251958025411
Q9CPU4,18.74960153818804,18.652875672362054,17.954048070991806,18.400109231324972,16.895185066576122,19.112890419199893,17.148516879497258,18.01287315474744,18.763860833259834,19.38662238260746,19.061270687219896,19.65726588934619,17.681075396566506,17.645973449767126,18.999887475064458,17.906895922895963,19.112890419199893,18.024984597209546,18.27499553716694,18.51605368961477
Q9CPV4,13.754440251487543,14.251058959096156,13.122776374989124,14.421280175086434,13.122776374989124,15.019734348747557,13.122776374989124,13.122776374989124,13.122776374989124,13.353366177846173,14.27992554993843,12.97547912697416,13.513413451400192,13.122776374989124,13.353366177846173,13.122776374989124,13.122776374989124,13.122776374989124,13.122776374989124,13.122776374989124
Q9CPW2,15.840430485845923,15.560440415474186,16.959647602428937,16.05998935354726,16.154851772553705,16.64963311408764,17.36903571098365,17.994736225606697,16.456434051047253,16.257354035510616,15.981316607758902,15.981316607758902,15.682716821604217,15.88917648622122,15.914100547354973,17.329928783224688,15.942037252295412,17.506702229218458,17.459322368071206,16.85109079459135
Q9CPY7,18.142405145990725,17.880388051865513,18.119896830631212,17.871129689661778,18.024984597209546,17.77002020068777,17.7293872657367,17.55737507387419,17.789788714645585,17.804307022124807,18.157867605260808,18.290776804272948,18.2557585057893,18.466920385554168,18.443355788804887,17.7293872657367,17.645973449767126,17.83356363028924,17.789788714645585,17.51457136713056
Q9CPZ8,16.32469319676742,17.202488406188003,15.794373955037148,17.549262476004678,18.36026818197843,17.46871543584445,18.383204388367343,19.478562068988683,17.393653224741477,17.38648976082601,17.681075396566506,15.956902660435318,15.649666694654902,17.281022049162324,15.871945612940143,18.665149140714654,17.738142088900677,18.665149140714654,18.26696818486289,17.74214388236789
Q9CQ00,18.486313236741456,18.39077119361858,18.47695406639158,18.443355788804887,17.938525598463357,18.099778862629723,16.64963311408764,17.05526952811243,17.698341388592723,17.51457136713056,18.36026818197843,18.238118584311707,18.51605368961477,18.373411503783274,18.652875672362054,17.58947560297899,17.712463571221484,17.531492215438494,16.86753235418222,17.57545301060403
Q9CQ06,17.16370578001571,16.76260483574207,16.443704165800064,16.959647602428937,17.18183000185983,17.148516879497258,17.636772446255954,17.393653224741477,16.72263831024762,17.337668125657288,15.734951874056438,16.011195751837462,15.414677502687642,17.263258642971245,16.92937544533877,17.263258642971245,16.672228387954043,17.014635465582884,17.393653224741477,17.290184140983268
Q9CQ40,14.589043151004551,14.320614750527465,14.803121566292154,14.803121566292154,14.958855613286435,15.840430485845923,16.154851772553705,15.560440415474186,15.966938014427248,15.981316607758902,14.647068341797354,14.647068341797354,14.062377284182485,14.647068341797354,14.544949147292186,15.52652691134934,15.590852133318316,15.255970705408734,15.929116056465412,15.571385090669462
Q9CQ54,21.2853640988752,21.312784340339647,20.914417144668427,21.2853640988752,20.93756712891059,20.850981518206034,20.657559285833464,20.711733610272972,20.615584182459976,20.443772281564254,20.6311340243877,20.57474544193243,21.39138221131153,20.730791699885405,20.592518356570043,20.78629693165928,20.683236850434426,20.817218322561878,20.75830462641241,20.956815206988388
Q9CQ62,19.196792990585767,20.18592365974449,19.65726588934619,20.421583668758817,20.302905028773885,20.04744130793093,20.554405832709335,20.683236850434426,20.094483592305707,20.01298401271381,20.128654116613404,19.77894842668896,19.66992557534399,19.863590672259157,19.77894842668896,20.75830462641241,19.75293882608616,20.078009466799756,20.16766853288342,19.701809077147505
Q9CQ69,21.114233774210284,21.787699843667895,21.221420076011466,22.269318888798278,21.39138221131153,21.75149677266863,21.39138221131153,21.461316411282215,21.83687506837006,21.902309620911247,21.312784340339647,22.325925525527033,22.556842060734493,21.034687448052203,22.078795321726435,21.359828500257358,21.99432659547019,21.99432659547019,21.359828500257358,21.83687506837006
Q9CQ75,21.572169049957665,21.532919263147512,22.269318888798278,22.435227806422336,21.61371657020363,21.662205406930468,21.435937203088393,21.83687506837006,21.61371657020363,21.70251958025411,21.662205406930468,20.93756712891059,21.572169049957665,21.61371657020363,21.461316411282215,21.99432659547019,21.70251958025411,21.75149677266863,21.902309620911247,22.124207499502695
Q9CQ85,18.496346452542106,18.082136635852454,18.14906886661004,17.851809963190362,17.125436335957197,17.393653224741477,17.014635465582884,17.171496594965255,17.43328747304157,16.631722308323525,17.851809963190362,17.963491203041322,18.230258655185942,17.698341388592723,18.157867605260808,16.86753235418222,17.49510609622982,18.06372076678057,16.92937544533877,17.645973449767126
Q9CQ91,18.58388280389488,18.858535607091802,18.43019048165924,18.213265902702407,15.666130920214659,19.046930634139372,19.309882689701375,18.73884461038869,19.713294975969468,19.68484238133201,18.204275393365705,18.652875672362054,18.87877402315877,18.177688706479643,19.088322161501978,19.340960134083634,19.547171277319784,18.91462040073265,19.41351773502707,19.68484238133201
Q9CQ92,18.195059748517842,18.74960153818804,18.22166863553482,18.18759383239808,18.01287315474744,17.655497732392206,18.22166863553482,17.824245998358947,18.177688706479643,18.85095552348028,17.760475787074267,18.97423308304976,18.831262453151037,18.504176677888744,18.486313236741456,17.55737507387419,18.6238955848025,18.313999970776624,17.938525598463357,18.36619974090788
Q9CQA3,19.817832451156555,19.98820723861737,20.222449101142026,19.863590672259157,20.222449101142026,20.128654116613404,19.959236695028657,19.83601165476238,20.06207468890141,20.03489054248491,20.26895637749878,19.83601165476238,20.14349116699084,19.817832451156555,20.000273427387157,19.928334082559875,19.959236695028657,20.554405832709335,19.98820723861737,20.153764200405462
Q9CQA6,14.213855869008873,14.389805789365075,15.309850254240075,14.647068341797354,15.294935512233874,15.002488827854545,14.173604168677693,14.173604168677693,14.674536997207497,14.891584099532386,15.137773679904996,14.455132935010662,14.803121566292154,14.943892958612873,15.1246294928855,14.213855869008873,15.432067181453064,14.142828999884605,14.907766233762212,15.1246294928855
Q9CQB4,20.094483592305707,19.975639739849605,20.28726006499452,20.153764200405462,20.153764200405462,20.40879778879779,20.51733159815573,20.730791699885405,20.393070877238095,20.421583668758817,19.959236695028657,19.66992557534399,19.91743802193927,19.66992557534399,19.942843946502244,20.53686877652722,20.222449101142026,21.25573917155103,20.730791699885405,20.711733610272972
Q9CQC7,22.217949962441484,21.941785733801748,21.99432659547019,22.217949962441484,21.787699843667895,21.99432659547019,21.532919263147512,20.87686599734483,22.124207499502695,22.269318888798278,21.99432659547019,22.435227806422336,22.217949962441484,22.024626500268308,22.217949962441484,21.435937203088393,22.556842060734493,21.61371657020363,21.572169049957665,22.435227806422336
Q9CQF0,16.184322245717446,16.519265858639905,17.230815129262613,16.09036153560357,16.257354035510616,17.133498028186448,17.7205259828368,18.33024765097391,16.938127804812325,17.192105492267707,16.23482940770717,16.542780037674664,16.659890630080277,16.076942346039637,16.16972521474323,17.58159803286625,16.95075394557148,17.738142088900677,17.655497732392206,17.13918367716565
Q9CQF4,16.64168495987787,16.36055979295909,16.022902729634403,16.456434051047253,16.71313914670801,17.61080164581511,18.046880977537526,17.46871543584445,17.712463571221484,17.531492215438494,16.895185066576122,16.399865146906766,16.243046519675097,16.479276910223142,16.64168495987787,17.804307022124807,17.459322368071206,16.58997882357088,18.230258655185942,17.337668125657288
Q9CQF8,18.204275393365705,18.808523382055842,19.014966590563763,18.16911730248406,18.73884461038869,20.222449101142026,18.177688706479643,20.20375800879423,20.000273427387157,19.53440432749931,18.615261411268353,18.466920385554168,18.890223319110287,19.14960755854512,18.890223319110287,20.20375800879423,17.77002020068777,18.16911730248406,20.302905028773885,20.26895637749878
Q9CQH3,20.443772281564254,19.80126636569122,19.196792990585767,20.01298401271381,19.44568799214925,20.20375800879423,20.03489054248491,18.63428266429829,20.14349116699084,20.24380631899546,19.817832451156555,19.928334082559875,20.03489054248491,20.01298401271381,19.80126636569122,19.701809077147505,20.03489054248491,19.65726588934619,19.642096613722547,20.094483592305707
Q9CQJ8,21.75149677266863,21.39138221131153,21.312784340339647,21.312784340339647,21.25573917155103,21.83687506837006,21.114233774210284,20.93756712891059,21.435937203088393,21.461316411282215,20.817218322561878,21.359828500257358,21.359828500257358,21.572169049957665,21.312784340339647,21.2853640988752,21.532919263147512,21.312784340339647,21.114233774210284,21.662205406930468
Q9CQL5,17.67363549045361,18.090482964010345,18.24634741195974,18.109981335387467,18.177688706479643,17.929022724818815,18.36619974090788,18.652875672362054,17.871129689661778,18.131834214733836,17.994736225606697,17.329928783224688,17.83356363028924,17.804307022124807,17.814256535258824,18.39077119361858,17.824245998358947,17.58159803286625,18.373411503783274,18.63428266429829
Q9CQL6,15.821003030743967,15.100958209410527,15.1246294928855,16.75465720836384,15.329673207369467,17.595799011763855,15.806895208269083,15.85664807302328,17.230815129262613,17.814256535258824,15.1246294928855,15.52652691134934,15.966938014427248,15.100958209410527,16.040156056765746,15.85664807302328,16.80391476225131,15.607216232138608,16.31423135303767,17.07309083792128
Q9CQN1,18.22166863553482,18.290776804272948,17.664111596114573,17.994736225606697,17.880388051865513,17.980494711251342,16.976070922293978,16.600952431286682,18.054675518592425,17.83356363028924,17.929022724818815,18.157867605260808,17.954048070991806,17.954048070991806,17.698341388592723,17.05526952811243,18.054675518592425,16.976070922293978,16.72263831024762,17.621085375053482
Q9CQN6,13.513413451400192,13.9059903074325,14.455132935010662,14.110450751191195,14.389805789365075,13.96781234656099,14.803121566292154,14.851483746637095,14.213855869008873,14.27992554993843,14.615989774243147,14.704418840297247,14.27992554993843,15.213626927175422,14.803121566292154,14.851483746637095,14.389805789365075,14.674536997207497,14.544949147292186,14.589043151004551
Q9CQN7,17.422385970980464,18.47695406639158,18.443355788804887,19.206111881200528,17.477753413428957,19.881765108388542,19.72552345521813,20.421583668758817,19.629948064572282,19.80126636569122,18.60781648646165,18.33896168785754,18.45965836200418,17.299893503693692,18.082136635852454,19.91743802193927,19.65726588934619,18.74960153818804,19.942843946502244,19.76487978674208
Q9CQP3,16.50758444652603,16.877859805966047,17.963491203041322,16.022902729634403,18.45965836200418,15.751231695933773,16.399865146906766,16.38688116187791,15.914100547354973,15.914100547354973,17.38648976082601,16.443704165800064,16.824995230946268,17.55737507387419,17.093396465191883,16.281306373512244,15.929116056465412,16.281306373512244,16.267436084128995,16.23482940770717
Q9CQQ7,21.83687506837006,21.572169049957665,20.87686599734483,21.532919263147512,20.914417144668427,21.221420076011466,20.592518356570043,20.322596770330982,21.18559093177676,21.572169049957665,20.984727581025474,21.75149677266863,21.61371657020363,21.25573917155103,21.39138221131153,20.554405832709335,21.435937203088393,20.850981518206034,20.24380631899546,21.01454540906937
Q9CQR4,19.217446424477156,18.87877402315877,18.400109231324972,19.170084045667675,18.729605796642268,18.43019048165924,18.238118584311707,17.0254987353992,18.539827291089676,18.665149140714654,18.87877402315877,19.014966590563763,18.7204326373595,18.91462040073265,19.14960755854512,17.393653224741477,18.596792390092027,17.712463571221484,17.954048070991806,17.67363549045361
Q9CQS4,17.929022724818815,17.393653224741477,18.109981335387467,16.399865146906766,17.888820499453303,18.97423308304976,19.518284094893723,20.222449101142026,19.112890419199893,18.58388280389488,17.842961543755088,17.351614134518577,16.730697087653226,17.712463571221484,17.064727212773455,19.76487978674208,18.831262453151037,19.975639739849605,19.959236695028657,19.100486304593453
Q9CQV1,18.230258655185942,18.686395538355164,18.082136635852454,18.06372076678057,17.49510609622982,18.054675518592425,17.77002020068777,17.7205259828368,17.689632089868898,18.213265902702407,18.082136635852454,18.131834214733836,18.39077119361858,18.999887475064458,18.131834214733836,17.851809963190362,18.090482964010345,18.14906886661004,17.712463571221484,18.213265902702407
Q9CQV7,18.5303793270639,18.5303793270639,19.206111881200528,19.014966590563763,18.71188265180645,18.320900602968656,18.808523382055842,19.66992557534399,18.935947130404,18.63428266429829,19.014966590563763,17.8967016599141,18.290776804272948,18.652875672362054,18.373411503783274,19.309882689701375,18.793620041543022,19.591250061843002,19.046930634139372,19.340960134083634
Q9CQX2,18.665149140714654,17.712463571221484,17.83356363028924,17.789788714645585,17.459322368071206,18.677917216302305,17.954048070991806,18.92766643986594,17.093396465191883,18.046880977537526,15.019734348747557,16.154851772553705,17.273291646903512,17.459322368071206,17.11686982679312,18.06372076678057,17.871129689661778,18.686395538355164,17.549262476004678,17.970265999743717
Q9CQX8,22.867017441848482,23.386708900159682,23.63264156699747,23.937408415071037,23.209012651291893,22.217949962441484,22.661418830087044,22.556842060734493,23.046863166412727,23.209012651291893,23.937408415071037,23.63264156699747,23.937408415071037,23.386708900159682,23.63264156699747,23.046863166412727,23.209012651291893,22.124207499502695,22.661418830087044,23.209012651291893
Q9CQY6,17.776514433967243,17.24258460902694,17.08517817128026,16.86753235418222,16.884466848554016,17.24258460902694,17.621085375053482,17.13918367716565,17.57545301060403,17.100466285992447,16.600952431286682,17.133498028186448,17.410471383898066,17.306374522486458,17.100466285992447,17.67363549045361,17.125436335957197,18.090482964010345,17.45117194033125,17.15466544240266
Q9CQZ5,21.312784340339647,20.592518356570043,20.466581851551005,20.16766853288342,19.928334082559875,21.114233774210284,20.443772281564254,19.68484238133201,21.01454540906937,21.114233774210284,20.615584182459976,21.074144251045773,20.78629693165928,20.615584182459976,20.657559285833464,20.06207468890141,20.956815206988388,20.421583668758817,20.222449101142026,20.75830462641241
Q9CQZ6,21.221420076011466,21.034687448052203,21.18559093177676,20.850981518206034,21.359828500257358,21.034687448052203,20.87686599734483,20.28726006499452,21.074144251045773,21.158083602803337,20.75830462641241,20.615584182459976,21.495002643017862,20.956815206988388,20.87686599734483,20.57474544193243,20.914417144668427,20.730791699885405,20.87686599734483,21.2853640988752
Q9CR24,16.333073359605823,15.914100547354973,16.101732189130953,16.333073359605823,16.542780037674664,17.320725947945235,18.119896830631212,18.496346452542106,17.2226566163975,17.21507710066778,16.333073359605823,16.281306373512244,16.05998935354726,16.243046519675097,16.333073359605823,18.27499553716694,17.263258642971245,16.49423691569948,17.914233018107094,16.456434051047253
Q9CR59,16.220880378073787,15.981316607758902,17.21507710066778,17.506702229218458,17.703878176859767,17.621085375053482,18.652875672362054,19.290425749847145,17.865213999510175,17.67363549045361,17.004447865045186,15.379992575571023,16.23482940770717,17.21507710066778,16.884466848554016,18.74960153818804,17.954048070991806,18.28335476994825,18.78492510524014,18.546392080268458
Q9CR61,20.40879778879779,20.04744130793093,20.51733159815573,18.858535607091802,20.11354846502263,19.66992557534399,20.000273427387157,20.078009466799756,19.701809077147505,19.600690355991926,20.094483592305707,19.959236695028657,19.713294975969468,19.614675635527078,19.75293882608616,20.24380631899546,19.91743802193927,20.000273427387157,19.701809077147505,19.881765108388542
Q9CR62,20.93756712891059,20.078009466799756,19.928334082559875,20.348951848174927,19.088322161501978,19.928334082559875,19.299961986535195,18.858535607091802,20.368681184184588,20.348951848174927,19.37180104088261,20.51733159815573,20.554405832709335,19.629948064572282,20.57474544193243,19.135976263263608,20.26895637749878,19.76487978674208,19.66992557534399,20.16766853288342
Q9CR68,20.817218322561878,20.554405832709335,20.57474544193243,20.87686599734483,20.592518356570043,21.359828500257358,20.956815206988388,20.984727581025474,21.221420076011466,21.221420076011466,20.368681184184588,20.466581851551005,20.87686599734483,20.53686877652722,20.75830462641241,20.93756712891059,21.2853640988752,21.2853640988752,20.817218322561878,21.221420076011466
Q9CR98,15.666130920214659,16.64963311408764,17.7293872657367,17.74214388236789,17.36903571098365,16.58997882357088,16.96745483041869,18.52412103846554,16.672228387954043,16.42140912781597,17.40433764614644,16.101732189130953,16.696630397981174,17.171496594965255,17.03539930853817,17.963491203041322,15.956902660435318,17.004447865045186,17.422385970980464,16.76260483574207
Q9CRB8,17.74214388236789,17.477753413428957,17.281022049162324,17.689632089868898,16.730697087653226,18.660197306811675,17.55737507387419,18.034804036558977,18.564914568031423,18.16911730248406,16.74385402617571,17.630518726224373,17.36903571098365,16.983556626202294,17.36903571098365,17.74214388236789,18.41956930540811,18.504176677888744,17.61080164581511,18.054675518592425
Q9CRB9,20.222449101142026,20.6311340243877,20.850981518206034,20.78629693165928,20.75830462641241,20.78629693165928,21.25573917155103,21.572169049957665,20.93756712891059,20.817218322561878,20.53686877652722,20.28726006499452,20.683236850434426,20.657559285833464,20.20375800879423,21.39138221131153,21.01454540906937,20.75830462641241,21.461316411282215,21.25573917155103
Q9CRD0,18.677917216302305,18.71188265180645,18.92766643986594,18.14906886661004,18.87877402315877,19.23466212660717,18.858535607091802,19.029945691187148,19.029945691187148,18.74960153818804,18.95106737203556,18.557195436175146,18.400109231324972,18.95106737203556,18.557195436175146,18.841591969953136,19.029945691187148,19.299961986535195,19.53440432749931,18.91462040073265
Q9CTY5,16.610150642354533,16.257354035510616,16.85109079459135,15.840430485845923,16.99465608790098,15.483930727410229,17.595799011763855,17.703878176859767,16.299907355234044,16.145733024845747,15.871945612940143,16.371071053317163,16.040156056765746,16.4681336588001,15.666130920214659,17.11686982679312,16.31423135303767,16.75465720836384,17.11686982679312,16.80391476225131
Q9CWE0,17.07309083792128,17.888820499453303,18.099778862629723,17.923402029730873,18.313999970776624,17.888820499453303,18.557195436175146,18.78492510524014,17.263258642971245,17.46871543584445,17.914233018107094,17.171496594965255,17.776514433967243,18.142405145990725,17.38648976082601,18.546392080268458,17.36903571098365,18.677917216302305,18.615261411268353,17.842961543755088
Q9CWX2,17.351614134518577,16.479276910223142,16.813610280749028,16.62157362769217,15.85664807302328,15.571385090669462,16.132409567755165,16.23482940770717,15.734951874056438,15.682716821604217,15.682716821604217,17.36073389088333,16.95075394557148,16.687572909706024,17.263258642971245,16.154851772553705,15.779577679171126,16.076942346039637,16.040156056765746,15.981316607758902
Q9CXI0,18.054675518592425,17.67363549045361,17.263258642971245,17.79481631491284,17.202488406188003,16.610150642354533,16.36055979295909,16.553507708594772,16.659890630080277,16.813610280749028,17.171496594965255,17.871129689661778,17.58947560297899,17.314095025786568,17.442866120669663,16.101732189130953,16.62157362769217,16.022902729634403,16.011195751837462,16.844894839959387
Q9CXJ4,18.26696818486289,17.51457136713056,17.804307022124807,17.77002020068777,17.789788714645585,17.760475787074267,17.459322368071206,18.131834214733836,17.814256535258824,17.7293872657367,17.5650573062629,18.046880977537526,18.01287315474744,17.621085375053482,17.8967016599141,18.082136635852454,17.994736225606697,18.005855283549412,17.7293872657367,17.79481631491284
Q9CXT8,17.703878176859767,17.954048070991806,17.459322368071206,17.38648976082601,17.34547369798334,17.538792105956716,17.506702229218458,17.24258460902694,17.320725947945235,17.36073389088333,17.789788714645585,17.230815129262613,17.506702229218458,17.192105492267707,17.486832198572618,17.2226566163975,17.34547369798334,17.459322368071206,17.58159803286625,17.698341388592723
Q9CXV1,18.51605368961477,17.865213999510175,16.659890630080277,15.100958209410527,17.290184140983268,18.090482964010345,17.15466544240266,16.74385402617571,18.60781648646165,18.496346452542106,15.414677502687642,18.539827291089676,18.313999970776624,17.5650573062629,17.230815129262613,17.03539930853817,18.443355788804887,18.571569054276416,16.74385402617571,18.24634741195974
Q9CXW2,19.547171277319784,19.37180104088261,19.75293882608616,19.91743802193927,20.078009466799756,19.98820723861737,20.28726006499452,20.6311340243877,20.26895637749878,20.6311340243877,19.68484238133201,18.52412103846554,19.112890419199893,20.000273427387157,19.184437321328083,20.817218322561878,20.368681184184588,19.309882689701375,20.368681184184588,20.657559285833464
Q9CXZ1,19.77894842668896,20.03489054248491,20.443772281564254,19.217446424477156,20.128654116613404,20.914417144668427,21.221420076011466,21.532919263147512,20.817218322561878,20.850981518206034,18.890223319110287,19.299961986535195,19.50715678908713,20.06207468890141,19.817832451156555,21.114233774210284,20.57474544193243,20.914417144668427,21.662205406930468,20.914417144668427
Q9CY16,16.560191399972652,16.74385402617571,17.46871543584445,17.03539930853817,17.531492215438494,18.58388280389488,19.37180104088261,20.348951848174927,18.85095552348028,18.95106737203556,17.630518726224373,15.329673207369467,16.75465720836384,17.11686982679312,16.49423691569948,19.904893824307102,18.73884461038869,18.41956930540811,19.614675635527078,18.858535607091802
Q9CYG7,16.43380379503146,17.538792105956716,17.351614134518577,17.67363549045361,17.906895922895963,15.706460770071525,16.917480987954626,17.410471383898066,15.942037252295412,17.273291646903512,17.093396465191883,17.377663320685862,16.833471200979996,15.806895208269083,16.938127804812325,16.659890630080277,17.192105492267707,17.45117194033125,17.171496594965255,16.70626608745243
Q9CYH2,17.230815129262613,16.80391476225131,17.0254987353992,17.2226566163975,16.281306373512244,15.52652691134934,16.479276910223142,17.2226566163975,16.101732189130953,16.85109079459135,16.824995230946268,17.636772446255954,17.74214388236789,17.125436335957197,16.772352750754262,16.70626608745243,16.782376848089555,17.0254987353992,15.414677502687642,15.432067181453064
Q9CYR0,15.794373955037148,15.27568110137022,17.45117194033125,16.19889426476575,18.24634741195974,16.456434051047253,17.46871543584445,18.841591969953136,16.983556626202294,17.393653224741477,18.071009660071656,16.917480987954626,16.782376848089555,17.689632089868898,17.83356363028924,18.793620041543022,15.682716821604217,18.18759383239808,17.5650573062629,17.5650573062629
Q9CZ13,21.662205406930468,21.99432659547019,21.941785733801748,22.024626500268308,21.902309620911247,22.325925525527033,22.078795321726435,21.61371657020363,22.217949962441484,21.941785733801748,21.75149677266863,21.61371657020363,21.787699843667895,22.269318888798278,21.83687506837006,22.217949962441484,22.162401291150907,22.078795321726435,22.078795321726435,22.024626500268308
Q9CZ42,17.100466285992447,18.054675518592425,18.005855283549412,17.377663320685862,18.47695406639158,17.549262476004678,18.024984597209546,18.18759383239808,18.01287315474744,17.74921377153779,18.16911730248406,17.621085375053482,17.38648976082601,18.36026818197843,17.681075396566506,17.36073389088333,18.2557585057893,17.192105492267707,18.18759383239808,17.712463571221484
Q9CZB0,17.712463571221484,14.704418840297247,14.024847516254491,14.024847516254491,14.213855869008873,13.9059903074325,14.519932854893003,14.519932854893003,14.142828999884605,16.333073359605823,14.851483746637095,15.607216232138608,14.869377300950848,13.685467075981979,15.88917648622122,14.544949147292186,14.142828999884605,14.421280175086434,14.363115424551037,14.421280175086434
Q9CZD5,15.17391607065505,14.958855613286435,15.779577679171126,15.666130920214659,15.414677502687642,15.255970705408734,15.929116056465412,17.636772446255954,15.560440415474186,16.19889426476575,15.213626927175422,15.213626927175422,14.943892958612873,15.17391607065505,15.100958209410527,17.230815129262613,15.507604851788347,15.734951874056438,17.377663320685862,16.49423691569948
Q9CZN7,16.75465720836384,16.884466848554016,16.672228387954043,16.844894839959387,17.43328747304157,16.519265858639905,17.03539930853817,16.95075394557148,16.631722308323525,16.600952431286682,16.672228387954043,17.0254987353992,16.76260483574207,17.0254987353992,16.43380379503146,16.57884352513613,16.772352750754262,17.148516879497258,16.58997882357088,16.813610280749028
Q9CZN8,15.541997202834702,15.794373955037148,16.333073359605823,16.443704165800064,14.767158757534029,14.455132935010662,15.213626927175422,15.347912746455638,14.704418840297247,14.704418840297247,14.455132935010662,14.869377300950848,14.320614750527465,15.914100547354973,15.194890827490047,15.329673207369467,14.943892958612873,16.64168495987787,15.019734348747557,14.924934119748198
Q9CZP5,15.309850254240075,15.019734348747557,14.544949147292186,14.979829472178162,14.363115424551037,14.363115424551037,14.767158757534029,14.803121566292154,14.734863622776391,14.832807104034071,14.589043151004551,15.721502429955052,15.255970705408734,14.832807104034071,15.309850254240075,14.803121566292154,14.320614750527465,14.647068341797354,14.519932854893003,14.544949147292186
Q9CZR3,16.631722308323525,16.09036153560357,16.983556626202294,15.27568110137022,15.255970705408734,15.1246294928855,15.76375548772117,15.840430485845923,15.235594350690604,15.194890827490047,15.002488827854545,14.943892958612873,14.704418840297247,17.08517817128026,16.257354035510616,15.806895208269083,15.467499628792032,15.541997202834702,15.623208149746299,15.560440415474186
Q9CZR8,16.86753235418222,17.125436335957197,17.148516879497258,17.58159803286625,17.8967016599141,17.377663320685862,18.2557585057893,18.39077119361858,17.784183239302607,17.281022049162324,17.549262476004678,16.23482940770717,17.192105492267707,17.422385970980464,16.213051319928134,19.184437321328083,17.171496594965255,17.636772446255954,17.8967016599141,17.703878176859767
Q9CZU6,20.615584182459976,20.51733159815573,20.01298401271381,21.074144251045773,20.49783063583705,19.80126636569122,19.478562068988683,20.000273427387157,20.153764200405462,19.892893242935052,20.51733159815573,20.683236850434426,20.393070877238095,20.393070877238095,20.683236850434426,19.959236695028657,19.80126636569122,19.817832451156555,19.68484238133201,19.83601165476238
Q9D023,19.100486304593453,18.64584924579679,16.96745483041869,18.2557585057893,17.980494711251342,19.355670097681298,18.466920385554168,18.005855283549412,19.44568799214925,19.75293882608616,18.06372076678057,19.217446424477156,19.46303142493094,18.320900602968656,18.858535607091802,18.383204388367343,19.100486304593453,19.184437321328083,17.58947560297899,18.984211437271973
Q9D051,20.421583668758817,20.657559285833464,20.128654116613404,20.000273427387157,20.6311340243877,20.078009466799756,20.222449101142026,19.53440432749931,20.443772281564254,20.78629693165928,20.393070877238095,20.78629693165928,20.49783063583705,20.914417144668427,20.49783063583705,20.222449101142026,20.615584182459976,19.91743802193927,19.975639739849605,20.51733159815573
Q9D0G0,15.871945612940143,16.16972521474323,15.929116056465412,16.71313914670801,16.85109079459135,17.004447865045186,18.099778862629723,18.486313236741456,17.506702229218458,17.0254987353992,16.257354035510616,16.022902729634403,16.16972521474323,16.281306373512244,15.806895208269083,18.73884461038869,17.46871543584445,17.2226566163975,18.692282908777205,17.664111596114573
Q9D0I4,17.299893503693692,17.994736225606697,17.49510609622982,18.230258655185942,17.871129689661778,17.251638359270554,16.80391476225131,16.92937544533877,16.399865146906766,17.15466544240266,17.824245998358947,17.824245998358947,17.67363549045361,16.50758444652603,17.77002020068777,16.64963311408764,17.100466285992447,17.58947560297899,16.687572909706024,16.71313914670801
Q9D0K2,17.681075396566506,18.486313236741456,18.466920385554168,18.24634741195974,19.290425749847145,18.596792390092027,18.63428266429829,18.504176677888744,17.851809963190362,18.47695406639158,18.686395538355164,18.90158127878823,18.58388280389488,18.28335476994825,18.7204326373595,18.571569054276416,17.789788714645585,18.24634741195974,18.557195436175146,18.034804036558977
Q9D0L4,17.125436335957197,16.43380379503146,16.76260483574207,16.79324321561711,16.220880378073787,16.64168495987787,16.022902729634403,14.767158757534029,16.132409567755165,16.884466848554016,16.101732189130953,16.730697087653226,16.71313914670801,16.43380379503146,16.659890630080277,15.840430485845923,16.844894839959387,15.794373955037148,15.27568110137022,16.877859805966047
Q9D0L7,13.834772134222595,13.754440251487543,13.616205112967759,13.353366177846173,13.834772134222595,14.173604168677693,13.9059903074325,13.96781234656099,14.363115424551037,14.213855869008873,13.616205112967759,13.513413451400192,14.213855869008873,14.024847516254491,13.616205112967759,13.96781234656099,14.27992554993843,13.9059903074325,13.834772134222595,13.834772134222595
Q9D0M3,21.99432659547019,22.217949962441484,21.435937203088393,21.25573917155103,21.158083602803337,21.941785733801748,21.495002643017862,20.956815206988388,21.902309620911247,22.325925525527033,21.572169049957665,21.902309620911247,22.078795321726435,21.787699843667895,21.941785733801748,21.18559093177676,22.078795321726435,21.662205406930468,21.435937203088393,21.572169049957665
Q9D0Q7,16.101732189130953,16.19889426476575,15.966938014427248,14.943892958612873,16.79324321561711,16.38688116187791,17.442866120669663,18.109981335387467,17.171496594965255,17.18183000185983,14.767158757534029,15.85664807302328,16.553507708594772,14.803121566292154,16.399865146906766,17.655497732392206,17.393653224741477,16.833471200979996,17.851809963190362,17.7205259828368
Q9D0S9,21.158083602803337,21.70251958025411,21.787699843667895,22.763557667718935,22.435227806422336,22.024626500268308,22.162401291150907,22.661418830087044,21.75149677266863,21.532919263147512,22.435227806422336,21.221420076011466,21.461316411282215,22.078795321726435,21.75149677266863,22.435227806422336,21.61371657020363,22.269318888798278,22.269318888798278,21.787699843667895
Q9D0Y8,17.689632089868898,17.963491203041322,18.95106737203556,18.45965836200418,17.760475787074267,17.38648976082601,19.713294975969468,21.114233774210284,17.954048070991806,18.400109231324972,17.703878176859767,17.57545301060403,17.36073389088333,17.36903571098365,17.664111596114573,19.881765108388542,17.74921377153779,19.863590672259157,20.06207468890141,19.404770326434583
Q9D172,18.858535607091802,19.14960755854512,19.14960755854512,20.393070877238095,20.14349116699084,20.322596770330982,19.088322161501978,19.892893242935052,19.38662238260746,19.57069568517199,20.14349116699084,19.290425749847145,18.73884461038869,19.68484238133201,19.309882689701375,18.71188265180645,18.890223319110287,20.6311340243877,19.91743802193927,19.37180104088261
Q9D1B9,17.94778725715681,17.938525598463357,17.698341388592723,17.351614134518577,17.923402029730873,18.230258655185942,18.564914568031423,17.521576419247648,18.466920385554168,18.486313236741456,18.034804036558977,17.738142088900677,17.46871543584445,17.67363549045361,17.549262476004678,17.94778725715681,18.320900602968656,17.49510609622982,18.36026818197843,18.230258655185942
Q9D1E8,19.309882689701375,18.2557585057893,18.238118584311707,18.692282908777205,16.62157362769217,16.145733024845747,16.600952431286682,16.730697087653226,18.2557585057893,16.267436084128995,18.5303793270639,19.27684573645653,19.206111881200528,18.841591969953136,18.504176677888744,16.479276910223142,18.034804036558977,16.553507708594772,16.50758444652603,16.50758444652603
Q9D1H8,15.507604851788347,17.351614134518577,15.541997202834702,17.814256535258824,15.721502429955052,17.486832198572618,17.938525598463357,18.400109231324972,18.45965836200418,17.57545301060403,15.590852133318316,15.541997202834702,15.329673207369467,15.52652691134934,15.52652691134934,18.58388280389488,18.33896168785754,18.660197306811675,18.24634741195974,18.33896168785754
Q9D1I6,14.142828999884605,15.255970705408734,15.607216232138608,15.399356733755349,15.751231695933773,15.649666694654902,14.734863622776391,16.41115233735012,15.213626927175422,15.15479865637353,15.507604851788347,15.560440415474186,15.636621719716976,15.019734348747557,15.432067181453064,14.767158757534029,15.329673207369467,15.590852133318316,16.154851772553705,15.213626927175422
Q9D1L0,19.184437321328083,19.75293882608616,20.348951848174927,21.034687448052203,21.221420076011466,18.33896168785754,20.730791699885405,22.024626500268308,19.246175360418153,19.23466212660717,20.322596770330982,18.571569054276416,18.677917216302305,20.322596770330982,18.97423308304976,21.312784340339647,19.088322161501978,21.074144251045773,20.93756712891059,20.368681184184588
Q9D1N9,18.290776804272948,18.52412103846554,18.959894035283355,19.184437321328083,18.60781648646165,19.46303142493094,19.170084045667675,19.853186699776195,19.323760606723436,19.170084045667675,18.131834214733836,17.865213999510175,18.28335476994825,18.195059748517842,18.496346452542106,19.642096613722547,18.95106737203556,18.652875672362054,19.629948064572282,19.184437321328083
Q9D1P0,16.72263831024762,16.530877804679726,17.03539930853817,15.483930727410229,17.538792105956716,17.738142088900677,19.112890419199893,19.38662238260746,18.046880977537526,18.054675518592425,16.75465720836384,15.194890827490047,15.942037252295412,16.101732189130953,16.132409567755165,19.112890419199893,17.970265999743717,17.61080164581511,18.496346452542106,18.383204388367343
Q9D273,15.929116056465412,16.672228387954043,17.192105492267707,17.125436335957197,18.054675518592425,16.72263831024762,16.23482940770717,18.071009660071656,16.824995230946268,15.255970705408734,18.18759383239808,17.531492215438494,17.422385970980464,17.38648976082601,17.521576419247648,16.730697087653226,16.32469319676742,15.002488827854545,17.148516879497258,16.154851772553705
Q9D2G2,19.44568799214925,19.57069568517199,20.956815206988388,20.14349116699084,21.114233774210284,19.72552345521813,19.863590672259157,20.128654116613404,19.892893242935052,19.881765108388542,21.221420076011466,20.153764200405462,20.26895637749878,20.984727581025474,20.06207468890141,19.83601165476238,19.600690355991926,19.170084045667675,20.078009466799756,19.355670097681298
Q9D2R6,19.600690355991926,19.478562068988683,19.518284094893723,19.881765108388542,18.999887475064458,19.37180104088261,19.65726588934619,19.088322161501978,19.37180104088261,19.309882689701375,19.76487978674208,19.323760606723436,19.100486304593453,19.561239095358236,19.600690355991926,19.23466212660717,19.42648560831271,19.404770326434583,19.309882689701375,19.561239095358236
Q9D2R8,19.290425749847145,19.100486304593453,19.561239095358236,17.61080164581511,19.246175360418153,19.42648560831271,19.892893242935052,19.561239095358236,19.853186699776195,20.128654116613404,19.53440432749931,17.46871543584445,18.92766643986594,19.061270687219896,19.07560771377747,19.713294975969468,19.98820723861737,19.38662238260746,19.892893242935052,20.40879778879779
Q9D338,15.15479865637353,14.924934119748198,14.869377300950848,15.019734348747557,16.877859805966047,16.57884352513613,17.681075396566506,18.213265902702407,16.92937544533877,16.782376848089555,15.255970705408734,15.779577679171126,15.379992575571023,15.721502429955052,15.255970705408734,17.49510609622982,16.976070922293978,17.04647772954568,17.263258642971245,17.58947560297899
Q9D3D9,23.63264156699747,23.63264156699747,23.937408415071037,23.386708900159682,23.937408415071037,23.386708900159682,23.937408415071037,23.937408415071037,23.386708900159682,23.386708900159682,23.386708900159682,23.386708900159682,23.386708900159682,23.63264156699747,23.386708900159682,23.937408415071037,23.386708900159682,23.63264156699747,23.937408415071037,23.386708900159682
Q9D3P8,17.202488406188003,17.306374522486458,17.531492215438494,15.623208149746299,17.77002020068777,17.664111596114573,18.4525273316329,18.24634741195974,18.27499553716694,17.125436335957197,17.531492215438494,17.202488406188003,17.320725947945235,15.414677502687642,16.976070922293978,18.30321225012261,17.681075396566506,18.6238955848025,17.880388051865513,18.27499553716694
Q9D404,14.943892958612873,15.607216232138608,15.363278257846426,15.706460770071525,14.924934119748198,14.544949147292186,15.347912746455638,15.88917648622122,15.06435550824852,14.491977057265013,15.450505640312821,15.019734348747557,15.27568110137022,15.623208149746299,15.399356733755349,15.194890827490047,15.019734348747557,15.194890827490047,15.347912746455638,15.235594350690604
Q9D5T0,17.290184140983268,17.630518726224373,17.630518726224373,17.636772446255954,17.74214388236789,17.630518726224373,17.49510609622982,17.79481631491284,17.738142088900677,17.422385970980464,17.7293872657367,17.74921377153779,18.33024765097391,17.58159803286625,17.43328747304157,17.814256535258824,17.38648976082601,18.119896830631212,17.477753413428957,17.410471383898066
Q9D6J5,24.514942141618643,24.514942141618643,24.514942141618643,24.514942141618643,24.514942141618643,23.937408415071037,23.63264156699747,23.046863166412727,23.937408415071037,24.514942141618643,24.514942141618643,23.937408415071037,24.514942141618643,24.514942141618643,24.514942141618643,23.63264156699747,24.514942141618643,23.937408415071037,23.63264156699747,24.514942141618643
Q9D6J6,20.554405832709335,20.87686599734483,21.034687448052203,19.029945691187148,21.074144251045773,21.312784340339647,21.359828500257358,20.368681184184588,21.359828500257358,21.074144251045773,21.074144251045773,20.711733610272972,20.40879778879779,20.850981518206034,20.956815206988388,20.421583668758817,20.817218322561878,20.094483592305707,20.984727581025474,20.6311340243877
Q9D6K8,19.246175360418153,19.046930634139372,18.351145786711804,19.478562068988683,18.702435757340385,18.51605368961477,17.789788714645585,17.74214388236789,18.97423308304976,18.660197306811675,19.135976263263608,19.50715678908713,19.44568799214925,18.74960153818804,19.478562068988683,17.970265999743717,19.27684573645653,18.564914568031423,18.090482964010345,18.808523382055842
Q9D6M3,16.983556626202294,17.171496594965255,16.895185066576122,15.041060302928619,15.541997202834702,15.995461336326727,15.649666694654902,15.751231695933773,15.794373955037148,15.06435550824852,16.917480987954626,17.192105492267707,17.351614134518577,16.86753235418222,17.014635465582884,15.682716821604217,15.347912746455638,16.96745483041869,15.450505640312821,15.467499628792032
Q9D6R2,21.39138221131153,21.25573917155103,21.01454540906937,21.572169049957665,21.572169049957665,20.657559285833464,20.322596770330982,20.466581851551005,20.49783063583705,20.592518356570043,21.158083602803337,21.495002643017862,21.221420076011466,21.2853640988752,21.532919263147512,20.466581851551005,20.51733159815573,20.87686599734483,20.657559285833464,20.53686877652722
Q9D6S7,16.399865146906766,17.636772446255954,16.132409567755165,16.38688116187791,17.320725947945235,18.18759383239808,18.28335476994825,19.07560771377747,18.78492510524014,18.320900602968656,16.41115233735012,17.58159803286625,17.738142088900677,17.04647772954568,17.192105492267707,18.564914568031423,18.204275393365705,16.560191399972652,18.85095552348028,18.43019048165924
Q9D6T9,19.061270687219896,19.23466212660717,19.404770326434583,19.46303142493094,19.76487978674208,18.195059748517842,18.204275393365705,18.33896168785754,17.595799011763855,17.703878176859767,19.91743802193927,19.478562068988683,18.984211437271973,19.217446424477156,18.81837142069259,17.824245998358947,17.842961543755088,17.16370578001571,18.034804036558977,17.929022724818815
Q9D6U8,19.135976263263608,19.029945691187148,19.41351773502707,19.088322161501978,18.58388280389488,20.28726006499452,19.44568799214925,19.72552345521813,19.53440432749931,19.41351773502707,18.78492510524014,18.92766643986594,19.741596370382172,19.088322161501978,18.935947130404,19.547171277319784,19.53440432749931,20.11354846502263,19.741596370382172,19.309882689701375
Q9D6Y7,18.109981335387467,18.109981335387467,18.73884461038869,18.28335476994825,18.763860833259834,17.281022049162324,18.320900602968656,18.26696818486289,17.74214388236789,17.630518726224373,18.486313236741456,18.2557585057893,18.36619974090788,18.64584924579679,18.24634741195974,18.238118584311707,17.133498028186448,18.204275393365705,18.60781648646165,18.142405145990725
Q9D773,15.779577679171126,16.220880378073787,18.071009660071656,17.18183000185983,17.74921377153779,17.851809963190362,18.890223319110287,20.01298401271381,17.906895922895963,18.890223319110287,16.687572909706024,15.76375548772117,16.371071053317163,17.13918367716565,16.220880378073787,19.37180104088261,18.4525273316329,18.320900602968656,19.50715678908713,19.23466212660717
Q9D7J4,16.772352750754262,17.08517817128026,17.16370578001571,16.16972521474323,17.192105492267707,17.2226566163975,16.72263831024762,17.776514433967243,16.479276910223142,16.38688116187791,16.99465608790098,16.49423691569948,17.100466285992447,16.267436084128995,16.31423135303767,17.15466544240266,16.569699759178974,17.08517817128026,17.100466285992447,16.57884352513613
Q9D7J9,15.751231695933773,15.541997202834702,16.553507708594772,15.929116056465412,16.333073359605823,16.267436084128995,17.43328747304157,17.36073389088333,16.519265858639905,16.64963311408764,16.610150642354533,16.1212776921713,15.956902660435318,15.76375548772117,16.23482940770717,17.477753413428957,15.100958209410527,16.610150642354533,16.96745483041869,15.956902660435318
Q9D7N3,16.542780037674664,15.706460770071525,14.674536997207497,14.832807104034071,15.002488827854545,16.09036153560357,16.86753235418222,17.263258642971245,16.696630397981174,16.62157362769217,15.235594350690604,15.17391607065505,15.52652691134934,14.674536997207497,15.414677502687642,17.014635465582884,16.64168495987787,15.309850254240075,16.80391476225131,16.610150642354533
Q9D7P6,15.100958209410527,15.347912746455638,15.871945612940143,15.76375548772117,16.49423691569948,15.467499628792032,16.75465720836384,16.80391476225131,16.36055979295909,15.721502429955052,16.36055979295909,15.929116056465412,15.914100547354973,15.636621719716976,15.507604851788347,16.42140912781597,15.706460770071525,15.294935512233874,16.299907355234044,15.751231695933773
Q9D880,19.170084045667675,18.81837142069259,19.124704910637995,18.81837142069259,18.97423308304976,19.323760606723436,18.60781648646165,18.935947130404,19.41351773502707,19.323760606723436,18.52412103846554,18.504176677888744,19.37180104088261,19.290425749847145,18.615261411268353,18.984211437271973,19.496007333766194,19.600690355991926,18.999887475064458,19.206111881200528
Q9D8B4,20.128654116613404,19.65726588934619,19.66992557534399,19.44568799214925,18.504176677888744,18.78492510524014,18.43019048165924,17.11686982679312,18.81837142069259,19.088322161501978,19.309882689701375,19.75293882608616,19.614675635527078,19.44568799214925,19.50715678908713,18.090482964010345,19.309882689701375,18.496346452542106,18.142405145990725,18.81837142069259
Q9D8P4,14.832807104034071,14.142828999884605,14.491977057265013,15.17391607065505,14.173604168677693,16.243046519675097,14.491977057265013,14.491977057265013,14.767158757534029,15.571385090669462,13.834772134222595,14.173604168677693,13.834772134222595,14.491977057265013,14.389805789365075,15.467499628792032,14.979829472178162,14.389805789365075,15.15479865637353,15.137773679904996
Q9D8S9,16.16972521474323,16.31423135303767,16.58997882357088,16.95075394557148,18.43019048165924,16.938127804812325,17.34547369798334,17.712463571221484,16.267436084128995,16.877859805966047,17.377663320685862,16.976070922293978,16.983556626202294,17.49510609622982,16.456434051047253,17.521576419247648,15.966938014427248,16.95075394557148,17.273291646903512,16.96745483041869
Q9D8T7,18.313999970776624,19.355670097681298,19.629948064572282,18.935947130404,19.881765108388542,19.14960755854512,19.975639739849605,20.51733159815573,19.496007333766194,19.206111881200528,18.984211437271973,18.142405145990725,18.95106737203556,19.029945691187148,18.677917216302305,20.28726006499452,19.404770326434583,20.16766853288342,20.28726006499452,20.06207468890141
Q9D8W7,18.36026818197843,18.496346452542106,18.539827291089676,18.78492510524014,18.157867605260808,17.67363549045361,17.486832198572618,17.8967016599141,17.636772446255954,17.712463571221484,18.24634741195974,18.890223319110287,19.046930634139372,18.16911730248406,18.546392080268458,17.299893503693692,18.131834214733836,17.851809963190362,17.40433764614644,17.506702229218458
Q9D8Y1,20.683236850434426,20.28726006499452,20.322596770330982,19.928334082559875,19.91743802193927,19.299961986535195,17.004447865045186,17.15466544240266,19.196792990585767,19.246175360418153,19.77894842668896,20.302905028773885,20.302905028773885,20.28726006499452,19.98820723861737,16.85109079459135,19.46303142493094,18.45965836200418,17.43328747304157,19.246175360418153
Q9DAT5,14.647068341797354,14.615989774243147,15.15479865637353,15.15479865637353,16.09036153560357,14.958855613286435,15.636621719716976,16.71313914670801,15.309850254240075,14.924934119748198,15.17391607065505,14.589043151004551,14.389805789365075,15.27568110137022,14.647068341797354,15.942037252295412,15.235594350690604,15.840430485845923,16.243046519675097,15.623208149746299
Q9DB15,18.596792390092027,18.831262453151037,19.600690355991926,19.14960755854512,19.975639739849605,19.217446424477156,19.98820723861737,20.14349116699084,19.26103110121598,19.355670097681298,19.701809077147505,18.85095552348028,18.81837142069259,19.42648560831271,19.061270687219896,19.75293882608616,19.290425749847145,18.2557585057893,20.04744130793093,19.112890419199893
Q9DB20,22.325925525527033,22.325925525527033,22.024626500268308,21.99432659547019,21.495002643017862,22.124207499502695,21.158083602803337,20.657559285833464,22.078795321726435,22.124207499502695,22.217949962441484,22.162401291150907,22.325925525527033,21.99432659547019,22.024626500268308,21.25573917155103,22.217949962441484,21.572169049957665,21.25573917155103,21.941785733801748
Q9DB77,21.435937203088393,21.18559093177676,21.074144251045773,21.158083602803337,21.2853640988752,21.39138221131153,21.70251958025411,21.18559093177676,21.70251958025411,21.495002643017862,21.435937203088393,21.572169049957665,21.2853640988752,21.39138221131153,21.25573917155103,21.75149677266863,21.662205406930468,21.01454540906937,22.024626500268308,21.495002643017862
Q9DBF1,16.154851772553705,17.314095025786568,17.7205259828368,17.014635465582884,18.28335476994825,16.730697087653226,14.832807104034071,14.869377300950848,14.251058959096156,14.320614750527465,18.090482964010345,17.595799011763855,17.477753413428957,17.57545301060403,17.281022049162324,14.891584099532386,14.455132935010662,14.704418840297247,14.589043151004551,14.615989774243147
Q9DBG1,17.538792105956716,16.4681336588001,16.95075394557148,17.21507710066778,16.976070922293978,18.24634741195974,16.877859805966047,17.7293872657367,18.36026818197843,18.373411503783274,16.371071053317163,17.410471383898066,15.840430485845923,16.824995230946268,17.18183000185983,17.789788714645585,18.63428266429829,17.74921377153779,17.03539930853817,18.18759383239808
Q9DBL1,18.47695406639158,18.58388280389488,18.702435757340385,18.808523382055842,18.90158127878823,17.064727212773455,16.519265858639905,15.649666694654902,17.410471383898066,17.16370578001571,18.660197306811675,18.677917216302305,18.63428266429829,18.92766643986594,18.692282908777205,16.220880378073787,17.148516879497258,16.519265858639905,16.43380379503146,16.730697087653226
Q9DC61,17.263258642971245,17.689632089868898,17.125436335957197,17.5650573062629,17.7293872657367,17.804307022124807,17.703878176859767,17.40433764614644,17.477753413428957,17.10880421396298,18.290776804272948,17.954048070991806,17.760475787074267,17.74214388236789,17.306374522486458,17.45117194033125,17.10880421396298,16.672228387954043,17.538792105956716,17.2226566163975
Q9DC69,20.302905028773885,20.24380631899546,19.217446424477156,19.07560771377747,19.600690355991926,19.496007333766194,19.029945691187148,17.77002020068777,19.72552345521813,20.16766853288342,19.629948064572282,20.368681184184588,20.348951848174927,19.340960134083634,20.322596770330982,18.539827291089676,20.153764200405462,19.68484238133201,18.729605796642268,19.72552345521813
Q9DC70,19.975639739849605,20.26895637749878,20.11354846502263,20.6311340243877,19.75293882608616,19.892893242935052,20.16766853288342,19.863590672259157,20.16766853288342,20.322596770330982,19.66992557534399,19.629948064572282,20.128654116613404,20.40879778879779,19.863590672259157,19.975639739849605,20.302905028773885,20.03489054248491,20.000273427387157,20.24380631899546
Q9DCA2,16.672228387954043,16.371071053317163,15.507604851788347,16.96745483041869,16.906734474952508,15.432067181453064,17.963491203041322,18.082136635852454,15.607216232138608,16.610150642354533,15.483930727410229,15.432067181453064,16.4681336588001,16.895185066576122,16.72263831024762,17.938525598463357,16.877859805966047,15.929116056465412,17.94778725715681,15.871945612940143
Q9DCB8,16.42140912781597,17.0254987353992,17.13918367716565,16.884466848554016,17.621085375053482,16.976070922293978,18.18759383239808,17.273291646903512,17.251638359270554,16.80391476225131,17.55737507387419,16.43380379503146,16.1212776921713,17.681075396566506,16.519265858639905,17.36903571098365,16.99465608790098,16.85109079459135,17.814256535258824,16.530877804679726
Q9DCC8,19.23466212660717,19.299961986535195,20.24380631899546,19.68484238133201,20.711733610272972,19.629948064572282,19.83601165476238,19.904893824307102,19.184437321328083,18.841591969953136,19.892893242935052,19.046930634139372,19.600690355991926,20.222449101142026,19.496007333766194,19.853186699776195,19.061270687219896,20.26895637749878,19.518284094893723,19.299961986535195
Q9DCJ5,19.741596370382172,19.404770326434583,19.614675635527078,18.64584924579679,19.217446424477156,20.421583668758817,20.11354846502263,19.323760606723436,19.80126636569122,19.904893824307102,19.088322161501978,19.44568799214925,19.591250061843002,19.404770326434583,19.41351773502707,19.817832451156555,20.128654116613404,20.348951848174927,19.881765108388542,20.000273427387157
Q9DCJ7,13.685467075981979,13.685467075981979,14.363115424551037,13.9059903074325,14.421280175086434,13.616205112967759,14.455132935010662,15.294935512233874,13.685467075981979,14.024847516254491,13.754440251487543,13.96781234656099,14.024847516254491,13.834772134222595,13.513413451400192,15.414677502687642,14.704418840297247,13.834772134222595,14.979829472178162,14.173604168677693
Q9DCL9,16.58997882357088,16.132409567755165,16.71313914670801,16.243046519675097,17.314095025786568,14.615989774243147,13.834772134222595,13.9059903074325,13.513413451400192,13.685467075981979,16.040156056765746,14.979829472178162,15.721502429955052,16.38688116187791,15.76375548772117,13.9059903074325,13.513413451400192,15.85664807302328,13.754440251487543,15.483930727410229
Q9DCM0,16.64963311408764,17.422385970980464,17.004447865045186,17.442866120669663,17.738142088900677,16.983556626202294,17.906895922895963,18.686395538355164,17.377663320685862,17.08517817128026,17.963491203041322,17.263258642971245,16.917480987954626,17.273291646903512,17.422385970980464,18.400109231324972,17.24258460902694,18.702435757340385,18.213265902702407,17.442866120669663
Q9DCM2,17.08517817128026,16.443704165800064,16.62157362769217,17.531492215438494,15.507604851788347,14.674536997207497,14.320614750527465,14.320614750527465,14.491977057265013,15.666130920214659,17.299893503693692,17.94778725715681,16.938127804812325,16.906734474952508,17.46871543584445,14.363115424551037,14.421280175086434,14.27992554993843,14.213855869008873,14.851483746637095
Q9DCN2,18.97423308304976,18.230258655185942,17.538792105956716,18.313999970776624,16.844894839959387,18.27499553716694,17.16370578001571,15.363278257846426,17.824245998358947,18.28335476994825,18.43019048165924,18.30321225012261,18.320900602968656,18.30321225012261,18.313999970776624,15.347912746455638,17.851809963190362,17.888820499453303,16.672228387954043,16.772352750754262
Q9DCS3,17.58159803286625,18.119896830631212,18.26696818486289,18.660197306811675,18.984211437271973,18.131834214733836,18.58388280389488,19.701809077147505,18.157867605260808,17.655497732392206,18.177688706479643,17.55737507387419,18.054675518592425,18.18759383239808,18.005855283549412,19.196792990585767,17.7293872657367,18.729605796642268,18.64584924579679,18.238118584311707
Q9DCS9,19.853186699776195,20.302905028773885,20.302905028773885,19.323760606723436,20.26895637749878,19.518284094893723,20.49783063583705,20.11354846502263,20.20375800879423,20.20375800879423,19.600690355991926,20.128654116613404,20.28726006499452,19.65726588934619,20.153764200405462,20.302905028773885,20.16766853288342,21.359828500257358,20.49783063583705,20.49783063583705
Q9DCT2,19.928334082559875,20.75830462641241,20.75830462641241,18.652875672362054,20.16766853288342,20.16766853288342,20.466581851551005,19.124704910637995,20.466581851551005,20.393070877238095,20.87686599734483,20.26895637749878,20.322596770330982,20.302905028773885,20.421583668758817,19.863590672259157,20.657559285833464,19.892893242935052,20.26895637749878,20.18592365974449
Q9DCU6,16.600952431286682,15.840430485845923,16.154851772553705,14.869377300950848,16.022902729634403,17.45117194033125,16.696630397981174,16.62157362769217,17.24258460902694,16.95075394557148,15.840430485845923,14.924934119748198,15.806895208269083,15.235594350690604,15.590852133318316,16.610150642354533,17.5650573062629,15.981316607758902,16.631722308323525,17.230815129262613
Q9DCV4,16.884466848554016,15.682716821604217,15.329673207369467,15.590852133318316,15.52652691134934,16.36055979295909,15.995461336326727,16.05998935354726,16.34756926983865,16.23482940770717,15.329673207369467,15.682716821604217,16.519265858639905,16.42140912781597,16.32469319676742,16.040156056765746,16.09036153560357,15.806895208269083,15.794373955037148,15.779577679171126
Q9DCW4,21.359828500257358,21.83687506837006,21.461316411282215,21.902309620911247,22.217949962441484,21.435937203088393,21.83687506837006,21.941785733801748,21.312784340339647,21.2853640988752,22.325925525527033,21.114233774210284,21.114233774210284,22.217949962441484,21.662205406930468,21.787699843667895,21.461316411282215,21.532919263147512,21.75149677266863,21.435937203088393
Q9DCX2,21.941785733801748,22.269318888798278,22.217949962441484,21.495002643017862,22.661418830087044,21.495002643017862,22.269318888798278,22.124207499502695,22.162401291150907,22.162401291150907,21.25573917155103,22.078795321726435,21.941785733801748,21.75149677266863,22.124207499502695,22.162401291150907,21.941785733801748,22.763557667718935,22.124207499502695,21.99432659547019
Q9DCZ4,20.657559285833464,20.16766853288342,20.49783063583705,20.817218322561878,20.554405832709335,20.26895637749878,19.642096613722547,18.984211437271973,19.91743802193927,19.91743802193927,20.443772281564254,21.2853640988752,20.984727581025474,20.466581851551005,20.6311340243877,19.355670097681298,20.11354846502263,19.959236695028657,19.496007333766194,19.942843946502244
Q9EP89,17.064727212773455,17.442866120669663,17.36073389088333,17.486832198572618,17.100466285992447,17.7205259828368,17.814256535258824,17.5650573062629,17.442866120669663,17.888820499453303,17.192105492267707,17.851809963190362,18.131834214733836,17.100466285992447,17.5650573062629,18.320900602968656,18.071009660071656,17.064727212773455,17.865213999510175,17.914233018107094
Q9EQ20,19.355670097681298,19.904893824307102,19.72552345521813,19.76487978674208,20.683236850434426,19.124704910637995,19.853186699776195,19.629948064572282,19.217446424477156,19.26103110121598,19.98820723861737,19.904893824307102,19.65726588934619,20.094483592305707,19.959236695028657,19.591250061843002,19.170084045667675,19.196792990585767,19.57069568517199,19.46303142493094
Q9EQI8,17.329928783224688,17.681075396566506,18.204275393365705,18.373411503783274,18.142405145990725,18.557195436175146,20.20375800879423,20.850981518206034,19.135976263263608,18.97423308304976,17.814256535258824,16.36055979295909,17.251638359270554,17.77002020068777,17.125436335957197,20.683236850434426,19.135976263263608,19.112890419199893,20.443772281564254,19.614675635527078
Q9ER88,15.942037252295412,15.85664807302328,16.80391476225131,17.133498028186448,17.08517817128026,17.689632089868898,18.373411503783274,17.938525598463357,17.963491203041322,17.923402029730873,16.631722308323525,16.16972521474323,17.21507710066778,16.09036153560357,16.09036153560357,18.52412103846554,18.407189931004336,17.03539930853817,18.407189931004336,18.73884461038869
Q9ERI6,17.851809963190362,17.290184140983268,17.2226566163975,18.87877402315877,17.422385970980464,17.938525598463357,17.192105492267707,16.672228387954043,18.230258655185942,18.24634741195974,16.813610280749028,17.251638359270554,17.40433764614644,17.43328747304157,17.351614134518577,17.459322368071206,17.980494711251342,18.486313236741456,17.08517817128026,17.804307022124807
Q9ERS2,18.686395538355164,19.135976263263608,18.87877402315877,17.43328747304157,19.323760606723436,18.74960153818804,18.87877402315877,18.16911730248406,19.061270687219896,19.14960755854512,18.45965836200418,19.124704910637995,19.07560771377747,18.984211437271973,19.26103110121598,18.28335476994825,19.196792990585767,19.928334082559875,18.466920385554168,19.07560771377747
Q9ESW4,16.479276910223142,16.782376848089555,17.05526952811243,16.85109079459135,16.34756926983865,15.607216232138608,14.958855613286435,15.081777807299682,16.23482940770717,15.100958209410527,16.659890630080277,16.213051319928134,16.600952431286682,16.49423691569948,16.36055979295909,15.100958209410527,16.1212776921713,16.16972521474323,14.767158757534029,15.329673207369467
Q9JHI5,20.000273427387157,20.368681184184588,20.094483592305707,20.730791699885405,20.24380631899546,19.061270687219896,18.702435757340385,18.142405145990725,18.831262453151037,19.299961986535195,20.348951848174927,20.53686877652722,19.975639739849605,20.443772281564254,20.53686877652722,18.596792390092027,19.37180104088261,18.81837142069259,18.4525273316329,19.135976263263608
Q9JHS4,15.956902660435318,16.101732189130953,16.530877804679726,16.371071053317163,15.590852133318316,14.062377284182485,16.299907355234044,16.519265858639905,15.840430485845923,16.076942346039637,15.636621719716976,16.530877804679726,16.399865146906766,16.917480987954626,15.682716821604217,15.019734348747557,14.544949147292186,14.851483746637095,16.600952431286682,15.942037252295412
Q9JHW2,14.869377300950848,14.519932854893003,15.019734348747557,14.27992554993843,14.491977057265013,14.142828999884605,14.891584099532386,14.924934119748198,14.803121566292154,14.251058959096156,14.674536997207497,14.27992554993843,14.142828999884605,13.616205112967759,14.491977057265013,14.958855613286435,14.767158757534029,14.803121566292154,14.647068341797354,14.27992554993843
Q9JI39,16.243046519675097,16.076942346039637,16.011195751837462,16.479276910223142,16.569699759178974,16.75465720836384,16.782376848089555,16.917480987954626,16.542780037674664,16.31423135303767,15.821003030743967,17.10880421396298,16.813610280749028,16.64963311408764,15.379992575571023,16.80391476225131,16.659890630080277,17.230815129262613,16.57884352513613,16.600952431286682
Q9JIK9,17.521576419247648,16.72263831024762,17.064727212773455,16.530877804679726,17.230815129262613,17.954048070991806,17.538792105956716,17.865213999510175,18.24634741195974,18.383204388367343,16.976070922293978,17.004447865045186,17.202488406188003,16.976070922293978,17.171496594965255,17.79481631491284,18.686395538355164,16.895185066576122,17.698341388592723,18.539827291089676
Q9JIQ3,14.979829472178162,15.721502429955052,15.942037252295412,16.1212776921713,15.649666694654902,14.589043151004551,15.666130920214659,16.631722308323525,15.414677502687642,15.041060302928619,15.929116056465412,15.06435550824852,14.979829472178162,15.966938014427248,15.840430485845923,16.43380379503146,15.137773679904996,16.542780037674664,16.1212776921713,15.100958209410527
Q9JIY5,16.09036153560357,15.666130920214659,16.16972521474323,15.450505640312821,15.379992575571023,16.479276910223142,15.840430485845923,15.942037252295412,16.64963311408764,16.906734474952508,16.938127804812325,17.2226566163975,16.85109079459135,16.58997882357088,16.76260483574207,15.88917648622122,16.730697087653226,15.649666694654902,15.666130920214659,15.682716821604217
Q9JJL8,15.734951874056438,17.07309083792128,16.86753235418222,16.782376848089555,16.80391476225131,16.011195751837462,15.607216232138608,18.60781648646165,18.5303793270639,15.450505640312821,16.34756926983865,16.72263831024762,15.88917648622122,16.95075394557148,15.995461336326727,18.45965836200418,16.687572909706024,17.306374522486458,17.192105492267707,17.422385970980464
Q9JK42,18.238118584311707,18.6238955848025,17.77002020068777,18.571569054276416,17.61080164581511,17.681075396566506,16.74385402617571,16.70626608745243,17.422385970980464,17.477753413428957,17.865213999510175,18.60781648646165,18.5303793270639,18.099778862629723,18.351145786711804,16.895185066576122,17.549262476004678,16.70626608745243,17.0254987353992,17.43328747304157
Q9JKF7,16.57884352513613,16.50758444652603,15.88917648622122,15.682716821604217,16.145733024845747,17.814256535258824,18.90158127878823,18.831262453151037,18.090482964010345,17.994736225606697,16.983556626202294,16.631722308323525,16.220880378073787,16.62157362769217,16.569699759178974,18.808523382055842,17.880388051865513,17.337668125657288,18.74960153818804,18.45965836200418
Q9JKL4,17.7205259828368,17.824245998358947,18.18759383239808,17.784183239302607,17.251638359270554,17.125436335957197,17.74921377153779,17.43328747304157,18.034804036558977,17.595799011763855,17.36903571098365,17.842961543755088,17.442866120669663,18.046880977537526,17.393653224741477,17.954048070991806,17.74214388236789,17.630518726224373,18.52412103846554,17.377663320685862
Q9JLR9,22.435227806422336,22.556842060734493,22.867017441848482,22.162401291150907,22.763557667718935,21.70251958025411,21.941785733801748,22.078795321726435,21.2853640988752,21.18559093177676,22.763557667718935,22.661418830087044,22.661418830087044,22.763557667718935,22.763557667718935,21.941785733801748,21.359828500257358,22.217949962441484,22.325925525527033,21.61371657020363
Q9JLT4,15.379992575571023,17.004447865045186,16.34756926983865,17.13918367716565,17.506702229218458,16.80391476225131,18.01287315474744,18.763860833259834,17.13918367716565,16.772352750754262,17.393653224741477,16.877859805966047,17.004447865045186,16.959647602428937,16.95075394557148,17.531492215438494,16.85109079459135,16.43380379503146,18.30321225012261,16.479276910223142
Q9JLZ3,18.046880977537526,18.383204388367343,18.157867605260808,18.504176677888744,18.119896830631212,18.763860833259834,20.128654116613404,20.03489054248491,19.309882689701375,19.478562068988683,18.383204388367343,18.383204388367343,18.407189931004336,18.383204388367343,18.18759383239808,19.80126636569122,19.478562068988683,17.865213999510175,20.18592365974449,19.642096613722547
Q9QYA2,16.553507708594772,15.76375548772117,15.467499628792032,13.834772134222595,15.607216232138608,15.17391607065505,14.421280175086434,14.455132935010662,15.483930727410229,15.432067181453064,15.649666694654902,16.58997882357088,16.443704165800064,15.194890827490047,16.983556626202294,14.491977057265013,15.309850254240075,15.450505640312821,14.320614750527465,14.320614750527465
Q9QYR9,16.443704165800064,16.86753235418222,16.184322245717446,16.72263831024762,17.171496594965255,16.917480987954626,16.983556626202294,16.824995230946268,16.844894839959387,17.45117194033125,16.399865146906766,16.19889426476575,16.42140912781597,16.299907355234044,16.022902729634403,16.72263831024762,16.610150642354533,17.46871543584445,17.230815129262613,16.99465608790098
Q9QZ23,15.235594350690604,16.23482940770717,15.981316607758902,16.43380379503146,16.530877804679726,15.734951874056438,16.70626608745243,17.093396465191883,15.806895208269083,15.821003030743967,16.220880378073787,15.002488827854545,15.294935512233874,16.184322245717446,15.294935512233874,16.772352750754262,15.255970705408734,16.938127804812325,16.76260483574207,14.979829472178162
Q9QZH6,17.0254987353992,17.05526952811243,17.36903571098365,14.142828999884605,17.13918367716565,17.55737507387419,17.251638359270554,17.320725947945235,17.79481631491284,17.230815129262613,17.05526952811243,17.100466285992447,17.538792105956716,17.442866120669663,16.917480987954626,17.40433764614644,17.422385970980464,17.703878176859767,17.290184140983268,17.11686982679312
Q9R0X4,17.61080164581511,17.74214388236789,16.976070922293978,18.005855283549412,17.064727212773455,17.04647772954568,15.821003030743967,15.871945612940143,15.27568110137022,16.16972521474323,17.442866120669663,18.36619974090788,18.486313236741456,17.58947560297899,17.148516879497258,15.871945612940143,16.132409567755165,15.623208149746299,15.649666694654902,15.590852133318316
Q9R112,18.557195436175146,18.238118584311707,18.024984597209546,18.564914568031423,18.16911730248406,18.539827291089676,17.2226566163975,16.443704165800064,18.30321225012261,18.546392080268458,17.595799011763855,18.78492510524014,18.4525273316329,18.204275393365705,18.702435757340385,17.0254987353992,18.858535607091802,17.698341388592723,16.479276910223142,18.024984597209546
Q9WTP6,18.841591969953136,18.78492510524014,19.547171277319784,19.355670097681298,19.83601165476238,18.41956930540811,18.615261411268353,19.50715678908713,18.28335476994825,18.504176677888744,19.26103110121598,18.36026818197843,19.196792990585767,18.97423308304976,18.729605796642268,19.246175360418153,18.615261411268353,19.57069568517199,19.061270687219896,18.652875672362054
Q9WTP7,16.41115233735012,16.687572909706024,15.76375548772117,16.32469319676742,16.50758444652603,15.779577679171126,15.194890827490047,16.959647602428937,15.467499628792032,15.541997202834702,15.995461336326727,16.299907355234044,16.456434051047253,15.871945612940143,16.1212776921713,16.257354035510616,15.363278257846426,16.4681336588001,16.333073359605823,15.806895208269083
Q9WTQ8,16.71313914670801,15.636621719716976,16.09036153560357,15.649666694654902,14.891584099532386,15.636621719716976,14.943892958612873,15.06435550824852,16.05998935354726,15.929116056465412,15.294935512233874,15.914100547354973,15.751231695933773,15.294935512233874,15.751231695933773,15.081777807299682,16.05998935354726,15.560440415474186,15.483930727410229,15.995461336326727
Q9WUM5,19.323760606723436,20.20375800879423,20.40879778879779,20.956815206988388,20.657559285833464,20.466581851551005,20.04744130793093,19.98820723861737,20.51733159815573,20.06207468890141,20.24380631899546,19.76487978674208,20.57474544193243,19.892893242935052,19.904893824307102,20.40879778879779,20.322596770330982,20.443772281564254,20.57474544193243,20.466581851551005
Q9WUR2,19.863590672259157,20.393070877238095,20.657559285833464,20.28726006499452,20.615584182459976,18.546392080268458,18.090482964010345,19.65726588934619,18.729605796642268,17.970265999743717,20.49783063583705,20.000273427387157,20.153764200405462,20.16766853288342,20.11354846502263,18.91462040073265,17.929022724818815,19.135976263263608,18.36619974090788,18.78492510524014
Q9WUR9,17.914233018107094,19.07560771377747,18.52412103846554,18.793620041543022,18.686395538355164,16.132409567755165,15.706460770071525,16.696630397981174,15.17391607065505,15.871945612940143,18.22166863553482,18.090482964010345,17.94778725715681,18.313999970776624,18.046880977537526,15.734951874056438,15.379992575571023,16.80391476225131,15.507604851788347,15.52652691134934
Q9WV98,19.713294975969468,19.44568799214925,20.06207468890141,19.741596370382172,18.692282908777205,19.701809077147505,19.904893824307102,20.57474544193243,19.478562068988683,19.496007333766194,19.547171277319784,18.763860833259834,18.858535607091802,19.206111881200528,19.029945691187148,20.000273427387157,19.713294975969468,20.14349116699084,20.14349116699084,19.57069568517199
Q9WVA2,20.26895637749878,20.683236850434426,21.359828500257358,21.61371657020363,21.75149677266863,20.817218322561878,21.61371657020363,22.217949962441484,20.78629693165928,20.554405832709335,21.2853640988752,20.20375800879423,20.51733159815573,21.158083602803337,20.393070877238095,21.902309620911247,20.6311340243877,21.941785733801748,21.99432659547019,21.18559093177676
Q9WVL0,16.74385402617571,16.011195751837462,16.600952431286682,16.983556626202294,16.267436084128995,15.942037252295412,15.623208149746299,15.706460770071525,15.871945612940143,16.43380379503146,16.80391476225131,17.07309083792128,16.34756926983865,16.57884352513613,16.833471200979996,15.649666694654902,16.560191399972652,15.682716821604217,15.432067181453064,15.840430485845923
Q9Z0V7,19.112890419199893,18.702435757340385,19.68484238133201,18.496346452542106,19.014966590563763,18.383204388367343,17.8967016599141,18.351145786711804,18.320900602968656,17.963491203041322,18.935947130404,18.4525273316329,18.97423308304976,19.112890419199893,18.571569054276416,18.099778862629723,18.18759383239808,18.36619974090788,18.054675518592425,18.64584924579679
Q9Z0X1,19.98820723861737,19.629948064572282,20.18592365974449,19.26103110121598,20.18592365974449,20.01298401271381,20.153764200405462,19.975639739849605,19.98820723861737,19.65726588934619,19.41351773502707,19.170084045667675,19.478562068988683,19.72552345521813,19.46303142493094,20.01298401271381,19.701809077147505,20.06207468890141,20.01298401271381,20.128654116613404
Q9Z1J3,16.95075394557148,16.79324321561711,16.884466848554016,17.538792105956716,16.772352750754262,16.76260483574207,17.10880421396298,16.57884352513613,17.100466285992447,17.014635465582884,16.553507708594772,17.08517817128026,17.07309083792128,16.85109079459135,16.86753235418222,17.004447865045186,16.917480987954626,17.10880421396298,17.05526952811243,17.10880421396298
Q9Z1P6,19.26103110121598,19.817832451156555,20.615584182459976,20.18592365974449,20.06207468890141,20.368681184184588,20.6311340243877,21.495002643017862,20.128654116613404,19.817832451156555,19.44568799214925,19.591250061843002,20.18592365974449,19.959236695028657,19.629948064572282,21.074144251045773,20.01298401271381,21.435937203088393,21.01454540906937,20.592518356570043
Q9Z2I0,18.320900602968656,18.665149140714654,18.64584924579679,17.621085375053482,18.486313236741456,18.39077119361858,17.58947560297899,17.459322368071206,18.407189931004336,18.39077119361858,18.230258655185942,18.45965836200418,18.763860833259834,18.26696818486289,18.16911730248406,17.538792105956716,18.486313236741456,18.5303793270639,17.842961543755088,18.046880977537526
Q9Z2I8,18.071009660071656,18.63428266429829,17.760475787074267,17.954048070991806,18.557195436175146,17.5650573062629,16.92937544533877,16.43380379503146,17.929022724818815,17.61080164581511,18.539827291089676,18.47695406639158,18.30321225012261,18.4525273316329,18.22166863553482,16.371071053317163,17.57545301060403,16.19889426476575,16.560191399972652,17.776514433967243
Q9Z2I9,19.53440432749931,19.863590672259157,19.817832451156555,19.77894842668896,19.642096613722547,19.75293882608616,19.046930634139372,18.51605368961477,19.591250061843002,19.547171277319784,20.11354846502263,19.853186699776195,19.853186699776195,19.975639739849605,20.01298401271381,19.170084045667675,19.57069568517199,19.478562068988683,19.112890419199893,19.38662238260746
Q9Z2Q5,16.36055979295909,16.917480987954626,17.55737507387419,15.213626927175422,17.07309083792128,17.871129689661778,19.07560771377747,19.41351773502707,17.8967016599141,17.645973449767126,17.314095025786568,14.891584099532386,17.10880421396298,16.772352750754262,16.74385402617571,19.046930634139372,17.67363549045361,17.760475787074267,18.935947130404,18.28335476994825
Q9Z2Y8,16.1212776921713,16.64168495987787,16.74385402617571,14.907766233762212,18.26696818486289,14.891584099532386,15.483930727410229,17.36903571098365,15.041060302928619,14.979829472178162,16.906734474952508,17.24258460902694,15.507604851788347,16.31423135303767,16.58997882357088,15.590852133318316,15.213626927175422,16.09036153560357,16.85109079459135,15.294935512233874
Q9Z2Z6,18.90158127878823,17.789788714645585,17.738142088900677,18.131834214733836,17.442866120669663,18.2557585057893,17.377663320685862,17.314095025786568,18.109981335387467,18.45965836200418,17.320725947945235,18.64584924579679,18.27499553716694,18.2557585057893,18.213265902702407,17.125436335957197,18.51605368961477,18.195059748517842,17.04647772954568,17.38648976082601
S4R2K0,17.477753413428957,16.696630397981174,17.377663320685862,17.093396465191883,16.05998935354726,16.257354035510616,15.956902660435318,16.011195751837462,16.371071053317163,15.85664807302328,16.844894839959387,17.712463571221484,17.125436335957197,17.36073389088333,17.337668125657288,15.981316607758902,16.101732189130953,15.821003030743967,15.041060302928619,16.220880378073787
