protein,VEH_F1,VEH_F2,VEH_F3,VEH_F4,VEH_F5,VEH_M1,VEH_M2,VEH_M3,VEH_M4,VEH_M5,PAS_F1,PAS_F2,PAS_F3,PAS_F4,PAS_F5,PAS_M1,PAS_M2,PAS_M3,PAS_M4,PAS_M5
A0A0R4J083,6.607971389740117,17.98199975650557,10.999201911506244,6.3642977969944345,5.13335212894535,12.722729902202806,8.564915951245114,3.038372034108443,27.795649898569078,14.302739088008583,7.602432987398409,12.914624562007699,14.406403391658227,12.888266868396636,21.188670949425877,13.920727984744442,7.396928606212717,6.890381174318261,13.764850843127189,14.915640143283248
A0A0R4J0P1,5.619696892200912,14.486983455383804,8.28045928897197,5.306614554618121,3.7122715850407637,9.40128434408346,4.638544468839883,1.3741605227186093,18.758617433727675,10.13515889775368,6.45841633262228,10.47395630709519,11.339742355824034,10.290402069002043,17.83024245985648,7.632430067403224,5.083468626015746,3.571608844857484,6.77538914728501,10.338445614215381
A0A0R4J1J1,1.944632585990256,5.003083547911628,2.9888737846342743,2.060016830706535,1.641875136542618,3.3542927258907924,2.852312359040726,1.025735256445652,7.961427915545764,3.8645464137391574,2.448146665225871,3.473666851553241,4.044588712246947,3.4135656401616963,5.75695864368929,4.580591463357012,1.9756531683697336,2.391161955741289,4.5860456689105575,4.641825759139365
A0A2R8VHX1,2.0314127311757812,5.226983702943039,3.4618390222686184,1.6766032694293311,1.4813128180906199,3.834463646003591,2.1207153176550744,0.8295246230144223,8.199230422320458,4.418018834903371,2.5528304454264164,4.0098008734312405,4.218735242462713,3.0714117733141593,6.665076349008058,4.390054499922158,2.2766872828900664,2.2916977835328405,4.395281829149265,4.825440212205931
A0A494B9G1,2.030809525437098,5.225431607439634,3.4608110671255883,1.6766032694293311,1.900859130556256,3.8162111350862147,2.6980144123580403,1.055337022214499,8.1602010934198,4.3969885306778265,2.5499067788593472,3.1178542494453914,4.2139036739557625,3.9455483912814477,5.182485932237926,4.342065712596185,2.251800242916349,2.2666466600100432,4.347235900575828,4.772692114408544
A2AIL4,2.38671940792574,5.4475319029391125,3.6413361736247576,1.9871262370990865,1.4813128180906199,3.983657330622371,2.8163358757386465,0.9702344924002225,8.519148193395624,4.589880103100543,2.3582787555537,4.2227652429537015,4.403950342426904,3.0714117733141593,6.96427880417947,4.590606650459907,2.3809629708216073,2.1160361491165474,4.595165699361658,5.0464990215145304
A2APY7,2.907721605037151,9.86741194375252,6.474386873329031,3.5431113181050904,1.9905235086790942,5.557906865729894,3.933661354587757,1.3126281830890305,11.90939712943704,7.383296797644053,5.520243349282702,8.153987735102639,9.122597705739649,6.448270714567523,10.854350360636653,5.462031806018306,3.317621781521646,2.4362591002293814,5.457668709099199,7.015538886075438
A2ASZ8,2.061557522674025,5.304548607145809,2.696961448806998,2.1840356672016155,1.4813128180906199,2.999649435715912,2.1207153176550744,0.8295246230144223,8.314419750030256,4.48008668678571,2.5867422412616277,4.063067062262257,4.2747769151407855,3.0714117733141593,6.753615213302236,3.4457127123989553,2.3196120340134123,1.7987321537433385,3.44981559421285,3.787442885370537
A6H611,2.8024865692371606,7.211016944174022,4.7758671666656,2.9689836721743816,2.6231569808346045,5.590509568258931,2.1207153176550744,0.8295246230144223,8.965411088361419,3.4561568262388893,3.5384405961332206,5.557925798941792,5.847526643617142,4.190704370394199,9.238363939097455,3.4457127123989553,2.52266820313895,1.7987321537433385,3.44981559421285,3.787442885370537
B1AR13,3.85315963376787,9.913819046376739,6.966238825651192,4.09411678874916,2.1312181688362446,6.303375426867152,3.5304183118470123,1.3810475727434333,14.74748264285744,7.955214462358337,4.109810689012923,7.073508450281284,7.443162053713784,6.99601398283025,12.713821527203347,5.099719565438321,4.658892575148278,2.6399774800591302,5.7311381288752585,6.28109639368957
B1AXP6,2.0163721911023424,5.188283217984563,2.696961448806998,1.6766032694293311,1.4813128180906199,3.8084332093936024,2.1207153176550744,0.8295246230144223,8.14356956138588,4.388026906477203,2.54321778336833,3.1178542494453914,3.28031291781875,3.0714117733141593,5.182485932237926,3.4457127123989553,2.2775900328190275,1.7987321537433385,3.44981559421285,4.827353591281534
D3Z7P3,4.000280613415838,11.175536568582901,5.986087211993412,3.19389953179269,1.4813128180906199,5.822623414169878,2.1387374240094466,0.8365740279275092,10.369883907221512,4.654936526926536,3.735305437728538,6.967531207374009,7.332558893077387,5.821803782832802,11.517346663989581,3.5467583973555383,1.8393529599429996,1.8514800575004933,3.5509815963687426,3.8985098234844107
D3Z7Q2,3.2169947345627117,8.307505732075182,5.505551049192729,3.585276574862355,2.234313408966182,6.155631487956515,3.2044952691110793,1.2522472188067078,9.720599715175144,5.238664090388753,3.0192467411170747,6.449465722439205,6.816190419705645,4.671546950378148,7.890368899445435,5.194794280384617,2.6853466698696735,2.719993569572836,5.203841248185196,5.7101519092682596
D3Z7X0,4.205602580843925,10.317958921380418,6.364492728383824,3.9583914247399967,3.1776053600901495,7.954848639107616,4.529976113714316,1.7681736304102718,16.151979082607237,8.767040712446013,5.0310822882796105,7.947287375777139,8.334391343209445,7.266665892215922,13.20714473501671,7.423691097710047,3.484573005239767,4.247703940431055,7.423479883983193,8.170223042548336
E9Q4Z2,3.990053411512896,12.25495871016023,5.851159231088952,2.9807907875767503,3.74120873904924,6.766507963069134,2.154051974625592,0.842564363698055,9.126233135271564,8.99845993960336,5.095017677995513,7.0258542091965595,6.022615457805403,4.34607675875089,7.47044495051512,4.840987173224664,2.5239311275791483,2.5466866400365893,4.878102179087246,5.377573658333625
F7BP55,1.582581335340816,4.072105447335842,3.4424118471961904,2.140022787602117,1.4813128180906199,3.823334375114541,2.1207153176550744,0.8295246230144223,6.414147891388111,3.4561568262388893,2.5350066762282544,3.1178542494453914,3.28031291781875,3.0714117733141593,6.618541028675413,3.4457127123989553,1.786950552197117,1.7987321537433385,3.44981559421285,3.787442885370537
G5E902,5.757293327401091,15.575846967172867,9.703863133163992,5.350883520961617,4.50699553726042,10.805406877131121,6.797053114380755,2.34307861645239,23.356545206335223,12.438350057493013,7.098788684476246,11.450110684172365,12.187444162534463,10.976797260124403,19.475794752659443,10.819333588302959,6.514539988612787,6.2180768286802675,10.638932870214216,12.86999825600812
O08600,3.8227659485108094,10.770296635795429,7.120830988199347,2.3550944359551913,3.0936988184917147,9.25993507638019,6.219400261072781,2.4423264858883913,19.809303355066017,10.136608911349681,4.870817836938134,8.28671836572481,7.994277460293253,7.519366443629096,12.6832469543602,10.107278822507515,5.498857982689595,4.948173780708681,10.670752068565951,11.051942885295903
O08709,1.9982400761019141,6.841888192433846,5.2555773961859344,2.1084370099697294,2.489677857589648,4.406703413699605,2.697152233354336,1.057927066001514,8.176197922531157,4.4075457351608,3.2588271723396893,5.131155528024103,6.242577688804707,4.379576148060699,9.862495397129768,3.4690461049342023,2.6758175295971403,1.8109126594651401,3.4731767703040344,3.81309037804489
O08715,2.6623660983150637,5.831539534937541,3.3702907667701902,1.6766032694293311,2.122158115182185,4.969122272791829,2.5908611961989823,1.017289191133415,9.081942697872856,4.209377961145839,2.4843159629994895,3.1178542494453914,4.740447429773801,5.158213718602664,7.487947367371318,4.198766232630913,2.1510269900597003,2.1861110056091717,4.183316774028833,4.572885006181342
O08749,6.705836965837632,19.658209306013006,12.616531536939913,7.097035648386996,6.195093845204833,14.379185922292887,10.054974868118656,4.061076631326039,32.00938601688613,16.90829881674124,8.53933536204071,14.089236433285086,15.359278946778417,13.382318888223717,23.720290689692312,16.624190684663695,8.512010985335564,8.403370835711309,16.80834759394385,18.059852519031647
O08807,1.582581335340816,4.95106717526522,2.696961448806998,1.6766032694293311,1.4813128180906199,3.6790756456411193,2.1207153176550744,0.8295246230144223,6.414147891388111,3.4561568262388893,2.3872333749979795,3.1178542494453914,3.9450742171812885,3.0714117733141593,6.232726006448101,3.4457127123989553,2.1480994722435898,2.162262176428384,4.147035321237516,4.552898261909899
O09111,3.7574283405497844,10.295635006709462,6.402164117603716,3.6720421553686147,2.6508033201006773,7.50266889280565,4.971958021779067,1.7950149817682288,16.041850498376125,8.643186647052804,3.928557204254829,7.356145602976449,7.740009655984661,7.26750390680184,13.062942230591194,7.441942234449204,4.4615135066351845,4.4934722115974965,8.089005062925219,9.456395124913799
O09174,2.170855409061919,5.627020976034758,3.7305026224092095,2.041481353795531,1.7924008284074615,4.637243681220565,2.5636233192494755,1.0085016795689623,8.809287957953151,4.758780907351885,3.1345519352831124,3.1178542494453914,4.539661755513318,4.237073347175746,7.152926680914243,4.185762882565115,2.1544001938363673,2.183993643746379,4.18548044241695,5.187714516704338
O35129,6.715697392391309,18.0966321256278,10.878908446691634,6.206715971815968,5.633855201452161,13.06976752572374,7.987937454113961,2.6066685585204943,28.570301782527366,14.695241281834756,7.97528993449503,13.044244515557867,14.241223598242714,12.535352610457254,21.683598784551585,12.27144209049043,7.67816708155032,6.9395284801315285,12.298820167743699,16.26654355891173
O35435,4.056789343187339,10.967210295350654,6.9161343334086025,3.9933319995448144,2.5396004240132157,7.189336681694477,2.7738046136334873,1.0925649320527964,16.425594519661374,8.24807652808812,3.4290897557627606,6.835337014737206,8.405721019226501,6.695832430694769,13.998994519003496,5.893313663675276,4.248413154115036,4.579234042759395,5.159191687621389,8.200183698382688
O35459,5.072232103477978,13.31200316490258,8.271824874175513,4.7717125800278275,4.114763542029862,10.523941161743902,6.728613944277362,2.2063957651591912,21.24351043085906,12.127958549067376,6.7606169090893165,10.021235751850156,11.189203592911227,9.662965674040315,16.279269345081136,10.501867379266697,5.687232484799563,5.48725746123559,10.738530451475656,11.583452392605412
O35465,3.462715880853105,10.83004867094133,5.933637179167334,3.198381689100204,2.8061866259572614,8.194036459105133,2.8862936315104526,0.8630837229425014,12.488792126473305,4.735809614690653,4.854807735971404,5.872152089823526,8.030987668935015,8.120385881759985,12.673815801144736,3.601430900333481,2.963318196735016,2.4507454351349844,4.738456800560084,6.248413726094557
O35683,3.393116370856317,9.627286625385617,5.15534538904197,3.5958005862279925,2.4796529987727745,7.534688582919185,5.326932307922811,1.740295616692566,14.896013623995842,8.681369585851376,3.363897449049102,7.478741723690718,6.349455275000228,6.671924510782804,10.032125729088952,8.016609434838468,4.494159728341582,4.184522577213524,8.676245850593599,9.525374537027751
O35855,4.1186036753318,10.600487971345283,5.963616856383054,4.183627073622363,3.6938361638770845,8.080515244270316,4.321811000365009,1.173632936208805,15.06647517692079,8.606819196855694,4.044247372642355,7.345530665312584,8.170855660182275,7.641218702646971,13.449211800147465,5.467475369351474,4.0123069991986675,3.147563085361782,6.035832375439741,9.586067180888403
O35857,4.119540064069254,10.599898508092814,5.555091117138374,3.7999554330318084,2.724614493545214,6.878025394526753,3.110460496405465,1.2151251340475335,14.68655668540027,5.718613610295428,4.519900449760868,7.126716238034465,8.092551049795325,6.386561874742511,12.822460859825675,5.074332735942558,3.765029955049428,2.6585656851124875,5.7766684080226005,5.561733074297336
O35972,1.9329944741455505,4.973745836666931,3.294119209617,2.047834624843042,1.8093032110943619,3.66339996776033,2.589978793462658,1.013078542120426,7.833445101531718,4.220921503381072,2.4254558069180225,3.8097300314139066,4.0082395248822404,3.752981613465296,6.332519327014402,4.1835140998134746,2.1695751952522473,2.1838794917217825,4.188495497089148,4.598416071128134
O55003,2.173177980687534,9.097742074235741,3.7088270689033562,2.304664115200936,2.036082766281383,6.5720035939235375,2.8900038788898215,1.1299594913301347,14.052909814142696,5.981517889160922,2.7411137079899857,4.305886925964073,5.825709130754675,4.237800357102002,7.1521495767953445,6.032336649090058,3.960783378259439,3.1523484667298236,4.723985789573447,6.645575848582073
O55028,3.934105869284386,10.804657858435837,6.742078455548835,4.1663818200201055,3.6887468421803686,7.477676201049056,5.6384782336105275,2.331742925741366,17.056870477019455,9.70917707334529,4.9609432706381815,9.70996497343057,9.77844992962092,7.680439686785715,12.918354617072719,10.876698854441264,5.203106036671311,4.719374129596532,11.327523401692421,9.930072328839348
O55126,4.9529006106174815,13.386836024096745,6.810916672825924,5.0681931735343095,3.7545585913067323,9.147987198874148,5.415093518245335,1.6863004746229948,18.00385933070117,10.53439908235081,5.6575608384454075,9.50585517104894,10.55924831662498,9.261930005493715,16.701184083120637,7.54925752693809,5.496149558815108,4.649541723801525,7.963097706361071,11.260725025946403
O70325,2.0173669759785473,6.078304714509301,2.696961448806998,2.137514148389781,1.8789669682701762,5.119680560256234,3.61955129034771,1.4157991384373994,10.947408680211614,4.9844999767169655,2.5428105747289895,3.1178542494453914,4.93305310901166,3.9340401937354557,6.64094929708483,4.98374463845892,2.5843775946553436,2.2444223403418757,5.913305965048537,5.48731379461006
O70571,2.327966180125676,8.282558789144025,5.485550912345205,2.8626722466010475,2.1624324162338904,4.453727007339864,2.1207153176550744,0.8295246230144223,9.60751401918778,5.13216827282984,2.5472653797892733,3.1178542494453914,5.895028683749783,3.0714117733141593,7.817854247699238,3.4457127123989553,2.309674245458857,2.698642033382341,3.44981559421285,5.712409545931882
O88441,4.156829542334446,5.559141113196363,3.681496055090892,1.6766032694293311,1.4813128180906199,5.224221302648033,2.1207153176550744,0.8295246230144223,13.924735585395812,6.023897467048665,1.9849746916672697,8.156405506980327,5.8780565918317444,4.186304713677649,7.05648637229895,3.4457127123989553,2.466937873804096,1.7987321537433385,3.44981559421285,3.787442885370537
O88587,2.56445623789186,5.441502850638213,2.696961448806998,2.248512490996622,1.4813128180906199,3.5373506977180136,2.49416100489798,0.9752282501664438,7.559985096685546,4.085034879080175,1.9849746916672697,3.6432549851071117,3.8348809472415524,3.5943592482143005,6.86078464454883,4.045712652853728,2.1035379538600867,2.1120915225547163,4.051803027813329,4.454314960701177
O88696,3.591873410664752,10.034336586186441,6.122346800765807,3.4669235114265757,3.387415765330818,7.498942996081178,4.90844484934318,1.7407329799359728,16.002552106251052,9.101708747327935,4.907453419734113,7.711071968034256,8.114725966595227,7.004003369508072,11.817379990390714,6.463158535796009,4.698102773448605,4.157308696759655,8.590470353674732,9.4298621060142
O88967,3.305809821213378,7.541074283217182,4.4042094945756025,2.414114471547359,2.1242209232421168,5.467699512118516,3.3908461852400738,1.0451879219193907,10.271830793945792,5.560378262481911,3.2292762151099286,4.474107443763654,4.707703469931116,5.003922095807623,8.452094782019758,4.864864459853208,2.870971999353767,2.886410232598372,4.3340640872969844,6.841607178863668
P05202,7.756590804314648,20.51934689688871,12.676441002097375,7.274407533676286,6.362125323791396,14.28789115844959,8.667063395864771,3.0435409825376447,28.96850020286125,16.485312542697706,9.14218525653223,15.603827549964013,16.097643105353452,14.878589130603505,25.35646293304303,14.453266110431265,7.98991803788552,7.433719137438456,13.450381799638558,16.920131251317898
P08074,3.9225234908911073,10.073156619459866,3.9538805719882384,3.041949619612032,1.6442165679173442,11.227435666342688,6.107310916995385,2.37833397626906,21.135010399981507,11.425718895358006,5.320418909303845,4.488009748911183,4.736128650325295,8.210341162724587,13.837538273209322,10.442305911689909,4.572015487817597,5.18211522834343,10.95648609601974,11.39359731065987
P08228,4.067362530433447,8.191642857518183,6.931409904779869,3.402547387068282,3.5815617163774838,7.325332623428026,4.343830294601117,1.5273934916555025,14.474380865991092,7.082046919006031,5.01239810085474,6.784340938004129,7.088132650910357,7.755836184778613,13.086656849330808,6.419367457027885,4.409025518519804,3.342680883309295,6.426462899849889,7.040569325359571
P08249,6.711677659996595,18.05845524275573,11.7355748285443,6.627668348137552,6.35090326877615,12.920822267784445,9.433053930813974,3.646550356159299,28.349046185158873,15.171743017935027,8.596910321946364,13.158834310882332,14.323857878998371,13.226454219895505,22.777115396629924,15.470527508972847,7.66089530966829,7.919407881725269,15.295800563811133,16.58791507916525
P09671,3.592652609136799,10.296072485352202,6.457722110353674,3.5890791350752047,2.921049780176839,6.455731219451173,4.544066515468335,1.2821984471297134,13.798540212590204,6.877735247025009,3.876547415708593,8.441992132974534,8.853323131996046,6.402961057615861,13.440753185706718,5.959386086960739,3.638920980325189,3.1030314868606714,5.980988036821091,6.5293573155449645
P09925,2.2013678660512226,4.907223382894017,3.253460491414749,1.6766032694293311,1.7870380710794396,4.111272218426255,2.906618975155487,0.9877577824102609,8.791129962307616,4.1049418175201655,1.9849746916672697,4.379216504802203,3.969028343767753,3.735757870387612,6.306708250869718,4.7132944712732945,2.4443199015989983,2.460435626288039,4.718906689059221,5.180737659191548
P0DJE0,2.005492861464786,5.152507977782072,3.4117694780244316,2.1246780161230343,1.4813128180906199,4.509011863289503,2.6608613675943413,1.2469244977522165,9.641616313827617,4.342327131147419,2.5155650287968725,3.951649326794533,4.153017681176962,3.891300070503935,6.5645701465879585,4.28433501086083,2.2284739904787068,2.2379081603940665,5.132619441538393,5.634939739903583
P0DJF2,1.913725604145198,4.924165528381832,3.2612820982518307,2.027420981816068,1.4813128180906199,2.999649435715912,2.1207153176550744,1.011143961245982,7.818486307672842,3.4561568262388893,2.4116379213858075,3.1178542494453914,3.9854044788745786,3.731600778493388,6.296442797835166,3.4457127123989553,1.786950552197117,2.2049475350859136,3.44981559421285,3.787442885370537
P11352,2.2000366954479786,7.5416538960740995,4.994848507978597,2.3267379006265623,1.4813128180906199,4.211247760436451,2.1207153176550744,0.8295246230144223,8.99475326194434,4.8442597752239624,3.5932136148922504,5.643959283403678,5.9380429820558245,4.219805051550086,9.381368482367701,3.4457127123989553,2.5079432785571383,1.7987321537433385,4.829708901372243,5.318291746575797
P12787,5.176495013235291,13.701904830104809,8.80874809445754,5.331226344200188,4.83719147731062,9.879495705566384,7.391922412599472,2.8913742460461376,21.736524569878814,11.380835296992501,6.490958537149845,9.909744897548213,10.730578159786974,10.044091625659435,17.452387369775067,11.31223725171817,5.707691163197346,6.256226808854372,11.320932628675243,12.446226331090477
P16125,4.118164700210768,8.528116223968691,5.655856726501087,3.5139481870205906,3.092766026704049,4.046535587064939,2.8521273067044506,1.1113431584083462,10.169795176417107,6.535171301450618,4.124717043418146,5.601586092278097,6.84436207992645,8.018713747522778,13.373918186201397,4.620022796206263,3.3510213236628643,2.4126587375328787,4.61752027827139,5.9973338266571155
P16332,4.99483088795885,12.26403334673619,7.771075105283137,4.584725053313686,4.458378699798098,8.290552453482716,4.673242281199532,1.1459206915924067,17.734292899640113,9.032146604351842,5.702096413189386,9.361315190141022,8.952094712702438,10.054828996842385,15.552819981739313,7.588136463068608,4.953265258292647,3.4544918698244538,9.038313864345406,8.36926584996122
P17665,2.582885572060496,6.66783197774636,3.434002654040324,1.7262758642577891,1.525199557887007,5.8710351234928,3.2618583678044115,1.0128803595828262,13.905115901215433,6.673723052787877,2.493881241755464,5.639628430851109,4.627450393005258,3.859327593383921,7.3258313054664965,4.818487244815226,4.028674688523282,2.2473026680466104,4.841166292604902,5.321068573464574
P19096,5.574916886617,9.333266928336322,2.696961448806998,2.7543715963201576,2.4193888588864416,4.833315380903145,2.1278212262006666,0.8323041220157192,6.435639860599944,3.467737416109685,5.436434967305043,5.129417152659391,5.398587749034043,8.34557059663519,14.076340804674816,3.458755208160908,1.7937144054109921,1.805540601936848,3.4628736199458525,3.801778876761616
P19783,5.240003745313517,13.488167508839151,8.933378555630156,5.2764303690573175,4.668605083818521,10.0790297019808,7.128153736930769,2.655928796229625,21.56131987495541,11.26300552170079,6.244130867723079,9.824640158507979,10.876306697835293,10.007578418558966,16.90325365669934,11.474094980484896,5.656004145252394,5.702988952345217,11.308609037061908,12.810109172049387
P20108,4.358948758098555,11.222643020394903,7.697039927785259,3.810024908558142,3.6843966205035983,8.16948348741622,5.672724172846359,2.129842386043388,17.774677603909794,8.917876845712199,5.278734509157747,7.333586200817106,8.724785939313042,8.466215204399667,13.772818349808198,9.272545558445394,4.722398239434997,4.75871749278441,9.29569823427311,10.023473972749407
P22315,5.418622032975559,14.825181668907566,8.889637029798946,4.810459315595676,4.709104568270497,10.073511710311166,6.10239050987881,2.2005590428982535,22.27802582413022,11.188480321865962,6.294471801653098,10.974574236055489,11.361115776163853,10.460823233507966,18.239527663748607,9.155618059605796,6.113052819870208,5.416584979946992,9.708364462244305,13.417831133831886
P24270,4.571919553444277,12.751843134171391,8.129906235003743,5.067032343948519,3.8614228034152998,8.678498894342832,6.3912713517378235,2.0313571964489157,19.4060026396959,9.521108949412847,6.20536310270696,9.04245576556003,8.559218276346632,9.594606878112922,14.26517571031082,9.412403447433006,4.89113660737258,4.358100037047018,11.085108998902744,9.207673731441357
P26443,3.3913765610300683,10.406889931176938,5.7739508943985784,3.3190677027402593,2.9320454103537146,6.53708000415304,4.262852752319972,1.5352075930268927,11.872573492000972,6.397227188115358,4.5694003428125445,6.195935210742102,6.519247352076198,7.096499196987875,11.115028692077944,6.323921135481001,3.2783518795822784,3.298101917888935,6.869629106707624,7.535715437069228
P28352,1.9003946428852927,5.641048204485182,3.736074552861095,2.0106837717137185,1.7776984054356748,2.999649435715912,2.9638545486914682,1.0035729297629912,6.414147891388111,4.176865410491982,2.3633131803291048,3.7203724932133144,4.515245887959599,4.2277001393236375,7.1335262461807405,4.7058490348965,2.440458689781487,2.45654895698987,4.711452387246431,5.172553818173027
P29758,5.261549545161729,15.100728293399818,9.669532821108586,5.34014520824932,5.1090068805420685,10.61500897766168,7.2482538646317405,2.7270599054857634,23.528372725808353,11.591252264134003,6.826392215259402,10.531636597570854,12.125921213329136,11.527580665116618,17.495163766348004,12.414960199794272,5.61431051601734,5.9081548868336045,11.7796787953686,12.41511182137638
P31786,1.918251074690365,4.935809917739403,2.696961448806998,1.6766032694293311,1.7955032337361723,3.673814422190558,2.1207153176550744,0.8295246230144223,6.414147891388111,3.4561568262388893,2.3625169853251933,3.7108702962333733,3.904228612113457,3.6555944586314135,6.168195036701916,3.4457127123989553,1.786950552197117,1.7987321537433385,3.44981559421285,3.787442885370537
P32020,3.4077633846204,9.819414507202337,6.503404007041267,3.1017562964889542,2.7408118683042417,7.963871114714247,3.987744319929743,1.3125662505985143,10.175795404483043,6.491512561296641,4.762005317462934,8.165314181241394,8.59077539995312,5.663704515033798,11.037561113137302,5.478038669855621,3.3742968799914053,3.390643525013911,5.479173838770304,7.146030897850593
P35290,3.0631625657819894,9.919088260887337,5.220619714274072,2.410717432481534,2.1287409517277984,7.2652412351575695,2.1207153176550744,0.8295246230144223,15.535259285320452,8.370915877764634,3.8168356179290517,7.547491461326072,7.940760457971581,5.902302209236272,9.964962848594103,3.4457127123989553,4.32348858004447,1.7987321537433385,4.959958928722184,5.437200459700665
P35486,7.7227757337936405,20.346054590713067,12.811141864673472,7.538294405543094,6.262679907235469,15.073456119357624,9.691575426353715,3.689898598191375,31.67525546287872,17.21619511899564,9.213652862062942,15.260445706537547,16.32967121701702,14.279818100445471,24.943348561438935,15.613090528383903,8.978642161091994,8.069179690369213,15.782055614546788,18.862808001810933
P36552,3.276001164026848,9.977054613027015,6.545996007729669,2.341712211092136,2.0518521332632664,3.028753774905627,2.879947348871822,0.837573152188189,8.97656140075611,5.802951428185308,4.146124027528029,5.317315111774482,8.071612702625922,5.306520834555134,12.645438718422346,3.473401820470396,1.801310155300435,2.4316719057220246,4.692648531990553,5.2698756648191365
P38060,5.074652527440712,12.282991552271712,8.091666298798243,4.685956088261247,2.6911829343617573,7.793659458390383,4.785870219705609,1.2035702864236575,16.652179043837506,7.821388354945671,5.885567878758135,9.267263587856993,10.373424609472027,9.102073571105144,15.35612104184857,5.00174557422218,4.6393503854542955,2.59600715903681,4.990838730095198,6.988095980215923
P38647,7.90572536052429,20.48978960721877,13.249481600462698,7.680696491354721,6.961537254368828,15.176811445988527,9.929818050378072,3.8107517080929543,32.206611094184574,16.750968997548597,9.897838857489715,15.697358808879592,16.22339525843955,15.203396809157582,26.068357780481954,16.506172664907886,8.706639004935619,8.688007907220179,15.937650888887235,18.295513066857485
P40630,4.9986254670602115,13.696360788842135,8.791032450604611,4.930907045270826,4.174032666758254,10.033640973218768,6.422981964987712,2.316508638040755,21.539939508922217,11.913928052046122,6.034666929753138,9.47858181633476,9.983644283339311,9.988688766744433,16.30716062078705,9.236061456118511,5.831823512104171,4.231475944135246,10.887133916105928,11.131820882722671
P41216,7.480697544233282,20.750252394593332,12.394457348361714,6.017744571851784,6.072058664862453,14.919571116839608,9.116205216821058,3.2490187786111244,32.64670197077289,17.44950374888419,9.179468931769158,15.091200607874477,16.51906092628892,14.332549040374483,25.692457481397838,14.937046898047683,8.937530878747875,8.413004410700347,14.613156988227747,17.513664084065105
P42125,4.913459295329131,13.466926455501438,8.565254840354601,4.867204027109307,4.5999904778642655,9.210004628564812,6.526079267411817,2.5475032989040716,19.70223679608358,10.853791175324924,6.170993809749092,9.700709512258927,10.63484746564862,9.15830200959204,16.82969196454014,10.776629816054474,5.072113257781206,5.252320766680147,10.068314132386172,11.323988849535409
P43023,1.797723228571668,4.1347947846293795,2.7630309673745823,1.904526848159256,1.5160761922932748,3.3700787429532904,2.163820098889631,0.8469304798488808,7.2062365706967055,3.8829606265775958,2.0348180258089856,3.1806866887366634,3.386235385778689,3.5141919683953144,5.182485932237926,3.51788928053577,2.009084943790154,1.8339589247658146,3.5216175326960113,4.258256876278527
P45952,6.131512832160342,15.954282481845176,9.837582220821167,6.219029862614883,5.4829922930575465,12.179659928254834,7.81174926927333,2.7987934952135354,26.34945606293502,14.017581287475577,6.984024491600598,12.690973855565312,13.186406387788974,11.37301458842182,20.27522447651799,12.250239121712106,6.77063342903907,6.411332645099916,12.89452915548741,14.557881854088016
P46656,1.582581335340816,5.018271656518442,3.320642956202859,1.6766032694293311,1.8293180233186979,4.240202401701602,2.5502914118989763,0.9972136690713476,9.06682126587972,4.885505719696852,2.87980480707474,3.819738204907028,4.013030182496409,3.7681477299263952,6.345680256016304,4.1657126025468605,2.5423332691426683,2.174584571170585,4.170739266703469,4.577962170084896
P47738,5.479119526207832,15.338391405807506,9.541703305616302,4.993438046634879,4.77443936100589,9.755073291588232,5.8857150251019315,2.110882579100432,18.481885840261235,10.588078365802396,7.25584173947324,10.702122360736746,11.511094032914752,11.006810434731998,20.097922238698263,8.278157175199645,5.174932366906118,5.000743331087979,8.804084628769475,9.688133723963325
P47740,3.073111603497174,7.907356305435556,2.696961448806998,2.320962629007058,1.4813128180906199,4.235044212714243,2.1207153176550744,0.8295246230144223,9.05224594930636,3.4561568262388893,1.9849746916672697,4.324766640237985,6.3869587171565785,4.251818949479093,7.194052111211377,3.4457127123989553,1.786950552197117,1.7987321537433385,3.44981559421285,3.787442885370537
P47791,1.582581335340816,4.072105447335842,4.150158352566252,1.6766032694293311,3.4028319350364624,4.677237669927563,2.1207153176550744,0.8295246230144223,6.414147891388111,3.4561568262388893,2.9902667722340315,4.7125574211270225,7.378997622660184,3.0714117733141593,11.657897380985924,3.4457127123989553,1.786950552197117,1.7987321537433385,3.44981559421285,3.787442885370537
P47934,6.9100162562192065,18.232449146388998,11.105032159890737,6.733248430582935,5.445910902558494,12.975966104020243,7.084934190128514,2.499675074576903,26.223943283006083,14.975032066936489,7.518396868187615,13.727876092531712,14.095234221195332,11.869233871685083,22.235218911989914,11.26943087249182,7.780241211842963,6.0170359284875445,11.84163155490246,15.09524206553059
P48771,2.880367936125393,7.436335478775634,4.5210946104902625,2.5610043102512865,2.0857253513102365,5.037126691351229,2.9947314264010756,0.9732096935780162,11.828296151965253,5.3204183633208695,3.5580132688806327,5.569813646514606,5.864077460143232,4.596756975349112,9.271948599845818,4.119869573233907,3.407002464351537,1.8560646934735403,5.4685651001802515,6.008902290712303
P48962,5.59564277695392,15.037733861453303,9.341162505532784,5.481905950724903,4.882261529922193,10.547174532523094,7.403421739156709,2.6421354975492726,23.5890846310767,12.380443111086972,6.904874250343679,11.218880554477954,11.911412096148576,10.444299652113639,18.4861639404531,11.731843938682934,6.6121021149651416,6.365985108731125,11.99915133927812,13.893510628357296
P50171,5.570726153449448,15.341618299272989,8.83558488662115,5.9472289876900994,5.056688056216041,9.583330065792818,6.775254722099256,2.433360723032269,21.38303714656975,11.047899950754303,7.2638492049508665,11.435717104564809,10.807084188764636,10.498696054688677,18.985491215286068,10.546803605945668,5.468477137501866,5.263496364411161,10.562351167235366,12.074321698659501
P50544,7.81923825819007,20.568154500290685,11.990596736685143,7.105600829024067,6.395455649685113,14.106885994128533,8.99190442426337,3.124057109947304,30.155860725148674,16.688451738277358,8.8962948608179,15.101244467839075,15.90112031334594,14.272596155086848,24.48454544951443,14.53954146050466,8.602703631585976,7.680656741258889,15.014874389466865,17.150380055566252
P51175,2.560018282348516,8.116273531334722,3.574166056177843,1.6766032694293311,2.3854742924354437,4.026403113086414,2.1207153176550744,0.8295246230144223,6.414147891388111,4.627206267084853,2.6333574641280686,6.2441599042832605,6.569517609294847,4.0744560437214075,8.379250680950978,3.4457127123989553,2.9733292160446023,1.7987321537433385,3.44981559421285,3.787442885370537
P51660,5.236718881341445,13.063350861298243,7.185582718343828,5.207030821688602,2.0892403593797884,8.675842283830063,5.600365351372938,1.7770726503233985,19.15430329953066,9.123026553748273,6.321775086789934,9.999539077785123,10.520229041359963,9.474853555774676,14.287344080558276,8.041810196097028,5.303194674599678,3.795700907515125,9.104947745271625,9.444172500501754
P51881,4.532807962328784,12.174615877269733,7.063057703103127,3.65343131068748,3.243632321384091,8.954483829539882,4.299095467031673,1.564302696996699,17.683798508933382,10.550383789666435,5.196156860147052,8.394343290584251,9.562512188800211,7.467420918940841,14.349298423171673,7.598586869933458,4.981558113728224,4.736451549486375,7.609373939020066,10.267971492930721
P52196,3.5492262271439827,7.16958638348613,5.306552937102775,3.304540155532105,2.6201828875523394,3.7944284591919604,2.6879797146267075,0.8539433284547309,9.088894318718285,4.9080355829705296,3.0827803983251987,5.544712141699557,6.535649169711351,5.960750219446462,10.066103854635982,4.334959292238901,2.515805355886193,2.532685823187214,4.860479256229632,6.021275100870658
P52503,4.8478857714180315,13.439031992819752,8.486783773066723,5.125794991190031,4.895693422417607,9.424211503738148,6.5014802033985015,2.60873798423011,19.662853041259687,10.33038966058139,6.1098104736595245,9.843955253134471,10.100657460188343,9.453000773541975,15.119614246341445,10.762787500977584,5.4400091388749425,5.621256770488637,11.05173972876936,10.912713353027305
P52825,6.313355618368717,16.551746088654323,9.775423468739653,5.6882453409484794,4.648624699603617,11.85766897764343,6.312311042433126,2.300871009084979,23.959013422766816,13.140727183618578,7.208806177695701,12.901803914849653,13.651409058567141,11.15112858363425,19.94901494840946,10.905514572337717,6.7016620002086915,5.699645938773763,10.609226680361651,13.608846335056517
P53395,4.377445189464723,13.381575913324156,7.976587637548238,4.466590399800322,3.400010958004365,9.160165318484268,5.902349691530245,2.1370961691274144,19.02586735920901,10.27831067130712,5.821537876390948,10.179419089241867,10.161656660787113,9.028460439103188,17.34263335168587,9.18149070257603,5.718430193164142,4.388691944938828,9.554279445009822,10.860192535816099
P53702,5.039201529287044,12.984731799442427,8.599822634455554,4.97936274862027,4.387967394053292,10.226816411904807,5.115693086863733,2.0018433698523532,18.982477425367797,9.34520173590399,6.76735067662535,9.982176985381445,10.504828562541627,10.463697367620343,15.443097984578777,6.732071666150831,5.255610916523376,4.3059719334538595,9.256018314568275,10.167117847367622
P54071,7.9237379366478455,20.662563278794448,12.972090827223393,7.605153790586709,5.712928881886316,13.571991983496483,8.471062865651218,2.6396256511538354,29.49749476831727,15.132932227317387,9.395368215622776,14.983338588845054,16.423496804811798,14.751377900686059,25.947142357962036,11.474387709112893,8.19680911602636,6.827912438225068,13.403421716357833,16.79320510142795
P54116,3.0286425273578947,9.32124401533041,3.557610572657378,3.117337813735368,2.306906331917656,6.833463295097528,2.1207153176550744,1.3416919177560764,6.414147891388111,3.4561568262388893,4.4287359139402,4.150300546760004,4.370061456214274,4.090321540591018,9.81898839092935,3.4457127123989553,1.786950552197117,2.8840168990249833,4.5674798565516435,3.787442885370537
P56135,3.1916392811550827,9.086224232173358,5.7520749017615564,2.8739709817997854,3.0079625688370033,6.4117939976214835,4.533061099934074,1.6856747165210948,14.96405873734708,7.722818774934209,4.2294844914603384,6.636708255540415,6.983356282084781,5.897789427505371,11.550058340140492,7.779189748188834,4.031948997061189,4.057300394144584,7.439766755332031,8.546281376575145
P56213,2.8982816979812815,8.651680294186615,5.729663443749321,3.0724999127756614,3.147846248288105,5.4968976587456755,4.507915308693827,2.0221608277757817,11.750043939690327,6.33355333905362,3.665335982938646,5.756053141088561,7.014649319759294,6.574801363172892,11.08534072276126,7.4147727535126275,3.27276686598029,3.8767513056937477,7.327597082792058,6.937457664090849
P56379,1.8741926373704072,4.831546064783014,3.1990588630620507,1.99234747559229,1.592782732253078,4.299344578494459,3.0395838243392683,1.1889429972117853,9.193284933284065,4.9536485618595,2.348468956614147,3.6852810392756967,3.8789472727756085,3.637950833176363,6.12946756549886,4.945599361394409,2.564793483214282,2.5817035061751428,4.951488189446051,5.436081495652436
P56382,4.13474269367075,10.638057932605173,7.042014598672753,4.380413708189792,2.9400616299084392,9.29259145024278,5.777914119261857,1.8358610633966461,19.870340562606607,10.70680226555894,5.1717196424055185,8.566976967413003,9.019625308390754,8.407215504373747,13.52347272808669,8.979848844042895,5.564693969447154,5.410585518747219,9.920865928432038,11.351631613775307
P56391,5.2552930184451405,13.131116418579612,8.44024075266119,5.412190705209173,4.631922071495484,10.520622541200074,7.461204719750724,2.9884079928191776,22.490540216279562,11.814302519528908,6.019964705277603,10.388660403595829,11.243773119876153,9.923440800133406,17.754715204012573,12.189208900782383,6.147739818311512,6.032827177398067,12.517044043977727,12.678494393660566
P56392,2.604172698205977,6.706049692106611,4.045561242538189,2.7623321831109973,2.0472086655084913,4.858650035282574,2.9174070329380566,1.1416829935538442,11.394508675327502,5.594039801761195,2.970987108429126,5.591177764244804,5.882511233209724,5.043656027620154,8.508725232531466,5.261091925859403,2.9784010056371786,2.5114089572676,5.751361968506053,6.280629298599125
P56393,2.2827692378595588,5.8796487049500294,3.347829789425093,2.0772842491811963,1.4813128180906199,4.915597565638338,3.475267119135618,1.0106512283979587,10.51101818270531,5.663687189323011,1.9849746916672697,4.479513096745587,4.045326057316107,3.7937920395659126,7.445907585225245,4.2348308208649454,2.973117173450223,2.2047151738145145,5.739781649682271,5.372451825540862
P56394,1.9470143448025738,4.072105447335842,2.696961448806998,1.6766032694293311,1.8224259578679098,3.6587259063123505,2.1207153176550744,0.8295246230144223,7.82345055982834,3.4561568262388893,1.9849746916672697,3.8074738931109318,4.005865828414244,3.0714117733141593,5.182485932237926,3.4457127123989553,1.786950552197117,1.7987321537433385,3.44981559421285,3.787442885370537
P56480,7.341452351975158,20.35768988527005,13.010856006607645,7.3607687819197265,7.18192788479541,14.891976588575314,10.02425158273997,3.8784873546084935,32.5399109830913,17.31541388677366,9.815028912217029,14.993728473815365,15.904895151887608,14.563827996948687,25.38377835407539,16.470495483517183,8.798618105668524,8.769662811093193,16.68597154137822,18.56278649093091
P56501,5.067065570694168,12.704839482222464,6.477149978659269,4.380215664483166,3.529817410886721,7.838643981503946,3.662635069530195,1.4309532653166126,15.38004058412073,9.04458929319853,5.2006117606060265,8.843754175647433,10.230512176063128,8.006699357420407,14.54200213287499,7.145444505303447,4.2650369330998235,4.322997902161218,7.14385189136542,7.845871578843426
P58059,2.404608968612778,5.195935749667601,3.4417472684722523,2.1398136746670735,1.890633632495261,4.500128016635247,3.1815352496380713,1.0479993020568543,9.622619991922022,5.184988611821167,2.534207523346033,4.73888090648988,4.985804662398362,4.6682921791856575,6.610876568929387,5.166486765218712,2.679345943382216,2.6970112258773593,5.172638608497598,5.678875511262598
P58281,3.101263667773845,9.50925352082478,5.275537224997709,2.8809368384188634,2.562788235196527,5.320268875155623,2.1462723363003304,0.8395213331247261,11.34869717859381,6.142882865876014,3.4309938013992767,5.398427634507398,5.693848240903484,6.033258780312514,10.167945284652644,4.5203034543872205,3.1685062489272253,1.8191551679482214,4.548423097692405,6.689719496860144
P59017,3.013365747288161,7.7532217651832225,4.453988471137355,2.7625585516372726,2.130726736850795,6.458959324247462,2.7199263880801205,1.3739578227728835,12.310528184474412,5.741118455885187,3.298483464727243,4.523239598589933,4.760439130064951,4.480059164419632,8.613744107928609,4.974868096471362,2.9620448373283716,2.9734636452984367,5.703994353165119,5.459166270909497
P60603,2.9316858797604044,7.54345686648642,4.996042617944131,3.1058587771652055,2.2782169016720557,5.51798952023854,3.242348917831244,1.2680698653380347,11.799112397776774,6.357755316476004,3.668291749962292,4.774371962725571,5.020488117610337,5.676059506492677,9.577386789529251,5.308833575556191,3.3220155428421267,3.3439180310827767,5.317428399175818,7.041014155292559
P62073,4.041456548472549,10.403770988771054,6.891368787323357,4.279922728697266,3.7849298959496296,7.771447324538468,5.517961336910144,2.2900417655408924,16.611823950799266,9.541300234807744,5.100123778675137,6.487221773512482,7.719413158696875,7.889849163429538,13.309227060135497,9.522259321332335,3.7920348496790597,3.842462066232656,9.533597673614599,9.861363882038031
P62075,2.9197276525811375,9.35999280236425,5.005574802674329,2.7266829490088123,2.1338181450286675,6.1446097544513965,3.87263966812985,1.5134047435881364,13.1366215246327,7.072031694983029,4.466180299993823,7.016526329847551,7.38093854051595,6.919168673243351,11.678922463663564,5.593965113963728,3.675163195242486,3.294037266076286,6.334426823486401,6.923259014693814
P62077,2.8086663090390758,7.227896382808766,4.789334631650139,2.663287672586942,1.8872655850264852,6.290477555419046,4.053467040426319,1.7508957567634167,13.46029459502336,6.5798289281937095,3.4715575518703634,4.892882779471047,5.7493236207226195,5.378945018166668,10.067776321595575,5.30482120281023,3.4164923418000575,3.1140982596611346,6.624193610163085,6.546141062313807
P62897,3.778881517169832,9.723530468944748,6.44066756201127,4.001824123940643,3.5369202874586567,7.197806637346751,5.086205549816624,1.2096240716525097,15.387122331751149,8.293626284979545,5.4359911103452285,8.53846049246166,8.983364843526369,7.137001365444904,12.052594624168735,5.054243842496528,4.345268321427495,4.37203076757778,8.384960062065463,9.204097108585437
P63030,2.073119302191016,5.334297969343295,3.328104084794734,2.0663347009171544,1.5746427735010162,3.901980700319158,2.414233643648281,0.8698395910314736,8.3436020833601,4.495811101353533,2.5812073992274325,4.054373333909567,4.265630192062113,3.760045795713393,6.73916452982512,3.634913262295557,2.343770562530292,2.207721232374915,3.9582038459156,4.967623268076336
P63038,8.3372181294564,23.532111126841638,14.174685356686764,8.3005980829682,7.168756549549642,15.829401827639392,10.28122330141439,3.923490716635712,34.38690091023232,18.254006844626158,10.355159232261128,16.26569080547094,17.9930200259167,16.397132164689793,26.851616622571473,17.449621341235225,9.452904921578586,8.966665741476145,17.44872110890256,18.579998203933386
P67778,3.6316077262695146,10.803914619796117,6.513654436770643,3.684503161195976,2.9198519351475523,8.144076322757266,4.883369883416901,1.7156000951466872,16.983181004131005,8.627965568046308,4.787460175464743,8.02962819671897,8.186278917012016,7.402706207209068,12.950454035464256,8.598743532059522,4.98153965012198,4.623767430888886,8.605399757844681,10.022730674481357
P70349,2.960995001852727,7.621767154053878,5.044256518596499,2.8483930909257347,2.5386008066482395,4.09985978185048,3.1707108735617324,1.2390819028091555,8.76748071514312,5.16842384781354,3.3976940594405467,4.872154100308964,5.647406435248565,5.780387640000323,9.763397324496717,5.03502194975785,2.613610951657837,2.628370253509249,5.045620118774922,6.1626223517360845
P70404,6.489063472958033,16.92151755317107,10.36721681052997,6.4367839700271645,5.2952148294138945,11.950622301432725,7.753127653644754,2.6661761473886747,26.34442913947648,13.545871548965668,7.752875612383953,12.556505459263873,13.211980205075175,12.40724447333533,21.21553533031331,12.90980087326127,6.922775261393228,6.7358236609177755,12.669883343053277,14.916919420591748
P85094,2.6376522688819866,8.051303300938635,4.497304894377095,2.858963091471116,2.473869971596262,3.79245616093127,2.6810201725579503,1.0485326587748598,8.107810197972015,4.3584775069563975,3.9157548461062888,6.1505836512525995,6.471065479381411,5.122838478589392,8.62667180790404,4.319822858890149,2.2396242012012038,2.2540932324203,4.319467092460039,4.745309109768515
P97287,1.582581335340816,5.219549673969704,3.4569154539058404,2.14903915468392,1.898719455256378,3.8406507987352843,2.1207153176550744,1.0620955795758045,8.212460405856255,3.4561568262388893,2.5608156099941546,4.022343390665619,4.231931299113922,3.9624279578175834,6.685924475290286,3.4457127123989553,1.786950552197117,2.2820037065026764,4.376689412240187,3.787442885370537
P97450,3.2890105566687597,9.151217148294876,6.500188641713037,3.4560445743014694,3.3356126484587905,7.519787891832776,5.031895737230968,1.6852161036703743,16.086666662452785,8.669561485270817,4.961720349261454,7.784321377161913,7.233869943762899,7.263677195407338,12.241838023658069,7.802020435279801,4.326813145890595,4.054880368483294,8.349087909531985,9.173803540718664
P97478,4.846196689726467,12.487016919524226,6.287586767159,3.569709335209099,3.103186284597995,8.838373688236553,4.934167673846159,1.7233730734238886,17.099275166118353,10.13715778760294,5.554309697536332,9.131117901817117,10.093183910419283,8.59164196968487,13.810922059226677,7.2045065244600375,4.808586528489619,4.5540913830120076,8.758642637455829,10.137871772350328
P97742,1.911992225635698,4.919705410021274,3.2583281552778316,2.0255846224383296,1.78964488502187,3.6141464362328026,2.5551571514683133,0.8295246230144223,7.728126316066606,4.164172228889732,1.9849746916672697,3.7949560206436987,3.9926957006684787,3.738427671238279,6.307962020336914,4.1168938909451835,2.135025878765035,2.14910238701735,4.121795962152139,4.52518877182597
P97807,5.809352242863641,15.677016412126514,9.3853025117964,5.725221489509035,4.750511329482943,11.615671386875116,6.848137291511055,2.442624483526367,22.859562091851256,12.750745119939083,7.459352065752111,11.71059383868246,12.532313522334828,10.794236810392704,18.850881243522295,11.17832936944542,6.156141541467496,5.831229230221105,10.947077029390229,12.797308947777898
P97823,2.9118433677266404,7.428762401462285,3.7506300479835133,1.6766032694293311,2.7234326562781876,2.999649435715912,2.1207153176550744,0.8295246230144223,6.414147891388111,3.4561568262388893,1.9849746916672697,7.238303179401415,5.90392583633959,4.228599692671052,12.031481076190024,3.4457127123989553,1.786950552197117,1.7987321537433385,3.44981559421285,3.787442885370537
P99028,3.5246758261101623,9.452363904438181,6.717885753767224,3.204558595761135,3.1216999797491827,7.15267001844043,5.375708379159785,2.1574413489056528,15.286763273354582,8.246064645685902,4.487033466021833,6.675679705768919,7.719867622983697,7.509613531727987,11.71857061426527,8.984712104073864,4.129765772953749,4.569277533658314,8.525038075637678,9.070618919958207
P99029,4.590529205785103,12.127070600973314,8.043315067380515,4.377363810144749,4.152086634409516,8.876441244124223,5.707378037285588,2.0636313331779004,20.04531888856311,10.230166352858344,6.182890575661878,8.950238774905184,9.715878510106176,9.122931225652579,16.180214522566622,9.286715585040216,5.134362895456125,4.479488467736481,9.608438366483554,10.890437298881055
Q03265,4.079429704805213,10.496691419265039,6.951974221665154,4.321790626331768,3.8183892210040673,7.705715737925841,5.447846406430132,2.13094265831556,16.477125547924917,8.878424835778407,5.072495894979063,7.967508577235709,8.382662952698022,7.848827331314903,13.243563621953804,8.95795705605155,4.6456067710661735,4.6762358714908245,8.968623481886377,9.846366644936063
Q06185,5.23748765325073,12.48325720431731,8.260811554441638,4.697023014354887,4.539782626359778,11.415592860798952,7.129832649824282,2.97997628989498,22.999297642906328,12.380585326511213,6.078255817397327,9.93428991535536,10.442807369429314,9.016745533423585,15.86490289438353,12.412393924436298,6.437209207511499,6.2781942192892926,12.044212603631477,12.345264676299678
Q07417,5.120388366404862,13.141665007305258,8.918244212598063,4.872295199644174,4.67175589403374,9.57171410100628,5.617314981739685,2.0005071861625217,19.412509095449273,11.58962965794513,6.560220416700878,10.039866262555757,10.29121190109958,9.67599576656296,17.1163236159298,8.799716252606007,5.575796097282869,4.980311596049452,9.142339646172466,9.228044462795799
Q14C51,1.582581335340816,4.072105447335842,2.696961448806998,1.6766032694293311,1.4813128180906199,6.073047142637097,4.293569757480028,1.6794436314997316,12.985991649704058,6.997285445486179,3.044259874579512,3.1178542494453914,3.28031291781875,3.0714117733141593,5.182485932237926,6.8776007607644045,3.5667316178204636,2.5865734307352723,6.88579006307711,7.559690039173572
Q2TPA8,2.766207125746696,8.213702985539811,3.4713259310255173,2.509430743396957,1.913140613465819,5.220608222208381,3.1575670235248743,0.832315241603015,11.15156295383227,6.01818317358755,3.4587518453783117,5.429045023624481,6.615052359678481,6.186941194303146,10.43774782396425,5.159454247822917,2.681824395415957,3.1531574084540415,5.159842485312653,5.674621930886989
Q3KNM2,2.457501533137129,7.839118234576956,5.1918595784708765,2.603212825069465,2.851641852988847,4.720270697379731,2.7855035820780945,1.0903103339252955,10.135179501017705,5.4616322886764115,3.835482897656308,4.862570362611464,5.1065754850582294,4.781121478611335,8.073700006296075,4.526325673076293,2.8204898825438565,2.821599410401225,4.52912942623244,5.970159680902659
Q3TC33,2.374442995588715,5.522194291135613,4.050201162209606,2.5208737727354564,2.226025436361267,4.084287462285504,2.872223135035017,0.8295246230144223,9.680402356748385,5.218916686040219,2.68635858856931,4.234771898466649,5.051255707680042,4.63089845252384,7.806642753662554,4.655265373684569,2.73528426623189,2.4303922291524676,4.6615619756806925,5.1189394380888755
Q3TC72,3.9123634663232205,10.748728280362462,7.117477729836644,3.8143457017490405,3.3789282830972254,6.822167547087752,3.773637967960074,1.6842629307556525,14.549999602467508,6.984896189876228,5.592833492019027,7.141312023901469,9.24677346377794,8.128979514144007,13.714358266643833,5.339819561688613,3.1805796900132237,2.7845099571281664,5.33962290640934,6.819888045078679
Q3TEY5,3.161805450322779,8.135572504336915,5.388201678943723,3.3496498643900883,1.4813128180906199,5.869201197430953,4.149453177291259,1.62307196725231,12.550108034757583,6.7624168149599635,3.9850009303489062,6.259350377055019,6.585499595646456,6.1661132635706055,10.404269307908168,6.689583499555064,3.4692256511936903,3.4920987151663048,6.6975489258031935,7.353026077975718
Q3TJA9,1.582581335340816,4.995433311042196,2.696961448806998,1.6766032694293311,1.4813128180906199,3.6212282059195466,2.5601638756781373,1.0014163410557604,7.743269258292682,4.172331751250334,1.9849746916672697,3.1178542494453914,3.28031291781875,3.7638760062019263,6.350901765210547,4.1498405182542095,2.152112037355984,1.7987321537433385,4.154781819695749,4.561402896337717
Q3TL44,5.805686370974933,11.369732133128638,7.861894740840952,4.449246270121233,3.7353114828752507,9.35650492256879,4.456031281364319,1.5380312315391607,19.365794445663475,11.155002629619515,4.968394044002719,10.766425473413205,10.6381212479639,9.585317098155146,17.81524234108186,6.581146242402664,5.831819576077081,3.851426489556428,8.152903511540059,10.182335008807355
Q3TLP5,1.582581335340816,5.077073837260371,2.9957298618443207,1.8625071015556813,1.4813128180906199,3.7131341777922415,2.627053719355578,1.1165927492100571,7.9335963580367075,3.8403893986810673,2.1905657904751195,3.441365593314048,3.6208370443163447,3.799792024335255,6.415041775089133,4.61088950521074,2.1977364927594865,1.9773621512077708,3.8107497864597235,4.662230726530823
Q3TUH1,2.1810746124549674,4.816590092203833,3.1910792547315885,1.9891377766293517,1.4813128180906199,2.999649435715912,2.1207153176550744,0.8295246230144223,6.414147891388111,3.4561568262388893,2.720241062970673,3.6661178333189435,3.8576282330515363,3.610108566122522,7.102161604539267,3.4457127123989553,1.786950552197117,1.7987321537433385,3.44981559421285,3.787442885370537
Q3U6K8,2.129716037374383,5.817868896111177,3.6523698739052954,2.1141861360521186,2.1163704823554013,4.3118201595860555,3.048403906980452,1.1923930009284436,9.219961457947155,4.968022763137031,2.6841950238479293,4.247572912107667,4.474406640027097,4.192189002548259,7.008067098641813,4.915079479847646,2.548965837750186,2.5657715069492464,4.920931967241371,5.402534790551138
Q3UFY8,2.0288395874421563,5.220362803036991,3.4574539904874073,2.149373943375007,1.4813128180906199,2.999649435715912,2.1207153176550744,0.8295246230144223,6.414147891388111,3.4561568262388893,1.9849746916672697,3.9883485943627317,4.1961651726277935,3.9289395362165167,5.182485932237926,3.4457127123989553,1.786950552197117,1.7987321537433385,3.44981559421285,3.787442885370537
Q3UHB1,1.582581335340816,4.072105447335842,2.696961448806998,1.6766032694293311,1.4813128180906199,3.7682784553981366,2.1207153176550744,0.8295246230144223,8.057706684343458,4.341761124391151,2.51536924425507,3.950959536183103,4.156827923122457,3.892107412487044,6.567270493401827,3.4457127123989553,2.2562459927479,1.7987321537433385,3.44981559421285,3.787442885370537
Q3UIU2,3.042844467556991,7.824736147968944,4.580601174367845,2.481763850768849,2.3486991706994482,5.968146564310697,3.738146436028414,1.5617757880959007,11.989948536568843,6.4723762315851,3.163023650818493,5.639852908778148,6.306259918089367,5.562665788993358,10.595752051868226,5.66842775143356,3.3321211361577325,3.36457744795915,6.061436526706353,7.097864624586999
Q3ULD5,6.183591920440467,17.548445629688405,11.160625676823997,5.824230596674564,5.960647955056452,12.086141266975071,8.043022161121245,3.0884268995393587,24.263472909992345,13.721430613058935,8.117674617859619,13.48084770233395,14.374739873513818,12.389415083403419,21.46785934176822,13.909053355810409,6.3342432339280395,6.37963486002964,13.530314919442931,15.502021571956195
Q3ULF4,3.8166059628468543,10.773743586951019,5.78111459560285,3.0829757802070272,2.307073233274119,5.717300090090131,2.18114988501181,0.8531637985729165,8.671302694427048,6.600335567700033,3.6879497158597734,4.9206100912381245,7.084854222792352,5.739160262002696,8.168340211098055,4.646968225331973,2.425479918892654,2.8820727549827727,4.650480978166133,5.12586829471635
Q3UMR5,2.5484757409036027,7.607937068287176,3.8018368920113925,2.705233182700179,1.8418717768460284,4.8727019573398165,3.000430678144039,0.8295246230144223,9.073274538081023,5.611707773500186,3.176599332708114,4.9835397330559585,5.242234034764433,4.310978526920022,8.281427981250328,3.4457127123989553,2.98343314345317,1.7987321537433385,4.3444348193679225,6.3286480935771685
Q3UN04,2.069494256647149,5.32497044387817,3.526735785433036,2.19244392643656,1.4813128180906199,2.999649435715912,2.1207153176550744,0.8295246230144223,6.414147891388111,3.4561568262388893,2.590272127826307,4.068611552009127,4.2806103056344575,3.0714117733141593,6.762831243884712,3.4457127123989553,1.786950552197117,1.7987321537433385,3.44981559421285,3.787442885370537
Q3UQ84,2.101813386304464,6.490318841560068,3.5862945264564363,2.233186158622496,1.4813128180906199,6.803407043998311,2.7941995073974715,1.0901778473305668,12.332550927710495,7.838796566300949,2.6370668328672844,4.148557880745341,4.357761024966997,4.065696716606234,8.198776787587851,4.538791761087613,4.066764499032349,2.376092158541499,4.561821195860819,5.959102079106867
Q3URS9,4.4697101492795905,8.918077348998914,4.712456913014066,3.671317150060338,1.48720057574888,5.1272282836466045,2.9271231030873057,1.1503551099806455,10.975236471743697,5.917707682362618,4.329867181989142,6.823048661958984,7.1827309728409405,4.304796301597668,7.217686616407165,4.760827536127159,3.046525652331486,2.4984549568420453,4.76868102195743,5.231935121858709
Q3UV70,4.94446289978274,13.30072687411487,8.82004488927499,4.839490514700454,4.158785945612144,9.175157013978012,5.96234917743789,2.176054130761811,20.09625600864119,10.012366543005694,6.1820685935065836,8.140386349562407,9.992866515722264,9.091756318352596,15.752013021220893,10.21797626241231,5.292512490266463,4.506838907283909,10.194655006707407,11.752688178449423
Q4VAE3,2.547348337122296,5.690016911522095,4.341072467167659,2.3414530270852953,1.791823058671186,4.754509523629857,2.9333318588972808,0.9953450119923227,10.166563756573366,5.478083655328648,2.7828700143382163,5.0470627944922395,5.310044651625485,4.302653777173472,6.295481279775837,4.795780498056803,2.4851590450676366,2.49253692735875,4.160425180947407,6.0602825341837105
Q505D7,1.8462158226860128,4.747205031577727,2.696961448806998,1.6766032694293311,1.4813128180906199,3.88091242081658,2.429435227532399,0.9433410600463568,8.299489561892402,3.9724581940495134,2.30980240643815,3.1178542494453914,3.8174624555251717,3.5738489105179942,5.182485932237926,3.9754230933318975,2.3273841349392352,2.3440003930334044,3.979823045574241,4.367832469221573
Q59J78,2.3482844895168573,5.5512977965088135,3.6764801935753137,2.112136047896428,2.021368255430562,4.492126890740697,2.9264908634415736,1.1440339715765602,9.60551119108209,5.175769819268678,2.5004850081607786,4.262004721941491,4.113383202477812,4.559952360287573,7.694145462419012,4.747927319072444,2.6727797676968326,2.6904017585264555,5.159962211131187,5.664958497524797
Q5EBQ0,3.5858718059607773,7.92109243917892,4.814097115121108,3.53524380421934,2.3828142314424334,5.7953677734279045,4.097932679934417,1.0055271267043653,14.612406075690044,7.252063982764974,3.1877722164295057,5.452868692419064,5.757739378725634,5.9400726217894055,9.008075558922943,5.596330989111087,3.7747421242607486,2.919856771346497,5.599391515075958,7.386725896199585
Q5IRJ6,2.5001572271289345,8.356371652495925,4.287580430008196,2.6586183529240084,2.3485653500884234,5.367189503555499,3.377343642375287,1.1736099856630409,11.471032561585588,6.182980274167985,2.7937563031098325,5.690373813107581,5.260058435635705,5.514217160578189,9.276236286423053,5.447707276119392,3.1648027894620285,3.1910708557194805,4.8444277169057495,6.709977285598579
Q5M8N4,4.344134810083963,10.193353281287608,5.32107034978822,3.32357798435171,3.194203260486896,7.520270481505473,3.799635350019755,1.336137396713921,16.08048864307197,8.112661205643137,4.306987294236635,7.3269555218474,8.635571792961409,7.261769745362081,13.007507540071556,5.563547804139308,3.914402392609169,3.236779761616012,6.210655240719203,8.25518829313946
Q5ND52,1.582581335340816,4.072105447335842,3.353949944596484,2.0850292261686696,1.8421653918571226,3.701921850702896,2.6172132916838526,1.0237314037666108,7.9158164117609715,4.265305912807819,2.45611729655198,3.8578908750512952,4.058909833651445,3.0714117733141593,6.412572105196664,4.245927237516042,1.786950552197117,1.7987321537433385,4.250982951413269,4.667019061010209
Q5SSK3,2.95769745694636,5.700308810298675,3.76915081370155,2.340348545966777,2.0705616656005073,5.501270092450416,3.8893304039819996,1.1429142667537002,11.76336125925521,6.338491410569965,2.773959836208218,4.376093036891749,4.595479027124108,4.302439963068196,7.24809516881513,4.75449923173616,3.2636334787576935,2.480618124557233,6.30064086270892,6.9172733315870785
Q5SUC9,2.755168250192593,7.148382110071803,4.700421461710694,2.6030416106731726,2.5758098284464506,5.893640260641503,3.307276393812993,1.155561488086612,11.218010243707026,6.098872649385721,3.494149952279841,5.436804041826149,6.44228908623921,5.365803794964207,10.16982097925578,4.3158366419656735,3.5332907856521003,2.521401622932942,5.42392272238459,6.70394913947689
Q5U458,5.107278978723025,12.680030025438978,6.9158025877080735,4.501465804409819,3.2878426299203882,9.12490057246993,5.142453113077495,1.47699444719586,16.54914095542194,9.762227930158199,4.788143173983748,9.39952540677082,9.888364743279716,8.608924769525062,14.522896266360023,7.77864409245229,4.859136975658965,4.673201351488363,9.37380403798529,8.55723576429936
Q60597,8.601602048296986,23.031094194876992,14.355876840449058,7.934233559353056,7.148842303779226,16.642599570577566,10.419337828110924,3.907808344255215,36.044151965340724,19.81513916709661,10.616630131719207,17.39295271108102,18.754847352219187,15.871420750596078,28.327880870030544,16.89316453928228,9.963356286735705,8.893358368161147,16.90510640751878,20.577112590733762
Q60649,2.1802770994074954,4.958495146354359,3.2874312584252974,2.048425686367123,1.8047233933900424,4.598026276943471,2.9086844608226343,1.1354225950723191,9.826260556234077,5.295714079574502,2.7410497696062204,3.8028620783560063,4.546941838806838,3.0714117733141593,6.32624836370773,5.207592297318009,2.424568758847035,2.7187489994510674,5.213781060702457,5.719029756906224
Q60759,4.517968493156932,13.438201992135314,8.29933294135103,4.8240946891697005,3.8683778909094344,7.008290989803258,4.964107836975308,1.2206079886906156,16.982671484713865,8.098383982075253,6.09336552944307,9.584162008370459,10.79961251753123,8.752976440501719,14.843786737225223,5.063066182185384,4.168160811516623,3.4290521463987114,6.605172558539323,8.844733021377518
Q60930,6.642452144847518,16.862812250738806,10.617769513720184,6.415185808912013,5.283075587569474,11.587966852233095,7.374016951745992,2.5718989898256543,24.806415979097334,14.062877913663659,7.790805547013436,12.428365044380822,13.544726277080148,11.906152871962247,21.661068936037797,11.187404490839569,6.645365664855681,6.079496641047653,12.052559152728408,14.543441614123488
Q60931,8.150705633372944,21.15603710185111,13.26783453597416,7.415842587601455,6.464260493149429,14.38597511226299,8.26099291726839,2.7307893851752154,31.519730376664832,17.186320560790108,9.59686574314262,15.258840831942427,16.988476467067386,15.009747424875037,26.16187235954455,14.246311276463594,8.660929376911994,7.2032861180010945,14.464489346864442,17.73462023564197
Q60932,7.9602711773017845,20.986523224201903,13.570038828622945,8.031693394990457,7.161816514175677,15.059127035521508,10.311452020164,3.651353314674136,31.932929118960043,17.632232336868416,9.926208654760472,15.708369349772735,16.924220794955826,14.995522973577463,26.11357676395825,16.273790888448413,8.875258476345744,8.946057770824503,17.00639481887212,18.977890654390116
Q60936,6.529992964002404,17.216770102263435,10.26528131899247,5.906401797108198,4.85598367326331,11.879859959331226,6.708510171169719,2.2490982773364303,24.248716778709618,13.462887737227138,7.650238669875031,12.005046028936864,13.535578636882361,11.30001810054465,20.8317450501565,9.526634884532713,6.653406944041254,5.138591016568252,9.838519996080752,13.8544979345723
Q61102,4.800355019212281,11.882319750690321,7.161994411976461,3.9103207852212267,2.7229066231194103,8.038124502881299,2.2779236044050006,0.8910171504250184,18.105578138881782,9.266929933829106,5.4713418244354255,8.588487893981249,9.030852145533208,8.885873966782665,15.580419240675592,3.780228886906719,5.214150663586967,1.9733564040092337,3.78473008408913,8.383314333759389
Q61171,3.731835611088634,8.676508952137194,5.738024793608723,2.398649369571223,2.4337646029854523,6.314398338598773,3.4894124166746905,1.5510800486050211,11.987113682503491,6.4609037473315185,4.689185120664029,6.659861127570964,7.004620671476355,6.486851616409495,11.060519386118061,6.324923091641262,3.68782079871741,3.301691343856607,6.331739534767096,6.9498706028752
Q61425,5.693929633342423,14.718041725610096,8.758562393233868,5.077888553506787,4.253865166041922,11.111368782344366,7.4023411694052985,2.6119729865798504,24.950920217111726,12.54103218868638,7.102458453902225,10.77324064510014,11.320915773950693,10.143283159300001,18.23472491618185,12.086470479337008,6.0251313952877785,5.940664764245459,11.86705849034589,12.493426528259873
Q61586,2.7119893319536255,5.409837981294036,4.621645987174265,2.2572590824440217,1.965091367957313,2.999649435715912,2.1207153176550744,0.8295246230144223,6.414147891388111,3.4561568262388893,2.6415863325289433,5.381885593031862,5.662313700579624,5.301718890807138,7.0035046600882644,3.4457127123989553,1.786950552197117,1.7987321537433385,3.44981559421285,3.787442885370537
Q61733,1.582581335340816,4.072105447335842,2.696961448806998,2.0370392529508248,1.7997652822046968,3.5690657062392974,2.5232856289197185,0.986991296126328,7.631730228648122,4.11223080172036,1.9849746916672697,3.1178542494453914,3.28031291781875,3.0714117733141593,5.182485932237926,4.1048894636838424,2.12880036906242,1.7987321537433385,4.109777240969505,4.511993799865503
Q62425,2.450605802758174,6.305600234148683,4.176208343085382,2.337918160729664,2.0736336952912335,4.701080179143586,3.323605960992923,1.3000391702218839,10.052315833734651,5.416523063791183,3.1624861758269396,4.080308080727501,4.688330971813317,4.893411142294967,8.25680054557961,5.340253770333185,2.4954053170889745,2.7877211385855136,5.3466125216002425,5.8698759405394645
Q64105,5.578929875531939,10.829190853470593,8.386081424769245,4.891739082959371,4.2895072574098085,7.173143046046439,3.2137629912602637,0.8803835322608037,12.52928554339721,8.290977786603863,7.301779551473817,10.79953978525141,11.361380365379462,9.451440764988892,18.009757130726353,3.674116536010723,3.5401310259033676,3.562150990652516,6.831240092777424,7.46702019266123
Q64133,5.052929342874058,14.146349048837635,6.272336695111355,3.3773800002356382,2.9920986815262545,7.623467693099188,3.6331574632575308,1.3950099413984385,13.06315743202623,9.419202835703954,3.971839255371372,8.95445820485517,9.896931165181112,7.779217060759632,14.040903407629797,4.86002793195442,4.566618144860777,3.632276095271221,5.87483442804612,7.695674934924248
Q64433,1.8874762570253218,4.856623906975791,3.216549182693078,1.907206236421477,1.766697679883351,3.578715861152516,2.4024396657542293,0.9896599550106314,7.278992950356159,4.123349583928863,2.257469077286698,3.5489305119643206,3.7341633280607214,3.667114515546455,6.187633176979787,4.072047755003855,2.1117686213924465,2.12569179146812,4.0768964269837324,4.475894999337001
Q64521,9.490237754791343,25.16167413087793,16.25792627289061,8.87492176336787,8.225840522362347,18.09672386241824,12.185642178033754,4.044938737802539,39.125028017827056,20.52371583341778,11.758311539004973,18.489586524936318,19.864262278741375,18.223524997479505,30.38979789363818,19.533403734210918,10.749196939726628,10.133313503773767,18.971058916644804,22.325834508921606
Q66GT5,2.052056755660073,5.2801023911773575,2.696961448806998,1.6766032694293311,1.4813128180906199,3.860424886571126,2.1207153176550744,0.8295246230144223,8.254743321415058,4.447931036554929,1.9849746916672697,3.1178542494453914,4.241739361002922,3.9716114099802198,5.182485932237926,3.4457127123989553,2.294714525551649,1.7987321537433385,3.44981559421285,4.863648965032085
Q6NVE9,3.2632561812929,9.515751656744703,5.574616886799734,3.917909431646392,2.2540768238757996,6.98314259394229,3.7711889709321165,1.6999482812006335,13.17440175360016,8.045885514916193,3.577215760295625,4.766909660377861,6.84430055943133,6.401469889832991,10.811199355443701,6.8728702207724695,3.1145727577239017,4.081870872244272,7.828681863125697,7.592076271423151
Q6P3A8,4.065594824564411,10.461093191272747,5.571652086980333,3.4581350865580323,3.47571626043879,4.009795793542828,2.837052725611559,0.8590056725618174,8.565982429968493,7.645240326945605,3.521156228494607,7.994628776508386,8.411196274941615,7.875543557500121,12.120349056872874,3.5656341645072955,2.8296339871985503,2.4035168640806757,5.4624585566104935,5.054733260416868
Q6P8J7,7.348334602031243,20.467826829250583,12.784661562978533,6.8712191183620615,6.4376684006352285,15.124810039218787,10.552218441412942,3.9545211317601594,32.271798743063584,17.191345898448592,9.669464200394364,15.157905946238797,16.069756831077203,14.098166746261453,25.072023502416673,16.754325968957843,8.845827261084423,8.808951426762055,16.974617440178775,18.864009109174045
Q6PB66,7.554079806586687,19.34509228420632,10.802012165267678,6.384521512828657,5.195120160279467,13.027769978904548,6.945923346587711,2.498290363621065,28.718967934832296,15.709010250957082,7.798501028556598,14.490377143206793,15.95537508251587,13.263006580359983,23.69153019390211,11.381208982210435,7.83726784223517,6.246102120788001,11.968446232737625,15.405670838326156
Q6PCP5,4.477524879680683,13.36737204105515,7.2630540519308715,4.944052997361669,3.9833020318276855,9.222726176494199,5.714841233981193,2.4472714477738875,21.137596656555235,9.763359613891195,5.88608374119083,9.255061755621002,10.113164321139479,9.470535128386102,15.399328063173892,10.117047347087528,5.465288235585575,5.279139774144355,9.699341045203253,10.637411019121812
Q6RUT7,1.8821447783400747,4.842905595687939,3.207463524876855,1.993963923645503,1.7617073596138824,3.608772571870877,2.551357895351369,0.9979718535047801,7.716635386374876,4.1579805326946335,2.368168165672028,3.719746760368017,3.913567592590369,3.6643387020332345,6.182949462927577,4.126190188016068,2.139846949054624,2.153955243261569,4.131103328517353,4.535407033515262
Q6XPS7,3.418806034728684,10.375705434412133,5.826643085781455,3.6224407544297543,3.200533828472407,6.860064464570248,3.00841191573328,0.834523579185742,9.100155516834429,7.788001934019303,5.061228148929183,6.7420923597805045,7.09439001017129,6.642392023469718,11.208255960776638,6.242468945153882,4.672108787851906,3.2490459478241065,4.872581337905559,6.891531635031312
Q71RI9,3.6102271578025578,9.289396599790944,6.1523810805798025,3.824712525660368,2.3371828240754113,2.999649435715912,2.1207153176550744,0.8295246230144223,6.414147891388111,3.4561568262388893,4.510574924693239,7.084883880602136,7.454048283020001,6.9793499062106354,11.776468078740747,3.4457127123989553,1.786950552197117,1.7987321537433385,3.44981559421285,3.787442885370537
Q78IK2,4.905451751708568,10.716248401909725,8.359642545949567,4.960259858400211,3.9071421245211635,8.96134445141373,6.013175406689827,2.2089834822811896,19.160727607813758,10.322366789666336,5.203138900488859,9.164786304931534,9.64459145339157,9.043891374513827,15.260916211372672,9.829801525485502,5.091558157646683,5.130741446428247,9.266043853022026,10.80040812081441
Q78IK4,4.977936355114093,13.111009100952828,7.599807753706277,4.395460354242484,4.028527246109051,9.460880976503953,5.363364486047058,1.4133563645169673,20.731546883508805,10.372244984997705,5.755753672022655,9.790725088098752,11.061611565459538,8.640143994565097,15.873031834933098,7.742329373832959,5.516151048481949,4.586328287958161,8.734071598246295,11.691608207504915
Q78J03,1.582581335340816,4.701991157730694,3.1128895954029434,1.6766032694293311,1.7070091216537484,3.9039976917487764,2.4140003298981525,0.9444201824514443,8.347915014455046,3.932281277643157,2.299728686569423,3.1178542494453914,3.28031291781875,3.56253115711003,5.182485932237926,3.917239596709834,2.0301543580245593,2.0452012332771408,3.919657036503424,4.302032244100839
Q78PY7,6.590534394691157,19.20316267987038,10.161094646319599,6.151281509898595,4.554907099577021,14.26670322996606,6.99273133708178,2.6424793287851327,28.774379721429316,12.931643897683985,7.509366150083502,10.054102672230755,14.07306221789725,12.8348868216082,19.10580997491903,10.114812632059481,7.214996905960337,6.358085023967933,12.561579649414991,15.634241760553653
Q791V5,5.287086042143544,12.914105476804636,8.135014888892718,4.7709185096126605,4.062739502816651,9.022559928475152,6.009586780609106,1.8459908071537063,19.765194670923883,10.397272918068646,5.971078579537234,9.645768621327477,10.147554506339027,9.491609831092441,16.46643537453176,8.437421304768723,5.307153886560066,5.014470447870118,8.858137277301633,11.580746525514634
Q7TMF3,5.084057821427863,13.050700742608287,8.365909728739142,5.018235585376364,4.27105535856336,9.59427922486535,5.830150402507371,2.16995031186491,20.185443120566603,10.88784827474796,5.28810986495609,9.759388528267653,10.268035614134364,9.30767670878023,16.787533738145907,9.501758080961016,5.456900161206604,4.848128216661233,9.28675536420618,11.151477892064486
Q7TNG8,2.40217862214632,7.164627035185461,4.7443873223512005,2.499589939084681,2.61069441787092,4.590172266157882,2.7401601639575683,1.2559272809218114,8.302538225175171,5.199007303853247,2.9981443249674933,4.809738668391378,6.045816323315506,4.640749109682578,11.145124904762786,6.059047376386585,2.666791952930313,2.689283369557236,5.157160845745003,5.654373872233005
Q7TNS2,3.800753099454229,8.605050202410519,5.69957370725349,4.026557707042785,1.4813128180906199,7.131738800301618,4.427892832760223,1.4806801500436113,15.249791139999617,8.217096119344514,4.106722550427202,7.356365491171434,7.73967569304377,7.246787620814882,12.227723819090674,7.1757989491873095,4.235438985539935,3.7466996415124463,6.139579684643763,7.886498683115862
Q7TSQ8,4.892371345454359,11.961611345780366,8.125046827687846,4.762952231673581,3.77961125319715,9.267883506145461,5.8170761109290225,1.4514773394949125,20.33081703870451,10.956581185001744,5.622231286909037,9.384248796430857,9.607531040967489,9.471857937565716,16.40386074477022,9.205785808327587,5.5594230128296465,5.335824580920019,9.535220694549567,11.47838640087408
Q80U63,2.756347348853612,6.44941258372865,3.9086430720035072,2.641281341460394,1.9752399835340992,4.809761114168485,2.140993104204455,0.8374563444967481,8.614750855802443,5.071611749347899,2.6359940176596623,4.910615858021902,6.2195420936497285,4.396764918098863,8.15221892329754,3.5152699243363257,2.932075285791832,2.4415093875750467,4.194865014649742,3.863898466397485
Q80VL1,1.582581335340816,5.526388246419415,2.696961448806998,1.6766032694293311,1.4813128180906199,4.044305239313073,2.1207153176550744,1.115830996797829,6.414147891388111,4.654021349775679,1.9849746916672697,3.1178542494453914,3.28031291781875,3.0714117733141593,5.182485932237926,4.604357213503343,1.786950552197117,3.2227639443997314,3.44981559421285,3.787442885370537
Q80X85,2.581072829711762,7.609109472871477,5.043145268028917,2.7261827669247145,2.119764072928853,6.215070835212725,3.4004132316786633,1.0357817800377787,10.282501786189052,6.331802710446673,3.685863606671808,5.068326497373897,6.088154359241409,4.992946295884049,9.620156632603374,5.548054303821062,3.294015532071632,1.8030209996531235,4.896947906253415,7.891816958260893
Q80XL6,1.9708156800982564,5.071062755137764,3.358572348374554,2.087902807209423,1.4813128180906199,2.999649435715912,2.1207153176550744,0.8295246230144223,6.414147891388111,3.4561568262388893,2.465897834346048,3.873253434307646,4.075072873212491,3.815558793769191,6.438107695015646,3.4457127123989553,1.786950552197117,1.7987321537433385,3.44981559421285,3.787442885370537
Q80XN0,4.29551365550586,11.792370474279814,6.831544533810348,2.8192681005185447,2.9784899605651116,9.524434037197066,5.536854022471459,2.0163621247426877,21.25091605347848,11.450829282150519,4.091167978860173,5.3608585662061055,6.776361837674784,8.468379065816846,14.181689994583198,8.55717625842306,5.51607595172631,4.768967426602221,8.53949554184957,11.191728756236126
Q80Y14,1.6301540084465185,8.439234301080006,4.1422490737745195,1.7270022583996747,1.5258413417681318,5.913645194492164,4.180869707813362,1.2444516641944696,12.655569679161129,6.803734476766305,4.070507919162305,6.328687613740679,5.773144202326645,4.6646143938275655,7.869139214479042,5.910132576603928,3.491261446930866,2.6818736014459774,6.7582933754319425,6.460618258029021
Q80YD1,2.000895357774067,5.148460116387065,3.4098327349800432,1.6766032694293311,1.872859154180813,3.7534213367947213,2.6536227959765544,1.0379730985717113,8.025937720001318,4.3246429467574465,2.5228687772864684,3.1178542494453914,3.28031291781875,3.0714117733141593,5.182485932237926,4.29460287109118,2.22718595904671,2.241870090908424,4.299716544077989,4.720522123355385
Q80ZS3,2.5981512482747777,5.474348084895019,3.6260724600609056,2.2524699434735878,1.9891390228984103,7.041346610650062,4.145489490349328,1.6192592706846,12.702069836078778,8.112947421305623,2.6695531552897114,4.192560853737693,4.408334774678644,6.3169094448893,6.966368251522887,6.722660042217007,4.187640922634344,2.8831269505016643,8.084492847384764,7.390784237705549
Q811U4,4.565643908561483,13.450501906191207,6.883481265122209,4.260712969067,2.990105578886619,8.720672014391278,4.311417857496775,1.425778639996589,17.579210538885487,8.098833490944301,5.701833543834314,9.458292429314824,11.312999333031216,7.77621938577258,14.029227685094485,5.996277701343698,4.603748290955062,3.129710512469662,6.991058940457804,7.756811677486275
Q8BFR5,7.1720960753113925,19.52071942689663,11.342786415917866,7.17438989291726,5.941866732121495,13.118530566850591,7.935393268814669,3.037774480556664,28.847593312079496,14.628973835830937,8.70164041355843,14.859132995780374,15.44253923672185,13.842160441938528,23.990622982714935,12.092647072528605,7.336349374171066,6.3156234548729575,12.390712654000152,15.011382016258063
Q8BG51,2.618829325154808,6.7384525031752425,4.462887039816339,2.0412877671637912,2.0780420429857873,4.252202612139447,2.1207153176550744,0.8295246230144223,7.798459775512369,4.898475037675036,3.300067348143299,5.18350639333455,5.45359776990089,5.1062946789026284,8.61600537225246,3.4457127123989553,1.786950552197117,2.2342118818521324,3.44981559421285,4.704467475810193
Q8BGA9,2.1688836939359963,5.599082936327071,3.7105587155846997,2.8846137255112287,2.0269861645185854,4.098785920185489,2.8864918410297715,1.4074824057799016,8.766894618163997,4.723512706266444,2.719051180123879,5.560952267866033,5.865210390052314,4.212694292659722,7.082031237681128,5.84321909191032,3.0265544214550206,3.059504871668946,4.698376350201061,5.160899582216643
Q8BGB8,2.263480571981926,4.692799865558738,3.107915343698751,2.3979550640014393,1.7036426719793756,3.5270649270604895,2.1207153176550744,0.8295246230144223,6.414147891388111,4.062565531479384,2.580440397487049,3.5865979691102456,3.773479201362616,4.386731965293594,5.9602596986307885,3.4457127123989553,2.0880219240925144,2.0949908417620255,3.44981559421285,4.426957661204571
Q8BGC4,3.1679314142735477,8.798534376670432,5.287652477508823,2.6331410086459814,2.608530957907836,5.9330397540631035,3.3629624407418808,1.1657472307978747,12.690731100059667,6.834276842272504,3.560587413847379,4.983000173221279,5.874180725660886,5.509059082092386,9.460543297984357,6.115041743768732,3.5365911703631707,3.5618243919280728,5.4647483843067315,6.72444401298831
Q8BGD8,2.6808350743201355,6.897998141243755,4.568554351422331,2.840104802220487,1.9928036076238598,5.017321356506809,3.5471845901894383,1.387492670724437,10.728534080041257,5.7808920099980154,2.6757036439368447,5.293329143946718,5.569142936121397,5.214481547890477,8.798552346726483,5.6997240843536146,2.955883426745657,2.9753719574765043,5.706510864402271,6.264996891406755
Q8BGH2,6.255541611280978,15.249538721894616,9.29272253597521,5.50955548059116,4.264319339942434,10.575767231023391,6.285229391227487,2.1261995974393986,23.537018351802008,12.690193139819003,6.646124483177636,11.826660873394994,12.4346769206502,10.782416499107516,20.36493769296609,9.306966673350361,7.022304197394991,5.542523391588941,9.313745616979602,13.235265406000295
Q8BGT5,5.206452718637693,13.403634746808612,8.876175043578352,5.1484360269182865,4.876371327114733,9.37375256751761,4.132253644378891,2.0178913049127547,19.347799029767486,9.497669493309049,6.361410210354148,9.292862203646944,10.509762746077284,10.194059194977248,16.62219458409301,8.4069598409221,4.661033712607051,4.387751640129771,9.483412187703193,10.964184695246226
Q8BGX2,4.063831904141243,10.464381912425651,6.471189621982582,2.5065847191479156,3.807435084950431,6.661604063098954,4.191839743607954,1.6417744408437822,15.563730652696801,6.017460954933646,4.403980727087019,7.737713824268651,7.395114109187275,6.7850322771376606,10.22687668286442,6.714423247653115,3.0589734745078836,3.504823469208821,6.722584410003339,8.229561626718676
Q8BGY7,2.1964476583185126,5.658810813194059,3.7435027294058765,2.323638190719757,1.784313840290861,4.202483667971478,2.5709916949584093,0.8295246230144223,7.833781536071534,4.233967813786989,2.761176912915004,4.340298727827758,4.565650156628373,3.713604429547128,8.360980426289874,3.4457127123989553,2.2109730502015745,2.2114653138476115,3.44981559421285,4.652300937447529
Q8BH59,6.67596618849687,19.31122606703781,11.28262800234478,6.614251248787142,6.242884172102554,12.609101552671651,8.524084643393282,2.93619844672397,29.350815489212906,15.925194137697332,8.752016426769462,14.196059760983589,15.485059930793568,12.452408360194685,23.95277856617528,13.896309419206194,8.01165846887921,7.607397613786354,13.616986463289615,16.99436354410781
Q8BH86,2.3860963515061044,6.1396123749580935,2.696961448806998,2.116842014443701,1.4813128180906199,3.7493434048658827,2.6611559635302164,1.0444773064898882,9.616288768995174,3.4561568262388893,2.514895994525144,3.94671214682543,4.909027499418421,4.596404439141927,7.7556521569966925,4.29007092419717,2.2127507668874435,2.230795425883175,4.280193632339401,4.692166142505377
Q8BH95,5.389802833499209,14.208240431951872,9.184653803074943,5.412025103142572,4.526714241743141,9.547594821263157,6.178501688064717,2.236845108498569,19.269006922951114,11.911396882039481,6.554043480248012,11.130562272140414,11.421468470109444,10.959414869822556,17.62108279704314,10.376442670034447,5.528296331327261,5.059450739430094,9.723264614091999,11.05590435061725
Q8BHC4,2.11665412931408,5.945071618512429,3.6035445314849897,2.0139302815132267,1.9819345658140477,4.0146098572638556,2.8424067694998687,0.9922931846657449,8.586583444894826,5.611730529674973,2.8767656879702184,4.151128888077299,4.754212976360143,4.452133296979752,7.512144601054229,4.125224874761809,2.3957784773444653,2.414058784070553,4.603109400944764,5.076581891835323
Q8BHE8,2.70394661189371,6.957465933481677,3.9126523619649496,2.0683753315934204,1.8286048951319935,5.373485967952604,2.1207153176550744,0.8295246230144223,6.414147891388111,3.4561568262388893,2.428534087045216,5.247000512501565,5.5204003086488544,4.367938885255636,7.369228571525666,3.4457127123989553,2.6274596040766602,2.2462560189706626,4.307222791428885,3.787442885370537
Q8BIJ6,5.5006789488961445,13.826737852627515,9.358784355313317,5.326198224216405,4.370505622096044,10.98444411579926,6.693575507383701,2.1166725260735437,23.500980746619888,11.437312646512105,5.988978179264261,10.565141652775567,10.385322826065737,9.721781685837898,18.32105413828785,10.61602779690408,6.039777063409984,5.810950336201524,10.878455228499401,13.062070585260837
Q8BK08,3.637714026914709,9.33914033352561,6.180697867414655,3.848655945359179,2.2165128825277507,6.827527402702691,3.666642352817515,1.0681946685249275,12.885482740030847,7.879228743767971,3.966411621547202,5.424980788315971,6.620709497085039,6.131540306021478,11.840020062296068,6.057599772958893,4.151608018978533,2.7070973815388655,5.197926667834573,6.698572267403298
Q8BK30,2.809778435110038,7.243320968187941,4.803250563388983,3.7834366756587032,2.6350658683436357,6.910918081665021,4.885934222959802,1.501296915079021,14.777610381157155,7.962669377004637,4.470110210276816,7.021324842632811,7.387177442815712,6.916737621638883,11.670820478247162,6.253195165253332,4.129724498416592,3.2680762460744,6.269185310789758,6.871363992239725
Q8BK72,3.545870507680666,8.176016855215652,4.084732884694282,2.941542303853488,2.593891749333988,4.50217444067952,3.180127844265143,1.4162572103262523,15.454342993287177,8.33879190001693,4.369213316196776,6.896700878715772,5.685110613427697,6.035458695761212,11.479413258021289,5.173228967184476,3.487829821009983,2.3460369724811394,5.932362795444653,8.271715059335985
Q8BK99,1.9635853941264068,5.052458664318366,3.3462508315624473,2.0802429663983335,1.4813128180906199,3.7257255375210443,2.6340422059732544,1.0303140877626376,7.966715815469275,4.292732209263211,2.450823167679117,3.8495752414703466,4.05016090632096,3.7922333030846187,6.398749889466537,4.268641923545829,2.21372258196806,2.228317948002421,4.273724684292285,4.691986486671487
Q8BKZ9,5.374944188921687,13.7985080628214,9.316243707887141,5.20861762082044,4.233974690209922,9.945517704687363,6.458635413239849,2.41791214273255,21.67090951598327,11.069468549367018,6.573928337422869,10.48339005262468,11.416613107960748,10.022495348720827,17.173682832843053,10.639499137850974,5.505057409628921,4.982025998639632,10.663831077162609,12.351097622417965
Q8BMD8,2.6549987772402233,5.836837057756237,2.696961448806998,2.3865846868858602,1.4813128180906199,5.046050350546883,2.1207153176550744,0.8295246230144223,7.839202605566853,4.224102455035034,3.296993007890364,3.8436577144574127,4.6428131846808744,3.792271914711953,6.329664915593953,3.4457127123989553,2.2072763907710624,2.2214969077183744,3.44981559421285,3.787442885370537
Q8BMF3,3.0985401348963633,7.9694629306728055,4.541690857918822,2.8233844690117063,2.162218483689563,6.751661085379839,3.1210085236858163,0.8323855208028558,10.993393026053429,5.905451651412148,3.2989904909591417,6.802622025339171,7.1570789137201665,5.900577089290251,11.307293455081565,4.449301956666509,2.6476190680462524,2.3244908342815003,4.454170774974477,5.616262438261641
Q8BMF4,6.600070855849074,16.749720675821802,10.812764818574037,5.83424033617953,5.792601153734879,11.799572250296478,8.116594153113043,2.9883334889539848,24.888925978994642,14.456255100878293,7.65680626563361,12.184615570748745,13.998883693364592,12.478407742812706,21.02631677776177,12.990408849688553,7.377877213506228,6.877207129375218,13.202941929465222,14.493344796814519
Q8BMS1,9.505658454009767,26.013752644452946,15.481058408163614,8.413801249366806,7.818814062835886,18.49925378600508,11.6784079829603,4.219797693635773,40.12241670118797,21.328613283876248,11.755277183930795,18.524581179573698,20.11373308173841,16.876301032042797,31.610362090089197,19.24157749641499,11.111927811388105,10.04383317449679,18.504384248223953,22.880385040153435
Q8BMS4,3.8666347276932664,10.721863017953643,6.596936383465551,2.2026288539626147,3.901748349853292,6.673999151344886,4.239514236421981,1.6562168762558822,15.664192530485499,7.703145908519381,4.855530839741499,8.562280941509172,9.010071849418992,7.5110495715752155,12.652961874426472,8.37895813237664,3.977040493816677,3.5792331975398652,7.670596774504464,8.429173216345951
Q8BP40,1.9662015547117246,5.134644484527105,2.696961448806998,2.0963953195486464,1.4813128180906199,4.32459430100868,2.1207153176550744,0.8295246230144223,7.97692488152849,4.2631989648759445,2.4593496287536754,3.904171858839674,4.768488879345998,3.8119584041739145,6.436357751931839,3.4457127123989553,2.6029968387905087,1.7987321537433385,3.44981559421285,4.717995972456304
Q8BPE4,3.2723707532076007,6.1369377339163735,5.815822747660187,2.17734426068109,1.8969211982848182,4.588544801277795,2.762237613132883,0.8295246230144223,9.75904693118234,5.277991889564638,2.5810573861061514,4.680003794216548,4.938140842781158,5.451515471782756,9.096505786094019,3.4740174711823366,1.8016294324635322,2.3993713460433232,3.4781540560613884,3.81855478187035
Q8BUY5,3.631662820149996,7.531877692814791,5.9912321120827965,3.6987131511205784,2.3149575112967695,5.56699477871528,3.939766170558011,1.1002766463088838,11.903970410130212,5.415734105794556,1.9916098973089977,4.941130067788048,5.19834776466965,4.845434604013998,8.19715082702212,5.3975565197585835,3.2852562134125765,2.8176681968858213,6.323608569729835,6.974914817579014
Q8BVI4,3.527053958944482,9.075385459523465,4.765028826626725,3.7365979662249,3.3013596981140765,5.542695615043757,3.9171172549403535,1.1745475979194169,11.848532654769047,6.380616040828185,4.424230923990626,6.949260987960301,7.311358634597817,6.8457472051654635,11.551036202529476,6.308023663799431,2.5128601143271716,3.2936471419372224,7.941933760271207,6.9323507442523145
Q8BW75,6.236182023681348,15.730994609146784,9.632991981354373,5.993641000536846,4.577586968397422,10.947572555668563,6.118812625759201,2.394549589228662,23.89749706367168,12.348493445295432,6.7904240172954085,11.866052081726366,12.94910653450857,10.996192988281775,20.072215292660648,10.284498635122077,6.398823426647798,6.157065603721374,10.306617261128036,12.300849021642506
Q8BWF0,4.177040352184629,9.81049058393825,7.122986055034705,4.840426358558307,3.605281624117836,7.298730238924506,2.9570662112564463,1.425572808321437,13.45755847093438,7.218447737639164,5.246529570334484,6.536987712836962,8.001430828951259,7.380248507603303,13.691924735478155,5.894935049675086,4.288773877949837,3.0907434549468165,7.1383050395814465,5.215420344427699
Q8BWM0,2.4530648273492783,5.632733295018476,3.730556880355649,2.934275072400042,2.046232241477167,5.343066906272099,2.936491272194188,1.0273539029322503,8.920965326795294,4.797239539146528,2.7486157785395378,4.827914573586348,4.541833236662042,5.38880275975218,7.163745598765606,4.251438289456535,2.4756813724271614,2.8234237418763453,4.792047943820189,5.241307084573339
Q8BWT1,6.294917148418571,17.65477512114052,10.551568817717966,6.002044641512871,5.480032753650349,12.101843372471219,7.165829108831029,2.634824888019383,25.859033809806363,13.955803967171695,7.563563902250618,12.880400511952034,13.563722093210059,12.218004074092114,20.311466761538075,11.064633757192905,6.985572561511858,6.254015616844964,11.545053596164884,13.903257519685742
Q8BX10,4.1530866495600325,11.532710489033551,6.4485698694031,4.213727494021718,3.8826536124324678,8.875520071724818,5.483363709342,2.142258994555947,18.444321729308562,9.624728723540995,4.411372259454455,7.849278921966786,8.948710926607365,6.821778721795218,14.129113474100851,8.853592603690267,4.601254218253368,4.41226636651137,9.892478691948705,10.106700989868251
Q8BYM8,2.7615348693341355,8.27522177263523,4.01804071983239,2.9203975228299783,1.8892513970216727,4.3397047129081425,2.6685435689814447,0.8295246230144223,9.303292319736068,5.018682806361182,3.4883299429561774,5.427016567735434,4.876688130016927,4.535908325810504,9.095400522633861,4.355907051543695,3.079979384933024,1.7987321537433385,4.3612760875829375,5.522405699487821
Q8C025,2.611673319678282,5.602813598059055,3.7285857115009287,2.3169671792709408,2.0475828373814045,3.7120171402319455,2.1207153176550744,0.8295246230144223,7.940385869798856,3.4561568262388893,2.7605102719126653,3.792455869702524,3.28031291781875,4.275970593607014,7.206812580293926,3.4457127123989553,2.191387393959276,1.7987321537433385,4.232270382311953,4.649078436033561
Q8C3X2,1.582581335340816,4.072105447335842,2.696961448806998,1.6766032694293311,1.4813128180906199,3.718690514289496,2.1207153176550744,1.028368618760639,7.951672831149431,4.284626547556559,1.9849746916672697,3.9080640649106844,4.111697343796668,3.0714117733141593,5.182485932237926,3.4457127123989553,2.2158125995755484,2.230421745372671,4.277759589077774,4.696416280382369
Q8C5H8,2.046957652096366,6.313059720754783,3.5276509768231197,2.185042672865564,2.296900382863069,5.595049752179162,3.262273465124889,0.8295246230144223,11.963890227588028,4.4454924920874666,3.0618888762909204,4.063967562818479,5.056872558944422,4.737672760333186,6.754374236185303,4.435515367368348,2.2959102136076104,2.3076533591029293,5.24830231153642,5.771399723901199
Q8C5Q4,2.2983514416690918,6.879870325509954,4.5576161343598285,2.442332605495038,2.155552697342763,5.046293457280759,3.584774569957933,1.2059121445103527,8.150439902032334,5.812864268242776,2.9070543205513157,3.9902335594174914,5.5905832067673265,5.226616685910923,7.5822653301442005,5.664417366659881,2.9293342695940874,2.231521861380503,6.508940596341204,7.145958988146117
Q8CAK1,2.119652027396703,5.454030307617494,3.6122123236992447,1.6766032694293311,1.7210944711413103,4.015650237816731,2.4656135811634456,0.965374927193447,8.586661560769029,4.009107414192709,2.3087603190930746,4.187890180876802,4.4061040573593635,4.125508820426683,6.032956115646821,3.987254381129482,2.380243671296505,2.082999008614941,3.988251462717144,5.0449280463949595
Q8CAQ8,10.199228502342066,26.243411959655095,17.303645840955003,10.447064109242033,8.357956186776645,19.33177735550599,13.49358274674456,4.943055511852659,41.33712342689453,22.273820892212466,12.41457644234162,20.093569421658543,21.140563370041775,19.339813481280828,33.38787017562369,21.47806763735336,11.516322477239237,11.216063096033615,22.145698687732104,24.408853159603908
Q8CBY0,2.549119590587843,6.5590839086370405,4.3440909548788245,2.7005640369349737,2.3860028170814345,2.999649435715912,2.804451272664868,1.3816020734406027,8.49803446132955,3.4561568262388893,3.201730264159049,5.029045635489403,5.291088691952286,4.9541347149642885,8.359261265385477,5.668035719533286,1.786950552197117,2.9588299862039804,4.533745738324028,3.787442885370537
Q8CC88,6.684578898333677,17.21453009573685,10.58264961990012,7.23536497011608,4.62798050764857,12.046772643608717,6.227334722722084,2.2278302860969847,25.770738451069555,13.340112454510844,7.317097478974059,12.516608759083585,13.42297382765536,12.874149309883284,21.187352839734732,10.160541247473745,7.339052639792593,6.187728631588561,9.747102346579329,13.690613087009872
Q8CCM6,3.0368193002216253,7.7339041434289975,3.8679785262051354,3.1809918185722936,1.4813128180906199,7.070625457910166,3.9451569236783035,1.1706418331495219,15.119112530836668,8.146682125973959,3.8430887178463466,3.1178542494453914,4.729444240122004,4.4617010987712815,10.034525548755278,8.116374469761492,4.209161079619227,3.3416280272792735,8.126038805701898,8.921319711270817
Q8CD10,2.0052518060504774,5.159669598238808,3.4172567913573233,2.124384800310612,1.8769368357059815,3.8175041158972096,2.1207153176550744,0.8295246230144223,6.414147891388111,3.4561568262388893,2.530935694447217,3.975410186906312,4.182552597529761,3.9161938547926165,6.607912275624208,3.4457127123989553,1.786950552197117,1.7987321537433385,3.44981559421285,3.787442885370537
Q8CEE7,3.781119540624112,9.650062907024505,5.140424319821873,3.2176634686653203,1.4813128180906199,5.64601887487664,2.1207153176550744,0.8295246230144223,11.977519424708921,6.474581999327038,3.773844956046456,7.34630581475075,7.725346699641236,5.839854356378654,9.853995856285778,3.4457127123989553,2.5406553203110644,1.7987321537433385,3.44981559421285,3.787442885370537
Q8CEI1,1.9147341998022867,4.926760723824666,3.2630009000245157,2.028489498636306,1.7922114017557265,3.6480660716658404,2.5791379172123445,1.0088380984786882,7.800656644277292,4.203253988961288,2.414851042736376,3.7930728371398876,3.990714392153088,3.736572538983157,6.304831799603197,4.175385209388583,1.786950552197117,2.17963604550269,4.180356927425309,3.787442885370537
Q8CEY5,1.8859502650928224,5.522461815631746,3.6553709951366793,2.273748956848833,1.7654952975528209,4.50342435328634,3.1838657191739044,1.2453793248150806,8.61610140875093,5.188786607774493,2.711086189176716,4.256640302375007,4.482332420405191,3.6900529733011282,7.065302039233163,5.153878852153309,2.3957746081552367,2.6904296386949063,5.160015682927804,5.6650172025106516
Q8CG76,2.810112628334374,7.256416624215531,3.534992918046354,3.4673500169263476,1.9448781266010042,5.276262316485744,2.74421619086934,1.2468217288896402,11.312159666372194,7.901843227622992,4.09277496666033,4.726766496826533,5.838606711362334,5.4147904369857605,7.845461487122522,6.006251600597523,2.6979401856802294,2.696243023522396,5.147681375482057,5.647929048288852
Q8CGK3,6.595374620456351,17.216866359463623,10.643103257368564,5.987525864291901,5.03218457915827,12.160352410242155,6.085174986546398,2.2780383387081278,25.096543813550408,13.778376198531014,7.978719512198665,13.433871229868013,13.904158280588264,11.928741867503968,21.567228559983924,10.610123594629194,7.020986413522567,5.696272021087214,10.941065865195256,13.385240764475292
Q8CHT0,5.854135776614427,15.03608375388807,9.819127521110806,5.994743579760024,5.184537858592395,11.527379949092243,7.533514629738101,2.8885763612764532,23.51855622082161,12.884645257767179,7.2071222060015625,11.498450618707087,11.890520972388295,11.717305474653031,19.72514400135793,12.179936182358277,6.63897695927781,6.471912962809041,12.431132131926693,13.617636271911632
Q8JZN5,5.87245073275202,14.282223258959371,9.469821986315564,5.556691854789223,5.044158781731074,10.268275479262801,6.6349093272427435,2.1218216372890715,22.553026010148827,12.155793952798918,6.405683257146404,10.080660011842006,11.564505237076334,11.107479762530632,19.177448440504122,9.692523485934647,5.966740738350177,5.6599379662432385,10.142660349183233,12.650468419024548
Q8JZN7,3.188119904149162,9.08569122874868,5.427566058056477,3.7408411486769393,2.0778607341333375,4.8608229995597645,2.6922676233780676,1.0513307041803321,11.852402468744529,5.5956563264299675,4.025291578588925,4.985809030974305,5.920386719400064,6.2218988435840625,11.63045264816326,4.386005767509953,2.559190176002846,2.292862101810632,4.383867450199251,4.8197964765105095
Q8JZQ2,4.80641565731605,13.253059161254265,8.568174102043095,4.858278047054854,4.060540029785448,9.761077719865948,6.161640253181878,2.1294269338335896,20.87022137571375,10.306333294365082,6.304621173810409,9.911608113569718,10.43199388895526,10.176281690695,16.830754059021416,9.440763748299597,5.5680640452841095,5.609991766188977,9.163324473591294,11.563189531865982
Q8JZU2,2.0170695887157146,5.179721311098794,3.424391828733391,1.6766032694293311,1.4813128180906199,5.027660993711276,2.1207153176550744,0.8295246230144223,6.414147891388111,4.408065409095097,2.53231583429371,5.178008724130073,4.335985457585156,3.9147549061518623,5.182485932237926,3.4457127123989553,1.786950552197117,1.7987321537433385,3.44981559421285,3.787442885370537
Q8K009,2.881563507240026,7.422803546396023,4.912994238455787,1.6766032694293311,1.4813128180906199,2.999649435715912,2.1207153176550744,0.8295246230144223,6.414147891388111,4.692156922821241,2.778619768182892,4.3831929988517775,4.609719834598169,4.292369534481807,7.26006113954448,3.4457127123989553,1.786950552197117,2.4440418010322484,3.44981559421285,3.787442885370537
Q8K0D5,2.164022784234531,5.603136487100358,3.728184651143814,2.5795466250338954,2.026899563444935,4.485715787634173,2.8762468878901872,0.9989888951099121,10.927174010310564,5.168564210590905,2.72307384376937,5.453154758202149,5.098338541110498,4.698121607661448,6.3265359982263965,4.661106294826082,2.666420949777535,2.683901867709462,4.66664915468026,6.326730600883783
Q8K0Z7,3.3802412532397366,8.738193256595226,4.567517214638262,3.221878920887067,1.9357510895656858,7.582589666943033,4.05712984286436,1.7712179518071116,17.151866709010058,6.592042951371371,3.801685403138053,5.259940196533264,5.544057104378554,5.883674116736844,9.887922192946045,6.620046692592826,3.4253866415414587,3.0326339798977044,6.6047428067335066,8.113356502778062
Q8K199,1.9640447925396982,5.053640732335653,3.3470337169552056,2.080729657896897,1.4813128180906199,3.6846363374676208,2.6049926460793675,1.0189512589005556,7.87885481319899,4.2453897706574,2.458630344684907,3.8618381887541853,4.063062825771771,3.8043135857565304,6.419133315599298,4.203247288011718,2.1798088492131744,2.194180617518,4.208252182005123,4.620106307513244
Q8K1M6,5.708358132969717,12.883918181200887,6.55452814592705,6.1130617953261615,4.019863989517868,9.167757176113069,3.317817910425817,1.3236495123791823,9.696900699237018,3.6357659964032365,3.0789809242081954,7.852529579893257,6.919386512680746,6.257599533445454,10.708060253936551,5.3439579066626575,2.756206236058452,1.8873767228858331,5.450538799713664,5.810223591710663
Q8K1R3,2.6714613024784333,8.428185266792848,4.564421402965637,2.842084816712421,2.5092967507931445,6.14721776011783,5.098023291827588,1.1253312457934213,15.41907821162908,8.308313640067988,4.082352405445839,6.404957288428487,6.752925119935785,6.314120138356235,10.658548651950959,6.972902676083994,4.2582612190618185,2.426328527388435,8.220829580140956,9.02538748951677
Q8K1Z0,4.400594333965446,11.966556432908128,7.344988329387848,4.255611675084893,3.6864017869066297,8.408789599041084,5.333578769190024,2.027300378941754,17.981525595755983,9.710085131307396,5.340429438548525,8.559459819420205,8.802562701140953,8.085665042496132,14.518333310839543,9.284326145459692,4.810823521742203,4.647433134227702,8.930345883395512,10.216481638731006
Q8K2B3,7.566478337553858,20.370258277760396,13.064802295172928,8.059304179979335,7.01710778565562,14.85019246097581,9.799121273520548,3.599600359924814,31.742918652424112,16.64670107157742,9.573153868356702,14.829869628763344,16.03629099446965,14.727567451312622,24.816206958971794,16.247226246887912,8.78134341231555,8.780891414370608,16.378825554518976,18.609640183385135
Q8K2C6,2.4798420436112423,7.878590227912346,2.696961448806998,2.6507807750434456,1.9448405326083775,4.6234711671851345,3.2697526991167485,1.566381147635911,9.892032596268036,5.32517826672371,2.5970994201605886,4.091738428690177,4.321888464083944,4.0300738878633275,8.19412462528798,5.277402690330458,2.3223064515236933,2.752166845833038,6.453691027181743,4.880878239090631
Q8K2M0,2.020025047547055,6.088992946050452,4.0224110508814555,2.1396837552832286,1.899067586857849,5.106258931212183,3.605243162625159,1.411555118606513,10.911490090677455,5.898043828811488,2.97693959661067,3.1178542494453914,5.7858694729537214,3.953440916551035,7.755381054194501,5.8184534939334664,2.252572405336035,3.0337189062489798,5.824569756520908,7.428834543749943
Q8K2Q5,2.0570936300119236,5.293508275256166,3.5004494369770263,2.1792465212539875,1.9251629534519143,4.566636345312404,3.965015428451072,1.5509285480943553,9.767061267506575,5.25830153859748,1.9849746916672697,4.110165707944679,3.28031291781875,4.047945357168587,6.827098048994938,5.182681844781251,2.2823287795285405,3.3209032182690095,6.369210493854773,5.712884600177718
Q8K2Y7,2.5996622581540847,6.689134141963629,4.430223416384619,2.754109469194853,2.4333112868924025,4.805128268553721,3.397166682575096,1.3288126832583218,10.274801776707422,5.536405910829986,1.9849746916672697,4.150523672182798,5.439169999759371,5.092785716743982,6.891750183621066,5.4824137724382345,2.843186050531446,2.8619315525420923,5.488941796577404,6.02613472747187
Q8K370,2.738219849441505,5.4629956781294,3.6199048826692177,2.249392955469953,1.983717360898562,2.999649435715912,2.1207153176550744,0.8295246230144223,8.663725923866298,4.6702341068711055,3.362863752994411,4.141435735291101,4.3549045601479355,5.203461467976148,8.77995783275595,3.4457127123989553,1.786950552197117,1.7987321537433385,3.44981559421285,5.103354100884865
Q8K3J1,4.385799507661461,11.885500471867447,7.634361316333854,4.214234515914176,3.8871384874373245,8.785438796606204,6.296066321357119,2.4298907040003077,18.18633253297332,9.95210092779969,5.65724566600998,8.902518309596509,9.801770445317663,7.371792165685527,14.232606452721777,9.632238990295457,5.162360613054632,5.192253986843192,9.954060291239532,10.76020292174969
Q8K411,5.014896994154671,14.760513486254174,8.493511828881974,5.104430363299332,4.103438589160438,8.743781333102726,4.232761850122048,1.4084700122625777,16.830341051181875,9.59729802850929,6.956398445105593,10.594432725707897,12.21218645751082,9.621973405717739,18.588960910982355,6.887984640364955,4.003011622843433,4.048754900133267,6.855382646248913,9.319800895374458
Q8K4F5,3.3006999393728202,8.492958878632678,5.624899202195529,2.9785134304628667,2.6323913600356654,6.33741455711208,3.8068576206950193,1.4882797706481943,13.551288272008103,6.196598284973117,4.178001068334325,6.562500992973417,6.904446153722015,6.464748252997977,10.908165153143997,6.159566942702287,3.1912018516066234,2.7001435257893642,5.1786355069974,7.960493178024133
Q8K4Z3,3.7767626606000526,10.593741640931176,6.433318621829522,2.599072847610911,2.301103998205106,7.262379438429058,3.297762810919382,1.0910455211892895,13.760834762655024,6.432147088039214,4.731514073959027,6.515202257934845,7.772326924158549,7.957060498914655,10.853708066680499,4.5981303744656294,3.952811655931318,2.84442111919938,4.5889230961193235,7.1841183162153825
Q8QZS1,5.077100776760099,14.615796281238222,7.34919654500212,4.814223356621844,3.583706192641368,8.593299323148395,5.121888826600566,2.0157589525293074,19.210868216530503,9.932902110231534,6.1458536035057545,8.947980462415408,9.835581566053285,9.87538611428648,15.49366935646141,8.378640759543872,4.294130882459065,4.9236073321646865,8.391906376805483,10.859795929168998
Q8QZT1,6.042207909716678,17.404814418224557,10.641006801010237,5.998759878187446,5.231725153756911,12.620580405996636,7.2810808800421976,2.7280808190306587,25.487194585256233,13.524539878218661,7.910333731437493,12.766361174134412,13.807264535774976,12.597353986884746,20.938094242506434,11.650940478677102,6.510758439015547,6.322063770433581,12.10970273711551,13.76554176180905
Q8R035,2.436026529753974,6.267521455059153,3.5289662287841943,2.5803291194090603,1.938632711955707,5.361849962852726,3.7972971899299104,1.73982476931735,11.465361406013404,6.177930441049587,3.05199309153035,4.076579955107899,4.290200363555574,4.722392714074512,7.968502086742638,7.159536738860431,3.7129439384036766,3.737423869307162,7.168061748207873,7.869587150017253
Q8R086,5.211158992090489,13.402001544827991,8.880163954663082,5.05759208129855,4.16629625782617,10.140085937406049,6.783533403566883,2.4976217398641616,20.49099659971933,10.725264426491178,6.211892559852221,8.842598963315206,10.26021841012113,9.600218974360994,15.219314653221659,11.211301033698648,5.650898314416054,5.363632530972959,11.839647805321006,10.518772524657232
Q8R0F8,2.329474905589717,5.995812210918841,3.6292741197288607,2.4751559535216434,2.1803251729931303,5.39092196392689,3.1133844974895397,1.1103107745701086,10.406272242696051,6.211349740907408,2.6686155183273406,4.584467723938441,4.410148349579103,5.004208509489411,7.617789394303876,5.106514229221768,2.6477835586369025,2.664331014515006,4.652867018341743,5.603886226937616
Q8R0N6,2.578325088559382,7.981484193661719,6.888583413577682,2.7530064202707534,3.4063457867074307,4.8818259273917475,2.901929513577875,0.8436184198498734,8.753088115685172,5.69248404482822,4.581176532329185,5.0964830540293775,6.412525613825879,7.038298050848738,11.854277074383479,4.703899694349647,2.9319063410580153,2.4216564648570134,4.672083882239606,6.196937123156356
Q8R0Y8,2.6923251498370515,6.897684911234357,4.589651099150055,2.2857528323412546,2.0181351449102247,5.060190932770762,2.8994269684654053,1.1295947794865162,15.91780572249264,7.272142686569164,2.702854442252401,4.272680562405273,4.491649027369804,4.1999163648446824,8.864852821610313,5.774381712519692,3.723204870420173,3.018125841915637,5.78007362418229,7.807326187003961
Q8R164,3.793391862646073,10.573813482543152,5.716671806711409,4.007993520677342,2.352550423717408,7.735926074075228,2.2340110995296185,0.8738406327900873,16.62073276718703,7.462634369591525,4.15117891331918,8.965629706366201,8.918690611936087,7.254573832400657,12.259085927352867,3.6876192073547225,4.403606328827303,2.49074608550715,4.747350960497499,4.0533405703250285
Q8R1I1,3.5407155643084276,9.10899330776519,6.030248194021619,2.8267333500291563,2.037513441549568,6.676818378252404,3.9690682805813395,1.3940512024215261,14.281954678740545,7.695560972022361,3.618752637638293,6.8370057218271905,7.756286994443084,6.702107670252027,12.253967606794731,5.900810466713177,4.065983981923926,3.764184714113623,5.911187434744895,7.9332164428584795
Q8R1R3,1.582581335340816,4.072105447335842,2.696961448806998,1.6766032694293311,1.4813128180906199,2.999649435715912,2.1207153176550744,1.0298125672154572,6.414147891388111,4.290642658676589,1.9849746916672697,3.1178542494453914,3.28031291781875,3.0714117733141593,5.182485932237926,4.243557526285168,2.200713784869226,2.215223382182217,3.44981559421285,3.787442885370537
Q8R1S0,4.712586897810675,13.517579405945561,7.751100917346227,4.645629890242062,4.2599329144634686,8.641961253718561,4.689118200246832,2.120668343673049,18.460430517943283,10.32596826743412,5.706792279683578,9.829775891303248,10.048129440695433,8.800480404619533,16.787139854063625,7.702325361534852,5.155738923008063,4.33079162344675,7.64932548959865,10.87499011114278
Q8R2Q4,3.417766206564838,7.943256656378907,4.219528573588954,2.9451222593697457,2.5889766038759454,5.277693658558985,2.621764736753957,1.0289532618083643,10.044148202143589,4.830822423799967,3.919455643815099,6.135224583557134,7.142409627968628,6.687557428442676,10.23577675608259,4.80817702567957,2.793595970353234,2.2258419434569947,4.792301461973653,5.896847619571256
Q8R2Y8,3.22716279010608,9.116422419136931,4.092058379635226,2.8408788764923294,2.780844596126281,6.124353047039385,2.907490559836654,1.1371492967486532,11.927861966928711,6.4308470648754135,3.7236608358096728,5.8581942670224665,6.728384526279483,5.2122204964383805,7.161464918911537,5.240811300200884,3.3431769345208946,3.0232547894730115,5.226629127408689,6.365488068230309
Q8R3F5,1.6053288808496107,5.2931730252250135,3.571299725077123,2.2076018063592837,1.5026047605581585,5.9717265712291745,4.229628354626955,1.4228008785043385,12.775498386590279,7.937522990724371,1.990824450365487,4.813455286816977,3.2899800632511016,3.0804632830448253,6.760393245666528,5.921068790751407,3.563366710886774,2.2883321307850526,7.936040234749005,5.581068017529061
Q8R404,3.9813516128726527,10.982773596074491,5.491845471338405,3.4052039875229743,3.029972621110102,6.147042143547684,3.237482810492213,1.262270619153291,11.429322208513431,8.030716256552783,2.5780094766618635,7.916167004959687,8.85987172477397,7.079240515601137,11.94376143756744,5.288042191467101,3.6875890524049453,2.7669213011381184,5.273487663747316,6.784864758382559
Q8R4N0,4.209643139483705,12.805040146426407,8.245337534896736,4.465874553864755,4.102231767133841,8.983082106897042,5.689710411711631,2.031773319889518,19.20064088387045,10.65181969246261,6.065046910358094,9.253480156329116,9.740893490763705,9.111107546259163,15.834276449296254,9.248023804159416,4.995100772154403,5.022179683173892,8.885515207500854,10.167736811347314
Q8R5L1,2.1315965429163333,5.8174831580523625,3.851959475191393,2.253635291968171,1.8669539970788496,4.582835055530015,2.8622894749033145,1.040417264555474,9.181632648017853,4.655047785319073,2.6482019254079336,4.714880343513171,4.6383737202260615,4.350237441298463,7.3649180961564715,4.955069854083651,2.4146237864675033,2.2616155034321945,4.356591761787095,4.789615941154285
Q8VCE1,1.9169064178585498,4.9323500106323515,3.2667026929278693,2.0307907692337253,1.4813128180906199,3.70823827701744,2.1207153176550744,0.8295246230144223,7.929322820891366,3.4561568262388893,2.4447618007646694,3.1178542494453914,3.28031291781875,3.0714117733141593,6.382924524591042,3.4457127123989553,1.786950552197117,1.7987321537433385,3.44981559421285,3.787442885370537
Q8VCF0,3.5430456501758116,10.2324874964521,5.260750983662932,3.279411924251256,2.4574467361724044,7.435693235616259,4.7145380433323805,2.058715470677462,15.885438804883519,7.668765932333136,3.2907343310109045,6.171298518522873,7.508565428337575,7.8157394074496755,8.58046756712556,7.681444079308414,4.432424895198026,4.806860904078865,8.586779687255904,9.383041631608489
Q8VCL2,2.2146273832417003,5.165274648958982,3.774064904404376,2.145967840051327,1.6606630557770476,3.3988488983992315,2.4062828493642585,0.8295246230144223,8.30006390186898,3.9220118735615532,2.5475502571149766,3.5056721752093414,3.747340691597242,4.313372040515983,5.8272387655561975,3.8842447887195117,2.0096898378260066,2.0276040284033066,3.878868384953364,4.262977712718894
Q8VCM5,3.1744205887991606,8.168032241452105,5.4096998107505385,1.6766032694293311,1.4813128180906199,2.999649435715912,2.1207153176550744,0.8295246230144223,6.414147891388111,3.4561568262388893,3.8716517875653866,6.081309766269314,6.398182014794,5.990724684007424,10.108330855708855,3.4457127123989553,1.786950552197117,1.7987321537433385,3.44981559421285,3.787442885370537
Q8VCX5,3.147170285805045,6.013373104414188,4.627736882519663,3.337831665395487,1.8870033650240372,5.2211978645801995,2.1207153176550744,0.8295246230144223,9.552506714247055,6.011637016601851,3.431116540740654,5.428721095873485,4.8973041460753235,5.3282361374978295,8.946525448883115,3.4457127123989553,2.669610672784235,1.7987321537433385,5.151008660800763,5.656573640900957
Q8VD26,3.4629046198017694,7.898015712141576,5.169511446699086,3.221414492469894,1.8639710997350842,5.796325282611594,3.0461966125953888,1.0433203412494925,14.097925893880912,6.685725661457171,2.876832233450915,6.061989120463814,5.538963905298533,3.880623251928747,10.073899760537943,4.339059419970487,3.4553570932574345,2.988104821407004,4.948079367110554,6.314563017622083
Q8VDC0,3.4366321284449453,10.858425964976815,5.831863102024192,4.4707271727570825,1.4813128180906199,6.519563285296735,2.1207153176550744,0.8295246230144223,9.93879407679103,3.4561568262388893,3.016812235849164,8.298199045686543,8.730584352696681,6.626142597061289,13.793236109362883,3.4457127123989553,3.895104066752218,1.7987321537433385,3.44981559421285,3.787442885370537
Q8VDK1,1.582581335340816,5.20626520770985,2.696961448806998,1.6766032694293311,1.4813128180906199,4.518208755371493,2.664857115113639,1.0446746637672508,9.661282020510752,4.337502919184648,1.9849746916672697,3.1178542494453914,4.192833114682162,3.0714117733141593,6.610506881105137,4.317941871798436,2.2276499723196874,2.6833625549884355,4.321711397903562,4.7398836456626965
Q8VDT9,2.0709164794144828,6.493635053722153,2.696961448806998,2.673616855544448,1.9394719614180571,4.664264498193189,3.2975777266293407,1.2898581425665285,9.973592893804964,5.374104517972352,2.5897082020032443,4.060655137017063,4.27463548673503,4.003237746612599,8.199095287357913,5.380264356641992,2.790211246710198,1.7987321537433385,5.386670749346575,5.913854595495082
Q8VE22,2.164993998570679,5.569818304240737,4.562716436265449,2.2962103526521562,2.0264782886452744,4.962771648456632,2.8571341304603304,1.1179142762943715,9.504601486756869,5.717171196102708,2.4132778559477064,4.27147586445541,5.654915043275102,5.227202286990826,7.095555313940348,5.071159707498071,2.935105006987341,2.1505094069183137,5.074488977958075,6.165363674715991
Q8VE95,4.5503291366562,11.708352456057694,6.036772020764036,3.7881329858725357,3.3341353690457622,8.047669085156691,5.274643009351831,1.5895755876998838,18.335376484474693,9.879712421904118,4.955778126211254,8.943973080494079,8.203766371406227,8.810746757812986,12.93957518269449,7.690818091348534,5.113190583448542,4.014839219241653,8.61795871414895,10.172712411590878
Q8VEA4,2.964685781685645,4.072105447335842,5.052279514790642,3.140819219464864,2.774977154065954,5.427998560565156,3.8375283306573746,1.5010615594155288,11.606684803618503,6.254068910367442,1.9849746916672697,4.367340310954696,3.28031291781875,5.8336416719684605,5.182485932237926,6.1366774316982795,3.1824879322554374,3.203470496488897,6.143984501188331,6.745285291738076
Q91V61,5.310410193588304,13.972558691878541,8.642438015752269,4.549518742809867,4.857204189958261,9.724820201908503,6.221939312101587,2.4339468965854727,20.30523099215462,10.931671740959288,6.266125196512453,10.078664178750792,11.112624069917446,9.4683846452142,16.385323503577634,10.097920186571287,5.513565108210108,5.966585871576856,10.110157903207613,11.099224792490181
Q91VA6,1.582581335340816,5.269164720616581,3.489775572539294,2.16946710049644,1.916767957565243,3.8902074410232426,2.1207153176550744,0.8295246230144223,6.414147891388111,3.4561568262388893,2.5745896047064525,4.043978582351365,4.254693812396531,3.9837408791875704,6.721886411796008,3.4457127123989553,1.786950552197117,1.7987321537433385,3.44981559421285,3.787442885370537
Q91VA7,6.599680000579263,17.706827194636798,10.34734224944683,6.4269554107491915,5.0476327869577675,11.395200902579905,6.418302241938958,2.1866416618554387,25.67769186634062,13.646803388049868,8.006097925357533,12.269603165639989,13.383215725373233,12.103373313615347,22.122612417294913,10.524397415486064,6.6638710040489695,5.847025313194928,10.524311399252895,13.235125887858771
Q91VC9,2.704455269365783,5.425409756590531,3.5918790318020215,2.2340644280652544,1.4813128180906199,4.073985554729905,2.1207153176550744,0.8295246230144223,6.414147891388111,3.4561568262388893,2.611445217888462,5.195866755341132,5.466602179958326,4.04060153524572,8.63655072078114,3.4457127123989553,1.786950552197117,1.7987321537433385,3.44981559421285,3.787442885370537
Q91VD9,8.20461154509845,21.869132789957966,14.555347374155854,7.693194854374765,6.955015289369257,16.12442629567624,10.92696015207578,4.043660044525212,34.61856176039117,17.817178861664704,9.96336893022883,15.55129891937798,16.991470312613547,15.751721158338707,27.82985445677579,17.586061567596392,9.45863820433129,8.781407774966972,17.61088651861257,19.960777046174854
Q91VM9,3.1726780359803826,8.19353337999513,4.746490349042389,3.371624867027268,2.630690819677103,5.3216440276574994,3.2107748549529584,0.8295246230144223,8.40120783891712,6.124325548195283,3.97533189810731,6.233374611571394,5.710692300307723,6.140634041090701,10.37236310810655,5.197018703499315,2.350545033112352,1.7987321537433385,5.128928494943042,4.944426579518591
Q91VN4,3.4602576074146736,7.784571419838724,6.611873319897282,2.724126652833966,2.82943150686336,7.771369310922217,5.822556146084227,2.1472829213955555,18.5946618582917,8.250276637030062,3.7968305438278818,5.0732129157349295,7.2342371655465465,5.860381288115038,11.397453609552311,9.927755088821321,3.77295231576018,3.7974551462836406,8.843314554999068,9.689101243931452
Q91VT4,4.539803851019741,11.68617867644086,7.072424745670891,4.63631512490701,3.4188549083375306,7.570529660296688,3.9241042727742763,1.723064514560607,16.15651582016244,6.503294164345046,5.692209298425434,9.329413104923601,9.811361875160243,8.430894030367153,15.494283517057232,7.267148579753192,3.3094174288781435,2.8689964463811135,7.237168274015165,8.033616057434646
Q91WC3,4.554852925873969,8.979085391957863,6.860192507003686,3.700725890859195,2.0783785820258096,4.2587217956185794,2.1207153176550744,0.8295246230144223,9.161599277489223,6.263358179849805,4.364997127715459,7.901870720435886,7.1885410976647375,6.703576301163986,13.131634950118967,3.4509274466941386,3.2839171700450973,1.8014543511616612,3.45503653780065,6.898569287352998
Q91WD5,6.6531066814582145,17.693770759579806,11.52410657078587,6.269522077787531,5.523303767512718,12.859967933880718,8.419186759518404,2.953535784375848,26.72259390219891,14.670069813084485,8.271368253389394,12.304167048102578,13.943067714624794,12.018259220315526,21.06685913776953,13.19357616009262,7.4009248074203136,6.568109751129947,13.614548660273268,15.816304517899809
Q91WK1,1.980294861852605,4.072105447335842,3.374726328702022,1.6766032694293311,1.8535768727675084,2.999649435715912,2.1207153176550744,0.8295246230144223,6.414147891388111,3.4561568262388893,2.467949528946708,3.1178542494453914,4.078463445560954,3.8187334432889894,6.443464377118349,3.4457127123989553,1.786950552197117,1.7987321537433385,3.44981559421285,3.787442885370537
Q91WK5,1.8630872139308459,4.793868993201367,3.1749865106646418,1.9737741399785595,1.7438692783661347,3.5897963232498036,2.537941920590058,0.9927241517913074,6.414147891388111,3.4561568262388893,1.9849746916672697,3.6721144904998844,3.86345339941368,3.6174159459458757,6.103775278131713,4.07915458865954,1.786950552197117,2.129401703255538,4.084011722894107,4.48370665655087
Q91WS0,4.881298855623292,12.901758026599722,7.824291803324991,5.318993513339448,4.289802258089773,9.334034000103347,5.741794256368561,2.2445048628664086,19.962098887816758,10.753356278805741,5.742454059485557,9.02058163004257,9.799918039569603,8.885327134754805,14.431982512405275,8.999574770727598,5.582769301997253,5.281797516647677,9.76851542742954,11.496192830233703
Q91XE8,3.3066695290827584,8.508319099452523,4.504099465850305,3.5031203891890836,2.4795562537798963,5.143911642213917,2.1207153176550744,0.8295246230144223,8.713860846470748,4.6987524693519545,3.2969755090510127,5.2132192069556735,6.7836318291530615,6.351627783042073,10.717293564616472,4.695157459699813,2.4254336776728964,2.4504042697427164,3.44981559421285,5.127399740843184
Q91YP0,5.038127642464688,12.63135651141999,8.131900313909078,5.199708377708822,3.8540948755471276,8.569813206275436,4.638620796093175,1.820810846693894,16.923639664578783,9.12635204415132,6.133260041562985,9.624820578853024,9.845618938476317,9.232723761119145,16.96115391139519,8.15349912993455,5.089764485195442,4.252022759827022,8.151325291567602,9.493822376271535
Q91YT0,6.502460783967586,16.741325323637138,10.981194149709196,6.0235875010516535,6.144146759988405,12.59856356191914,8.902520761634293,3.2261872408924477,27.445266359367132,14.49741377071205,7.914860737934511,12.428600971883828,13.476085904443684,12.13061133470853,20.458648311485916,13.837266562199083,7.46187566451266,7.081772789240902,14.393534020602484,15.803892395401459
Q91Z53,3.0835210619458433,9.460796098975104,5.238478016924511,3.5830855616445763,2.8831921249235655,5.942526481239613,3.0052878509166647,1.1771468112366412,10.183563434121561,6.8283394425037685,4.620974477688789,6.674080474912368,7.022052950056316,7.165229241871355,12.049144157412982,4.900183995033896,2.838572101545685,2.5540375133591344,5.494121219323842,6.713124462145304
Q91ZA3,6.48169618829955,17.346227859866907,11.186932867650022,5.827477630040054,5.902785268326727,12.314678564649224,7.959024200062338,2.944416533265773,26.6837068532433,14.206096751320512,8.4466741400758,12.945421974323883,13.589101272345077,12.704248474485198,21.77825566453541,13.464081777901338,7.398141451556294,6.370148163583113,13.051812398667678,14.567425026175313
Q920A7,1.8560920423511236,4.7408177042974735,3.1663103961788406,1.6766032694293311,1.7387133942060464,3.4846258280667257,2.453976217659065,0.9624031657076406,7.470609208163968,3.4561568262388893,2.3311969926598675,3.651672815787279,3.28031291781875,3.0714117733141593,6.082980434831496,3.4457127123989553,2.0793569022382297,2.091317223463333,3.9996295194087335,4.390580632105976
Q921G7,6.765183500118062,16.691930888607043,10.250565736552879,6.251402307838706,5.1428611386424405,12.470755215161136,7.077441794109456,2.4576423630421016,25.12067488398972,13.957168287386954,7.747853309943688,12.520483209791253,13.570981671325423,12.537961338168696,20.52036185653943,10.823345811850812,7.264482144276223,6.997451617477476,11.835026626884245,13.99659065207512
Q921H8,2.871407296766593,7.3883005163693545,4.89324425120095,3.0276999566635365,2.6869527452570456,4.209554215829051,2.1207153176550744,0.8295246230144223,6.414147891388111,3.4561568262388893,4.4972056897233745,7.06388445615728,5.83749954961317,6.958663281913094,7.1354445394820685,3.4457127123989553,1.786950552197117,1.7987321537433385,3.44981559421285,3.787442885370537
Q921H9,1.5999229646103543,8.100967731658962,3.9819257162988397,2.140558363498736,1.8951952937690986,5.729971159540278,2.680467388986805,1.197307170989109,10.639297996065842,5.723948517864652,2.893003560200534,4.522707121056318,4.7814368326403285,4.446252224672599,8.68390917819267,4.972311529978897,3.8695909788977096,2.2651666112198723,4.974288346487248,5.440375769379569
Q921S7,3.080553199148224,7.940263950582694,3.6098330622627928,2.2397175700105034,1.9715990983293221,5.713554142226117,2.809218779962757,0.8295246230144223,12.110796671719775,6.580786254972924,1.9996552350410657,5.1313799652181205,7.671005483633768,4.912001587242591,6.930199720270847,3.4457127123989553,3.4595647050099174,1.7987321537433385,4.589801561442736,7.328743403516083
Q922B1,4.693463064021469,12.412782226284417,8.22146725434877,5.248975912734441,4.270850355602332,10.494049373603826,7.051645709878929,2.5660997531132526,20.81454404317002,10.691813709625302,5.937872160250056,8.464191331257581,9.812387907147379,9.191936602149793,16.328701679967775,11.214739641345735,5.54075959881106,5.719946805462984,11.227288232052532,12.333443826474047
Q922Q1,4.461050624508912,11.058128200574606,7.356460454966557,4.880046865749297,3.3335008503477552,8.506624113350357,4.827398694772759,1.473230918185291,17.57095462843684,9.105779689159297,5.000074055040914,7.866238799364528,8.239977014631531,8.642565994265311,13.572502882037456,6.771518075784381,4.561479329896058,4.115221401253785,8.395539744740047,9.666419481305352
Q923X4,3.091424753701735,6.394486788094966,4.2375576654590335,2.176077529857344,1.9383007342461875,2.999649435715912,2.819736680578112,1.106382845501057,6.414147891388111,3.4561568262388893,3.1056955321932653,4.915027781917626,6.389668167996499,4.80069355236968,10.094880037947659,3.4457127123989553,1.786950552197117,1.7987321537433385,4.546867017163555,3.787442885370537
Q924D0,3.938495982489109,9.336897720407629,5.69699124845561,3.2360659869427586,2.577207518775043,6.478880114146075,2.724326003910152,0.8777168193469775,12.646005613526189,6.8256539652598445,4.207305878576616,5.476724065777576,6.98800567482466,7.175516484311163,12.080976932393645,3.6877114441112555,3.6196797686407214,2.59696404069713,4.464762117763114,7.676584855915517
Q924T2,4.155132906165262,7.360099116155547,3.7650745255450704,2.3352245431941996,2.07241420890621,4.153161753190911,2.9570561606264976,1.472707282397035,11.451330686439146,4.8001256184449295,2.7669683733174257,8.213167603188543,8.641122268541666,4.287898718382809,7.206836514654176,5.970577963564523,3.0766049482253477,2.4774717967616513,5.987846018190478,6.52955339099994
Q924X2,7.83860945572699,19.90079502661416,12.765072174742814,7.405875903174377,6.107279637549471,14.934968180824557,8.859994720248087,3.0585516964545576,32.60882713326195,17.74257609395653,8.60933209662151,15.49809176738953,16.306554216958496,13.83795920054207,24.94072730717295,14.323399008677542,9.258883479126528,8.080047754425662,13.894640879760638,18.4189660780492
Q925I1,5.200292959543631,14.5303983562413,8.853561934707518,4.856831705704742,4.8792395766747685,11.425445313311709,7.359002433886336,2.4286975285515946,24.412641967083424,13.13485930820117,5.957369773495322,10.27890044162594,11.417716247044451,10.680271907802581,18.046279625279574,11.65530473177437,6.645727954879501,5.9178462170344135,11.957357855441666,13.779494902779748
Q99J39,4.3087031793402435,11.086629985918647,7.342691405197367,4.025710334979056,4.032991610841919,8.082774252987697,5.71442214658928,1.9670163475625746,17.283389456806212,9.312866722622255,5.447307674231362,4.544822202676398,6.409233305136121,8.428785008561347,14.222143742580203,9.197668165205954,4.769921226339788,4.217889400578489,9.208620020045577,10.109851215673539
Q99J47,4.333608922478803,10.127251313320201,6.715854422707085,3.582324553810113,3.1568879928182407,7.1027009914829335,2.8704518459359436,1.4744061882110844,12.69851811317995,9.209109389641121,5.206969848173592,7.755366291265238,8.182859003479333,7.646112322536964,14.123509068024875,7.438943906203844,4.208362943503581,4.227310274099563,6.755271296909369,7.3752362708891495
Q99J99,4.072928804465999,11.234619150268042,6.6301150462481475,4.451080626138923,3.209818933866353,8.515824454803704,5.617863377271588,2.117050511698608,18.233013669502604,9.157333582474024,5.26444009795219,8.588108866282147,8.71624642230845,7.872430211675624,13.772365755008037,9.076844831438342,4.878467052478606,4.911637613409483,9.096401624900025,10.696732586717067
Q99JB2,4.044729185881293,11.43770047508549,7.560305228338275,4.004779555223072,3.9684767721640384,8.407226706439118,5.684332387005139,2.224884987067707,17.977681596943995,8.811804737922412,4.762053391173378,7.4983983814684425,9.229722131521687,7.844312893452768,14.579051136166134,8.191200389336043,4.9894932398005745,4.554510671912597,9.617797954477966,9.59946598899913
Q99JR1,2.2038818468820285,5.670981354448969,3.2915733624391224,2.0495667401783404,1.4813128180906199,4.186259648173787,2.5923521243887935,1.3585371803225028,8.94551597911777,4.224851619364615,2.4433401233036465,3.1178542494453914,3.28031291781875,4.316830828620195,6.39724034455446,4.221680206930792,2.499106435060995,2.9581545391072335,4.813557218200954,4.639704727780393
Q99JY0,6.563844572547316,17.42115092916265,11.179846457143814,5.640061428422269,5.099942503999506,12.778077974964608,8.090716506701584,2.758155092454815,27.268655939666417,14.063417633821336,8.156914888250443,12.456367353843989,14.176702497743745,12.431445294456651,21.482716694161383,12.952770766230534,7.382567722821311,7.024548829972225,12.817845484873759,15.088090573735549
Q99KB8,2.044349211002068,7.735480778035122,4.216964962846,2.569365545024027,2.316488744083403,3.8877991006752084,2.1207153176550744,0.8295246230144223,8.305364669705403,5.35657341798134,3.7592846837741556,5.904811671092551,5.117811633009202,4.694806013347384,8.085758018660696,3.4457127123989553,1.786950552197117,1.7987321537433385,3.44981559421285,3.787442885370537
Q99KI0,8.541917784043411,22.988447868895243,14.408470927392406,8.209898015441473,7.767763941014162,16.698881945902546,11.143432871696724,4.355193090291088,35.685645318991234,18.864787425847094,10.747955052903052,16.953153116473807,18.01532560535924,16.578992511948975,28.660954218063683,17.993132559666037,9.538300822302542,9.556631723408552,17.915959168510703,20.248200875711063
Q99KR7,3.0458220444692614,9.115511337224982,5.210110234409915,3.8472845596845926,3.322696937464503,7.493242327000276,4.730956073454482,1.856090685660316,16.04489429540949,8.640789234547968,3.89216795284522,6.040444367309851,6.373321776228976,6.02074406993183,11.766691346494719,8.558573162483796,4.423887568771442,3.4150146293221297,8.563563861084143,9.392024092330312
Q99L04,3.49183086165175,10.455099303586582,6.924427702055131,3.7021806687828334,2.6407109378977007,5.429500615260866,2.1207153176550744,0.8295246230144223,11.57433849915493,7.737942716051086,5.0990110495373475,6.8969741958166715,8.426481145635506,7.8898550372213965,13.3127909103753,3.4457127123989553,2.5082305134338974,4.0385167191425,4.810818104792795,6.857921446079329
Q99L13,3.837312420464412,10.676461605775396,6.525139262510974,3.103198124741828,2.7250276435492635,8.034235217267927,3.8753615900426364,1.6328032400735941,16.053665093897724,9.308086749645115,5.0047314113700425,7.861080603860945,8.26166329445809,7.743271654702174,13.04966841904274,7.918465798285736,4.507978459386986,3.04658948292602,8.319703821276109,8.64965462272443
Q99LB2,3.8838266908538643,10.091966914645106,3.8605530682493927,3.451896516952191,2.428693830547552,6.704303857927746,4.284613599743867,1.175884109307841,13.00190230729191,7.713432205114629,3.75181229283228,6.5462618603204135,6.164469669367196,5.778893992555236,9.659841313683994,6.280822555505267,3.637285344290473,2.562283743259786,6.263273502203226,9.210927896149293
Q99LC3,5.900648026102716,15.34692726606918,9.540641115948048,5.592675536198526,4.63564660416252,11.535334537881806,7.4521455590733945,2.485066581410657,25.185457677555593,13.473186327709932,7.014362185574414,11.319335333164274,12.521863787038429,11.295369571083928,18.296747896893507,11.242600073921277,6.795462488268254,6.504668833255025,12.158415081550453,14.575327655025951
Q99LC5,7.031592839213242,19.227138698315137,10.68163106028232,6.4177714637235,5.17368474969525,12.720898422811503,7.30022657082223,2.6554810399992888,28.39795001340167,14.458459841859005,8.539680696735772,13.97989740567667,14.892816931698304,12.851330694626887,22.893026616993524,11.427315037036696,7.322599239452503,6.527757421413607,12.248722386980084,14.021120190110251
Q99LP6,1.8010768614529866,5.199467711483398,3.4309519957756605,2.3418001388601466,1.8816286314798145,3.800659271405703,2.690508621567442,1.0527824010790003,8.134213332650521,4.380607692380339,2.52925851292349,3.9718170790311764,4.182294487351017,3.4622327095206833,6.618911927335077,4.357267776474538,2.2555971928278615,2.2744593440968073,4.359669613174933,4.778826365023355
Q99LX0,5.335152484933005,13.696014929151984,8.90243562607197,5.042158412444726,4.791038624095391,10.001205700919106,6.916089526602372,2.5176627014961097,20.857042019727935,11.78784335069939,7.176089935660938,10.451583019639111,11.652145683072199,10.261117869275056,18.05060395376378,10.211708935241928,5.428898870176737,5.463896520473696,10.48747406989788,11.76091347911258
Q99LY9,4.526397453773536,11.005810684176186,7.502146668666196,3.716893877271549,3.7837895519609366,8.986547860331719,5.173248110407576,1.699723240451398,17.32094550540571,10.558683143392933,5.385151176980125,8.23438978764167,9.146970207004523,8.12969087259402,14.061164475231386,8.021374364608446,4.953483151592251,4.85586961684885,8.01042855203013,10.230721264224204
Q99M87,4.993831792995229,13.254094731349227,8.737715238272898,4.7566672266322785,4.359718056324274,10.3283501246505,6.446951591605974,2.3449781186283203,21.36510452710641,11.177961791581145,6.226143078834225,9.489114909240877,10.341957263512029,9.684747672242814,16.258380673251324,9.718814323079775,5.42540157366865,5.076595079480567,10.809861884282011,11.502795265920556
Q99MN1,3.9138432921606534,8.556505875729838,3.737960578145831,3.5288981222873286,1.9792262371568397,5.226096559121537,2.1207153176550744,0.8295246230144223,6.414147891388111,4.739988941808601,2.7872276107738303,3.1178542494453914,4.426837234190969,5.407738318177505,11.179400724007168,3.4457127123989553,3.1407159420537583,1.7987321537433385,3.44981559421285,3.787442885370537
Q99MN9,5.817877619271538,16.29973578642417,11.3887685695293,6.166301116255567,5.812697742644212,12.860558966019115,8.504014623391614,3.060781685621506,28.459990938713627,14.079695171086454,8.506518133469443,13.144757197452163,13.342468151918895,12.02444217381405,20.68765036520049,13.709830291146432,7.492950847614744,6.731115039827879,13.96645344327947,15.850149728747864
Q99MR8,7.891427344605815,18.879169627705842,12.256560697793692,7.488476535221489,6.488162963305921,11.4334194862254,7.665062070683863,2.9065429381790544,25.722286118607762,13.879541262941288,8.356700327401752,14.795995607887551,16.64953668758253,14.254542457849489,24.072706299177145,12.001319662567061,6.790427116362062,6.2547969277113635,12.008877762414208,14.749108549049945
Q99N15,5.603537253826593,14.396060684944999,9.311726348824719,4.641609587548545,4.769277000269497,9.959280623322575,6.880112143565009,2.320036453937073,20.77776269312753,11.189456385050345,6.812011222006891,10.950725294371367,11.263327889060843,10.543042577808103,18.21594412492692,10.090467292295289,5.6830822269207415,4.858646708911134,10.402046090925737,11.71741767204
Q99N84,2.4882895559990157,5.391047944518279,2.696961448806998,2.222519880525655,1.4813128180906199,6.52683931749012,3.2020147311453537,1.2517692960373539,11.441956301859248,5.222745010126759,3.065922554198008,4.927552967174604,5.186312032397054,4.7576483392783775,6.825397095366936,5.208218560735851,2.703689037543196,2.298164192374522,6.1558468613764505,6.752349722419074
Q99N85,2.8045469153915965,7.216318375836029,4.779378312681053,2.9711664245053635,2.0197609463780517,5.344771968228285,2.1207153176550744,0.8295246230144223,8.786930724550736,3.4561568262388893,3.5125563893773957,5.517268764690445,5.804751137135845,5.435085441669714,9.170783965437174,3.4457127123989553,2.462874075134302,1.7987321537433385,3.44981559421285,5.220031984170504
Q99N87,3.716795801204641,10.548927086731556,6.352257580733437,3.4511524761285424,2.0920565028287026,9.528094722748707,6.388201475792121,2.226736070371045,18.4103126107754,9.904472113384964,4.628240265865899,6.344913385267062,7.651420848635743,6.252956365909819,10.51588206432808,9.78485415589987,4.463061524502609,4.021316832600906,9.796040718394329,10.784169081977678
Q99N91,2.013510652598601,5.18092025579827,3.4313311332281033,2.133134308986776,1.4813128180906199,3.7967124267860877,2.1207153176550744,0.8295246230144223,6.414147891388111,4.374522374135691,2.531763693686968,3.976710748046478,4.1839209256064365,3.9174750432248633,6.610074063595574,3.4457127123989553,1.786950552197117,1.7987321537433385,3.44981559421285,4.79160418577752
Q99N92,2.5587285093079006,7.794961320500429,4.335946801438657,1.6766032694293311,1.4813128180906199,4.692966054799576,2.1207153176550744,0.8295246230144223,11.984006906884922,6.45057377006654,2.638212300703692,4.903901072328617,5.149298192485482,5.814040191651577,9.770297762399245,3.4457127123989553,2.8415483122232317,1.7987321537433385,3.44981559421285,7.233300411145426
Q99N94,3.4490630944085647,9.04047464910148,3.7219005219899968,1.6766032694293311,2.053460027472255,7.475123524884771,2.898499772085292,0.8295246230144223,13.68817735267749,8.612739505456066,3.4833241088814155,6.864555998868425,7.231144205612482,5.350078565214764,11.224748458766976,3.4457127123989553,3.7946886580901067,2.4692941576324445,4.732024663625841,8.010474145956442
Q99N95,2.656925233528274,6.852362142868784,2.696961448806998,1.6766032694293311,1.9980630634590897,4.9310957070500985,3.5925832340448065,1.114607966125304,8.615114802136874,3.4561568262388893,2.6787623260076283,5.245868583033432,4.450421065149694,3.0714117733141593,8.674386347329358,3.4457127123989553,1.786950552197117,2.392162288413367,5.826550882507487,5.065137166880381
Q99N96,2.3727648145498534,6.106018990307059,4.042499287380639,2.5110182472042735,1.4813128180906199,4.45583466504753,2.660650425602817,0.8295246230144223,9.513671734954752,6.127458835121433,2.983407996054237,3.1178542494453914,4.9312262693145925,3.93334951302315,7.7911273370129495,4.339343786097901,2.249552579197416,1.7987321537433385,4.31712185369612,4.747543885154515
Q99NB1,1.963572041512245,5.0832426216375755,2.696961448806998,2.091825091222264,2.3605527056940905,2.999649435715912,2.1207153176550744,0.8295246230144223,6.414147891388111,3.4561568262388893,2.497898191848343,3.9127497454570888,4.119686482206331,3.870716668301697,5.182485932237926,3.4457127123989553,1.786950552197117,1.7987321537433385,3.44981559421285,3.787442885370537
Q9CPP6,4.632943478102098,12.58485833035393,7.6658999961730805,4.604943550529036,3.7868893574975435,8.96477087538568,5.985247681395908,2.262719654929041,19.1445933537787,9.77059003766053,5.458114380292865,8.877730827975297,9.64475602708904,8.766251822718619,14.7618929055111,9.957093642083318,5.16548282402602,4.7180131256333135,9.352689895580994,10.934376401306112
Q9CPQ1,5.3003193120329755,13.058536410304242,8.091979601448433,5.378428803377073,4.0826431075778045,9.503287789352887,6.569683445542343,2.4563006956739217,19.87108671245446,10.947644920467022,6.070069382955637,10.173898621968627,10.49477115424095,9.598044650889976,16.216008256208333,10.304462883514208,5.468956000064579,5.516497304664416,10.557889025584547,11.590279367500269
Q9CPQ3,3.7589583154331883,9.672093491035282,6.405841796568756,2.7046172983412076,1.4813128180906199,4.862167797344011,2.1207153176550744,0.8295246230144223,10.389557721024795,5.59309947838878,4.653622710481168,7.309572965387413,7.690444999590414,7.200692100274846,12.149945453840695,3.4457127123989553,2.8819748728718344,1.7987321537433385,3.44981559421285,3.787442885370537
Q9CPQ8,3.022598579641643,8.984164779589598,4.732447367518929,2.9417863760419083,2.5913961390979243,6.510733289085394,3.078500751208302,1.021573444703756,13.941710195660574,7.991674260360757,3.4255933385401653,7.662564735223327,7.555464321240173,5.744539180982864,9.706793876538057,5.588474411835451,3.9935490308574932,2.9259631838434212,4.714721393933323,7.886248806814558
Q9CPR5,2.8484782787156036,9.007843972412616,5.4127808160290565,2.127228178889053,2.6713363166957884,6.455464036743105,3.3331193118732183,1.6231578921654521,15.991582451994649,8.069142256518266,3.6031338823429735,5.009937422518181,5.970714560428054,4.9176953669255745,9.42213166951535,7.338491613378813,4.139578128013439,2.8076352548680332,7.346977227716038,8.773451391958343
Q9CPS6,1.582581335340816,4.868343550139491,3.224311119660342,2.00443746323151,1.7709609431672608,3.625287245003191,2.563033566468385,0.8295246230144223,7.751948698186366,4.1770085229656795,2.373322061715076,3.7278421263928205,3.9220847751207444,3.0714117733141593,6.1964055507313365,3.4457127123989553,2.1762151298230985,1.7987321537433385,3.44981559421285,4.612489416872803
Q9CPU2,2.2478924718895548,5.802741408882658,3.831389426284197,2.3816469667505906,2.1075403346767922,4.284263576128014,3.0289064842941387,1.1848802303692334,9.162179666750307,4.936684544272894,3.1341554392918196,4.436173515175001,4.6688412467142175,4.3622187685603695,7.360306192132426,4.9203773579801595,2.5517448355804886,2.5684699848533783,5.486489377465934,5.408403236264026
Q9CPU4,1.9888318823177324,5.067673690996807,3.39034224319762,2.1086603797866696,1.6766267763664513,4.30344346270321,2.3920160614583925,1.0330977115744517,9.191839913823864,4.964096790438991,2.45575677143528,4.205001730255465,3.696455899712975,3.48100141638975,6.409983074629961,4.321815522670838,2.421489856952705,2.256015123994436,4.330523120377914,5.116930452696966
Q9CPV4,3.304067047042275,11.265525143698666,2.696961448806998,2.453671777825141,1.4813128180906199,4.5737990894873075,2.1207153176550744,0.8295246230144223,6.414147891388111,3.4561568262388893,2.9316517106775715,3.1178542494453914,7.282978260473907,3.0714117733141593,5.182485932237926,3.4457127123989553,1.786950552197117,1.7987321537433385,3.44981559421285,3.787442885370537
Q9CPW2,1.582581335340816,4.072105447335842,3.3745337527583903,1.6766032694293311,1.4813128180906199,3.7200293091381287,2.6300150424518516,1.0287388497879324,7.954535575059811,4.286169089461603,1.9849746916672697,3.1178542494453914,3.28031291781875,3.0714117733141593,5.182485932237926,4.24500281182587,1.786950552197117,2.2159778506450247,4.250057424990195,4.666002954969012
Q9CPY7,4.578935363323636,10.815885688594804,7.144347162112159,4.442042828996028,3.493548825135399,8.24365135998787,5.036223688435929,1.7339518644808751,18.150273841945015,9.81143129969435,4.869623632435586,8.458528007653598,9.19258234658727,9.04950839948957,13.647676869739746,7.2268144250306205,4.9199176393500395,4.290948030522641,8.923058807414941,10.408420552627888
Q9CPZ8,1.9739057278058243,5.098463790895098,2.696961448806998,2.0995646034874786,1.8605810900605764,3.7203012258981167,2.6380468930975103,1.268162835276358,7.952815124415334,4.287557799724481,2.511239036622677,3.1178542494453914,3.28031291781875,3.880330439616121,5.182485932237926,5.199924194487963,2.6966866324308802,2.714466244384473,4.251023112849864,4.657765357357759
Q9CQ00,2.6782771381485055,6.891416371583122,4.564195235660417,2.837394897805102,2.5068956435556933,5.1957370675905326,2.1207153176550744,1.4368318447340336,11.110040246532693,5.986460257549953,3.350901014766092,5.263352229233667,5.53760404664731,5.184951158907838,8.748724828708308,4.68181130448459,3.107849693760882,3.1283401582073758,5.999890889439252,6.587089495544825
Q9CQ06,2.1723894701133446,4.856329958427872,3.1673564133355767,1.972460776843835,1.7668641197069783,3.5234384033662063,2.4925396308636936,0.9728989466901596,7.516904138102107,4.0643486289990935,1.9849746916672697,3.6756311728000637,3.28031291781875,4.244096705104428,7.161192667282022,4.038860592470936,2.4399054034632677,2.10446731218239,4.044444689419689,4.440685748987826
Q9CQ40,1.582581335340816,4.072105447335842,2.696961448806998,1.6766032694293311,1.4813128180906199,3.754645709429983,2.6544884123953265,0.8295246230144223,8.02855579498809,4.326053652885581,1.9849746916672697,3.1178542494453914,4.1984876994166855,3.0714117733141593,5.182485932237926,3.4457127123989553,2.248476340227029,1.7987321537433385,4.340818906374637,4.765647100445034
Q9CQ54,4.791559357798793,12.634868271515513,8.123749483821118,5.049663470228046,4.335997933951458,9.134612789964867,6.078221097114787,2.293696184614209,18.995182266947282,10.540489362981667,5.851947780000964,9.463326913658296,10.260762894296825,9.055308766051764,15.278778263059175,9.487368614061317,5.421491511009451,4.94933639892729,9.498679184742572,11.177364158410857
Q9CQ62,5.4297156534215905,14.708415613220064,8.957018617037715,5.239456680237765,5.007340657429139,10.613364853669191,7.627887789664422,2.843593138350323,23.055025215079283,12.212608801332253,6.598160102872498,10.92261660866793,11.876583627355053,10.23164335168322,17.85699231570709,12.411604206644235,6.221158388539962,6.042712273267223,12.598522551758053,12.750195375320004
Q9CQ69,4.154283196768938,11.14451224859724,6.9153037137833735,4.502114185865776,3.416708037640966,7.85486523662667,5.539551577324072,2.108900366891194,17.92517000630699,9.653480809025384,5.284866829966876,8.865394688227738,9.13246971895485,7.5893477861646055,13.817664417268478,8.2422599970132,5.006252570919739,4.822572103666444,8.550650950400911,10.152508725658034
Q9CQ75,4.870367014060735,12.814119489432448,8.494192201428808,4.91675250323166,4.076469454847537,9.479928826825391,6.3971487780359215,2.30659875715039,20.753001558117262,11.181735178712945,6.151790923993108,9.214622701169553,10.66584461022611,9.531158615576192,16.099137826545284,9.793983545100144,5.356043568179804,5.394173834405291,10.33991128566297,11.891713420881782
Q9CQ85,1.9253752890089635,4.9541410779059705,3.28113494895006,2.039762780176911,1.4813128180906199,3.6954169880216075,2.1207153176550744,0.8295246230144223,7.9019070693044196,3.4561568262388893,2.414360642371743,3.7923025518222877,3.9899039704092942,3.735813727568637,6.303551434165017,3.4457127123989553,2.1967932122841334,2.211276960743067,3.44981559421285,4.656104676352581
Q9CQ91,2.7977577144898094,7.220899736689081,4.059872055988352,3.4326539929566464,1.4813128180906199,5.9857959957320155,4.188256087682472,1.41538804798293,14.546166245198256,7.837959556786537,2.9551131834131987,6.376892671508865,7.622305418287822,4.57345627753686,7.73677709557624,6.820427809618897,4.059297044888305,3.0796671966877507,6.823074053283106,7.501958129319795
Q9CQ92,3.5856333563068543,10.3979791160133,5.193629564399441,3.218688926446658,2.5862742176585902,6.8176746341557966,4.8636857190755896,1.4535988373230964,16.514501128660676,9.252144282189082,4.129941623269285,7.92939021246438,8.339184367959325,5.868486511054579,12.512736049689288,6.666674145292541,4.79640460395951,4.10655893100602,7.936475324698172,9.759483534310533
Q9CQA3,6.560243068685281,18.792950227545564,11.643465756044442,6.410592876922678,5.874900809034494,13.848205348972154,8.888376576369032,3.131734911902418,30.434248157581337,15.666690807259473,8.756654835427103,13.335802427583555,15.019658196683634,12.88457162081005,22.405004809045735,14.436495507306743,7.866900336640935,7.535280585416277,14.443681504696178,16.83471042075256
Q9CQA6,2.539510448928103,6.55829950362883,5.388550441855894,2.227307706404525,1.929201593070961,4.7487181408791095,2.1207153176550744,0.8295246230144223,10.115718633027177,5.459192060130829,3.1326924308002906,4.13696757831882,5.251993363749475,5.896010528828998,8.199476314287818,3.4457127123989553,2.8267960907987963,1.7987321537433385,4.4916631895610815,4.946939303666007
Q9CQB4,4.860368962545419,13.18351560227835,8.420324935887416,4.945433145753958,4.618284465526472,9.640873540749505,6.594793188520713,2.5762920562614107,21.00760750003772,10.91427248881193,5.772059775357965,9.264672919792421,9.728407060552943,9.301361101041392,15.985255816342626,10.631992370864255,5.51661495171304,5.856458132460935,11.039040407004356,11.706802875632217
Q9CQC7,4.336617855488748,11.159018322496692,7.391029004326472,4.421249805707837,4.060678997310119,8.811274835517333,6.229463113008922,2.190552747290604,18.8411416460024,9.84256668376719,5.418509668255922,8.506909264098741,8.950885940661797,8.384057376448796,14.144471683378736,9.829760741319362,5.25897575398791,5.293648877314431,10.152769220943439,11.146402612701126
Q9CQF0,3.3617892346288327,8.670786882142044,5.752514788803757,2.1746118650650144,1.9399772166754043,6.259969995079207,3.9810230806824234,1.3817018844934035,13.3791243215257,7.215305624294347,3.371159576769899,5.286942198503457,6.311078073117274,5.2135253893245626,9.93204097102119,5.708335386832712,2.953097530613403,3.421037158257891,6.431867431608675,6.2697521738153705
Q9CQF4,1.9743832543461906,5.080242402467334,3.36465204235146,1.6766032694293311,1.4813128180906199,3.6678185353032284,2.5931026664588632,1.0143004550985377,7.842893320830539,4.226012519082359,2.4711005058792055,3.1178542494453914,3.28031291781875,3.82360904582868,6.45169112867041,4.219583636380808,2.1882808981550337,1.7987321537433385,4.22460798240409,4.638062820887329
Q9CQF8,1.582581335340816,4.905024877053986,3.248605216622935,1.6766032694293311,1.7843045366585748,3.5574014490265013,2.1207153176550744,0.9837656563392311,7.606788557159698,4.098791397198948,2.385419095286294,3.746843269170125,3.9420759899495956,3.691031590632921,6.227989180773484,4.087845453203888,1.786950552197117,1.7987321537433385,4.092712935831677,4.493259441659088
Q9CQH3,4.3811824124303564,10.820698136309824,6.543113891675761,3.532371773565086,3.6030127238175385,7.629120549752787,5.121708537353235,1.8731758409572756,16.313597108415202,9.139013720287451,4.802695050263357,8.92569581945384,9.04428286273761,7.834430258252993,13.721307776683977,8.38005304461936,4.5716459117289325,4.374115768593581,8.385018884324564,9.684667761021274
Q9CQJ8,4.528078985545884,10.938416055794256,7.1008798564223925,3.661859843537751,3.7347234644612888,8.222769524715206,5.19009875868897,1.900276060299378,16.889819136941348,9.089715065360124,4.548716446582736,8.04142545439196,8.636775237440526,8.275139891328891,14.266295146493704,8.919056348898616,4.617313708972126,4.648629809711967,8.463360269714121,10.21465479548253
Q9CQL5,2.376750376376901,6.115564450605383,4.050347363123427,2.5179542830844435,1.9914569066956371,4.035271130750158,2.8529258407082176,0.9849573822087851,8.62853565322122,4.649283791069536,2.681900955230071,4.219603599874976,4.4430327072809135,4.647369292994854,7.8416466955428366,4.619585720278227,2.395769890912296,2.410383037815971,4.625309239045044,5.077619919118191
Q9CQL6,2.21044220792102,5.677439977209679,2.696961448806998,2.348496960974375,1.4813128180906199,5.439898953937232,2.1207153176550744,0.8295246230144223,11.632131404859749,6.267780387881485,1.9849746916672697,4.336423165259382,4.572843438752557,3.0714117733141593,7.222597098951533,3.4457127123989553,3.3192800259492823,1.7987321537433385,4.750040714438877,7.035216225416504
Q9CQN1,5.6060960909044,15.41560646005101,8.914919486163319,5.137760189878563,4.9055543002626845,10.218964746321623,4.915614844483802,1.5912922021566076,21.87498111346082,11.796810395466393,7.064224929419951,10.365140229463949,11.418756523528735,10.920814401797932,16.780896578958306,8.07819583023279,6.022354435859692,4.905886796745106,9.049962515120814,11.799539695876454
Q9CQN6,2.039422817047107,5.24759427984159,3.475489437772822,2.1605859278465416,1.4813128180906199,2.999649435715912,2.1207153176550744,0.8295246230144223,6.414147891388111,3.4561568262388893,2.532257946578117,3.977487084633256,4.184737713926364,3.9182398157709533,6.6113644874312545,3.4457127123989553,1.786950552197117,1.7987321537433385,3.44981559421285,3.787442885370537
Q9CQN7,1.582581335340816,5.483594339430935,3.6328614476706145,2.887357565892051,1.4813128180906199,4.95708487199627,2.7903602288351257,1.3708348418093754,10.599730455355134,5.711488320803236,2.680579927255984,4.210316449619864,4.4296269819342555,3.0714117733141593,6.999076763002181,5.7043266212404795,2.958270307637351,2.373719766897091,5.711118881625562,6.270055887046209
Q9CQP3,1.9464564166430927,5.008384466702435,3.3170604254213103,1.6766032694293311,1.8219037312273214,2.999649435715912,2.1207153176550744,0.8295246230144223,6.414147891388111,3.4561568262388893,2.4458796290800753,3.8418102896586035,4.041991354540653,3.7845840153034342,6.385843014959492,3.4457127123989553,1.786950552197117,1.7987321537433385,3.44981559421285,3.787442885370537
Q9CQQ7,5.910749254938905,16.25586376287051,9.497451722437784,5.607270630543299,4.945098345472897,12.028756504832822,7.376505947422946,2.63990449469022,25.381131324358254,13.687847403280124,7.405514080783426,12.426326199951397,12.911174742831076,10.784750443132646,19.568498760862543,11.700085740966658,7.042714468309751,6.426247013201841,11.506371525079082,14.940785148113555
Q9CQR4,5.193360334569196,13.866163985488443,7.844986247210605,5.097745532609169,4.49729438061722,9.182928851503549,6.49316068487962,1.37221649633216,20.43894845004574,11.004698132540454,6.016487372970473,10.202102314398898,10.735212689660694,9.667658843457941,16.958524242709707,8.602078367673718,5.542706602150541,4.502741686690538,10.268901867849829,10.732432788112883
Q9CQS4,3.831146659417245,6.878140010118482,6.525907711731349,1.6766032694293311,4.271572384078893,8.358943882083816,5.909670683208859,2.3115867107748866,17.873922744810113,9.631065755294431,3.3792200251548494,5.310737260356417,5.5825316530334055,8.911732581692014,8.823316002690772,9.501556191855054,4.9275179044008075,4.960005682246782,9.512869892490333,10.443877479772652
Q9CQV1,2.0809689347555738,6.8040654779809895,3.5455352585534983,2.2040279919403343,1.9426207206915984,5.062365643348613,2.799848712504255,1.0939584324276412,8.474188021742759,4.5725495663714595,2.605670190694404,4.0957674984225765,5.465973250482283,5.117882048068429,6.803950075910306,4.54550540352162,2.3596872818543373,2.3738726814301176,4.547030407519114,5.000283904535313
Q9CQV7,3.9428537042543796,10.145767964719733,7.062827600556171,4.183259988447236,3.4613022940736835,7.464145499992157,4.154972930641048,2.1706809915598613,15.9669722547642,7.395242130343559,4.990881418870977,6.828625961173989,7.173121272154642,8.111018254959841,12.252144799975234,7.932779007556501,3.788108652051752,4.6650205008964125,8.483977105423552,9.325824665336748
Q9CQX2,2.877798191872983,7.063538917570084,4.674811400530175,2.906072748285006,2.560466910618775,5.22902999608766,3.1731962472742334,1.445916577313365,9.488752445761824,6.015137279501314,2.54308620329696,5.532478269037298,5.852410750167704,5.481132438503421,9.229890032159545,5.962779041813882,3.092943224068069,3.1204134361867326,5.951459381826749,6.5485383294437165
Q9CQX8,2.280784316926656,5.8686362803306205,3.886806471447553,2.4162868329284737,2.13483817135751,4.375685082735766,3.0935556234349884,1.2100542401615424,9.356523769954995,5.041607091849901,2.84762799818199,4.472847483770158,4.705909323071874,4.406221498113324,7.434750731471178,5.020744771662717,2.6037639788945612,2.6209309394923364,5.026723076917748,5.518679487198517
Q9CQY6,2.5449705997019794,6.536526512692281,4.335789847042536,2.253292926619811,2.164870075524755,4.825880625669368,2.841328417380286,0.9992995106923337,11.352046506887318,5.02539449091756,2.6518480500286876,4.556462815878626,5.26854497361764,4.467369417152387,9.190687473719612,5.0115794194023735,2.5969036183581498,2.6175221121154917,4.614685533746577,5.496867598282863
Q9CQZ5,4.992667606913955,12.852731760972263,7.983778101142881,4.31598007914528,4.055747414881395,9.385692470746765,6.374265181744681,2.111564575168103,20.070279651857643,10.813242414856301,5.69404692450421,9.171009201000738,9.862809866729929,9.24655275527267,15.954241871337997,9.994352137496127,5.643087150315877,5.215417707478799,9.73349154726249,11.72387811755807
Q9CQZ6,4.463201124493727,11.084290655084294,7.605979612061699,4.398530665665311,3.7110795173859503,8.478652854279295,5.0317656427895745,1.848573280321651,17.49181017842181,8.670815479268192,3.7307462012490116,8.516864987141977,9.28625095860161,8.389923475095493,14.156590660491482,8.260957261258753,5.064503673649688,4.009190426535133,8.215104725707533,9.95471121729053
Q9CR24,1.582581335340816,4.072105447335842,2.696961448806998,1.6766032694293311,1.4813128180906199,3.6726980125439925,2.5965523969518425,1.015649828285437,7.853327102952637,4.231634588906035,1.9849746916672697,3.1178542494453914,3.28031291781875,3.0714117733141593,5.182485932237926,4.223508139576818,2.1903161499994415,1.7987321537433385,4.228537158587704,3.787442885370537
Q9CR59,2.7784022247386955,5.231184902384258,4.736179086704919,2.5010187295932043,2.2099426082496345,5.859811590560317,4.145832267192399,1.833908550282585,12.534507075294437,6.753336788601473,2.9712914942180264,4.042870896829818,5.79390160817493,5.424394247344287,7.752624269592983,6.613924626130311,3.4289961163371094,3.901901262221595,7.483515426950884,7.269784063117258
Q9CR61,3.8504985927270674,8.886529796534527,6.2486569691095095,2.5332012928806424,2.8398112320857565,6.996960249165674,4.116963434418147,1.6112571594814649,13.289272388965529,6.688573581460886,3.8480833349844428,5.9983351421301165,6.31602243689237,5.900942712917415,10.063981290694755,6.662349959625481,3.1997173538136683,3.4735181029365285,6.63712017548842,7.303791547246404
Q9CR62,6.353057666465281,15.533591700944676,9.30183676010852,5.380908202492164,3.9496510962480498,11.206970432415583,6.640003810946235,2.528241642946928,25.300145425647685,12.659860225049947,6.8213529541794165,11.834609359818248,12.906141488684423,10.543670075108034,20.059368490635244,10.85101037004481,6.722020702445566,5.665786974839703,10.869976411454683,13.428903213805231
Q9CR68,6.04502006383264,16.589342086197266,10.115379368890531,6.007095715321142,4.740614651444578,12.242848277622462,8.214360096011417,3.2150121653315478,25.845591793940134,13.758460301372152,7.220381620348908,11.8765509410922,13.024250064464798,11.347628651310096,20.008813150745386,13.025244147642834,7.126727400830125,6.991167709215315,13.031956299435938,14.708674421790764
Q9CR98,2.239555145842549,6.4723026709671165,4.286597456608494,3.025488661506772,2.3718588348604985,4.254343199040135,3.381795319954496,1.7014575163831231,10.229894814107643,4.347041434782697,3.1681275877997215,4.964292879988999,5.927913362227379,4.90199197054614,8.268963959282397,6.181326112828523,2.504714540114657,2.8701054277942255,5.453496329189143,5.296246562579165
Q9CRB8,4.416462693202526,12.077565871791522,6.3952280040603124,3.469451035446325,3.0308369000122375,9.708164330537361,4.253762647014074,1.922453380021693,19.786829654404205,10.036521270562282,4.07295890837129,6.447295711933137,9.751091518527396,8.573747067040847,12.344644640305464,8.878382426474948,5.229330967907773,4.955350687700064,8.08751638089595,11.074240606801729
Q9CRB9,6.578249715185768,18.28330436190015,11.509510129721587,6.883078717443319,5.816800557185808,13.17929405081303,9.654036519558414,3.646207714116742,28.85181027527768,15.360045916518903,8.17662995983892,12.830561168782303,13.480006437923718,12.664462907711355,21.659016535288515,15.23024198852451,7.701846160586179,7.8520788732535465,15.420540079271982,16.92468065092804
Q9CRD0,4.062646497240049,11.715828345817565,7.3435919538103995,4.29796260904206,4.029804256951724,8.946925275669352,5.720623555791424,2.114312941819569,18.25431009331553,9.832121865601723,5.099397964274954,8.009713229251187,8.42913348883562,8.847221003923915,14.113797178190381,9.261041732709439,5.070661895809938,5.106904727520475,9.27512564244962,10.741623782385034
Q9CTY5,2.7833920231634,7.208602977640022,5.397071974825378,2.042923393694971,2.323420840799078,3.655501419115892,2.953001090041876,1.0303087911362319,7.896879485955129,4.757141930823901,3.1156045378761226,4.314621777700672,5.12002635603489,5.46851465453137,8.194058815222494,4.233116756953834,2.4480949564310093,2.474504157616741,4.746156259345913,5.213832907006096
Q9CWE0,2.7245217609004135,9.815145762083763,6.058678318862559,3.4713342232832742,2.8321446175854077,7.25532281168779,4.449439419355436,1.881878474887264,13.382661088344827,7.256982866718616,3.799069364063131,4.892526959989715,6.884304176652207,7.4530940540580914,9.928558554092387,7.100391326656758,3.3699996779331673,4.024230107111464,7.700300127486508,7.123168225446427
Q9CWX2,1.9614756921954186,5.047030236386362,3.34265557572991,2.078007926039884,1.4813128180906199,2.999649435715912,2.1207153176550744,0.8295246230144223,6.414147891388111,3.4561568262388893,1.9849746916672697,3.846130611825788,4.046536791074986,3.788839983449207,6.39302423866748,3.4457127123989553,1.786950552197117,1.7987321537433385,3.44981559421285,3.787442885370537
Q9CXI0,5.608153548095866,14.430217330838769,7.941680384775092,4.924129201751481,3.4885393057738163,9.421289339721241,3.734566066243268,1.4638117542541296,19.138077941322386,9.746784521569307,6.173727011023566,9.652006785161188,10.127496959843686,10.001903706591545,15.35216357076376,6.097474130718808,4.733114866299385,2.5927983574376636,6.1079916547087905,10.037626793110393
Q9CXJ4,4.745636373401647,11.23861987147596,7.441192860894335,4.161496091621573,3.6746036709585184,8.998354165763217,4.360448119179184,1.8849551461665117,19.241111891614125,10.36769192911222,5.459354507655771,8.968017238285118,9.43458484389916,8.83226431994973,14.928280071080541,7.796905910609591,5.143967703954157,4.710681402879035,7.0768452650064955,9.925814138985748
Q9CXT8,5.074330833315086,14.06106028946547,7.9259732246999395,3.766442445729374,3.902247242433646,7.95937756473151,5.616744499185463,2.1921421373048036,17.956665618319978,9.689141620966593,6.60743737966633,8.259371693450264,10.512033277383614,9.059990310578543,16.554445340153226,9.102085847938307,5.24719795599384,4.755516952837101,9.635991748302983,10.585950907502703
Q9CXV1,2.1231846388124267,5.463562329543498,3.2046271496861514,1.6766032694293311,1.7605439788159063,4.378804204340845,2.4835079378408023,0.9708336433520376,8.501334766482573,4.580744374534785,2.3407524523897982,4.7570025915474385,5.011437171129483,4.102911647839115,6.128691515477178,4.067402501726566,2.3859226247966947,2.4012030148096795,4.071211664786448,5.053600025771293
Q9CXW2,2.7876087474333198,6.334771674387734,4.20529307990711,2.608025060792553,2.309717360179007,5.16850317522909,3.652851113000647,1.428039386179296,11.044662174904207,6.7299985970967935,3.1120990158287314,4.346651664235298,4.569329388406749,5.466538065598118,8.13286032681077,5.908646896703999,3.0661215760710174,2.4606057394488907,5.925290353724985,6.498054792416839
Q9CXZ1,4.826473675158404,12.408053578284798,7.768641060455484,4.342219159024101,4.133338061693144,9.186229431861664,6.494973006622213,2.4769813512498753,18.6448629296966,10.04843302312729,5.190334145979004,8.144690322355961,9.523108574509383,8.635596714225546,14.049652072952908,9.967520660955534,5.01487170022278,5.490139866645544,10.784317089597382,11.5595622233094
Q9CY16,3.0380719089643438,7.799372198069688,4.345889557573934,2.2592096175719147,2.3852687098145746,6.30858956838896,4.4592238531809665,2.0164382036685917,13.490044371789063,7.26801230967381,3.23812833284657,3.174031364236244,4.419617639914445,4.167563906043124,10.033265245721283,8.31631652343377,3.218992947446357,3.239949548211066,7.194850873359367,7.901289482334095
Q9CYG7,2.290784685703032,5.894368010675385,3.5449348567610404,2.426881328523457,1.944663193825172,4.011963031300564,2.8340287436636538,1.1093316242503102,8.577717898429118,5.11338831245543,2.9097402430934323,4.570408892262007,4.354472619207102,4.502329665682832,7.596916947909386,4.035820920632312,2.6110214681948034,2.3873215409935664,4.576370010350931,5.019648376586149
Q9CYH2,2.817694193080601,7.251018504066936,4.802040303307211,2.544205357744789,1.9177934983322307,5.411320212157805,2.775412526701939,1.0893889955606093,8.382922528724421,6.277040570193251,3.5014860357528894,5.69542256647718,7.018626741633845,5.424071382865661,6.704676705851644,4.5316547033926495,3.259058660337057,2.367273248219211,3.44981559421285,3.787442885370537
Q9CYR0,1.8800402873956383,4.835363356378949,3.636258353348124,1.992091057758173,1.9972340253396208,3.9983793843884263,2.8280702787356713,1.1072314737180295,9.48179891747022,5.109109519853494,2.913155986322174,3.644055023230482,3.8342891461177406,4.507614949173552,7.605834966514554,4.564283602076548,1.786950552197117,2.09770674745278,4.563501679927247,4.997408398207823
Q9CZ13,6.794425625449427,18.204132219925597,11.974294240968705,6.817677529195594,6.114554298828706,13.71271169395473,9.310865444606275,3.2690467854336216,28.54894402494799,15.282819789680355,8.769095256746745,12.677185083794244,14.298151099380629,13.572891263293402,22.59507900130909,14.787837531655654,7.951067810660523,7.897904437725291,14.606390526366074,16.875244402874696
Q9CZ42,2.1886665939450487,7.152611648249719,4.027655495916152,2.1652810871371164,2.0467158329280153,4.1318492529022235,2.922731237715147,1.0651906900849009,8.850163076765156,4.766204537332949,3.4938679417239342,4.6689111141181385,5.3309940425633515,4.587283067041025,8.421267760592462,4.038327473533411,2.471631178507048,2.1045384416566937,4.766279091650656,5.224831569935332
Q9CZB0,4.3982457283896474,6.209632485515179,2.696961448806998,1.6766032694293311,1.4813128180906199,2.999649435715912,2.1207153176550744,0.8295246230144223,6.414147891388111,5.239350105866913,3.002432445239561,4.7351488787991585,4.973578329540599,4.5842470402498385,11.001367635547883,3.4457127123989553,1.786950552197117,1.7987321537433385,3.44981559421285,3.787442885370537
Q9CZD5,2.0023713495150774,4.072105447335842,3.4123480514035154,2.121333214438306,1.4813128180906199,2.999649435715912,2.1207153176550744,1.0421825934844775,8.058486871852184,4.342181515443818,1.9849746916672697,3.1178542494453914,3.28031291781875,3.899505751779416,5.182485932237926,4.271566371139309,1.786950552197117,1.7987321537433385,4.276652614086356,4.695200967725495
Q9CZN7,4.249520684164836,12.498387112029297,7.7408393563333595,3.3286542622337234,4.009331267473546,8.579536817594157,4.855654181325697,1.8993304815749734,17.28237087485995,9.884795630978871,5.713258179889068,8.526291799298843,8.837594841643817,7.752970210690672,13.05904474050738,7.865115022517066,4.809117121391635,4.841139573096083,9.277402814411156,9.539404096399222
Q9CZN8,2.3152073324961884,8.459544636156785,5.602768900079328,3.4830385357882077,1.4813128180906199,2.999649435715912,2.1207153176550744,0.8295246230144223,6.414147891388111,3.4561568262388893,1.9849746916672697,4.6341362979667435,3.28031291781875,6.556440228497354,7.715528579167092,3.4457127123989553,1.786950552197117,2.6696825741199004,3.44981559421285,3.787442885370537
Q9CZP5,2.1037724867596768,7.24442094151558,3.5753597160448174,2.2247144859618917,1.4813128180906199,3.984118178431904,2.1207153176550744,0.8295246230144223,8.521980933100842,4.5936256379116625,2.618308110999019,4.129071657725384,5.778167222857449,4.056108436719276,9.128784691214513,3.4457127123989553,1.786950552197117,1.7987321537433385,3.44981559421285,3.787442885370537
Q9CZR3,1.9703249072151967,5.069799958157993,3.3577359960707738,1.6766032694293311,1.4813128180906199,2.999649435715912,2.1207153176550744,0.8295246230144223,6.414147891388111,3.4561568262388893,1.9849746916672697,3.1178542494453914,3.28031291781875,3.8500190842422417,6.49625358484686,3.4457127123989553,1.786950552197117,1.7987321537433385,3.44981559421285,3.787442885370537
Q9CZR8,2.203406774844706,5.6695378178522216,3.2374309455106434,2.0145208585689827,1.7806947632380765,4.146705129284704,2.9316696080434212,0.9912758069247778,8.866896126100759,4.777779385929034,2.4017117255622877,3.1178542494453914,3.966800651822779,3.7157095691448148,5.182485932237926,4.739027222675697,2.4576649358970144,2.1369412205955194,4.744670080984082,4.500130367138828
Q9CZU6,4.1430635359024155,11.787475703769841,7.357740380015371,4.478058581484122,3.944703909720171,8.494864960404417,5.752457801459011,2.192562287521433,19.112001826401432,9.387210425708433,5.305097953274345,8.309115758386964,8.756276287521702,8.032039600116322,14.685434651321186,9.580406237295986,4.751686375949548,4.894306289340066,9.174113044640213,10.954083106391092
Q9D023,2.6897848121696444,6.312928631204405,3.567991871981958,2.4035992089726084,1.9640154054269645,4.92569231597308,3.205869751590346,1.0804914335579587,10.53808364035335,5.686190773883549,2.7985626377079122,4.773885402334443,5.917752475868095,4.703535592392124,7.905792135046179,5.303801144841618,3.2520027076855866,2.5527477219352583,4.551694441073499,6.328486820390817
Q9D051,6.066311293434199,16.462609908554278,10.673943958441875,5.355281062343623,5.474840759439217,11.619802392350485,7.653633826611006,2.8305950185356616,24.87824606730989,13.85183254560451,7.812911615035108,12.282615544197554,13.208932025994315,11.957578074133679,20.870616015429444,12.27346821491196,6.944255652997601,6.430328615048025,12.311256249454201,14.403054392389173
Q9D0G0,4.196906422614595,11.57943001166726,6.609767902971249,3.60416875703963,2.6794886267191353,9.24306182909628,6.240613594338387,2.562035695883161,19.747070642872604,10.640610059382508,5.2905148691919175,4.592478186287305,6.007654254810861,7.584409410583796,11.15603686609477,11.512922902957662,5.187153214201018,4.207032165025539,12.003130714146328,11.524788345488284
Q9D0I4,1.9312076399283058,4.969148172593027,3.291074169914013,2.0459416339277183,1.8076307154249764,3.71663131827182,2.1207153176550744,0.8295246230144223,6.414147891388111,4.282253968851755,2.4321166086070463,3.8201923355117957,4.019246976974832,3.763288074707981,6.34990973062796,3.4457127123989553,2.212630207672162,2.227218371538182,3.44981559421285,3.787442885370537
Q9D0K2,5.069173088865434,15.112603118032888,9.440696633243242,5.4963374729767605,5.20193791399035,9.844517776491296,6.467580401670476,2.4075894108486775,21.066289800274205,11.600040539304187,7.209153744806836,11.325277701084714,11.684678913036574,10.736659027741094,19.187278785405628,10.536352886305904,5.454276785735457,5.360495073067378,11.079952034118653,12.160629722703884
Q9D0L4,4.668277399495514,11.184595126696692,7.954081591910096,4.581242636360896,3.2320460083413534,8.939662324368147,3.0201443022617616,0.8583986344558306,17.63685502369014,9.55847008505267,4.339471318300348,9.205366086853568,9.685592658879266,9.065063610766357,14.240942228807526,4.9058595852880345,4.964560053970492,2.569918178337562,4.899993656356553,9.61122718757666
Q9D0L7,2.306962746013998,8.682272279118514,3.9180854262852987,2.4316607931544008,1.4813128180906199,4.329553589250383,2.1207153176550744,0.8295246230144223,9.252131092368552,4.978662279758843,2.8785521604120183,6.624899472912868,6.97009596395097,4.462331000675886,7.502664822736223,3.4457127123989553,2.589711982937785,1.7987321537433385,3.44981559421285,3.787442885370537
Q9D0M3,4.824741458922643,12.81745496828095,8.216793952441497,4.619329002127631,4.270720303535743,9.23873891085547,6.424037507817801,2.1640193064555575,20.08149765026334,10.82390398299014,6.021295754943236,9.78890209552426,10.64239118415252,9.164770806729113,15.99374930341215,9.730507596217999,5.44877162687345,5.490560024954986,10.531046167328824,11.158209851179034
Q9D0Q7,2.079190748324282,5.334629727358581,4.143581825473825,1.6766032694293311,2.709903014933652,3.8569803984458364,3.7674076999129724,1.4772024436352778,13.594864345845155,6.253201443619413,1.9855578561907552,4.81069829477726,4.310935785386319,3.072314121535893,6.804180415197364,6.048305961557296,3.185694335357139,2.675361289592894,7.201098513437464,5.649878945860226
Q9D0S9,1.81939738284146,4.681451643647604,3.1005323341103685,1.9274886745749729,1.7029751357601979,3.450346242854733,2.439352426090854,0.9541605536615668,7.377872498918751,3.9754437895787054,2.287202642246447,3.5925719896615034,3.779766263280821,3.5390582826274852,5.971560024104601,3.949712485034144,2.0483254105179793,2.061830291105778,3.9544154898629116,4.341427071639661
Q9D0Y8,1.9199253049857885,4.940117843122979,3.271847339852894,2.0339890099272924,1.4813128180906199,2.999649435715912,2.5672579154555724,1.0041911975501876,7.764725330166663,4.183892998438147,1.9849746916672697,3.1178542494453914,4.020199803565973,3.764180222159543,5.182485932237926,4.097345638196468,2.124888132539673,2.1388978012890942,4.1022244328921795,4.5037018119502585
Q9D172,2.0260930203103396,5.49392659454844,3.2453308356302935,2.1514858135771204,1.9008023425232792,4.4850351549364165,2.6711456993657685,1.0448945190642978,8.5502781100976,4.8771545810233,2.5491856474174877,4.21045683892349,4.42426068618925,3.7000841861087315,6.650494253070177,4.0700121293703795,2.1105130467431357,2.5501965152592114,4.605882512815185,5.064301533185154
Q9D1B9,1.9502655141585843,5.021928197784811,2.9897730900289083,1.8572805606749254,1.6424122130273524,3.670079236335034,2.8210041967383326,0.9130323470429628,7.843694936058344,4.225537592816526,2.452212825071555,3.4783309601499828,4.04862147552273,3.4117052995508215,5.754832544977575,4.238119415868721,2.195661730008372,1.9845544951768872,4.2411875860805095,4.1924092145369585
Q9D1E8,2.3085794155462427,5.940155241138837,3.330620471280798,2.067702394977173,1.4813128180906199,2.999649435715912,2.1207153176550744,0.8295246230144223,9.588598992522869,3.4561568262388893,2.427644678954481,4.491853894066062,4.725906079888238,4.424944795509818,6.337225078797173,3.4457127123989553,2.259418171872816,1.7987321537433385,3.44981559421285,3.787442885370537
Q9D1H8,1.582581335340816,5.2089290375649835,2.696961448806998,2.1433600941909927,1.4813128180906199,3.7594161882355728,2.6584927048757567,1.2089884508656443,11.137357711249317,4.329045151729953,1.9849746916672697,3.1178542494453914,3.28031291781875,3.0714117733141593,5.182485932237926,5.91347209759977,2.5807026324745803,3.0869527700152664,4.985420901093104,5.472781622471114
Q9D1I6,2.794694602490425,8.802172859974792,5.831164466425753,2.3678811025344086,2.6344874911288096,7.542997385084762,2.1207153176550744,1.1149626974731681,9.034317167878877,6.140384837561034,4.264791898714627,7.810393324912822,8.223515311431088,4.318357267790958,11.133312862343688,3.4457127123989553,2.5085500979115696,3.187260819970251,4.619681735453854,6.685588298200047
Q9D1L0,1.8646808777737336,4.79796961480667,3.177702358406964,1.9754624841727502,1.7453609645281538,3.575325600902721,2.52771129758005,0.9887224106689001,7.6451157561959855,4.119443370434198,2.3717815771513315,3.1178542494453914,3.28031291781875,3.6699298436260976,6.192383565154416,4.03158340174305,2.09078376152775,2.104568575644371,4.036383891975648,4.431417574879273
Q9D1N9,1.8517537372288395,5.480009835055623,3.6294186030711844,2.2562781157767486,1.993467241188823,4.000986410418382,2.8286482631191174,0.959982916376304,8.555305910849782,4.609884184935181,2.689226244676785,4.224041500319065,4.444139074610008,3.6185521584221205,7.021186335598191,4.597065570677447,2.058835268537943,2.399761774999249,4.60253939229332,4.360983998321592
Q9D1P0,2.3879728529316644,5.283265889135984,4.082928004478488,1.6766032694293311,1.9157158451062242,5.187041883207775,3.6739467181840246,1.4368699856122882,11.10167327511175,7.060060189684935,2.5997132535379164,3.1178542494453914,5.008903133790818,4.000872680906124,7.915302256628484,5.92790425774667,2.6241090643462237,2.62742061082566,5.054900883098735,5.54881347847152
Q9D273,2.4796163633013295,6.418673535603085,4.271116824038481,2.645614034824192,2.654250160530019,4.802205434918976,2.6549749899812483,1.7016934253070104,13.224124813983167,4.869266413374543,3.496933104446375,5.486507708232144,5.772087041541477,5.390284433259298,8.100561249047228,4.321130142592223,2.519221760817419,1.8041129169793786,6.305155473123191,5.318818270286137
Q9D2G2,5.131355421054639,13.207468274672202,8.921639706031002,4.860490231943815,4.402715202217971,9.994439913133405,6.633889395293271,2.7053942770761297,22.190629549175902,11.957879844230991,6.52779985919702,10.054462615083892,10.790456723201295,9.902049305530916,16.71264056083561,10.800708340716497,5.8561699317701486,5.533831617364967,11.317951933270422,12.41655740282553
Q9D2R6,2.828894779677228,7.275526702287443,4.820894621584841,3.3066053948839307,1.9880746422491469,5.396679654863949,3.8156047984908006,1.2218758899544602,10.389677877097293,6.216018251690888,3.5518792503988257,5.023613920985323,5.292528937409569,6.064823048626742,10.233359266284715,5.587479819772292,3.214439217969701,2.642084235139141,5.600498948531952,6.813517080080227
Q9D2R8,2.304601764737005,5.929920434771423,3.927395057398271,1.6766032694293311,1.8278176266883155,4.300900023428106,3.040683504807685,1.0118835961611465,9.196610939890881,4.955440725157401,2.9052043809793937,3.1178542494453914,4.80105842146817,3.8029206573841328,6.411856135917319,4.930469503208776,2.5569471214609663,2.189530590893258,4.936340315823504,5.4194511266911345
Q9D338,2.366352778166332,5.9885148764043326,3.408483536422301,1.6766032694293311,1.879250303987549,5.035012614464971,3.5596920923307698,1.0332523696804838,10.76636328220643,5.801275645908544,2.501395493933869,3.958452393947894,4.802461052678292,3.8728301246923365,6.532083464799651,4.932432813846098,2.9706956789892915,2.5498466321631836,4.8952980225444165,6.2963914699011
Q9D3D9,2.747884171404525,6.653322352024418,4.682816301804157,2.9111373190798937,2.433019270760626,5.241258452635034,3.7055053673761824,1.3675772551165055,11.207378586279905,6.038909401702643,3.266766298942605,4.860692881294681,5.0867708096624416,5.3754905143070975,8.533365294477768,5.986942816752751,3.104835389750334,2.95113461326949,5.994071594121593,6.222347257835345
Q9D3P8,1.9156542527685991,5.706344521387565,3.2557122542058954,1.6766032694293311,1.7884650517552105,3.5813671709542962,2.8976025782101367,1.1320201705340585,8.76606195365945,4.123433415779083,2.4066187059240804,4.393178278926905,4.620678769830721,3.0714117733141593,7.30463496434095,4.692210621368135,2.126518869436022,2.450955622950941,4.689787452472191,5.155761809805115
Q9D404,2.49884478529286,6.450965729177801,4.2639276017028545,2.6524697128912815,1.9343491049753145,3.939256530968991,2.7817511217482407,1.0921949454183801,10.16978599460228,5.46674731348872,2.6104698769037227,4.898113048258903,6.367711690588168,4.864882775646383,6.814805456398522,3.4457127123989553,2.8089595080357057,2.8282474236836164,5.428962495177699,5.958791840819685
Q9D5T0,4.128857095024876,11.509851548993534,5.91102558568985,3.651610678951403,3.2820399998846934,8.438185837701948,4.26641881060463,1.6710060275231309,17.374507334541278,9.35669493299596,4.9336453723158895,7.327697533319921,9.624330709131868,7.246868892454296,12.869797520358492,6.9655805835277285,4.667507640259871,4.517757516795001,6.942080014308546,9.414284084012625
Q9D6J5,4.441811184136689,11.429127284042591,7.569527871322074,4.705701367258678,4.15758210694617,8.525495732487855,6.02742079631544,2.3576450465503105,18.23006042788603,9.822964617822429,5.585719573144315,8.77364310005901,9.230801857583431,8.64295395372354,14.58351747796431,9.784714248537574,5.074363996336202,5.107819949905716,9.796365111361983,10.75511786941933
Q9D6J6,5.174236422842809,13.801403676189183,9.145012951074941,4.762518858200298,4.930986500660155,9.847825594761686,6.591950634017186,2.5297951310235964,21.422149843087677,11.543105943689863,6.706219266363402,10.534759368499204,10.485160977868043,9.813527769790781,17.206538727203487,10.424663177172333,5.938334045476047,5.444523006609869,10.836519407257367,11.90742401595782
Q9D6K8,3.736817617262895,10.347135821626988,4.485480337115853,3.551312170643507,2.1242615197276007,7.1384842462154525,3.557849745413438,1.3907012805732886,13.734132399694436,7.45055414022233,4.996364639470862,7.847927123881014,8.256850597537186,5.735046137864381,13.044795767466205,5.8045752722286474,4.2544332995621374,3.029045743221417,6.610878782768238,7.249606489358921
Q9D6M3,2.662654774255148,6.851218808469119,4.5375723302724005,1.6766032694293311,1.9787839417821989,4.054827248358356,2.1207153176550744,0.8295246230144223,8.678372876886014,3.4561568262388893,2.6100529547784506,5.171407305954782,5.44086824842543,5.09437581533446,6.8117583997864015,3.4457127123989553,1.786950552197117,2.4118310967998458,3.44981559421285,3.787442885370537
Q9D6R2,6.205119069432136,15.966806395283884,10.203674241277655,6.34418897765712,5.4592180390128995,12.096956549587498,7.864398402374419,2.8085147621865376,25.878876010914468,14.089413781687796,7.4784121156686645,12.328627998281313,12.975775304618812,11.618646693043232,20.28995671637748,12.3825759853311,7.116726576241059,7.182830298093614,12.761237762966486,14.940011161618317
Q9D6S7,1.582581335340816,4.8795746791792975,2.696961448806998,1.6766032694293311,1.7788003613095893,4.060957165622761,2.871046850653702,0.9725020223678404,8.683541326781747,4.678981704300755,1.9849746916672697,3.7186592713687125,3.9099882198143265,3.656320825453672,6.170857390014364,4.053082802732447,2.4265821323582384,1.7987321537433385,4.68466285793693,5.143142445473598
Q9D6T9,1.888802984544227,4.86003768055963,3.218810129976895,2.001017697149038,1.7679395108312965,3.6623021848375275,2.5892026744161694,1.0127749606570902,7.831097713221719,4.2196566522630725,2.375191607464674,3.730778673233637,3.925174333440356,3.6752062873488947,6.201286668151946,4.208913500542088,2.18274735350971,2.1971384957623603,4.213925141412637,4.626334469326597
Q9D6U8,2.502083525944888,7.709575594344799,4.270680175162273,2.657728970545707,2.135660981531786,5.585314101069057,3.6180098047346743,1.2981936424476916,11.941692063137305,6.434544426944505,3.44546620818786,5.412330463481945,6.740957069645949,5.333709750805817,9.797032013147021,5.892215758321173,3.3317138283403502,3.3583886882775285,5.897216726311934,7.057750376127115
Q9D6Y7,3.0698605922920037,7.898991199552975,5.231513531555942,2.6759751787655452,2.3594854767113587,4.859773210164016,4.192658091385906,1.340256271386133,12.680782202256971,5.598451962485018,3.8494364232380995,6.046415483555497,6.361469533328738,5.956350174433209,10.050329706581357,5.5018516828561825,2.8634424107896534,3.5109385535511546,6.7336821366969115,7.39269558168907
Q9D773,2.6673977050104263,8.172336863743858,6.8419860551709615,3.364467416136068,3.7726956816841923,8.405784034678359,5.941710500758414,2.6010811790879513,15.727994162828352,9.150882038002397,3.408358888331034,4.395150532932255,6.6889112487144,7.920215000296964,7.340448810268777,9.485918368478703,4.6490876955506755,4.6791399299912175,10.64819816347451,11.690318301047967
Q9D7J4,3.234780957469936,9.434030870588717,4.815183240885392,2.5234105509337947,3.0504240862723635,6.977092381017654,2.786290389851056,1.711353201541489,16.401391951542045,6.116679445864345,4.652092811774152,5.537471627049252,6.765905440908902,5.515424965978173,12.154928048741658,6.084725676455223,3.146682518263192,2.7237264074690666,6.088132499028758,8.734795621593424
Q9D7J9,2.5978797356621692,6.753126653744993,4.436141572110205,2.264869038368645,1.9919657936817254,5.87436696655198,4.982685760492114,1.6275708201801578,12.812845561487583,8.120346592851387,3.251386365014014,4.1827511230402,4.402794845164816,4.140120668430687,8.481723968455038,8.125654893756208,1.786950552197117,3.5341623046317463,5.598735206684321,5.071673390473002
Q9D7N3,2.0497324039320755,6.186050485177495,4.091354760482645,1.6766032694293311,1.4813128180906199,4.43294306617544,3.7635974199649675,1.0490018791409437,9.467402384925615,5.101706361257898,3.02451782184991,4.0313997707868925,4.249257408893261,3.0714117733141593,7.897785457433526,6.119025491105884,2.6393215363071953,1.7987321537433385,6.126311542063028,5.598565973420478
Q9D7P6,2.668499558531586,5.473180121165409,3.6296284638091114,2.831461846726851,1.9960327726445377,6.207231444233818,3.4739807090921726,1.3583323162922314,13.272917830109062,5.6441507817799845,2.6696186005064555,5.247479293911387,5.524790617838247,4.1177129553003455,6.943941443928205,5.659511931266391,2.9287519649458953,2.941268825112082,5.661945189938548,6.203439031087026
Q9D880,3.5307767218038237,10.665759797059115,6.016380002600828,3.9886669348996246,2.8078974473613116,7.799256214712011,4.342415098735815,1.8275880740227541,15.98009829975279,9.008002340511116,4.117924359074166,5.9253478208864605,7.829413490659928,6.881379273950728,11.589204809259511,7.641096821916836,4.828324613408769,4.2574847767340644,7.63664099506123,9.445859483239182
Q9D8B4,3.4069843370015453,9.981781704237106,5.7970605186066395,3.0388741568044426,2.2151674139176523,6.6242786382410355,3.9609976433742844,1.1572196692355539,15.168824630828643,7.62268497224914,4.277600112472967,7.644238010473035,7.566762169080618,6.615941250111202,11.986560033653667,6.483076245822547,3.970153186968042,3.080174605788256,5.909144168483557,8.420379289564213
Q9D8P4,2.4587054067421,5.965405520921259,3.409238421961947,2.460641506101324,1.4813128180906199,3.7870341484104757,2.1207153176550744,0.8295246230144223,9.811172159171775,4.341670491688072,1.9849746916672697,3.9423445123764678,4.142386986709579,3.8888233527742266,6.578681247084825,4.3162804295744435,2.2365841818255467,1.7987321537433385,4.321934117690713,5.479071180707433
Q9D8S9,2.276211216918174,5.073295305962259,3.360437202954765,2.0926950222764154,2.137086388364247,5.126724695191684,3.624531407250495,1.1958285161850488,7.976432122230466,5.013259396254327,2.8503323949849912,3.8889065337988176,4.708305397550388,5.217957191014251,6.423319888228948,4.2961543183269155,2.2052692582742197,2.5764113717337533,4.9449756024352425,5.426404208707619
Q9D8T7,3.282697972080176,9.789472955077814,6.483428412122815,3.462348840092295,3.5612409850150377,6.0830420401971335,4.715567344385467,1.9818059307297873,16.16749841074035,8.711587406724727,5.095516859733718,7.117675338592981,7.4693335738167,6.472443054961445,11.846131684955301,7.509475509180172,3.563236389859439,3.9203896072945406,8.569758907662541,9.408465907167756
Q9D8W7,4.67169716052841,12.663331483086147,7.49030917476866,4.640611680464605,3.8068227688371064,8.968440457482574,4.665723124397556,1.674871037252891,18.522039300744034,9.708486618666706,5.6375644581912585,9.156064806701638,10.17909415629521,7.907926717263919,14.764111027100352,6.374672829183986,5.0154511221977085,3.6781257629585666,7.010208615085477,10.607042946847802
Q9D8Y1,3.814572638144785,9.815193489377567,6.500617136707844,2.3754285520461744,3.5704802137103084,7.506412143058313,2.1207153176550744,0.8295246230144223,16.05095483692631,8.648789841870874,4.799636159607506,7.538920299006241,7.93174268734184,7.4266231555127185,12.531165753117756,3.4457127123989553,4.546485632122166,3.6655149117051544,5.1528319147397195,9.636279324936233
Q9DAT5,1.582581335340816,5.191553028567846,3.4383732343289553,2.1375121282301928,1.8885350947987078,3.8089064325243673,2.6928500773429636,1.0533169759495251,8.144581454012469,4.388572147975844,2.540321555075107,3.990152815901137,4.198063404791818,3.9307168826962986,6.632417419629408,4.338244940068203,1.786950552197117,2.2646521390003582,4.343410578574507,4.768492414974622
Q9DB15,4.1574057434834275,11.16553101037949,7.397988659885542,4.191467045024524,3.892904235087398,9.191536276877176,5.783876359652663,2.3595694727572485,19.00901352394744,10.238698689858504,5.451534341445718,8.202683515159961,8.629876959688753,8.434031100344164,13.634592000282286,9.801346169024935,5.296736878472781,4.169383515031605,9.815221346577214,10.321004908964698
Q9DB20,6.301276533614062,16.428035793257806,10.293903749086684,6.110823442277389,5.480013736363455,12.155708217805028,7.642865331451772,2.8352742848507497,26.355461940293168,14.188109088819516,7.677488157764428,12.242295210494785,13.05458884074613,11.552827617656472,20.34927986164048,12.2787585342045,7.296852690132693,6.733001704735703,12.08533603827322,14.826361415722024
Q9DB77,8.01885392363314,20.656647141463715,13.288160775426705,8.003131333188183,6.7297905265250755,15.391164035149027,10.661864989900135,3.8690854676800726,32.910405422877325,17.626847284975813,9.740305194629842,15.665250850214418,16.572765838384797,15.298228210849217,25.245198179360184,17.295576763870077,9.038410355364542,8.71218338563127,17.0464311826743,19.135010055704438
Q9DBF1,3.3040734894954333,10.928273176195344,7.189027747817787,3.5072038395048204,4.303320734936507,5.519945298233313,2.1977056120553797,0.8596396244983556,6.647006649173245,3.581628891881335,5.26717489107091,7.530654950861468,8.762649619897585,7.413026507011396,13.750294354669123,3.5791045431052555,1.8561277081107492,1.8683654038035453,3.583366257347158,3.9340639133968085
Q9DBG1,3.4368708374959738,6.367634447577282,3.5878954665699823,2.6299264297112828,1.968073555423207,7.151855308353115,2.7690274083737645,1.085947067561778,13.46013574574009,8.2402740966756145,2.6355694357134007,5.8155761916214725,4.348934675260805,4.8174478256385616,9.685476871295089,5.271364345994683,3.782075782769892,2.7523807546027266,4.53006222779646,8.018645432597852
Q9DBL1,5.6040551076102725,15.276666848599255,9.010629547742823,4.664767106271149,4.488896612610917,8.676642176039193,4.697858425528651,1.1898691782263802,18.5430138470732,9.980745832030363,6.625850146635413,10.750538219140102,10.96972006033389,10.890496011261535,18.35805052320452,5.940799951170008,4.719489316647513,4.446770258763565,7.767642524398419,9.382150634603853
Q9DC61,3.977075771294181,12.144257069193719,6.761277187759304,3.259012076243995,3.468481556939308,7.901963222647081,4.962859335397711,1.4320534608162676,17.698302404667103,8.10893423416761,5.4538280992924,8.92254040962803,9.38557681624672,8.064273816741837,12.959770955281261,6.7399580585380825,4.523098088298486,3.1140745197077813,7.420280568611245,7.405423320174053
Q9DC69,5.927470792932084,16.460982324480632,9.381231836654793,5.152339678403355,4.851261672628144,11.938306567011443,7.103945889257786,2.3246379087800277,25.99536019703762,14.020019061494231,7.018089778195022,11.98872713893911,13.151615457674785,10.743490431932265,19.242363856225314,11.617259624176416,7.221886020606745,6.50531399123137,11.786799198004966,14.52096184832944
Q9DC70,4.846910233675395,12.751981530890378,8.081743001285503,4.902467474776587,3.831515968997981,9.810738641458238,6.37222355969954,2.301298176250404,20.550916258984948,11.066628601927219,5.837235948067239,8.931134497654709,9.640016904436601,9.246785340479171,15.586954748133783,10.105015077372368,5.607011892612184,5.267122081954999,10.132079581439063,11.863386019800611
Q9DCA2,2.5080779801205755,6.453480637690334,2.696961448806998,2.657084124240786,1.921310005624199,2.999649435715912,3.371766112970513,1.318877168693881,6.414147891388111,4.495349206814183,1.9849746916672697,3.1178542494453914,4.2767900545480035,4.873734469688509,6.7570277244749795,4.439056929151334,2.2993372033778745,1.7987321537433385,5.381411333737003,3.787442885370537
Q9DCB8,3.533225103391725,9.17173034019182,6.074481673768484,2.9317390537053676,3.3363758766278497,6.716855710370698,5.217897082643209,1.4500394224574433,14.365128248360355,7.738350793238558,4.947992283292659,6.247407607698878,6.570451401152399,6.9559846384461235,10.385020037789797,6.898107743631886,4.012319374453919,4.423929410647172,7.747411600555617,7.509624683255719
Q9DCC8,2.041204883099362,6.639077101500072,3.4939903346453494,2.1647781706214153,1.9202264460439613,4.946979291062447,2.7602059464348745,1.3680402391752602,8.337533115841987,4.48730592619494,2.5714854791021433,4.033299406798614,4.252753480013312,3.986121132129836,6.7077583821300095,5.643134194300931,2.3114100488944858,2.9458308833038713,4.466146683812679,4.902085370632583
Q9DCJ5,4.92266850872473,12.382860087610498,8.209894670979336,4.6707284370986235,4.005019823264346,9.920975055931237,6.369194221310039,2.2813147992155534,21.618963427132734,11.149643593843791,5.876335453678263,9.472768788684702,9.969250042513723,9.322677942826015,15.734277842135485,10.070811492308188,6.168573879087402,5.653996558318561,10.575241925844262,12.17124843234406
Q9DCJ7,2.048084144474556,5.2698805521556,3.490249668824261,1.6766032694293311,1.9170283561349895,3.884135344867035,2.1207153176550744,1.0741208186945501,8.305443374651864,3.4561568262388893,1.9849746916672697,4.046092755790985,4.256918146791165,3.0714117733141593,6.7254005831563575,4.410694012828082,2.287390957880615,2.302472029269549,4.415945917952607,4.848126658476326
Q9DCL9,4.149374040430152,9.435072577560653,7.089919805570841,2.7435498098871025,2.9147172406002433,4.2040968732313475,2.1844214821174246,0.8544434943119422,6.606828519972634,3.559979575736217,4.70511237647435,6.203395128315391,7.6807902491811,6.164378465235383,10.57006163595877,3.5193632561771064,1.8251458084064947,2.4755259905154574,3.523553835225762,5.26690846621909
Q9DCM0,3.9880992351578923,11.771856263423073,6.8062463368155734,3.961397294267071,3.505059460384415,7.556717799966965,4.5893562962584635,2.0923515310020235,16.938401404402203,8.100879989404868,5.257180302318199,7.368033804764892,7.103073763116489,7.71212805171151,13.70356099485887,9.000404292909641,4.862552680787708,4.699237020697751,9.417541744228343,9.397585183982567
Q9DCM2,5.539635625449079,12.352064026465774,6.674320269911323,4.652334929403589,2.216259731264856,4.634611467924106,2.182919899056245,0.8538561452640149,9.866082996872798,7.246372088177191,6.838439173096693,10.741324171495943,10.54903624142506,9.863021940587275,16.650896344920195,3.560367256498783,2.761121568027267,1.8585841589041403,3.564606659863698,5.8750026965165345
Q9DCN2,3.945285569483468,10.7219920827588,5.057148087092121,3.8710291745315026,2.4442737536839725,7.518686281712159,2.7626784670040854,0.8616741851129314,13.519441115615423,5.736220092470938,4.903653945575699,7.1308812672803334,8.102444572992452,7.041984056487734,11.845530196239293,3.6312296353529203,3.494200771723555,2.698264636585245,4.550445502697465,5.006064771975892
Q9DCS3,3.394942413179143,10.621096828961232,7.516544918920372,4.030999472755804,3.5624411379251333,6.442162139549959,4.5571572009295975,2.0066137890330378,13.776236209050381,7.414234062149741,5.206428764737153,6.7503484970036585,7.963954967797784,8.079231683373491,13.59275002757069,8.244189270885949,3.785431399498401,3.8184377026035996,7.320859280094974,8.029522780611371
Q9DCS9,4.5757580279123635,12.7916267066452,8.098016760898776,4.193000000204339,4.185466847879509,9.269853497978788,6.6609557842221205,2.525575930612064,20.76623831623405,10.842527081361029,5.964156053261425,9.332154300984707,10.140801881448136,8.331848620942688,16.095720724865995,10.398343003696992,5.645445545362547,5.789767569662958,10.940710550546687,12.54935054080373
Q9DCT2,5.091908553965254,14.888636989269573,9.290200892694674,4.907902533310047,4.857838799407979,9.782780401491797,7.179315326626626,2.364569100635193,22.742836524098895,12.439116067415704,7.029732230839874,10.511476539585951,12.124319885375062,10.036137332709893,17.50153936392606,11.12674218643562,6.259854116190743,6.09507935211889,12.094636966594605,13.679971389356089
Q9DCU6,2.611993133924796,8.15622129708618,4.417899639033058,1.6766032694293311,1.9923676792593181,6.844729915548038,3.369630227615355,1.0991884594470673,12.36272688834685,6.656808540634216,3.2797469369072805,4.189489074556536,5.427622189863626,4.135990381154362,6.999237407888249,4.596386320788242,3.4781385828219133,2.381603642396277,5.523876336977535,7.362643340850171
Q9DCV4,1.9904159038521951,5.121495662524624,2.696961448806998,1.6766032694293311,1.4813128180906199,3.741895194699925,2.1207153176550744,0.8295246230144223,8.001291379954745,4.311362676667611,1.9849746916672697,3.89662370452728,4.09966087289465,3.8385809485446725,6.476953672715661,3.4457127123989553,2.2420475062535705,1.7987321537433385,3.44981559421285,3.787442885370537
Q9DCW4,4.909927000784134,13.180470987931677,7.9919929177251605,4.968492109305073,4.794669704751503,9.365178835797623,6.910498815233065,2.703063856249364,20.9009483899887,10.790432377529601,6.171659313597293,8.83748544494159,10.211454307057709,9.120504436795006,16.114461739112375,11.184262060772458,5.558513278984877,5.838412387722556,11.197579394294157,12.293466491784448
Q9DCX2,4.527495796841687,12.3659828521339,8.20909266430517,4.203204196181495,4.360295029676612,8.998759105168187,6.2677273385596335,2.3657098681388917,19.833131170928812,10.523604366836427,5.79223606090343,9.224276458362894,9.867760520967979,8.667095642435195,15.357564338197818,9.975206935118,5.3511510763725685,5.219417611867891,9.982242595754359,10.755782084939941
Q9DCZ4,4.9925325402683765,12.397757307433503,8.212074273469305,4.705881826458359,3.9622719359561955,8.534556808512077,5.71926479190561,2.235256413087373,19.032479726932227,10.258462391002064,6.460938189200884,10.93470523711904,10.65809418400103,8.95098284937075,16.254506755525203,9.825311275667884,5.526189772065937,5.135636969603027,9.832120593079567,10.811215422177611
Q9EP89,3.644365823604947,10.377296261963648,6.5752479100508,3.8556914525284616,2.426234762782391,8.458232160009564,4.458933534387899,1.3500199986117436,16.25244482314906,9.088392495063951,4.816743045894447,9.07765328239619,9.552100874526252,7.004659860156034,14.625311566122079,7.187835726658123,4.676255884987191,3.1853461143013337,7.20173126565475,9.044258466928786
Q9EQ20,6.533638340238971,17.772676943530314,10.875884059061354,6.176329073826808,6.201054605333175,12.558565354775029,8.141569391017129,3.093504480497672,25.557420877224967,14.295392004160405,8.104965376562609,12.852418563010751,13.995785496124649,12.975999291716967,22.368340346654428,12.654560599790518,6.922450476725219,6.604066749157191,13.212327838729857,14.880518989779537
Q9EQI8,3.570945457160289,9.236628078071424,6.7743442568805055,4.207613844502882,3.3539780585939276,7.29954493659987,6.518140366328005,2.432215276795,16.776648152600405,9.601213039280376,4.600444712748804,4.353782127620451,5.553773035955762,7.1100514246838475,8.783848225323348,9.948012792316895,4.884549151710545,4.276085466409087,10.449964946979799,9.744795576997987
Q9ER88,2.547956344230402,5.492679214187222,3.655762329149553,3.3056074964602598,2.0077716386351816,6.56051462645548,4.641820579631869,1.5566291960808458,14.038634667567457,7.564605652300958,2.68677892666372,5.031735867041216,5.331523683643081,4.140083925500994,6.985853926909168,7.4503880807552845,3.863401142775171,2.3737636704345855,6.395736568766276,8.189294285158235
Q9ERI6,4.784770140341844,9.723523168530328,6.45326558817451,4.873054433444844,3.1773590390669275,8.147482874213388,3.944067610243142,1.3117058971135076,17.42675019789935,9.390886923471454,3.7578541762606608,7.5062603114313236,8.522201750158091,8.452245604784368,12.47932072317224,7.4203073376805095,4.294086118723063,4.3230672765283575,6.474619774799273,7.156816594210359
Q9ERS2,4.396932265199551,12.458684021145174,8.074080786132829,3.427288308353194,4.236641950183891,8.962451851553299,5.704811360440682,1.9057886520094243,19.142981868442174,10.532119590005784,5.9035563319920525,9.281593508367177,9.7846660946149715,8.717998284850973,15.771961720119647,7.940147529399111,4.818602632307821,4.85133982452325,9.283619235531125,10.212207977194591
Q9ESW4,3.455194926367083,10.031670580957854,6.643990234014023,3.1185262415563195,2.7450676373754797,7.596957911250636,2.127187119947853,0.8320560893137638,10.325451225572117,6.652438698693719,3.721868520994789,4.119009445624508,7.2467210229311645,5.819967512011938,9.717835186253074,3.4691255134118357,2.8979252733088847,2.8827762409790445,3.473256273334992,5.044494207627956
Q9JHI5,6.39626105964494,16.81733083331364,10.899707201509932,6.50579138412684,5.503836716506679,11.186448204192436,6.866096591858416,2.5057056143043033,25.636232623262575,13.510755897609448,8.330361453093754,12.831181171681722,13.495176033820249,12.130564883055401,21.333964393123363,10.811631102094347,6.995420642684818,5.837865582161095,10.446772283621723,13.785462645351181
Q9JHS4,3.936609986512486,9.010883439624854,4.350017449808548,3.2010655502671077,2.374026257606061,3.050604848823706,2.8183078393379333,1.1053050198963061,8.736753102566224,4.666202501477616,3.7678597683838264,6.889419066196186,7.248694374181961,5.865726139239832,9.850349794948658,3.5080252335306255,1.819265896899058,1.831260557790788,5.5572951780012465,5.0892194818427905
Q9JHW2,2.025852591347527,5.212677028665406,3.452363690775752,1.6766032694293311,1.4813128180906199,3.844013535671146,2.1207153176550744,0.8295246230144223,8.21965094344696,4.429022092807898,2.5565904667996855,4.01570684224075,4.22494894721864,3.955890265117567,6.674893228766617,3.4457127123989553,2.287015569559182,1.7987321537433385,3.44981559421285,4.8473310226790645
Q9JI39,2.551612792889874,5.397454911255416,3.5704953807595126,2.7414347338867895,1.9621948615791367,4.806313745819259,2.799138562380247,1.094851468933481,10.262196215198461,5.522906475788337,2.6180406935666047,4.11855934865239,6.662203362838366,6.237932281912128,6.81935690616713,4.545760874729737,2.8501739603960314,2.3773917553546173,4.539786549662528,6.030276566632617
Q9JIK9,3.529872994016169,9.037385676679902,5.371121615755353,2.513577874254978,2.572764626820868,6.462444822092711,3.5833080692632118,1.40037291185881,15.281868190821758,8.85776159407622,3.4267862944553498,6.1231479408918466,6.487074794167547,5.28786293814746,8.925009649917778,5.81891614101756,4.272812547504012,2.32944495296869,5.823047501586355,9.058804852800847
Q9JIQ3,2.1246631389989465,4.710643481246552,3.119864119517582,2.2508904191736088,1.7094558881961843,4.053299335741809,2.457517306561359,0.9811657432611532,7.592848598689431,4.090338686366147,2.299630851509459,3.6017333255755286,4.4141774927626685,4.133068112838727,6.002030332641226,4.04035761505206,1.786950552197117,2.0788401349897785,4.0481043043269915,3.787442885370537
Q9JIY5,2.817754621107967,5.583691406718225,4.801886269996604,1.6766032694293311,1.4813128180906199,5.225897541133699,2.1207153176550744,0.8295246230144223,11.174532362003513,6.021210760484618,2.6842048034986292,5.380938291705203,5.661317039244521,5.300785700152661,7.005831235354498,3.4457127123989553,3.1741819892274554,1.7987321537433385,3.44981559421285,3.787442885370537
Q9JJL8,2.1159013379841536,6.010806218903215,3.607915502566312,2.2430928372822723,1.752878466708136,3.9992546839027256,2.1207153176550744,0.9744260040530938,8.522072481985054,4.054599207325183,2.671973831778667,4.197533108356001,4.414752909944168,4.558971178367978,6.1613132957623815,4.014833499242254,2.371130979003088,2.3665987225999148,4.575300872131596,4.984413838072688
Q9JK42,5.064010916992512,13.420827827965665,7.548627870482487,4.703427900159305,3.3085953527534993,8.876804541714227,3.924249601355726,1.3368028426254126,16.732307416663296,9.056497322643258,6.141373136016298,10.26747963976246,9.847956766507798,9.509493438652694,17.049444575945284,6.454118093602231,4.912413288978916,3.3261563190327186,7.217905037368795,9.428280546181886
Q9JKF7,2.824364062150577,7.2763349844301874,5.435287484016441,2.2378479362429733,2.2707019416019625,7.048710156940865,5.002644250243753,1.7717225156191394,15.066338747031876,8.14934742497266,3.999032813202277,5.474238240885363,6.549296998907451,5.3839005042834955,9.140608351708067,8.668966076267278,4.174173291746451,3.004420069900796,8.051372957814332,9.528955917032414
Q9JKL4,3.5995470670493113,9.177921748514855,6.115936616670934,3.417066767676381,2.3957254129900987,6.123332079167383,4.335619371033534,1.3434939988243937,14.568823665087155,7.849216760889739,3.245573229906553,5.063625594250885,6.029533649659013,6.30538619615343,8.412228729446523,6.293260821530925,3.659765510718734,2.9099922153853983,6.308404506016643,8.548281428503536
Q9JLR9,1.949283168325194,5.015657919678216,3.3218776440638744,1.8935548884705165,1.670263803274518,3.7584362062258903,2.435913740265944,0.9523751945332383,8.03666101113145,4.330421013691156,2.439573219602814,3.504274021025101,4.03156956097313,3.7748259159195423,6.369377878886958,3.930672163289407,2.223917177427832,2.2385797577796147,4.293405964420919,4.713593938537388
Q9JLT4,3.919552488424766,12.128005452111081,6.69391354311186,4.405114850783233,4.0792633095488195,8.52421322811415,6.25659451306434,2.7340463933813335,18.236506968983118,8.488086396014221,5.876674779410272,8.518291725636544,8.964942093969466,8.753407202299163,14.773404337450037,9.794130951675472,4.39005825790782,3.2674519806410043,11.2847780491763,9.307030006683702
Q9JLZ3,4.882555031228735,13.19501675322829,8.518492345191786,4.724417833635929,4.308358497197442,10.213706191595886,6.885836503009738,2.766052974005484,22.326742001873242,11.777462155896467,6.270452293298185,10.123090740408413,10.366295890899641,10.19660519418584,15.511915758026056,11.149233673139582,5.911627540646932,4.914607005736466,11.708357141544019,12.832498980087028
Q9QYA2,3.890242178192852,8.585215314979628,4.64830385881291,1.6766032694293311,2.04300493676843,5.1995137294974585,2.1207153176550744,0.8295246230144223,11.026910267271871,7.330207031996483,2.7096822169389494,8.540615809953493,6.897823310600423,4.178765379551761,10.59146443285081,3.4523697162011335,2.4729497292843914,2.50463437621191,3.4564805246479526,3.7947601006443805
Q9QYR9,3.07388784601683,9.30661599712232,4.3774006653991675,2.715149187390004,2.8953159215261164,6.7664381144942185,2.849905877549628,1.5931066209240667,16.268638852656853,7.816770364811774,3.258619168360201,6.162864107465146,7.593845931586155,7.107714966028176,8.492372947953847,4.626240001989522,3.4371552234525518,2.8891490312121353,6.67569836686523,8.546635106819673
Q9QZ23,3.5873806161746433,9.230610662829429,6.113447067753358,2.9714163978833756,2.623978563532216,5.324513339309534,2.9358990795903432,1.4775911439688547,11.375744237676711,4.765652551028516,3.5764456618285503,5.688514029743761,7.573639596199119,5.53514706247646,9.308803059397684,6.112396921244747,2.466527930791862,3.191354608730776,6.116939125896538,3.787442885370537
Q9QZH6,2.234071243577251,8.946064521886136,4.267232060692656,2.0370563203993464,2.0909197877716856,7.008822571741808,3.702120958659011,1.4431331618142855,14.98695947078955,8.075473649287064,3.0987944248170525,5.489919774413503,5.778652995189565,4.811407138214426,8.07782403941971,6.060269659457185,3.84778270215897,3.539621187889836,6.072817690465741,8.199096402297542
Q9R0X4,3.5604719488131806,9.161372558918918,3.7145766722982936,2.318091261232666,2.038031492921247,5.588153038626056,2.1207153176550744,0.8295246230144223,6.414147891388111,4.862102166979272,3.4997002874269363,6.956762338242864,7.319250849648394,6.853136817934475,11.563504919538646,3.4457127123989553,2.5224387688573984,1.7987321537433385,3.44981559421285,3.787442885370537
Q9R112,5.804245123317254,15.61082610146168,9.6436311086628,5.40272579476192,4.75684069085292,10.512163288446086,6.199188574726595,2.109624510663645,20.6642143111935,11.151079896650662,6.54100413892167,11.671650939245378,13.405100529944308,10.96844768988199,19.79342146102346,8.989603551268173,6.025443817781034,5.5309335448779615,9.371422180906938,12.021760786658104
Q9WTP6,4.766998719439565,12.65513729848627,7.657328748639877,4.918131629763541,3.9103624880063035,8.911836783860197,6.111275030842129,2.3890985164061176,18.46845931780123,10.268805371765518,5.876804572274712,8.256519672311939,9.953334029755439,9.057200985888386,14.805465361857562,10.126894873580222,4.9014008796270065,5.589672504829156,9.829055721603233,10.789127597033591
Q9WTP7,4.051254784145692,11.182251537836015,6.844612603420105,3.305230196404051,3.378939599072104,7.752758379451705,2.8862275570305442,1.6646388685412252,12.884457346774447,8.92587190591279,5.4760803969281,8.000149341602631,8.414327166300016,7.833517921275526,13.308336468178245,6.776735312442137,2.4259709804229916,4.599275210615026,6.792819971501608,6.203983976427113
Q9WTQ8,3.335269207528596,10.193483500976738,4.592933576129189,2.2919275285794436,2.0233312828874244,6.383404422123311,2.1207153176550744,0.8295246230144223,13.649552925628461,7.355263578758932,3.397463731964783,6.658213435148961,8.241454131619946,5.2580284891848885,8.834294670699764,3.4457127123989553,3.070093212087247,2.4591855690823845,4.712477099643025,6.497940309830442
Q9WUM5,5.785080220181773,15.478938667632091,9.732797125173752,6.2113608895121235,5.1800259190582185,11.417908674422725,7.75221663763115,2.8570320030016467,24.720765350243404,12.80960652818663,7.17569249518166,11.61444220441472,12.560466797025782,10.649008155397082,19.037047816015782,12.742693799340667,6.606395822476828,6.737911204067304,12.398941170610874,14.186394869481186
Q9WUR2,2.3643550454276587,6.90875534246596,4.575678861671035,2.5029223504173697,2.51320305385079,4.694485518988268,2.5739689787126863,1.1441958616510182,10.032933961744192,4.776955328045162,3.390665316475109,4.675527219472405,4.917027684869546,4.608587429970626,8.852543751477118,5.365252708116661,2.4657366921739396,2.4754147799542072,4.758449210107988,5.9047856644427315
Q9WUR9,3.1803236031969746,9.84493227683043,5.42464394956382,3.372496967073905,2.9795011660594533,4.194962909874038,2.125236063334721,1.1599981600478346,6.4278209813720455,4.817348005222329,4.068148096402989,6.390905778355561,6.721965211267631,7.547219199345625,12.73465110343053,3.4506338421054594,1.7895026556893285,2.5187365152039964,3.4547425836108787,3.7928520704218083
Q9WV98,4.549932038770374,10.972301905678123,6.748416511040845,4.510243265644306,3.326478823898044,8.061924952993115,5.698882917808482,2.2301815412962513,17.23650284362047,9.922617950557097,5.413413325494303,8.506202234675902,8.949149015944924,8.931233482850555,14.138053036883468,9.207517272942088,4.774458921963121,4.8068895556356726,9.218209948792174,10.115328666537499
Q9WVA2,2.2309900360017596,6.340145541537389,4.199087751162962,2.3579703438864197,2.0816701566253166,3.838230747065069,3.3122822292517657,1.2956098561006058,8.209203655556077,5.398068633613834,2.8147382878487712,4.044600675672401,4.65597867263706,4.832277657807555,7.362098916130223,5.2979013658501914,2.4917040690545735,2.765612321603245,5.304209687228099,5.823323216494814
Q9WVL0,2.576148349176211,6.628631016658957,4.3901521071836695,2.1801519653809636,1.920411923974307,3.9160701847244765,2.1207153176550744,0.8295246230144223,8.368080895275565,4.518175367846222,2.5677140656999846,5.0346937593968795,5.297031116559989,4.959698706375897,8.36864955629075,3.4457127123989553,2.344562848967009,2.3500845678181657,3.44981559421285,4.951042293745179
Q9Z0V7,2.869181651999483,7.38262860403761,4.889525822317722,2.1401073478337302,2.2315102321704514,4.603656435321649,2.7434148955760427,1.0723909712557096,9.844823297817388,5.305022180095873,3.6238295793485076,5.692048619394472,5.988638057206624,5.607261836243508,9.461302400801282,4.449825715698605,2.737778851366822,2.7558142311755334,4.456554724217126,5.802284974287367
Q9Z0X1,6.581115861860108,17.50705310161937,11.773113412093073,6.02244415669084,6.256398263130721,12.22373042621349,7.934063187351877,2.9825043842885144,26.177863421476893,14.086701544431456,7.9563180397161455,12.444346694183459,13.328893774224658,12.86972248371576,21.376125795171614,13.10014832483938,6.793514297663394,6.9627592178662585,13.364588713812301,14.936412679704263
Q9Z1J3,4.192952523763218,10.796095324648965,6.5517539796885496,4.0819010628935715,3.089029513368545,8.614971415069023,4.42193724250888,1.7339967554976063,18.42983653391904,9.161369239244806,4.145710800625282,9.073398593547239,8.86160999452049,8.865913495710975,13.73625177623101,9.114415200098565,3.740867629716075,3.755042262343551,9.894847810476206,10.023361520840043
Q9Z1P6,5.26147050136627,14.859456548086978,9.83835563735314,5.345996782106811,4.8266197097110215,11.427003693651404,8.078801172631481,3.3500458846230523,24.778918815516388,12.141210495439704,6.214742452830566,10.658274527271363,11.63423081296842,10.27490156781349,18.679471004576957,13.5290155976898,6.616575249804682,7.362772388486827,13.541351319391447,14.013882396552289
Q9Z2I0,4.997583800329599,13.875324760174562,8.728648197560977,4.980243189124022,4.5319771369388056,10.266574443351299,5.889160170053199,2.003219470794408,20.772921114620516,10.580383774554045,6.077458082490869,10.404236307626071,11.79778147034589,9.68245325359966,16.31420096841946,9.232547768081727,5.835595272814196,5.396668808323784,9.997195180556753,12.405608457453427
Q9Z2I8,4.571206604842983,13.360173198054525,6.973436655123266,4.587370308169912,4.049868807412208,8.763701233165913,4.039467368105208,1.1458133153365824,18.775072590856798,9.052996039304352,5.972101313070394,9.410864640002004,10.304189625133661,9.274752306763311,14.89486491261312,4.816583323698384,4.742886483718701,2.965527130495869,5.71261540178108,10.043574407425773
Q9Z2I9,7.580741398936532,20.46623383898801,12.547302904117263,7.4025783514851975,5.821774207308831,15.045938454422908,9.512573194643538,3.284532688461667,31.870850381807298,17.16276921096113,9.658449571932287,14.44427336110044,15.814658163497388,14.082724031558417,24.499295169926732,15.02657037723714,8.75085946743797,8.369812505283008,15.70447289853024,18.16161546804266
Q9Z2Q5,1.9521671452149492,5.678792243776912,4.269349881661339,1.6907005988500123,2.0690206451809185,5.245986208841806,3.6964918832400855,1.4453822204210884,11.19776852397545,5.315597467473566,3.157690647810267,3.1529047212698336,4.093471914495416,3.8057697418215457,7.270357757348841,5.933974165492621,2.4453959857311416,2.460626771876019,5.945911494534102,5.7731789345542195
Q9Z2Y8,2.0532818286609373,6.357405884218332,3.5117125093769483,1.6766032694293311,2.871921227442411,2.999649435715912,2.1207153176550744,1.098126212195185,6.414147891388111,3.4561568262388893,2.58911339462077,4.877721737988728,4.250937437277805,4.7921405887349104,6.746178565766095,3.4457127123989553,1.786950552197117,2.3469773748852707,4.521676617635077,3.787442885370537
Q9Z2Z6,4.750640532718516,10.758077994867415,6.873611244313957,3.8672360674084474,2.97404333670452,7.6308703794646195,4.23580248591437,1.288562097254236,14.904520788079207,8.80080030679042,3.946135515615847,8.243729347894133,8.355040756709439,7.781873239157346,12.68068882891835,5.952036930874801,4.186740343745854,3.677938959534492,5.435844378249171,7.130767220871754
S4R2K0,2.567946559143393,5.342964150113893,4.376174998370519,2.7205095249353617,1.946620308090618,3.984173627642465,2.1207153176550744,0.8295246230144223,8.518310811463989,4.593171441726553,3.1900447261207114,5.010690840043984,5.2717775029785745,4.936053326189345,8.328751991514862,3.4457127123989553,2.386126221882109,2.4022475198714814,4.600350379450896,5.058593074794832
