Entry,Gene Names (primary),Subcellular location [CC],Transit peptide,Signal peptide,Keywords,Protein existence,Length
A0A0R4J083,Acadl,SUBCELLULAR LOCATION: Mitochondrion matrix {ECO:0000256|ARBA:ARBA00004305}.,NA,NA,Acetylation;FAD;Fatty acid metabolism;Flavoprotein;Lipid metabolism;Mitochondrion;Oxidoreductase;Phosphoprotein;Proteomics identification;Reference proteome;Transit peptide,Evidence at protein level,430
A2AJ88,Pnpla7,"SUBCELLULAR LOCATION: Endoplasmic reticulum membrane {ECO:0000269|PubMed:18086666, ECO:0000269|PubMed:28887301}; Single-pass type III membrane protein {ECO:0000269|PubMed:28887301}. Lipid droplet {ECO:0000269|PubMed:18086666, ECO:0000269|PubMed:28887301}.; SUBCELLULAR LOCATION: [Isoform 1]: Endoplasmic reticulum membrane {ECO:0000269|PubMed:22326266}; Single-pass type III membrane protein {ECO:0000305}.; SUBCELLULAR LOCATION: [Isoform 2]: Endoplasmic reticulum membrane {ECO:0000269|PubMed:22326266}; Single-pass type III membrane protein {ECO:0000305}.; SUBCELLULAR LOCATION: [Isoform 3]: Endoplasmic reticulum membrane {ECO:0000269|PubMed:22326266}; Single-pass type III membrane protein {ECO:0000305}.",NA,NA,Alternative splicing;Endoplasmic reticulum;Hydrolase;Lipid degradation;Lipid droplet;Lipid metabolism;Membrane;Phosphoprotein;Reference proteome;Repeat;Transmembrane;Transmembrane helix,Evidence at protein level,1352
A2AMM0,Cavin4,"SUBCELLULAR LOCATION: Cytoplasm, myofibril, sarcomere {ECO:0000269|PubMed:18332105}. Cytoplasm {ECO:0000269|PubMed:18332105}. Cytoplasm, cytosol {ECO:0000269|PubMed:19546242}. Membrane, caveola {ECO:0000269|PubMed:19546242, ECO:0000269|PubMed:24567387}. Cell membrane, sarcolemma {ECO:0000269|PubMed:19546242}. Cell membrane {ECO:0000269|PubMed:26497963}. Note=In cardiomyocytes, accumulates in the Z-line of the sarcomere. In vascular smooth muscle cells, detected diffusely throughout the cytoplasm (PubMed:18332105). Localizes in the caveolae in a caveolin-dependent manner (PubMed:19546242). {ECO:0000269|PubMed:18332105, ECO:0000269|PubMed:19546242}.",NA,NA,Activator;Cell membrane;Coiled coil;Cytoplasm;Developmental protein;Differentiation;Membrane;Myogenesis;Phosphoprotein;Reference proteome;Transcription;Transcription regulation,Evidence at protein level,362
A2ASZ8,Slc25a25,SUBCELLULAR LOCATION: Mitochondrion inner membrane {ECO:0000305|PubMed:15054102}; Multi-pass membrane protein {ECO:0000255}.,NA,NA,Alternative splicing;Antiport;ATP-binding;Calcium;Membrane;Metal-binding;Mitochondrion;Mitochondrion inner membrane;Nucleotide-binding;Reference proteome;Repeat;Transmembrane;Transmembrane helix;Transport,Evidence at protein level,469
A2AUC9,Klhl41,"SUBCELLULAR LOCATION: Cytoplasm {ECO:0000269|PubMed:18178185, ECO:0000269|PubMed:22562206}. Cytoplasm, cytoskeleton {ECO:0000269|PubMed:18178185}. Cell projection, pseudopodium {ECO:0000250|UniProtKB:Q9ER30}. Cell projection, ruffle {ECO:0000250|UniProtKB:Q9ER30}. Cytoplasm, myofibril, sarcomere, M line {ECO:0000269|PubMed:22562206}. Sarcoplasmic reticulum membrane {ECO:0000269|PubMed:24268659}. Endoplasmic reticulum membrane {ECO:0000269|PubMed:24268659}. Note=Predominantly cytoplasmic but can colocalize with F-actin at the membrane ruffle-like structures at the tips of transformation-specific pseudopodia.",NA,NA,Cell projection;Cytoplasm;Cytoskeleton;Endoplasmic reticulum;Kelch repeat;Membrane;Phosphoprotein;Reference proteome;Repeat;Sarcoplasmic reticulum;Ubl conjugation,Evidence at protein level,606
D3Z7P3,Gls,"SUBCELLULAR LOCATION: [Isoform 1]: Mitochondrion {ECO:0000250|UniProtKB:P13264}. Cytoplasm, cytosol {ECO:0000250|UniProtKB:P13264}. Note=The 74-kDa cytosolic precursor is translocated into the mitochondria and processed via a 72-kDa intermediate to yield the mature 68- and 65-kDa subunits. {ECO:0000250|UniProtKB:P13264}.; SUBCELLULAR LOCATION: [Isoform 2]: Mitochondrion {ECO:0000269|PubMed:16641247, ECO:0000269|PubMed:27542409}.; SUBCELLULAR LOCATION: [Glutaminase kidney isoform, mitochondrial 68 kDa chain]: Mitochondrion matrix {ECO:0000250|UniProtKB:P13264}. Note=Produced by the proteolytic processing of the 74-kDa cytosolic precursor. {ECO:0000250|UniProtKB:P13264}.; SUBCELLULAR LOCATION: [Glutaminase kidney isoform, mitochondrial 65 kDa chain]: Mitochondrion matrix {ECO:0000250|UniProtKB:P13264}. Note=Produced by the proteolytic processing of the 74-kDa cytosolic precursor. {ECO:0000250|UniProtKB:P13264}.","TRANSIT 1..54; /note=""Mitochondrion""; /evidence=""ECO:0000255""",NA,3D-structure;Acetylation;Alternative splicing;ANK repeat;Cytoplasm;Hydrolase;Mitochondrion;Phosphoprotein;Reference proteome;Repeat;Transit peptide,Evidence at protein level,674
A0A5F8MQC8,Tecr,SUBCELLULAR LOCATION: Endoplasmic reticulum membrane {ECO:0000256|ARBA:ARBA00004477}; Multi-pass membrane protein {ECO:0000256|ARBA:ARBA00004477}.,NA,NA,Acetylation;Endoplasmic reticulum;Fatty acid biosynthesis;Fatty acid metabolism;Lipid biosynthesis;Lipid metabolism;Membrane;NADP;Oxidoreductase;Phosphoprotein;Proteomics identification;Reference proteome;Sphingolipid metabolism;Steroid biosynthesis;Transmembrane;Transmembrane helix,Evidence at protein level,342
B9EIW1,Hrc,NA,NA,"SIGNAL 1..27; /evidence=""ECO:0000256|SAM:SignalP""",Signal,Evidence at transcript level,723
D3Z7Q2,Smim20,SUBCELLULAR LOCATION: [Small integral membrane protein 20]: Mitochondrion inner membrane {ECO:0000250|UniProtKB:Q8N5G0}; Single-pass membrane protein {ECO:0000305}.; SUBCELLULAR LOCATION: [Phoenixin-14]: Secreted {ECO:0000269|PubMed:30251651}.; SUBCELLULAR LOCATION: [Phoenixin-20]: Secreted {ECO:0000269|PubMed:30251651}.,NA,NA,Amidation;Membrane;Mitochondrion;Mitochondrion inner membrane;Reference proteome;Secreted;Transmembrane;Transmembrane helix,Evidence at protein level,69
A0A0R4J0D3,Stt3b,SUBCELLULAR LOCATION: Endoplasmic reticulum membrane {ECO:0000256|ARBA:ARBA00004477}; Multi-pass membrane protein {ECO:0000256|ARBA:ARBA00004477}.,NA,NA,Endoplasmic reticulum;Glycoprotein;Glycosyltransferase;Magnesium;Manganese;Membrane;Metal-binding;Proteomics identification;Reference proteome;Transferase;Transmembrane;Transmembrane helix,Evidence at protein level,823
A0A0R4J0P1,Acad8,SUBCELLULAR LOCATION: Mitochondrion {ECO:0000256|ARBA:ARBA00004173}.,NA,NA,Acetylation;Branched-chain amino acid catabolism;FAD;Flavoprotein;Mitochondrion;Oxidoreductase;Proteomics identification;Reference proteome;Transit peptide,Evidence at protein level,413
A0A4Y5WWJ7,Myo18a,"SUBCELLULAR LOCATION: Cytoplasm, cytoskeleton, microtubule organizing center {ECO:0000256|ARBA:ARBA00004267}. Golgi apparatus, trans-Golgi network {ECO:0000256|ARBA:ARBA00004601}. Golgi outpost {ECO:0000256|ARBA:ARBA00024182}.",NA,NA,Actin-binding;ATP-binding;Coiled coil;Cytoplasm;Cytoskeleton;Golgi apparatus;Motor protein;Myosin;Nucleotide-binding;Phosphoprotein,Evidence at transcript level,2409
A0A5F8MPM4,Mpz,SUBCELLULAR LOCATION: Cell membrane {ECO:0000256|ARBA:ARBA00004251}; Single-pass type I membrane protein {ECO:0000256|ARBA:ARBA00004251}.,NA,"SIGNAL 1..29; /evidence=""ECO:0000256|SAM:SignalP""",Cell membrane;Disulfide bond;Glycoprotein;Immunoglobulin domain;Membrane;Phosphoprotein;Proteomics identification;Reference proteome;Signal;Transmembrane;Transmembrane helix,Evidence at protein level,312
A0A991EQV5,Nploc4,"SUBCELLULAR LOCATION: Cytoplasm, cytosol {ECO:0000256|ARBA:ARBA00004514}. Endoplasmic reticulum {ECO:0000256|ARBA:ARBA00004240}. Nucleus {ECO:0000256|ARBA:ARBA00004123}.",NA,NA,Acetylation;Chaperone;Cytoplasm;Endoplasmic reticulum;Metal-binding;Nucleus;Proteomics identification;Reference proteome;Zinc;Zinc-finger,Evidence at protein level,651
A2APY7,Ndufaf5,SUBCELLULAR LOCATION: Mitochondrion inner membrane {ECO:0000250|UniProtKB:Q5TEU4}. Note=Peripherally localized on the matrix face of the mitochondrial inner membrane. {ECO:0000250|UniProtKB:Q5TEU4}.,"TRANSIT 1..29; /note=""Mitochondrion""; /evidence=""ECO:0000255""",NA,Alternative splicing;Membrane;Methyltransferase;Mitochondrion;Mitochondrion inner membrane;Oxidoreductase;Reference proteome;Transferase;Transit peptide,Evidence at protein level,343
A2VDH3,Lrrc38,SUBCELLULAR LOCATION: Cell membrane {ECO:0000250}; Single-pass type I membrane protein {ECO:0000250}.,NA,"SIGNAL 1..31; /evidence=""ECO:0000255""",Cell membrane;Disulfide bond;Glycoprotein;Ion channel;Ion transport;Leucine-rich repeat;Membrane;Reference proteome;Repeat;Signal;Transmembrane;Transmembrane helix;Transport,Evidence at transcript level,298
A6H611,Mipep,SUBCELLULAR LOCATION: Mitochondrion matrix {ECO:0000250}.,"TRANSIT 1..33; /note=""Mitochondrion""; /evidence=""ECO:0000250""",NA,Acetylation;Calcium;Cobalt;Hydrolase;Iron;Magnesium;Manganese;Metal-binding;Metalloprotease;Mitochondrion;Protease;Reference proteome;Transit peptide;Zinc,Evidence at protein level,711
B1AR13,Cisd3,SUBCELLULAR LOCATION: Mitochondrion {ECO:0000250|UniProtKB:P0C7P0}.,"TRANSIT 1..?; /note=""Mitochondrion""; /evidence=""ECO:0000255""",NA,2Fe-2S;Acetylation;Iron;Iron-sulfur;Metal-binding;Mitochondrion;Reference proteome;Transit peptide,Evidence at protein level,137
B1AR69,Myh13,"SUBCELLULAR LOCATION: Cytoplasm, myofibril {ECO:0000256|ARBA:ARBA00004657}.",NA,NA,Actin-binding;ATP-binding;Coiled coil;Cytoplasm;Methylation;Motor protein;Muscle protein;Myosin;Nucleotide-binding;Proteomics identification;Reference proteome;Thick filament,Evidence at protein level,1938
B1AXP6,Tomm5,SUBCELLULAR LOCATION: Mitochondrion outer membrane {ECO:0000250|UniProtKB:Q8N4H5}; Single-pass membrane protein {ECO:0000250|UniProtKB:Q8N4H5}.,NA,NA,Acetylation;Alternative splicing;Isopeptide bond;Membrane;Mitochondrion;Mitochondrion outer membrane;Protein transport;Reference proteome;Transmembrane;Transmembrane helix;Transport;Ubl conjugation,Inferred from homology,51
D3Z7H8,Cilp2,"SUBCELLULAR LOCATION: Secreted, extracellular space, extracellular matrix {ECO:0000250|UniProtKB:Q8IUL8}.",NA,"SIGNAL 1..20; /evidence=""ECO:0000255""",Cleavage on pair of basic residues;Disulfide bond;Extracellular matrix;Glycoprotein;Immunoglobulin domain;Reference proteome;Secreted;Signal,Evidence at protein level,1162
A0A0G2JFH2,Map4,"SUBCELLULAR LOCATION: Cytoplasm, cytoskeleton {ECO:0000256|ARBA:ARBA00004245, ECO:0000256|RuleBase:RU000686}.",NA,NA,Cytoplasm;Cytoskeleton;Microtubule;Phosphoprotein;Proteomics identification;Reference proteome;Repeat,Evidence at protein level,1441
A0A0G2JGL0,Ube2d3,NA,NA,NA,Proteomics identification;Reference proteome;Transferase;Ubl conjugation pathway,Evidence at protein level,148
A0A1B0GRA5,Stim1,SUBCELLULAR LOCATION: Endoplasmic reticulum membrane {ECO:0000256|ARBA:ARBA00004115}; Single-pass type I membrane protein {ECO:0000256|ARBA:ARBA00004115}.,NA,"SIGNAL 1..22; /evidence=""ECO:0000256|SAM:SignalP""",Calcium;Calcium transport;Coiled coil;Endoplasmic reticulum;Glycoprotein;Ion transport;Membrane;Metal-binding;Phosphoprotein;Proteomics identification;Reference proteome;Signal;Transmembrane;Transmembrane helix;Transport,Evidence at protein level,793
A0A1D5RLF1,Reep1,SUBCELLULAR LOCATION: Membrane {ECO:0000256|RuleBase:RU362006}; Multi-pass membrane protein {ECO:0000256|RuleBase:RU362006}.,NA,NA,Membrane;Proteomics identification;Reference proteome;Transmembrane;Transmembrane helix,Evidence at protein level,284
A0A411P8U6,Mbp,SUBCELLULAR LOCATION: Myelin membrane {ECO:0000256|ARBA:ARBA00004392}; Peripheral membrane protein {ECO:0000256|ARBA:ARBA00004392}; Cytoplasmic side {ECO:0000256|ARBA:ARBA00004392}.,NA,NA,Cell membrane;Membrane,Evidence at transcript level,294
A0A494B9G1,Mrpl49,SUBCELLULAR LOCATION: Mitochondrion {ECO:0000256|ARBA:ARBA00004173}.,NA,NA,Mitochondrion;Proteomics identification;Reference proteome;Ribonucleoprotein;Ribosomal protein,Evidence at protein level,115
A0A571BE98,Lsmem2,"SUBCELLULAR LOCATION: Cell membrane {ECO:0000269|PubMed:40525396}; Single-pass membrane protein {ECO:0000305}. Note=In skeletal muscles, localizes at neuromuscular junction. {ECO:0000269|PubMed:40525396}.",NA,NA,Cell membrane;Glycoprotein;Membrane;Reference proteome;Transmembrane;Transmembrane helix,Evidence at protein level,150
A0A571BEC9,Plin4,SUBCELLULAR LOCATION: Cell membrane {ECO:0000256|ARBA:ARBA00004236}. Cytoplasm {ECO:0000256|ARBA:ARBA00004496}. Lipid droplet {ECO:0000256|ARBA:ARBA00004502}.,NA,NA,Cell membrane;Cytoplasm;Lipid droplet;Membrane;Phosphoprotein;Proteomics identification;Reference proteome;Repeat,Evidence at protein level,1601
A0A7N9VR94,Ahnak2,SUBCELLULAR LOCATION: Nucleus {ECO:0000256|ARBA:ARBA00004123}.,NA,NA,Nucleus;Proteomics identification;Reference proteome,Evidence at protein level,3501
A0AAQ4VMQ4,Phkb,"SUBCELLULAR LOCATION: Cell membrane {ECO:0000256|ARBA:ARBA00004342, ECO:0000256|RuleBase:RU364123}; Lipid-anchor {ECO:0000256|ARBA:ARBA00004342, ECO:0000256|RuleBase:RU364123}; Cytoplasmic side {ECO:0000256|ARBA:ARBA00004342, ECO:0000256|RuleBase:RU364123}.",NA,NA,Calmodulin-binding;Carbohydrate metabolism;Cell membrane;Glycogen metabolism;Lipoprotein;Membrane;Prenylation;Proteomics identification;Reference proteome,Evidence at protein level,1093
A2AIL4,Ndufaf6,SUBCELLULAR LOCATION: Mitochondrion inner membrane {ECO:0000269|PubMed:18614015}. Note=Peripherally localized on the matrix face of the mitochondrial inner membrane. {ECO:0000250}.,"TRANSIT 1..44; /note=""Mitochondrion""; /evidence=""ECO:0000255""",NA,Membrane;Mitochondrion;Mitochondrion inner membrane;Reference proteome;Transit peptide,Evidence at protein level,333
A2AKU9,Atp5f1c,SUBCELLULAR LOCATION: Mitochondrion inner membrane {ECO:0000256|ARBA:ARBA00004443}; Peripheral membrane protein {ECO:0000256|ARBA:ARBA00004443}; Matrix side {ECO:0000256|ARBA:ARBA00004443}.,NA,NA,Acetylation;ATP synthesis;CF(1);Hydrogen ion transport;Ion transport;Membrane;Mitochondrion;Mitochondrion inner membrane;Phosphoprotein;Proteomics identification;Reference proteome;Transport,Evidence at protein level,297
A3KGR9,H13,SUBCELLULAR LOCATION: Endoplasmic reticulum membrane {ECO:0000256|ARBA:ARBA00004477}; Multi-pass membrane protein {ECO:0000256|ARBA:ARBA00004477}. Membrane {ECO:0000256|ARBA:ARBA00004366}; Multi-pass membrane protein {ECO:0000256|ARBA:ARBA00004366}; Lumenal side {ECO:0000256|ARBA:ARBA00004366}.,NA,NA,Endoplasmic reticulum;Hydrolase;Membrane;Protease;Proteomics identification;Reference proteome;Transmembrane;Transmembrane helix,Evidence at protein level,347
B0QZL1,Eno1,SUBCELLULAR LOCATION: Cytoplasm {ECO:0000256|ARBA:ARBA00004496}.,NA,NA,Cytoplasm;Glycolysis;Lyase;Magnesium;Metal-binding;Proteomics identification;Reference proteome,Evidence at protein level,221
B0V2N5,Anxa2,"SUBCELLULAR LOCATION: Secreted, extracellular space, extracellular matrix, basement membrane {ECO:0000256|ARBA:ARBA00004302}.",NA,NA,Annexin;Basement membrane;Calcium;Calcium/phospholipid-binding;Extracellular matrix;Phosphoprotein;Proteomics identification;Reference proteome;Repeat;Secreted,Evidence at protein level,272
D3Z0J2,Cav1,"SUBCELLULAR LOCATION: Cell membrane {ECO:0000256|ARBA:ARBA00004202, ECO:0000256|RuleBase:RU000680}; Peripheral membrane protein {ECO:0000256|ARBA:ARBA00004202, ECO:0000256|RuleBase:RU000680}. Golgi apparatus membrane {ECO:0000256|RuleBase:RU000680}; Peripheral membrane protein {ECO:0000256|RuleBase:RU000680}. Membrane, caveola {ECO:0000256|RuleBase:RU000680}; Peripheral membrane protein {ECO:0000256|RuleBase:RU000680}. Membrane raft {ECO:0000256|ARBA:ARBA00004285}.",NA,NA,Cell membrane;Golgi apparatus;Lipoprotein;Membrane;Palmitate;Proteomics identification;Reference proteome,Evidence at protein level,47
D3Z6F5,Atp5f1a,SUBCELLULAR LOCATION: Cell membrane {ECO:0000256|ARBA:ARBA00004296}; Peripheral membrane protein {ECO:0000256|ARBA:ARBA00004296}; Extracellular side {ECO:0000256|ARBA:ARBA00004296}. Mitochondrion inner membrane {ECO:0000256|ARBA:ARBA00004443}; Peripheral membrane protein {ECO:0000256|ARBA:ARBA00004443}; Matrix side {ECO:0000256|ARBA:ARBA00004443}.,NA,NA,ATP synthesis;ATP-binding;CF(1);Hydrogen ion transport;Ion transport;Membrane;Nucleotide-binding;Proteomics identification;Reference proteome;Transport,Evidence at protein level,503
D3Z7X0,Acad12,NA,NA,NA,Acetylation;FAD;Fatty acid metabolism;Flavoprotein;Lipid metabolism;Oxidoreductase;Proteomics identification;Reference proteome,Evidence at protein level,555
A0A0A0MQE1,Tmem233,SUBCELLULAR LOCATION: Membrane {ECO:0000256|ARBA:ARBA00004370}.,NA,NA,Membrane;Reference proteome;Transmembrane;Transmembrane helix,Inferred from homology,135
A0A0R4J0I1,Serpina3k,NA,NA,"SIGNAL 1..21; /evidence=""ECO:0000256|SAM:SignalP""",Glycoprotein;Protease inhibitor;Proteomics identification;Reference proteome;Serine protease inhibitor;Signal,Evidence at protein level,418
A0A0R4J1J1,Pnkd,NA,NA,NA,Membrane;Proteomics identification;Reference proteome;Transmembrane;Transmembrane helix,Evidence at protein level,142
A0A0U1RPL0,Atxn2l,NA,NA,NA,Proteomics identification;Reference proteome;RNA-binding,Evidence at protein level,1096
A0A1B0GSX6,Pdlim3,"SUBCELLULAR LOCATION: Cytoplasm, myofibril, sarcomere, Z line {ECO:0000256|ARBA:ARBA00004216}.",NA,NA,Cytoplasm;LIM domain;Metal-binding;Phosphoprotein;Proteomics identification;Reference proteome;Zinc,Evidence at protein level,364
A0A1W2P7M9,Itga7,SUBCELLULAR LOCATION: Membrane {ECO:0000256|ARBA:ARBA00004479}; Single-pass type I membrane protein {ECO:0000256|ARBA:ARBA00004479}.,NA,NA,Cell adhesion;Disulfide bond;Glycoprotein;Integrin;Membrane;Proteomics identification;Receptor;Reference proteome;Transmembrane;Transmembrane helix,Evidence at protein level,128
A0A286YCW8,Camk2g,NA,NA,NA,Kinase;Phosphoprotein;Proteomics identification;Reference proteome;Serine/threonine-protein kinase;Transferase,Evidence at protein level,274
A0A2R8VHX1,Ndufa6,NA,NA,NA,Reference proteome,Predicted,52
A0A571BD03,Prr33,NA,NA,NA,Proteomics identification;Reference proteome,Evidence at protein level,440
A0AAQ4VMW9,Gm58354,NA,NA,NA,Proteomics identification;Reference proteome,Evidence at protein level,103
D3Z7R9,Ccpg1,NA,NA,NA,Coiled coil;Membrane;Proteomics identification;Reference proteome;Transmembrane;Transmembrane helix,Evidence at protein level,778
E9PV24,Fga,SUBCELLULAR LOCATION: Secreted {ECO:0000269|PubMed:7649481}.,NA,"SIGNAL 1..19; /evidence=""ECO:0000250|UniProtKB:P06399, ECO:0000255""",Adaptive immunity;Alternative splicing;Blood coagulation;Calcium;Coiled coil;Disulfide bond;Glycoprotein;Hemostasis;Hydroxylation;Immunity;Innate immunity;Metal-binding;Phosphoprotein;Reference proteome;Secreted;Signal,Evidence at protein level,789
E9PZQ0,Ryr1,"SUBCELLULAR LOCATION: Sarcoplasmic reticulum membrane {ECO:0000269|PubMed:18003898, ECO:0000269|PubMed:7621815}; Multi-pass membrane protein {ECO:0000255}. Note=The number of predicted transmembrane domains varies between orthologs. Both N-terminus and C-terminus are cytoplasmic. {ECO:0000250|UniProtKB:P11716}.",NA,NA,3D-structure;ATP-binding;Calcium;Calcium channel;Calcium transport;Calmodulin-binding;Developmental protein;Ion channel;Ion transport;Ligand-gated ion channel;Membrane;Metal-binding;Nucleotide-binding;Phosphoprotein;Receptor;Reference proteome;Repeat;S-nitrosylation;Sarcoplasmic reticulum;Transmembrane;Transmembrane helix;Transport,Evidence at protein level,5035
E9Q4Z2,Acacb,SUBCELLULAR LOCATION: Mitochondrion {ECO:0000269|PubMed:10677481}.,"TRANSIT 1..?; /note=""Mitochondrion""; /evidence=""ECO:0000303|PubMed:10677481""",NA,Allosteric enzyme;ATP-binding;Biotin;Fatty acid biosynthesis;Fatty acid metabolism;Ligase;Lipid biosynthesis;Lipid metabolism;Magnesium;Manganese;Metal-binding;Mitochondrion;Multifunctional enzyme;Nucleotide-binding;Phosphoprotein;Reference proteome;Transit peptide,Evidence at protein level,2448
E9Q9K5,Trdn,SUBCELLULAR LOCATION: Sarcoplasmic reticulum membrane {ECO:0000269|PubMed:11707337}; Single-pass type II membrane protein {ECO:0000250|UniProtKB:Q28820}.,NA,NA,Alternative splicing;Disulfide bond;Glycoprotein;Membrane;Phosphoprotein;Reference proteome;Sarcoplasmic reticulum;Transmembrane;Transmembrane helix,Evidence at protein level,693
F8VPN4,Agl,SUBCELLULAR LOCATION: Cytoplasm {ECO:0000256|ARBA:ARBA00004496}.,NA,NA,Cytoplasm;Glycogen biosynthesis;Glycosidase;Glycosyltransferase;Hydrolase;Multifunctional enzyme;Phosphoprotein;Proteomics identification;Reference proteome;Transferase;Ubl conjugation,Evidence at protein level,1532
G3UW82,Myh2,"SUBCELLULAR LOCATION: Cytoplasm, myofibril {ECO:0000269|PubMed:28752107}. Note=Thick filaments of the myofibrils.",NA,NA,Actin-binding;ATP-binding;Coiled coil;Cytoplasm;Methylation;Motor protein;Muscle protein;Myosin;Nucleotide-binding;Phosphoprotein;Reference proteome;Thick filament,Evidence at protein level,1942
G5E829,Atp2b1,"SUBCELLULAR LOCATION: Cell membrane {ECO:0000250|UniProtKB:P20020}; Multi-pass membrane protein {ECO:0000255}. Basolateral cell membrane {ECO:0000269|PubMed:23460639}. Synapse {ECO:0000269|PubMed:12209837}. Presynaptic cell membrane {ECO:0000269|PubMed:30862855}; Multi-pass membrane protein {ECO:0000255}. Cytoplasmic vesicle, secretory vesicle, synaptic vesicle membrane {ECO:0000269|PubMed:30862855}; Multi-pass membrane protein {ECO:0000255}. Note=Colocalizes with SV2A in photoreceptor synaptic terminals (PubMed:12209837). Colocalizes with NPTN to the immunological synapse (PubMed:28827723). Colocalizes with EPB41 to the basolateral membrane in enterocyte (PubMed:23460639). Preferentially sorted to recycling synaptic vesicles. {ECO:0000269|PubMed:12209837, ECO:0000269|PubMed:23460639, ECO:0000269|PubMed:28827723, ECO:0000269|PubMed:30862855}.",NA,NA,Acetylation;ATP-binding;Calcium;Calcium transport;Calmodulin-binding;Cell membrane;Cell projection;Cytoplasmic vesicle;Ion transport;Magnesium;Membrane;Metal-binding;Nucleotide-binding;Phosphoprotein;Reference proteome;Synapse;Translocase;Transmembrane;Transmembrane helix;Transport,Evidence at protein level,1220
O08528,Hk2,"SUBCELLULAR LOCATION: Mitochondrion outer membrane {ECO:0000250|UniProtKB:P52789}; Peripheral membrane protein {ECO:0000250|UniProtKB:P52789}. Cytoplasm, cytosol {ECO:0000250|UniProtKB:P52789}. Note=The mitochondrial-binding peptide (MBP) region promotes association with the mitochondrial outer membrane. The interaction with the mitochondrial outer membrane via the mitochondrial-binding peptide (MBP) region promotes higher stability of the protein. Release from the mitochondrial outer membrane into the cytosol induces permeability transition pore (PTP) opening and apoptosis. {ECO:0000250|UniProtKB:P52789}.",NA,NA,Acetylation;Allosteric enzyme;ATP-binding;Cytoplasm;Glycolysis;Kinase;Membrane;Mitochondrion;Mitochondrion outer membrane;Nucleotide-binding;Reference proteome;Repeat;Transferase,Evidence at protein level,917
O08529,Capn2,SUBCELLULAR LOCATION: Cytoplasm {ECO:0000250}. Cell membrane {ECO:0000250}. Note=Translocates to the plasma membrane upon Ca(2+) binding. {ECO:0000250}.,NA,NA,Acetylation;Autocatalytic cleavage;Calcium;Cell membrane;Cytoplasm;Hydrolase;Isopeptide bond;Membrane;Metal-binding;Phosphoprotein;Protease;Reference proteome;Repeat;Thiol protease;Ubl conjugation,Evidence at protein level,700
O08532,Cacna2d1,SUBCELLULAR LOCATION: Membrane {ECO:0000305}; Single-pass type I membrane protein {ECO:0000305}. Cell membrane {ECO:0000250|UniProtKB:P54289}.,NA,"SIGNAL 1..24; /evidence=""ECO:0000250""",Alternative splicing;Calcium;Calcium channel;Calcium transport;Cell membrane;Disulfide bond;Glycoprotein;Ion channel;Ion transport;Membrane;Metal-binding;Phosphoprotein;Reference proteome;Signal;Transmembrane;Transmembrane helix;Transport;Voltage-gated channel,Evidence at protein level,1103
O08547,Sec22b,"SUBCELLULAR LOCATION: Endoplasmic reticulum membrane {ECO:0000250|UniProtKB:Q4KM74}; Single-pass type IV membrane protein {ECO:0000250|UniProtKB:Q4KM74}. Endoplasmic reticulum-Golgi intermediate compartment membrane {ECO:0000250|UniProtKB:Q4KM74}. Golgi apparatus, cis-Golgi network membrane {ECO:0000250|UniProtKB:Q4KM74}. Golgi apparatus, trans-Golgi network membrane {ECO:0000250|UniProtKB:Q4KM74}. Melanosome {ECO:0000250|UniProtKB:O75396}. Note=Concentrated most in the intermediate compartment/cis-Golgi network and the cis-Golgi cisternae 1 and 2. Greatly reduced in concentration at the trans end of the Golgi apparatus. {ECO:0000250|UniProtKB:Q4KM74}.",NA,NA,3D-structure;Acetylation;Coiled coil;Direct protein sequencing;Endoplasmic reticulum;ER-Golgi transport;Golgi apparatus;Membrane;Phosphoprotein;Protein transport;Reference proteome;Transmembrane;Transmembrane helix;Transport,Evidence at protein level,215
O08553,Dpysl2,"SUBCELLULAR LOCATION: Cytoplasm, cytosol {ECO:0000250}. Cytoplasm, cytoskeleton {ECO:0000250}. Membrane {ECO:0000250}. Note=Tightly but non-covalently associated with membranes. {ECO:0000250}.",NA,NA,3D-structure;Cytoplasm;Cytoskeleton;Developmental protein;Differentiation;Direct protein sequencing;Membrane;Methylation;Neurogenesis;Phosphoprotein;Reference proteome;S-nitrosylation,Evidence at protein level,572
O08579,Emd,"SUBCELLULAR LOCATION: Nucleus inner membrane {ECO:0000250|UniProtKB:P50402}; Single-pass membrane protein; Nucleoplasmic side {ECO:0000250|UniProtKB:P50402}. Nucleus outer membrane. Note=Colocalized with BANF1 at the central region of the assembling nuclear rim, near spindle-attachment sites. The accumulation of different intermediates of prelamin-A/C (non-farnesylated or carboxymethylated farnesylated prelamin-A/C) in fibroblasts modify its localization in the nucleus (By similarity). {ECO:0000250}.",NA,NA,Acetylation;Actin-binding;Membrane;Microtubule;Nucleus;Phosphoprotein;Reference proteome;Transmembrane;Transmembrane helix,Evidence at protein level,259
O08583,Alyref,"SUBCELLULAR LOCATION: Nucleus {ECO:0000269|PubMed:9119228}. Nucleus speckle {ECO:0000250|UniProtKB:Q86V81}. Cytoplasm {ECO:0000269|PubMed:9119228}. Note=Colocalizes with the core EJC, ALYREF/THOC4, NXF1 and DDX39B in the nucleus and nuclear speckles. Localizes to regions surrounding nuclear speckles known as perispeckles in which TREX complex assembly seems to occur. Travels to the cytoplasm as part of the exon junction complex (EJC) bound to mRNA. {ECO:0000250|UniProtKB:Q86V81}.",NA,NA,3D-structure;Acetylation;Alternative splicing;Chaperone;Citrullination;Cytoplasm;Methylation;mRNA processing;mRNA splicing;mRNA transport;Nucleus;Phosphoprotein;Reference proteome;RNA-binding;Spliceosome;Transport,Evidence at protein level,255
O08599,Stxbp1,"SUBCELLULAR LOCATION: Cytoplasm, cytosol {ECO:0000250|UniProtKB:P61764}. Membrane; Peripheral membrane protein.",NA,NA,Alternative splicing;Cytoplasm;Direct protein sequencing;Membrane;Phosphoprotein;Protein transport;Reference proteome;Transport,Evidence at protein level,594
O08600,Endog,SUBCELLULAR LOCATION: Mitochondrion {ECO:0000250|UniProtKB:Q14249}.,"TRANSIT 1..44; /note=""Mitochondrion""; /evidence=""ECO:0000250""",NA,3D-structure;Disulfide bond;Endonuclease;Hydrolase;Magnesium;Metal-binding;Mitochondrion;Nuclease;Phosphoprotein;Reference proteome;Transit peptide,Evidence at protein level,294
O08663,Metap2,SUBCELLULAR LOCATION: Cytoplasm. Note=About 30% of expressed METAP2 associates with polysomes. {ECO:0000255|HAMAP-Rule:MF_03175}.,NA,NA,Acetylation;Aminopeptidase;Cytoplasm;Direct protein sequencing;Glycoprotein;Hydrolase;Metal-binding;Phosphoprotein;Protease;Reference proteome,Evidence at protein level,478
O08677,Kng1,"SUBCELLULAR LOCATION: Secreted, extracellular space.",NA,SIGNAL 1..20,Alternative splicing;Blood coagulation;Direct protein sequencing;Disulfide bond;Glycoprotein;Hemostasis;Inflammatory response;Phosphoprotein;Protease inhibitor;Reference proteome;Repeat;Secreted;Signal;Thiol protease inhibitor;Vasoactive;Vasodilator,Evidence at protein level,661
O08692,Ngp,"SUBCELLULAR LOCATION: Secreted {ECO:0000269|PubMed:21518852}. Cytoplasmic granule {ECO:0000269|PubMed:8749713}. Note=Localizes in cytoplasmic granules of neutrophilic precursors (PubMed:8749713). {ECO:0000269|PubMed:21518852, ECO:0000269|PubMed:8749713}.",NA,"SIGNAL 1..21; /evidence=""ECO:0000255""",Direct protein sequencing;Disulfide bond;Protease inhibitor;Reference proteome;Secreted;Signal;Thiol protease inhibitor;Tumor suppressor,Evidence at protein level,167
O08709,Prdx6,SUBCELLULAR LOCATION: Cytoplasm {ECO:0000250|UniProtKB:O35244}. Lysosome {ECO:0000250|UniProtKB:O35244}. Note=Also found in lung secretory organelles (lamellar bodies). {ECO:0000250|UniProtKB:O35244}.,NA,NA,Acetylation;Antioxidant;Cytoplasm;Direct protein sequencing;Hydrolase;Lipid degradation;Lipid metabolism;Lysosome;Multifunctional enzyme;Oxidoreductase;Peroxidase;Phosphoprotein;Redox-active center;Reference proteome;Transferase,Evidence at protein level,224
O08715,Akap1,"SUBCELLULAR LOCATION: Mitochondrion outer membrane {ECO:0000269|PubMed:24101730, ECO:0000269|PubMed:9182549}. Mitochondrion {ECO:0000269|PubMed:32072193}.; SUBCELLULAR LOCATION: [Isoform 2]: Endoplasmic reticulum {ECO:0000269|PubMed:10352013}. Note=Does not contain the classic KDEL endoplasmic reticulum-targeting sequence. This explains how it is able to switch its localization, either being in the endoplasmic reticulum or in the mitochondria depending on which N-terminal part begins the isoform. The longest N-terminal part only present in isoform 2 acts as a suppressor of mitochondrial targeting and as an activator of recessive endoplasmic reticulum targeting motif. {ECO:0000269|PubMed:10352013}.; SUBCELLULAR LOCATION: [Isoform 4]: Endoplasmic reticulum {ECO:0000269|PubMed:10352013}. Note=Does not contain the classic KDEL endoplasmic reticulum-targeting sequence. This explains how it is able to switch its localization, either being in the endoplasmic reticulum or in the mitochondria depending on which N-terminal part begins the isoform. The longest N-terminal part only present in isoform 4 acts as a suppressor of mitochondrial targeting and as an activator of recessive endoplasmic reticulum targeting motif. {ECO:0000269|PubMed:10352013}.; SUBCELLULAR LOCATION: [Isoform 1]: Mitochondrion outer membrane {ECO:0000269|PubMed:10352013}. Note=Does not contain the classic KDEL endoplasmic reticulum-targeting sequence. This explains how it is able to switch its localization, either being in the endoplasmic reticulum or in the mitochondria depending on which N-terminal part begins the isoform. {ECO:0000269|PubMed:10352013}.; SUBCELLULAR LOCATION: [Isoform 3]: Mitochondrion outer membrane {ECO:0000269|PubMed:10352013}. Note=Does not contain the classic KDEL endoplasmic reticulum-targeting sequence. This explains how it is able to switch its localization, either being in the endoplasmic reticulum or in the mitochondria depending on which N-terminal part begins the isoform. {ECO:0000269|PubMed:10352013}.; SUBCELLULAR LOCATION: [Isoform 5]: Mitochondrion outer membrane {ECO:0000269|PubMed:10352013}. Note=Does not contain the classic KDEL endoplasmic reticulum-targeting sequence. This explains how it is able to switch its localization, either being in the endoplasmic reticulum or in the mitochondria depending on which N-terminal part begins the isoform. {ECO:0000269|PubMed:10352013}.; SUBCELLULAR LOCATION: [Isoform 6]: Mitochondrion outer membrane {ECO:0000269|PubMed:10352013}. Note=Does not contain the classic KDEL endoplasmic reticulum-targeting sequence. This explains how it is able to switch its localization, either being in the endoplasmic reticulum or in the mitochondria depending on which N-terminal part begins the isoform. {ECO:0000269|PubMed:10352013}.","TRANSIT 1..29; /note=""Mitochondrion""; /evidence=""ECO:0000250""",NA,Alternative splicing;Endoplasmic reticulum;Membrane;Mitochondrion;Mitochondrion outer membrane;Phosphoprotein;Reference proteome;RNA-binding;Transit peptide;Transmembrane,Evidence at protein level,857
O08749,Dld,"SUBCELLULAR LOCATION: Mitochondrion matrix {ECO:0000305|PubMed:36854377, ECO:0000305|PubMed:9169128}. Nucleus {ECO:0000250|UniProtKB:P09622}. Cell projection, cilium, flagellum {ECO:0000250|UniProtKB:Q811C4}. Cytoplasmic vesicle, secretory vesicle, acrosome {ECO:0000269|PubMed:15888450}. Note=Mainly localizes in the mitochondrion. A small fraction localizes to the nucleus, where the 2-oxoglutarate dehydrogenase complex is required for histone succinylation. {ECO:0000250|UniProtKB:P09622}.","TRANSIT 1..35; /note=""Mitochondrion""; /evidence=""ECO:0000250""",NA,Acetylation;Cell projection;Cilium;Cytoplasmic vesicle;Direct protein sequencing;Disulfide bond;FAD;Flagellum;Flavoprotein;Mitochondrion;NAD;Nucleus;Oxidoreductase;Phosphoprotein;Redox-active center;Reference proteome;Transit peptide,Evidence at protein level,509
O08788,Dctn1,"SUBCELLULAR LOCATION: Cytoplasm {ECO:0000250|UniProtKB:Q14203}. Cytoplasm, cytoskeleton {ECO:0000269|PubMed:16954346}. Cytoplasm, cytoskeleton, microtubule organizing center, centrosome {ECO:0000250|UniProtKB:Q14203}. Cytoplasm, cytoskeleton, microtubule organizing center, centrosome, centriole {ECO:0000269|PubMed:23386061}. Cytoplasm, cytoskeleton, spindle {ECO:0000250|UniProtKB:Q14203}. Nucleus envelope {ECO:0000250|UniProtKB:Q14203}. Cytoplasm, cell cortex {ECO:0000250|UniProtKB:Q14203}. Note=Localizes to microtubule plus ends. Localizes preferentially to the ends of tyrosinated microtubules (PubMed:16954346). Localization at centrosome is regulated by SLK-dependent phosphorylation. Localizes to centrosome in a PARKDA-dependent manner. PLK1-mediated phosphorylation at Ser-179 is essential for its localization in the nuclear envelope (By similarity). Localizes to the subdistal appendage region of the centriole in a KIF3A-dependent manner (PubMed:23386061). {ECO:0000250|UniProtKB:Q14203, ECO:0000269|PubMed:16954346, ECO:0000269|PubMed:23386061}.",NA,NA,Alternative splicing;Cell cycle;Cell division;Coiled coil;Cytoplasm;Cytoskeleton;Dynein;Microtubule;Mitosis;Nucleus;Phosphoprotein;Reference proteome;Transport;Ubl conjugation,Evidence at protein level,1281
O08795,Prkcsh,SUBCELLULAR LOCATION: Endoplasmic reticulum {ECO:0000255|PROSITE-ProRule:PRU10138}.,NA,"SIGNAL 1..14; /evidence=""ECO:0000269|PubMed:9148925""",3D-structure;Alternative splicing;Calcium;Direct protein sequencing;Disulfide bond;Endoplasmic reticulum;Glycoprotein;Metal-binding;Phosphoprotein;Reference proteome;Repeat;Signal,Evidence at protein level,521
O08807,Prdx4,SUBCELLULAR LOCATION: Cytoplasm {ECO:0000250|UniProtKB:Q13162}. Endoplasmic reticulum {ECO:0000250|UniProtKB:Q13162}. Note=Not secreted. {ECO:0000269|PubMed:11229364}.,NA,"SIGNAL 1..40; /evidence=""ECO:0000250""",3D-structure;Antioxidant;Cytoplasm;Direct protein sequencing;Disulfide bond;Endoplasmic reticulum;Oxidoreductase;Peroxidase;Redox-active center;Reference proteome;Signal,Evidence at protein level,274
O08915,Aip,SUBCELLULAR LOCATION: Cytoplasm.,NA,NA,3D-structure;Cytoplasm;Direct protein sequencing;Phosphoprotein;Reference proteome;Repeat;TPR repeat,Evidence at protein level,330
O08917,Flot1,"SUBCELLULAR LOCATION: Cell membrane {ECO:0000250|UniProtKB:O75955}; Peripheral membrane protein {ECO:0000250|UniProtKB:O75955}. Endosome {ECO:0000250|UniProtKB:O75955}. Membrane, caveola {ECO:0000269|PubMed:9153235}; Peripheral membrane protein {ECO:0000269|PubMed:9153235}. Melanosome {ECO:0000250|UniProtKB:O75955}. Membrane raft {ECO:0000250|UniProtKB:O75955}. Note=Identified by mass spectrometry in melanosome fractions from stage I to stage IV (By similarity). Membrane-associated protein of caveola (PubMed:9153235). {ECO:0000250|UniProtKB:O75955, ECO:0000269|PubMed:9153235}.",NA,NA,Cell membrane;Direct protein sequencing;Endosome;Membrane;Phosphoprotein;Reference proteome,Evidence at protein level,428
O08997,Atox1,"SUBCELLULAR LOCATION: Cytoplasm, cytosol {ECO:0000269|PubMed:27666810}. Nucleus {ECO:0000269|PubMed:27666810}. Note=Primarily cytoplasmic; translocates to the nucleus in a copper- and stimulus-dependent manner. {ECO:0000269|PubMed:27666810}.",NA,NA,Acetylation;Chaperone;Copper;Copper transport;Cytoplasm;Ion transport;Metal-binding;Nucleus;Phosphoprotein;Reference proteome;Transport,Evidence at protein level,68
O09110,Map2k3,NA,NA,NA,3D-structure;Acetylation;Alternative splicing;ATP-binding;Kinase;Nucleotide-binding;Phosphoprotein;Reference proteome;Serine/threonine-protein kinase;Transferase;Tyrosine-protein kinase,Evidence at protein level,347
E9PWZ3,Rpl3l,NA,NA,NA,Alternative splicing;Reference proteome;Ribonucleoprotein;Ribosomal protein,Evidence at protein level,407
E9Q137,Tex264,"SUBCELLULAR LOCATION: Endoplasmic reticulum membrane {ECO:0000250|UniProtKB:Q9Y6I9}; Single-pass type III membrane protein {ECO:0000250|UniProtKB:Q9Y6I9}. Cytoplasmic vesicle, autophagosome {ECO:0000250|UniProtKB:Q9Y6I9}. Cytoplasm, cytosol {ECO:0000250|UniProtKB:Q9Y6I9}. Nucleus {ECO:0000250|UniProtKB:Q9Y6I9}. Chromosome {ECO:0000250|UniProtKB:Q9Y6I9}. Note=Is trafficked from tubular ER to growing autophagosomes via its cytosolic LIR motif. Also found in the cytosol, nucleus and chromatin. In response to formation of covalent DNA-protein cross-links (DPCs), localizes to the nuclear periphery, and associates with DNA replication forks. {ECO:0000250|UniProtKB:Q9Y6I9}.",NA,NA,Alternative splicing;Autophagy;Chromosome;Cytoplasm;Cytoplasmic vesicle;DNA damage;DNA repair;Endoplasmic reticulum;Membrane;Nucleus;Phosphoprotein;Reference proteome;Transmembrane;Transmembrane helix,Evidence at transcript level,309
E9Q616,Ahnak,SUBCELLULAR LOCATION: Nucleus {ECO:0000256|ARBA:ARBA00004123}.,NA,NA,Nucleus;Proteomics identification;Reference proteome,Evidence at protein level,5656
F8VQJ3,Lamc1,"SUBCELLULAR LOCATION: Secreted, extracellular space, extracellular matrix, basement membrane {ECO:0000256|ARBA:ARBA00004302}.",NA,"SIGNAL 1..33; /evidence=""ECO:0000256|SAM:SignalP""",Basement membrane;Cell adhesion;Coiled coil;Disulfide bond;Extracellular matrix;Glycoprotein;Laminin EGF-like domain;Phosphoprotein;Proteomics identification;Reference proteome;Repeat;Secreted;Signal,Evidence at protein level,1607
E9QQ25,Speg,SUBCELLULAR LOCATION: Nucleus {ECO:0000256|ARBA:ARBA00004123}.,NA,NA,ATP-binding;Differentiation;Disulfide bond;Immunoglobulin domain;Kinase;Methylation;Nucleotide-binding;Nucleus;Phosphoprotein;Proteomics identification;Reference proteome;Repeat;Serine/threonine-protein kinase;Transferase,Evidence at protein level,3262
F8WIS9,Camk2a,NA,NA,NA,ATP-binding;Calmodulin-binding;Kinase;Nucleotide-binding;Phosphoprotein;Proteomics identification;Reference proteome;Serine/threonine-protein kinase;Transferase,Evidence at protein level,489
E9PV44,Atp5if1,"SUBCELLULAR LOCATION: Mitochondrion {ECO:0000256|ARBA:ARBA00004173, ECO:0000256|RuleBase:RU368087}.",NA,NA,Coiled coil;Mitochondrion;Proteomics identification;Reference proteome;Transit peptide,Evidence at protein level,74
E9Q3C1,C2cd2,SUBCELLULAR LOCATION: Membrane {ECO:0000305}; Single-pass membrane protein {ECO:0000305}.,NA,NA,Membrane;Phosphoprotein;Reference proteome;Transmembrane;Transmembrane helix,Evidence at protein level,696
E9QLJ0,Cmya5,"SUBCELLULAR LOCATION: Cytoplasm, myofibril, sarcomere, M line {ECO:0000256|ARBA:ARBA00037833}. Cytoplasm, perinuclear region {ECO:0000256|ARBA:ARBA00004556}. Nucleus {ECO:0000256|ARBA:ARBA00004123}. Sarcoplasmic reticulum {ECO:0000256|ARBA:ARBA00004369}.",NA,NA,Coiled coil;Cytoplasm;Nucleus;Phosphoprotein;Proteomics identification;Reference proteome;Repeat;Sarcoplasmic reticulum,Evidence at protein level,3676
E9QQ57,Prx,SUBCELLULAR LOCATION: Cell junction {ECO:0000256|ARBA:ARBA00004282}. Cell membrane {ECO:0000256|ARBA:ARBA00004413}; Peripheral membrane protein {ECO:0000256|ARBA:ARBA00004413}; Cytoplasmic side {ECO:0000256|ARBA:ARBA00004413}. Cytoplasm {ECO:0000256|ARBA:ARBA00004496}. Nucleus {ECO:0000256|ARBA:ARBA00004123}.,NA,NA,Cell junction;Cell membrane;Cytoplasm;Membrane;Nucleus;Phosphoprotein;Proteomics identification;Reference proteome;Repeat,Evidence at protein level,1391
G3X924,Plvap,NA,NA,NA,Coiled coil;Membrane;Proteomics identification;Reference proteome;Transmembrane;Transmembrane helix,Evidence at protein level,438
G3X9D8,Klhl31,NA,NA,NA,Kelch repeat;Membrane;Methylation;Proteomics identification;Reference proteome;Repeat;Repressor;Transcription;Transcription regulation;Transmembrane;Transmembrane helix,Evidence at protein level,634
G5E902,Slc25a3,SUBCELLULAR LOCATION: Mitochondrion inner membrane {ECO:0000256|ARBA:ARBA00004448}; Multi-pass membrane protein {ECO:0000256|ARBA:ARBA00004448}.,NA,NA,Membrane;Mitochondrion;Mitochondrion inner membrane;Proteomics identification;Reference proteome;Repeat;Symport;Transit peptide;Transmembrane;Transmembrane helix;Transport,Evidence at protein level,358
E9PYJ9,Ldb3,"SUBCELLULAR LOCATION: Cytoplasm, myofibril, sarcomere, Z line {ECO:0000256|ARBA:ARBA00004216}.",NA,NA,Cytoplasm;LIM domain;Metal-binding;Phosphoprotein;Proteomics identification;Reference proteome;Repeat;Zinc,Evidence at protein level,679
E9Q7Q3,Tpm3,"SUBCELLULAR LOCATION: Cytoplasm, cytoskeleton {ECO:0000256|ARBA:ARBA00004245}.",NA,NA,Acetylation;Actin-binding;Coiled coil;Cytoplasm;Cytoskeleton;Muscle protein;Proteomics identification;Reference proteome,Evidence at protein level,248
E9QP49,Ehbp1l1,SUBCELLULAR LOCATION: Endosome {ECO:0000256|ARBA:ARBA00004177}.,NA,NA,Coiled coil;Endosome;Phosphoprotein;Proteomics identification;Reference proteome,Evidence at protein level,1718
F7BP55,Ak2,NA,NA,NA,Kinase;Nucleotide-binding;Proteomics identification;Reference proteome;Transferase,Evidence at protein level,72
F8WHQ1,Tpd52,NA,NA,NA,Coiled coil;Proteomics identification;Reference proteome,Evidence at protein level,247
G3UWS1,Neb,NA,NA,NA,Actin-binding;Proteomics identification;Reference proteome;Repeat,Evidence at protein level,342
G3UXF4,Ank1,NA,NA,"SIGNAL 1..22; /evidence=""ECO:0000256|SAM:SignalP""",Proteomics identification;Reference proteome;Signal,Evidence at protein level,109
H3BLC7,Ampd1,NA,NA,NA,Nucleotide metabolism;Proteomics identification;Reference proteome,Evidence at protein level,178
O09111,Ndufb11,SUBCELLULAR LOCATION: Mitochondrion inner membrane {ECO:0000269|PubMed:38575788}; Single-pass membrane protein {ECO:0000255}. Note=The interaction with BCAP31 mediates mitochondria localization. {ECO:0000250|UniProtKB:Q9NX14}.,"TRANSIT 1..29; /note=""Mitochondrion""; /evidence=""ECO:0000250""",NA,3D-structure;Direct protein sequencing;Electron transport;Membrane;Mitochondrion;Mitochondrion inner membrane;Reference proteome;Respiratory chain;Transit peptide;Transmembrane;Transmembrane helix;Transport,Evidence at protein level,151
O09161,Casq2,"SUBCELLULAR LOCATION: Sarcoplasmic reticulum lumen {ECO:0000269|PubMed:16932808, ECO:0000269|PubMed:19920148}. Note=This isoform of calsequestrin occurs in the sarcoplasmic reticulum's terminal cisternae luminal spaces of cardiac and slow skeletal muscle cells. {ECO:0000269|PubMed:16932808, ECO:0000269|PubMed:19920148}.",NA,"SIGNAL 1..19; /evidence=""ECO:0000255""",Calcium;Glycoprotein;Metal-binding;Muscle protein;Phosphoprotein;Reference proteome;Sarcoplasmic reticulum;Signal,Evidence at protein level,415
O09165,Casq1,"SUBCELLULAR LOCATION: Endoplasmic reticulum {ECO:0000250|UniProtKB:P31415}. Sarcoplasmic reticulum {ECO:0000250|UniProtKB:P31415}. Sarcoplasmic reticulum lumen {ECO:0000269|PubMed:22049211, ECO:0000269|PubMed:7945294}. Sarcoplasmic reticulum membrane; Peripheral membrane protein; Lumenal side {ECO:0000250|UniProtKB:P07221}. Mitochondrion matrix {ECO:0000269|PubMed:7945294}. Note=This isoform of calsequestrin occurs in the sarcoplasmic reticulum's terminal cisternae luminal spaces of fast skeletal muscle cells (PubMed:22049211). Preferentially forms linear and round aggregates in the endoplasmic reticulum (ER) of resting cells. In a minority of cells, homogeneously detected in the ER lumen. Colocalizes with STIM1 at endoplasmic reticulum in response to a depletion of intracellular calcium (By similarity). {ECO:0000250|UniProtKB:P31415, ECO:0000269|PubMed:22049211}.",NA,"SIGNAL 1..34; /evidence=""ECO:0000269|PubMed:7945294""",Calcium;Direct protein sequencing;Endoplasmic reticulum;Glycoprotein;Membrane;Metal-binding;Mitochondrion;Muscle protein;Phosphoprotein;Reference proteome;Sarcoplasmic reticulum;Signal,Evidence at protein level,405
O09167,Rpl21,"SUBCELLULAR LOCATION: Cytoplasm, cytosol {ECO:0000250|UniProtKB:P46778}. Cytoplasm {ECO:0000269|PubMed:36517592}. Endoplasmic reticulum {ECO:0000250|UniProtKB:P49666}. Note=Detected on cytosolic polysomes (By similarity). Detected in ribosomes that are associated with the rough endoplasmic reticulum (By similarity). {ECO:0000250|UniProtKB:P46778, ECO:0000250|UniProtKB:P49666}.",NA,NA,3D-structure;Cytoplasm;Endoplasmic reticulum;Reference proteome;Ribonucleoprotein;Ribosomal protein,Evidence at protein level,160
O09174,Amacr,SUBCELLULAR LOCATION: Peroxisome {ECO:0000269|PubMed:10770938}. Mitochondrion {ECO:0000269|PubMed:10770938}.,NA,NA,Acetylation;Direct protein sequencing;Isomerase;Mitochondrion;Peroxisome;Reference proteome,Evidence at protein level,381
O35114,Scarb2,"SUBCELLULAR LOCATION: Lysosome membrane {ECO:0000269|PubMed:24162852, ECO:0000269|PubMed:9399579}; Multi-pass membrane protein {ECO:0000269|PubMed:24162852, ECO:0000269|PubMed:9399579}.",NA,NA,Direct protein sequencing;Disulfide bond;Glycoprotein;Lipoprotein;Lysosome;Membrane;Palmitate;Receptor;Reference proteome;Transmembrane;Transmembrane helix,Evidence at protein level,478
O35129,Phb2,"SUBCELLULAR LOCATION: Mitochondrion inner membrane {ECO:0000269|PubMed:11302691, ECO:0000269|PubMed:20959514, ECO:0000269|PubMed:24856930}. Cytoplasm {ECO:0000269|PubMed:15140878}. Nucleus {ECO:0000269|PubMed:15140878, ECO:0000269|PubMed:20959514}. Cell membrane {ECO:0000250|UniProtKB:Q99623}.",NA,NA,Acetylation;Cell membrane;Coiled coil;Cytoplasm;Direct protein sequencing;Membrane;Mitochondrion;Mitochondrion inner membrane;Nucleus;Phosphoprotein;Receptor;Reference proteome;Repressor;Transcription;Transcription regulation,Evidence at protein level,299
O35206,Col15a1,"SUBCELLULAR LOCATION: Secreted, extracellular space, extracellular matrix {ECO:0000250}. Secreted {ECO:0000250|UniProtKB:P39059}.",NA,"SIGNAL 1..31; /evidence=""ECO:0000255""",3D-structure;Cell adhesion;Collagen;Disulfide bond;Extracellular matrix;Glycoprotein;Hydroxylation;Proteoglycan;Reference proteome;Repeat;Secreted;Signal,Evidence at protein level,1367
O35326,Srsf5,SUBCELLULAR LOCATION: Nucleus {ECO:0000305}.,NA,NA,Acetylation;mRNA processing;mRNA splicing;Nucleus;Phosphoprotein;Reference proteome;Repeat;RNA-binding;Transcription;Transcription regulation,Evidence at protein level,269
O35343,Kpna4,SUBCELLULAR LOCATION: Cytoplasm {ECO:0000250|UniProtKB:O00629}. Nucleus {ECO:0000250|UniProtKB:O00629}.,NA,NA,Acetylation;Cytoplasm;Nucleus;Phosphoprotein;Protein transport;Reference proteome;Repeat;Transport,Evidence at protein level,521
O35345,Kpna6,SUBCELLULAR LOCATION: Cytoplasm.,NA,NA,Acetylation;Cytoplasm;Phosphoprotein;Protein transport;Reference proteome;Repeat;Transport,Evidence at protein level,536
O35350,Capn1,SUBCELLULAR LOCATION: Cytoplasm {ECO:0000250|UniProtKB:P07384}. Cell membrane {ECO:0000250|UniProtKB:P07384}. Note=Translocates to the plasma membrane upon Ca(2+) binding. {ECO:0000250|UniProtKB:P07384}.,NA,NA,Autocatalytic cleavage;Calcium;Cell membrane;Cytoplasm;Hydrolase;Isopeptide bond;Membrane;Metal-binding;Phosphoprotein;Protease;Reference proteome;Repeat;Thiol protease;Ubl conjugation,Evidence at protein level,713
O35382,Exoc4,"SUBCELLULAR LOCATION: Midbody, Midbody ring {ECO:0000250|UniProtKB:Q96A65}. Cell projection {ECO:0000250|UniProtKB:Q62824}. Cytoplasm, cytoskeleton, microtubule organizing center, centrosome {ECO:0000250|UniProtKB:Q96A65}. Note=Colocalizes with CNTRL/centriolin at the midbody ring (By similarity). Localizes at the leading edge of migrating cells (By similarity). {ECO:0000250|UniProtKB:Q62824, ECO:0000250|UniProtKB:Q96A65}.",NA,NA,Acetylation;Cell projection;Coiled coil;Cytoplasm;Cytoskeleton;Exocytosis;Phosphoprotein;Protein transport;Reference proteome;Transport,Evidence at protein level,975
O35435,Dhodh,SUBCELLULAR LOCATION: Mitochondrion inner membrane {ECO:0000250|UniProtKB:Q02127}; Single-pass membrane protein {ECO:0000250|UniProtKB:Q02127}.,"TRANSIT 1..10; /note=""Mitochondrion; not cleaved""; /evidence=""ECO:0000250""",NA,Flavoprotein;FMN;Membrane;Mitochondrion;Mitochondrion inner membrane;Oxidoreductase;Pyrimidine biosynthesis;Reference proteome;Transit peptide;Transmembrane;Transmembrane helix,Evidence at protein level,395
O35465,Fkbp8,SUBCELLULAR LOCATION: Mitochondrion membrane {ECO:0000269|PubMed:15105374}; Single-pass membrane protein {ECO:0000269|PubMed:15105374}; Cytoplasmic side {ECO:0000269|PubMed:15105374}.,NA,NA,Alternative splicing;Apoptosis;Calcium;Isomerase;Isopeptide bond;Membrane;Mitochondrion;Phosphoprotein;Reference proteome;Repeat;Rotamase;TPR repeat;Transmembrane;Transmembrane helix;Ubl conjugation,Evidence at protein level,402
O35566,Cd151,SUBCELLULAR LOCATION: Cell membrane {ECO:0000250|UniProtKB:P48509}; Multi-pass membrane protein {ECO:0000250|UniProtKB:P48509}. Note=Relocalizes to the immune synapse in T-cells upon activation. {ECO:0000250|UniProtKB:P48509}.,NA,NA,Cell membrane;Glycoprotein;Lipoprotein;Membrane;Palmitate;Reference proteome;Transmembrane;Transmembrane helix;Ubl conjugation,Evidence at protein level,253
O35639,Anxa3,NA,NA,NA,Acetylation;Annexin;Calcium;Calcium/phospholipid-binding;Phospholipase A2 inhibitor;Phosphoprotein;Reference proteome;Repeat,Evidence at protein level,323
O35678,Mgll,"SUBCELLULAR LOCATION: Cytoplasm, cytosol {ECO:0000269|PubMed:18096503}. Membrane; Peripheral membrane protein {ECO:0000269|PubMed:18096503}.",NA,NA,Alternative splicing;Cytoplasm;Fatty acid biosynthesis;Fatty acid metabolism;Hydrolase;Lipid biosynthesis;Lipid degradation;Lipid metabolism;Membrane;Nitration;Phosphoprotein;Reference proteome;Serine esterase,Evidence at protein level,303
O35685,Nudc,"SUBCELLULAR LOCATION: Cytoplasm, cytoskeleton {ECO:0000250}. Nucleus {ECO:0000250}. Cytoplasm, cytoskeleton, spindle {ECO:0000250|UniProtKB:Q9Y266}. Midbody {ECO:0000250|UniProtKB:Q9Y266}. Note=A small proportion is nuclear, in a punctate pattern (By similarity). In a filamentous pattern adjacent to the nucleus of migrating cerebellar granule cells. Colocalizes with tubulin and dynein and with the microtubule organizing center. Distributed throughout the cytoplasm of non-migrating cells (By similarity). Localizes to the mitotic spindle in a EML4-dependent manner (By similarity). {ECO:0000250|UniProtKB:Q9Y266}.",NA,NA,3D-structure;Acetylation;Cell cycle;Cell division;Coiled coil;Cytoplasm;Cytoskeleton;Microtubule;Mitosis;Nucleus;Phosphoprotein;Reference proteome,Evidence at protein level,332
O35855,Bcat2,SUBCELLULAR LOCATION: Mitochondrion {ECO:0000269|PubMed:14755340}.,"TRANSIT 1..27; /note=""Mitochondrion""; /evidence=""ECO:0000250|UniProtKB:O35854""",NA,Acetylation;Amino-acid biosynthesis;Aminotransferase;Branched-chain amino acid biosynthesis;Lipid metabolism;Mitochondrion;Pyridoxal phosphate;Reference proteome;Transferase;Transit peptide,Evidence at protein level,393
O35963,Rab33b,"SUBCELLULAR LOCATION: Golgi apparatus membrane {ECO:0000269|PubMed:18448665, ECO:0000269|PubMed:9512502}; Lipid-anchor {ECO:0000305}. Golgi apparatus, cis-Golgi network {ECO:0000269|PubMed:18448665}. Preautophagosomal structure membrane {ECO:0000250|UniProtKB:Q9H082}. Note=Under starvation conditions punctate RAB33B-positive structures are often observed in the cytoplasm (PubMed:9512502). Under starved conditions RAB33B translocates from the Golgi to phagophores; this translocation is driven by interaction with ATG16L1 (By similarity). {ECO:0000250|UniProtKB:Q9H082, ECO:0000269|PubMed:9512502}.",NA,NA,3D-structure;Autophagy;Direct protein sequencing;Golgi apparatus;GTP-binding;Hydrolase;Lipoprotein;Magnesium;Membrane;Metal-binding;Methylation;Nucleotide-binding;Prenylation;Protein transport;Reference proteome;Transport,Evidence at protein level,229
O54724,Cavin1,"SUBCELLULAR LOCATION: Membrane, caveola {ECO:0000269|PubMed:18056712, ECO:0000269|PubMed:18191225, ECO:0000269|PubMed:19546242, ECO:0000269|PubMed:25514038}. Cell membrane {ECO:0000269|PubMed:18056712, ECO:0000269|PubMed:18191225}. Microsome {ECO:0000250|UniProtKB:Q6NZI2}. Endoplasmic reticulum {ECO:0000269|PubMed:30188967}. Cytoplasm, cytosol {ECO:0000269|PubMed:18191225, ECO:0000269|PubMed:19546242}. Mitochondrion {ECO:0000250|UniProtKB:Q6NZI2}. Nucleus {ECO:0000269|PubMed:25514038, ECO:0000269|PubMed:27528195}. Note=Translocates to the cytoplasm from caveolae upon insulin stimulation (By similarity). Colocalizes with CAV1 in lipid rafts in adipocytes (PubMed:18056712). Localizes in the caveolae in a caveolin-dependent manner (PubMed:19546242). {ECO:0000250|UniProtKB:Q6NZI2, ECO:0000269|PubMed:18056712, ECO:0000269|PubMed:19546242}.",NA,NA,3D-structure;Acetylation;Cell membrane;Coiled coil;Cytoplasm;Endoplasmic reticulum;Isopeptide bond;Membrane;Microsome;Mitochondrion;Nucleus;Phosphoprotein;Reference proteome;Repeat;RNA-binding;rRNA-binding;Transcription;Transcription regulation;Transcription termination;Ubl conjugation,Evidence at protein level,392
O55003,Bnip3,SUBCELLULAR LOCATION: Mitochondrion. Mitochondrion outer membrane {ECO:0000250}; Single-pass membrane protein {ECO:0000250}. Note=Coexpression with the EIB 19-kDa protein results in a shift in NIP3 localization pattern to the nuclear envelope. Colocalizes with ACAA2 in the mitochondria. Colocalizes with SPATA18 at the mitochondrion outer membrane (By similarity). {ECO:0000250}.,NA,NA,Apoptosis;Membrane;Mitochondrion;Mitochondrion outer membrane;Phosphoprotein;Reference proteome;Transmembrane;Transmembrane helix,Evidence at protein level,187
O55022,Pgrmc1,SUBCELLULAR LOCATION: Microsome membrane {ECO:0000250|UniProtKB:Q95250}; Single-pass membrane protein {ECO:0000255}. Endoplasmic reticulum membrane {ECO:0000250|UniProtKB:O00264}; Single-pass membrane protein {ECO:0000255}. Mitochondrion outer membrane {ECO:0000269|PubMed:27599036}; Single-pass membrane protein {ECO:0000305}; Extracellular side {ECO:0000269|PubMed:27599036}. Secreted {ECO:0000250|UniProtKB:O00264}.,NA,NA,Direct protein sequencing;Endoplasmic reticulum;Glycoprotein;Iron;Lipid-binding;Membrane;Metal-binding;Microsome;Mitochondrion;Mitochondrion outer membrane;Phosphoprotein;Proteoglycan;Receptor;Reference proteome;Secreted;Steroid-binding;Transmembrane;Transmembrane helix,Evidence at protein level,195
O55023,Impa1,SUBCELLULAR LOCATION: Cytoplasm {ECO:0000250|UniProtKB:P29218}.,NA,NA,3D-structure;Cytoplasm;Hydrolase;Lithium;Magnesium;Metal-binding;Reference proteome,Evidence at protein level,277
O55026,Entpd2,SUBCELLULAR LOCATION: [Isoform Long]: Cell membrane {ECO:0000250|UniProtKB:Q9Y5L3}; Multi-pass membrane protein {ECO:0000255}.,NA,NA,Alternative splicing;ATP-binding;Calcium;Cell membrane;Disulfide bond;Glycoprotein;GTP-binding;Hydrolase;Magnesium;Membrane;Nucleotide-binding;Reference proteome;Transmembrane;Transmembrane helix,Evidence at protein level,495
O55028,Bckdk,SUBCELLULAR LOCATION: Mitochondrion matrix. Mitochondrion {ECO:0000250|UniProtKB:O14874}.,"TRANSIT 1..30; /note=""Mitochondrion""; /evidence=""ECO:0000250""",NA,Acetylation;ATP-binding;Kinase;Magnesium;Metal-binding;Mitochondrion;Nucleotide-binding;Phosphoprotein;Potassium;Reference proteome;Transferase;Transit peptide,Evidence at protein level,412
O55029,Copb2,"SUBCELLULAR LOCATION: Cytoplasm, cytosol {ECO:0000269|PubMed:17360540}. Golgi apparatus membrane {ECO:0000250}; Peripheral membrane protein {ECO:0000250}; Cytoplasmic side {ECO:0000250}. Cytoplasmic vesicle, COPI-coated vesicle membrane {ECO:0000250}; Peripheral membrane protein {ECO:0000250}; Cytoplasmic side {ECO:0000250}. Note=The coatomer is cytoplasmic or polymerized on the cytoplasmic side of the Golgi, as well as on the vesicles/buds originating from it. Shows only a slight preference for the cis-Golgi apparatus, compared with the trans-Golgi. {ECO:0000250}.",NA,NA,3D-structure;Acetylation;Coiled coil;Cytoplasm;Cytoplasmic vesicle;ER-Golgi transport;Golgi apparatus;Membrane;Phosphoprotein;Protein transport;Reference proteome;Repeat;Transport;WD repeat,Evidence at protein level,905
O55042,Snca,"SUBCELLULAR LOCATION: Cytoplasm {ECO:0000269|PubMed:31034892}. Membrane {ECO:0000250|UniProtKB:P37840}. Nucleus {ECO:0000250|UniProtKB:P37840}. Synapse {ECO:0000250|UniProtKB:P37840}. Secreted {ECO:0000250|UniProtKB:P37840}. Cell projection, axon {ECO:0000269|PubMed:17296554}. Note=Membrane-bound in dopaminergic neurons (By similarity). Expressed and colocalized with SEPTIN4 in dopaminergic axon terminals, especially at the varicosities (PubMed:17296554). {ECO:0000250|UniProtKB:P37840, ECO:0000269|PubMed:17296554}.",NA,NA,3D-structure;Acetylation;Alternative splicing;Cell projection;Copper;Cytoplasm;Direct protein sequencing;Membrane;Metal-binding;Nucleus;Phosphoprotein;Reference proteome;Repeat;Secreted;Synapse;Ubl conjugation,Evidence at protein level,140
O55131,Septin7,"SUBCELLULAR LOCATION: Cytoplasm {ECO:0000269|PubMed:17546647}. Chromosome, centromere, kinetochore {ECO:0000250}. Cytoplasm, cytoskeleton, spindle {ECO:0000250}. Cleavage furrow {ECO:0000250}. Midbody {ECO:0000250}. Cytoplasm, cytoskeleton, cilium axoneme {ECO:0000250}. Cell projection, cilium, flagellum {ECO:0000250|UniProtKB:Q16181}. Note=Distributed throughout the cytoplasm in prometaphase cells. Associated with the spindle during metaphase. Associated with the central spindle and at the cleavage furrow in anaphase cells. Detected at the midbody in telophase (By similarity). Associated with actin stress fibers. Found in the sperm annulus (By similarity). {ECO:0000250, ECO:0000250|UniProtKB:Q16181}.",NA,NA,Acetylation;Cell cycle;Cell division;Cell projection;Centromere;Chromosome;Cilium;Coiled coil;Cytoplasm;Cytoskeleton;Differentiation;Direct protein sequencing;Flagellum;GTP-binding;Kinetochore;Mitosis;Nucleotide-binding;Phosphoprotein;Reference proteome;Spermatogenesis,Evidence at protein level,436
O55135,Eif6,"SUBCELLULAR LOCATION: Cytoplasm. Nucleus, nucleolus. Note=Shuttles between cytoplasm and nucleus/nucleolus.",NA,NA,Cytoplasm;Initiation factor;Nucleus;Phosphoprotein;Protein biosynthesis;Reference proteome;Ribosome biogenesis;Ubl conjugation,Evidence at protein level,245
O55142,Rpl35a,SUBCELLULAR LOCATION: Cytoplasm {ECO:0000269|PubMed:36517592}.,NA,NA,3D-structure;Acetylation;Cytoplasm;Reference proteome;Ribonucleoprotein;Ribosomal protein,Evidence at protein level,110
O55143,Atp2a2,"SUBCELLULAR LOCATION: Endoplasmic reticulum membrane {ECO:0000269|PubMed:23395171, ECO:0000269|PubMed:32973183}; Multi-pass membrane protein {ECO:0000255}. Sarcoplasmic reticulum membrane {ECO:0000269|PubMed:22355118}; Multi-pass membrane protein {ECO:0000255}. Note=Colocalizes with FLVCR2 at the mitochondrial-ER contact junction. {ECO:0000269|PubMed:32973183}.",NA,NA,Alternative splicing;ATP-binding;Calcium;Calcium transport;Direct protein sequencing;Disulfide bond;Endoplasmic reticulum;Ion transport;Magnesium;Membrane;Metal-binding;Nitration;Nucleotide-binding;Phosphoprotein;Reference proteome;Sarcoplasmic reticulum;Translocase;Transmembrane;Transmembrane helix;Transport,Evidence at protein level,1044
O55222,Ilk,"SUBCELLULAR LOCATION: Cell junction, focal adhesion {ECO:0000269|PubMed:18325335, ECO:0000269|PubMed:18483218}. Cell membrane {ECO:0000250}; Peripheral membrane protein {ECO:0000250}; Cytoplasmic side {ECO:0000250|UniProtKB:Q13418}. Cytoplasm, myofibril, sarcomere {ECO:0000250|UniProtKB:Q13418}. Cell projection, lamellipodium {ECO:0000269|PubMed:18325335}. Cytoplasm {ECO:0000250|UniProtKB:Q13418}. Nucleus {ECO:0000250|UniProtKB:Q13418}. Cytoplasm, cytoskeleton, microtubule organizing center, centrosome {ECO:0000250|UniProtKB:Q13418}. Cytoplasm, cell cortex {ECO:0000250|UniProtKB:Q13418}.",NA,NA,Acetylation;ANK repeat;ATP-binding;Cell junction;Cell membrane;Cell projection;Cytoplasm;Cytoskeleton;Magnesium;Membrane;Metal-binding;Nucleotide-binding;Nucleus;Phosphoprotein;Reference proteome;Repeat,Evidence at protein level,452
O70194,Eif3d,SUBCELLULAR LOCATION: Cytoplasm {ECO:0000255|HAMAP-Rule:MF_03003}.,NA,NA,Acetylation;Cytoplasm;Initiation factor;Phosphoprotein;Protein biosynthesis;Reference proteome;RNA-binding,Evidence at protein level,548
O70250,Pgam2,NA,NA,NA,Glycolysis;Hydrolase;Isomerase;Phosphoprotein;Reference proteome,Evidence at protein level,253
O70252,Hmox2,SUBCELLULAR LOCATION: Microsome membrane {ECO:0000250|UniProtKB:P30519}; Single-pass type IV membrane protein {ECO:0000255}; Cytoplasmic side {ECO:0000250|UniProtKB:P09601}. Endoplasmic reticulum membrane {ECO:0000250|UniProtKB:P09601}; Single-pass type IV membrane protein {ECO:0000255}; Cytoplasmic side {ECO:0000250|UniProtKB:P09601}.,NA,NA,Acetylation;Endoplasmic reticulum;Heme;Iron;Membrane;Metal-binding;Microsome;Oxidoreductase;Phosphoprotein;Reference proteome;Repeat;S-nitrosylation;Transmembrane;Transmembrane helix,Evidence at protein level,315
O70274,Ptp4a2,SUBCELLULAR LOCATION: Cell membrane {ECO:0000269|PubMed:10747914}. Early endosome {ECO:0000269|PubMed:10747914}. Cytoplasm {ECO:0000269|PubMed:10747914}.,NA,NA,3D-structure;Cell membrane;Cytoplasm;Disulfide bond;Endosome;Hydrolase;Lipoprotein;Membrane;Methylation;Prenylation;Protein phosphatase;Reference proteome,Evidence at protein level,167
O70305,Atxn2,SUBCELLULAR LOCATION: Cytoplasm {ECO:0000269|PubMed:9668173}.,NA,NA,Alternative splicing;Cytoplasm;Isopeptide bond;Methylation;Phosphoprotein;Reference proteome;Ubl conjugation,Evidence at protein level,1285
O70310,Nmt1,"SUBCELLULAR LOCATION: Cytoplasm {ECO:0000250|UniProtKB:P30419}. Cytoplasm, cytosol {ECO:0000250|UniProtKB:P30419}. Membrane {ECO:0000250|UniProtKB:P30419}; Peripheral membrane protein {ECO:0000250|UniProtKB:P30419}. Note=Copurifies with ribosomes. {ECO:0000250|UniProtKB:P30419}.",NA,NA,Acyltransferase;Cytoplasm;Membrane;Phosphoprotein;Reference proteome;Transferase,Evidence at protein level,496
O09117,Sypl1,SUBCELLULAR LOCATION: Cytoplasmic vesicle membrane {ECO:0000269|PubMed:8707851}; Multi-pass membrane protein {ECO:0000269|PubMed:8707851}. Melanosome {ECO:0000250}. Note=Cytoplasmic transport vesicles.,NA,NA,Alternative splicing;Cytoplasmic vesicle;Direct protein sequencing;Glycoprotein;Membrane;Reference proteome;Transmembrane;Transmembrane helix,Evidence at protein level,261
O35344,Kpna3,SUBCELLULAR LOCATION: Cytoplasm {ECO:0000250|UniProtKB:O00505}. Nucleus {ECO:0000250|UniProtKB:O00505}.,NA,NA,Acetylation;Cytoplasm;Nucleus;Phosphoprotein;Protein transport;Reference proteome;Repeat;Transport,Evidence at protein level,521
O35459,Ech1,SUBCELLULAR LOCATION: Mitochondrion {ECO:0000250|UniProtKB:Q62651}. Peroxisome {ECO:0000250|UniProtKB:Q62651}.,"TRANSIT 1..33; /note=""Mitochondrion""; /evidence=""ECO:0000255""",NA,Acetylation;Fatty acid metabolism;Isomerase;Lipid metabolism;Mitochondrion;Peroxisome;Phosphoprotein;Reference proteome;Transit peptide,Evidence at protein level,327
O35683,Ndufa1,SUBCELLULAR LOCATION: Mitochondrion inner membrane {ECO:0000269|PubMed:38575788}; Single-pass membrane protein {ECO:0000269|PubMed:38575788}; Matrix side {ECO:0000269|PubMed:38575788}.,NA,NA,3D-structure;Electron transport;Membrane;Mitochondrion;Mitochondrion inner membrane;Reference proteome;Respiratory chain;Transmembrane;Transmembrane helix;Transport,Evidence at protein level,70
O35857,Timm44,SUBCELLULAR LOCATION: Mitochondrion inner membrane {ECO:0000269|PubMed:9419343}; Peripheral membrane protein {ECO:0000269|PubMed:9419343}; Matrix side {ECO:0000269|PubMed:9419343}.,"TRANSIT 1..?; /note=""Mitochondrion""; /evidence=""ECO:0000255""",NA,ATP-binding;Membrane;Mitochondrion;Mitochondrion inner membrane;Nucleotide-binding;Phosphoprotein;Protein transport;Reference proteome;Transit peptide;Translocation;Transport,Evidence at protein level,452
O35887,Calu,SUBCELLULAR LOCATION: Endoplasmic reticulum membrane {ECO:0000250|UniProtKB:O43852}. Golgi apparatus {ECO:0000250|UniProtKB:O43852}. Secreted {ECO:0000250|UniProtKB:O43852}. Melanosome {ECO:0000250|UniProtKB:O43852}. Sarcoplasmic reticulum lumen {ECO:0000250|UniProtKB:O43852}.,NA,"SIGNAL 1..19; /evidence=""ECO:0000250""",Acetylation;Calcium;Endoplasmic reticulum;Glycoprotein;Golgi apparatus;Membrane;Metal-binding;Phosphoprotein;Reference proteome;Repeat;Sarcoplasmic reticulum;Secreted;Signal,Evidence at protein level,315
O55126,Nipsnap2,SUBCELLULAR LOCATION: Mitochondrion matrix {ECO:0000250|UniProtKB:O75323}. Cytoplasm {ECO:0000305|PubMed:22627147}.,"TRANSIT 1..27; /note=""Mitochondrion""; /evidence=""ECO:0000255""",NA,Autophagy;Cytoplasm;Mitochondrion;Reference proteome;Transit peptide,Evidence at protein level,281
O35682,Myadm,SUBCELLULAR LOCATION: Membrane {ECO:0000305}; Multi-pass membrane protein {ECO:0000305}.,NA,NA,Membrane;Reference proteome;Repeat;Transmembrane;Transmembrane helix,Evidence at protein level,320
O35972,Mrpl23,SUBCELLULAR LOCATION: Mitochondrion {ECO:0000250|UniProtKB:Q16540}.,NA,NA,3D-structure;Mitochondrion;Reference proteome;Ribonucleoprotein;Ribosomal protein,Evidence at protein level,146
O54734,Ddost,SUBCELLULAR LOCATION: Endoplasmic reticulum membrane {ECO:0000250|UniProtKB:Q29381}; Single-pass type I membrane protein {ECO:0000250|UniProtKB:Q29381}.,NA,"SIGNAL 1..28; /evidence=""ECO:0000250""",Direct protein sequencing;Endoplasmic reticulum;Membrane;Reference proteome;Signal;Transmembrane;Transmembrane helix,Evidence at protein level,441
O70318,Epb41l2,"SUBCELLULAR LOCATION: Cytoplasm, cytoskeleton {ECO:0000250}. Cytoplasm, cell cortex {ECO:0000250|UniProtKB:O43491}. Cell membrane {ECO:0000250|UniProtKB:O43491}.",NA,NA,Acetylation;Actin-binding;Cell cycle;Cell division;Cell membrane;Cytoplasm;Cytoskeleton;Membrane;Mitosis;Phosphoprotein;Reference proteome;Transport,Evidence at protein level,988
O70325,Gpx4,"SUBCELLULAR LOCATION: [Isoform Mitochondrial]: Mitochondrion {ECO:0000269|PubMed:12566075, ECO:0000269|PubMed:22207760}.; SUBCELLULAR LOCATION: [Isoform Cytoplasmic]: Cytoplasm {ECO:0000269|PubMed:12566075}.; SUBCELLULAR LOCATION: [Isoform Nuclear]: Nucleus {ECO:0000269|PubMed:11344099}.","TRANSIT 1..?; /note=""Mitochondrion""; /evidence=""ECO:0000255""",NA,3D-structure;Alternative initiation;Alternative splicing;Cytoplasm;Developmental protein;Hydroxylation;Lipid metabolism;Mitochondrion;Nucleus;Oxidoreductase;Peroxidase;Phosphoprotein;Reference proteome;Selenocysteine;Transit peptide,Evidence at protein level,197
O70373,Xirp1,"SUBCELLULAR LOCATION: Cell junction, adherens junction {ECO:0000250|UniProtKB:Q5PZ43}. Cell junction, desmosome {ECO:0000250|UniProtKB:Q5PZ43}. Cell junction {ECO:0000269|PubMed:23985323}. Note=Colocalizes with actin stress fibers. {ECO:0000250|UniProtKB:Q702N8}.",NA,NA,Actin-binding;Alternative splicing;Cell junction;Phosphoprotein;Reference proteome;Repeat,Evidence at protein level,1813
O70400,Pdlim1,"SUBCELLULAR LOCATION: Cytoplasm, cytoskeleton {ECO:0000269|PubMed:11596114}. Cytoplasm, myofibril, sarcomere, Z line {ECO:0000250|UniProtKB:O00151}. Note=Associates with the actin stress fibers (PubMed:11596114).",NA,NA,Acetylation;Cytoplasm;Cytoskeleton;LIM domain;Metal-binding;Phosphoprotein;Reference proteome;Zinc,Evidence at protein level,327
O70423,Aoc3,SUBCELLULAR LOCATION: Cell membrane {ECO:0000250|UniProtKB:Q16853}; Single-pass type II membrane protein {ECO:0000250|UniProtKB:Q16853}.,NA,NA,Alternative splicing;Calcium;Cell adhesion;Cell membrane;Copper;Disulfide bond;Glycoprotein;Membrane;Metal-binding;Oxidoreductase;Reference proteome;Signal-anchor;TPQ;Transmembrane;Transmembrane helix,Evidence at protein level,765
O70435,Psma3,"SUBCELLULAR LOCATION: Cytoplasm {ECO:0000250|UniProtKB:P25788}. Nucleus {ECO:0000250|UniProtKB:P25788}. Note=Translocated from the cytoplasm into the nucleus following interaction with AKIRIN2, which bridges the proteasome with the nuclear import receptor IPO9. {ECO:0000250|UniProtKB:P25788}.",NA,NA,3D-structure;Acetylation;Cytoplasm;Direct protein sequencing;Nucleus;Phosphoprotein;Proteasome;Reference proteome,Evidence at protein level,255
O70475,Ugdh,NA,NA,NA,Acetylation;Allosteric enzyme;Carbohydrate metabolism;NAD;Oxidoreductase;Phosphoprotein;Reference proteome,Evidence at protein level,493
O70492,Snx3,"SUBCELLULAR LOCATION: Early endosome {ECO:0000269|PubMed:23416069, ECO:0000269|PubMed:33214242}. Cytoplasmic vesicle, phagosome {ECO:0000250|UniProtKB:O60493}. Note=Colocalizes to clathrin-coated endosomal vesicles morphologically distinct from retromer-decorated non-branched endosomal tubule structures. Colocalizes with EEA1 on nascent phagosomes in dendritic cells but competes with EEA1 for binding to phagosomal membrane (By similarity). {ECO:0000250|UniProtKB:O60493, ECO:0000269|PubMed:23416069}.",NA,NA,Acetylation;Cytoplasmic vesicle;Endosome;Isopeptide bond;Lipid-binding;Methylation;Phosphoprotein;Protein transport;Reference proteome;Transport;Ubl conjugation,Evidence at protein level,162
O70496,Clcn7,"SUBCELLULAR LOCATION: Lysosome membrane {ECO:0000269|PubMed:16525474, ECO:0000269|PubMed:31155284}; Multi-pass membrane protein {ECO:0000269|PubMed:16525474}.",NA,NA,Antiport;ATP-binding;CBS domain;Chloride;Ion transport;Lysosome;Membrane;Nucleotide-binding;Phosphoprotein;Reference proteome;Repeat;Transmembrane;Transmembrane helix;Transport,Evidence at protein level,803
O70514,Fgfbp1,"SUBCELLULAR LOCATION: Secreted, extracellular space {ECO:0000250|UniProtKB:Q14512}. Cell membrane {ECO:0000250|UniProtKB:Q14512}; Peripheral membrane protein {ECO:0000250|UniProtKB:Q14512}. Note=Extracellular and plasma membrane-associated. {ECO:0000250|UniProtKB:Q14512}.",NA,"SIGNAL 1..20; /evidence=""ECO:0000255""",Cell membrane;Disulfide bond;Glycoprotein;Growth factor binding;Membrane;Reference proteome;Secreted;Signal,Evidence at protein level,251
O70548,Tcap,"SUBCELLULAR LOCATION: Cytoplasm, myofibril, sarcomere.",NA,NA,Cytoplasm;Phosphoprotein;Reference proteome,Evidence at protein level,167
O70571,Pdk4,SUBCELLULAR LOCATION: Mitochondrion matrix {ECO:0000250}.,"TRANSIT 1..?; /note=""Mitochondrion""; /evidence=""ECO:0000255""",NA,ATP-binding;Kinase;Mitochondrion;Nucleotide-binding;Reference proteome;Transferase;Transit peptide,Evidence at protein level,412
O70572,Smpd2,SUBCELLULAR LOCATION: Cell membrane {ECO:0000269|PubMed:9520418}; Multi-pass membrane protein {ECO:0000255}.,NA,NA,Cell membrane;Hydrolase;Lipid metabolism;Magnesium;Membrane;Metal-binding;Reference proteome;Sphingolipid metabolism;Transmembrane;Transmembrane helix,Evidence at protein level,419
O88342,Wdr1,"SUBCELLULAR LOCATION: Cytoplasm, cytoskeleton {ECO:0000250|UniProtKB:Q5RKI0}. Cell projection, podosome {ECO:0000250|UniProtKB:O75083}.",NA,NA,Acetylation;Actin-binding;Cell junction;Cell projection;Cytoplasm;Cytoskeleton;Direct protein sequencing;Phosphoprotein;Reference proteome;Repeat;WD repeat,Evidence at protein level,606
O88384,Vti1b,SUBCELLULAR LOCATION: Early endosome membrane {ECO:0000250|UniProtKB:Q9UEU0}; Single-pass type IV membrane protein {ECO:0000255}. Late endosome membrane {ECO:0000250|UniProtKB:Q9UEU0}; Single-pass type IV membrane protein {ECO:0000250|UniProtKB:Q9UEU0}. Lysosome membrane {ECO:0000250|UniProtKB:Q9UEU0}. Cytoplasmic granule {ECO:0000250|UniProtKB:Q9UEU0}. Recycling endosome membrane {ECO:0000250|UniProtKB:Q9UEU0}; Single-pass type IV membrane protein {ECO:0000255}.,NA,NA,3D-structure;Acetylation;Coiled coil;Endosome;Lysosome;Membrane;Methylation;Phosphoprotein;Protein transport;Reference proteome;Transmembrane;Transmembrane helix;Transport,Evidence at protein level,232
O88456,Capns1,SUBCELLULAR LOCATION: Cytoplasm {ECO:0000250}. Cell membrane {ECO:0000250}. Note=Translocates to the plasma membrane upon calcium binding. {ECO:0000250}.,NA,NA,Acetylation;Calcium;Cell membrane;Cytoplasm;Membrane;Metal-binding;Phosphoprotein;Reference proteome;Repeat,Evidence at protein level,268
O88487,Dync1i2,"SUBCELLULAR LOCATION: Cytoplasm, cytoskeleton {ECO:0000269|PubMed:28619825}. Cytoplasm {ECO:0000269|PubMed:28619825}. Note=Detected in the cytoplasm of pachytene spermatocytes. Localizes to the manchette in elongating spermatids. {ECO:0000269|PubMed:28619825}.",NA,NA,Acetylation;Cytoplasm;Cytoskeleton;Dynein;Microtubule;Motor protein;Phosphoprotein;Reference proteome;Repeat;Transport;WD repeat,Evidence at protein level,612
O88531,Ppt1,"SUBCELLULAR LOCATION: Lysosome {ECO:0000269|PubMed:19941651, ECO:0000269|PubMed:9685319}. Secreted {ECO:0000269|PubMed:9685319}. Golgi apparatus {ECO:0000250|UniProtKB:P50897}. Endoplasmic reticulum {ECO:0000250|UniProtKB:P50897}.",NA,"SIGNAL 1..27; /evidence=""ECO:0000250|UniProtKB:P45478""",Disulfide bond;Endoplasmic reticulum;Glycoprotein;Golgi apparatus;Hydrolase;Lysosome;Reference proteome;Secreted;Signal,Evidence at protein level,306
O88543,Cops3,SUBCELLULAR LOCATION: Cytoplasm {ECO:0000250|UniProtKB:Q9UNS2}. Nucleus {ECO:0000250|UniProtKB:Q9UNS2}. Cell junction {ECO:0000250|UniProtKB:Q9UNS2}.,NA,NA,Acetylation;Cell junction;Cytoplasm;Nucleus;Phosphoprotein;Reference proteome;Signalosome,Evidence at protein level,423
O88569,Hnrnpa2b1,"SUBCELLULAR LOCATION: Nucleus {ECO:0000269|PubMed:31320558}. Nucleus, nucleoplasm {ECO:0000250|UniProtKB:P22626}. Cytoplasm {ECO:0000269|PubMed:31320558}. Cytoplasmic granule {ECO:0000250|UniProtKB:P22626}. Secreted, extracellular exosome {ECO:0000250|UniProtKB:P22626}. Note=Localized in cytoplasmic mRNP granules containing untranslated mRNAs. Component of ribonucleosomes. Not found in the nucleolus. Found in exosomes following sumoylation. {ECO:0000250|UniProtKB:P22626}.",NA,NA,Acetylation;Alternative splicing;Cytoplasm;Direct protein sequencing;Isopeptide bond;Methylation;mRNA processing;mRNA splicing;mRNA transport;Nucleus;Phosphoprotein;Reference proteome;Repeat;Ribonucleoprotein;RNA-binding;Secreted;Spliceosome;Transport;Ubl conjugation,Evidence at protein level,353
O88587,Comt,SUBCELLULAR LOCATION: [Isoform Soluble]: Cytoplasm {ECO:0000250|UniProtKB:P22734}.; SUBCELLULAR LOCATION: [Isoform Membrane-bound]: Cell membrane {ECO:0000250|UniProtKB:P22734}; Single-pass type II membrane protein {ECO:0000255}; Extracellular side {ECO:0000250|UniProtKB:P22734}.,NA,NA,3D-structure;Alternative initiation;Catecholamine metabolism;Cell membrane;Cytoplasm;Lipid metabolism;Magnesium;Membrane;Metal-binding;Methyltransferase;Neurotransmitter degradation;Phosphoprotein;Reference proteome;S-adenosyl-L-methionine;Signal-anchor;Transferase;Transmembrane;Transmembrane helix,Evidence at protein level,265
O88696,Clpp,"SUBCELLULAR LOCATION: Mitochondrion matrix {ECO:0000269|PubMed:10754102, ECO:0000269|PubMed:22710082}.","TRANSIT 1..52; /note=""Mitochondrion""; /evidence=""ECO:0000250""",NA,Acetylation;Hydrolase;Mitochondrion;Protease;Reference proteome;Serine protease;Transit peptide,Evidence at protein level,272
O88746,Tom1,"SUBCELLULAR LOCATION: Cytoplasm {ECO:0000269|PubMed:25588840}. Endosome membrane {ECO:0000269|PubMed:25588840}; Peripheral membrane protein {ECO:0000305}. Early endosome membrane {ECO:0000250|UniProtKB:O60784}; Peripheral membrane protein {ECO:0000305}. Note=Localized to endo/exosomal vesicles (PubMed:25588840). Enriched on signaling endosomes (PubMed:25588840). Recruited to early endosomes by TOLLIP and by PtdIns(5)P (By similarity). {ECO:0000250|UniProtKB:O60784, ECO:0000269|PubMed:25588840}.",NA,NA,Acetylation;Alternative splicing;Cytoplasm;Endosome;Isopeptide bond;Membrane;Phosphoprotein;Protein transport;Reference proteome;Transport;Ubl conjugation,Evidence at protein level,492
O88952,Lin7c,"SUBCELLULAR LOCATION: Cell membrane; Peripheral membrane protein. Basolateral cell membrane; Peripheral membrane protein. Cell junction. Postsynaptic density membrane; Peripheral membrane protein. Cell junction, tight junction. Note=Mainly basolateral in renal epithelial cells.",NA,NA,Acetylation;Cell junction;Cell membrane;Direct protein sequencing;Exocytosis;Membrane;Postsynaptic cell membrane;Protein transport;Reference proteome;Synapse;Tight junction;Transport,Evidence at protein level,197
O88967,Yme1l1,SUBCELLULAR LOCATION: Mitochondrion inner membrane {ECO:0000269|PubMed:37816711}. Mitochondrion {ECO:0000250|UniProtKB:Q96TA2}.,NA,NA,ATP-binding;Hydrolase;Membrane;Metal-binding;Metalloprotease;Mitochondrion;Mitochondrion inner membrane;Nucleotide-binding;Protease;Reference proteome;Transmembrane;Transmembrane helix;Zinc,Evidence at protein level,715
O88983,Stx8,"SUBCELLULAR LOCATION: Membrane {ECO:0000250}; Single-pass type IV membrane protein {ECO:0000250}. Note=Preferentially associated with the early endosome. To a lesser extent, also present in late endosome, the plasma membrane and coated pits (By similarity). {ECO:0000250}.",NA,NA,Coiled coil;Membrane;Phosphoprotein;Reference proteome;Transmembrane;Transmembrane helix;Transport;Ubl conjugation,Evidence at protein level,236
O88990,Actn3,NA,NA,NA,Acetylation;Actin-binding;Calcium;Metal-binding;Reference proteome;Repeat,Evidence at protein level,900
O89023,Tpp1,SUBCELLULAR LOCATION: Lysosome {ECO:0000269|PubMed:19941651}. Melanosome {ECO:0000250|UniProtKB:O14773}.,NA,"SIGNAL 1..19; /evidence=""ECO:0000250|UniProtKB:O14773""",Autocatalytic cleavage;Calcium;Disulfide bond;Glycoprotein;Hydrolase;Lysosome;Metal-binding;Protease;Reference proteome;Serine protease;Signal;Zymogen,Evidence at protein level,562
O89086,Rbm3,"SUBCELLULAR LOCATION: Nucleus {ECO:0000250}. Cytoplasm {ECO:0000250}. Cell projection, dendrite {ECO:0000250}. Note=Localizes in mRNA granules in dentrites. {ECO:0000250}.",NA,NA,Cell projection;Cytoplasm;Methylation;Nucleus;Phosphoprotein;Reference proteome;RNA-binding;Stress response,Evidence at protein level,153
P00329,Adh1,SUBCELLULAR LOCATION: Cytoplasm.,NA,NA,Acetylation;Cytoplasm;Metal-binding;NAD;Oxidoreductase;Reference proteome;Zinc,Evidence at protein level,375
P01027,C3,SUBCELLULAR LOCATION: Secreted {ECO:0000250|UniProtKB:P01024}.; SUBCELLULAR LOCATION: [Complement C3b]: Secreted {ECO:0000250|UniProtKB:P01024}. Cell surface {ECO:0000250|UniProtKB:P01024}. Note=Covalently associated with the surface of pathogens: the internal thioester bond reacts with carbohydrate antigens on the target surface to form amide or ester bonds. {ECO:0000250|UniProtKB:P01024}.; SUBCELLULAR LOCATION: [C3a anaphylatoxin]: Secreted {ECO:0000250|UniProtKB:P01024}.,NA,"SIGNAL 1..24; /evidence=""ECO:0000269|PubMed:2065778, ECO:0000269|PubMed:8364938""",3D-structure;Alternative initiation;Cleavage on pair of basic residues;Complement alternate pathway;Complement pathway;Direct protein sequencing;Disulfide bond;Fatty acid metabolism;Glycoprotein;Immunity;Inflammatory response;Innate immunity;Lipid metabolism;Phosphoprotein;Reference proteome;Secreted;Signal;Thioester bond,Evidence at protein level,1663
P01831,Thy1,"SUBCELLULAR LOCATION: Cell membrane; Lipid-anchor, GPI-anchor.",NA,"SIGNAL 1..19; /evidence=""ECO:0000269|PubMed:6177036""",Cell membrane;Direct protein sequencing;Disulfide bond;Glycoprotein;GPI-anchor;Immunoglobulin domain;Lipoprotein;Membrane;Pyrrolidone carboxylic acid;Reference proteome;Signal,Evidence at protein level,162
P01887,B2m,SUBCELLULAR LOCATION: Secreted.,NA,"SIGNAL 1..20; /evidence=""ECO:0000269|PubMed:59595, ECO:0000269|PubMed:6165997""",3D-structure;Direct protein sequencing;Disulfide bond;Immunity;Immunoglobulin domain;MHC I;Reference proteome;Secreted;Signal,Evidence at protein level,119
P02463,Col4a1,"SUBCELLULAR LOCATION: Secreted, extracellular space, extracellular matrix, basement membrane {ECO:0000269|PubMed:24368846}.",NA,SIGNAL 1..27,Angiogenesis;Basement membrane;Collagen;Disulfide bond;Extracellular matrix;Glycoprotein;Hydroxylation;Reference proteome;Repeat;Secreted;Signal,Evidence at protein level,1669
P02469,Lamb1,"SUBCELLULAR LOCATION: Secreted, extracellular space, extracellular matrix, basement membrane. Note=Major component.",NA,SIGNAL 1..21,3D-structure;Basement membrane;Cell adhesion;Coiled coil;Direct protein sequencing;Disulfide bond;Extracellular matrix;Glycoprotein;Laminin EGF-like domain;Phosphoprotein;Reference proteome;Repeat;Secreted;Signal,Evidence at protein level,1786
P03953,Cfd,SUBCELLULAR LOCATION: Secreted {ECO:0000250|UniProtKB:P00746}.,NA,"SIGNAL 1..20; /evidence=""ECO:0000255""",3D-structure;Alternative splicing;Complement alternate pathway;Disulfide bond;Glycoprotein;Hydrolase;Immunity;Innate immunity;Protease;Reference proteome;Secreted;Serine protease;Signal;Zymogen,Evidence at protein level,259
P04117,Fabp4,"SUBCELLULAR LOCATION: Cytoplasm {ECO:0000269|PubMed:17516629, ECO:0000269|PubMed:17761196}. Nucleus {ECO:0000269|PubMed:17516629, ECO:0000269|PubMed:17761196}. Note=Depending on the nature of the ligand, a conformation change exposes a nuclear localization motif and the protein is transported into the nucleus (PubMed:17516629). Subject to constitutive nuclear export (PubMed:17516629, PubMed:17761196). {ECO:0000269|PubMed:17516629, ECO:0000269|PubMed:17761196}.",NA,NA,3D-structure;Acetylation;Cytoplasm;Direct protein sequencing;Lipid-binding;Nucleus;Phosphoprotein;Reference proteome;Transport,Evidence at protein level,132
P04247,Mb,"SUBCELLULAR LOCATION: Cytoplasm, sarcoplasm {ECO:0000250|UniProtKB:P02144}.",NA,NA,Cytoplasm;Direct protein sequencing;Heme;Iron;Metal-binding;Muscle protein;Oxidoreductase;Oxygen transport;Phosphoprotein;Reference proteome;Transport,Evidence at protein level,154
P04919,Slc4a1,SUBCELLULAR LOCATION: Cell membrane {ECO:0000269|PubMed:2713407}; Multi-pass membrane protein {ECO:0000250|UniProtKB:P02730}. Basolateral cell membrane {ECO:0000250|UniProtKB:P02730}; Multi-pass membrane protein {ECO:0000250|UniProtKB:P02730}. Note=Detected in the erythrocyte cell membrane and on the basolateral membrane of alpha-intercalated cells in the collecting duct in the kidney. {ECO:0000250|UniProtKB:P02730}.,NA,NA,Acetylation;Alternative splicing;Anion exchange;Cell membrane;Direct protein sequencing;Glycoprotein;Ion transport;Lipoprotein;Membrane;Palmitate;Phosphoprotein;Reference proteome;Transmembrane;Transmembrane helix;Transport,Evidence at protein level,929
P05017,Igf1,SUBCELLULAR LOCATION: Secreted {ECO:0000269|PubMed:21496647}.,NA,"SIGNAL 1..?; /evidence=""ECO:0000255""",Alternative splicing;Disulfide bond;Growth factor;Reference proteome;Secreted;Signal,Evidence at protein level,153
P05064,Aldoa,"SUBCELLULAR LOCATION: Cytoplasm, myofibril, sarcomere, I band {ECO:0000250|UniProtKB:P00883}. Cytoplasm, myofibril, sarcomere, M line {ECO:0000250|UniProtKB:P00883}. Note=In skeletal muscle, accumulates around the M line and within the I band, colocalizing with FBP2 on both sides of the Z line in the absence of Ca(2+). {ECO:0000250|UniProtKB:P00883}.",NA,NA,Acetylation;Cytoplasm;Direct protein sequencing;Glycolysis;Hydroxylation;Isopeptide bond;Lyase;Phosphoprotein;Reference proteome;Schiff base;Ubl conjugation,Evidence at protein level,364
P05201,Got1,SUBCELLULAR LOCATION: Cytoplasm.,NA,NA,Amino-acid biosynthesis;Aminotransferase;Cytoplasm;Direct protein sequencing;Phosphoprotein;Pyridoxal phosphate;Reference proteome;Transferase,Evidence at protein level,413
P05202,Got2,SUBCELLULAR LOCATION: Mitochondrion matrix. Cell membrane {ECO:0000269|PubMed:7878064}.,"TRANSIT 1..29; /note=""Mitochondrion""",NA,3D-structure;Acetylation;Aminotransferase;Cell membrane;Direct protein sequencing;Lipid transport;Membrane;Methylation;Mitochondrion;Nitration;Phosphoprotein;Pyridoxal phosphate;Reference proteome;Transferase;Transit peptide;Transport,Evidence at protein level,430
O70493,Snx12,SUBCELLULAR LOCATION: Membrane {ECO:0000305}; Peripheral membrane protein {ECO:0000305}; Cytoplasmic side {ECO:0000305}.,NA,NA,Acetylation;Lipid-binding;Membrane;Phosphoprotein;Protein transport;Reference proteome;Transport,Evidence at protein level,165
O70591,Pfdn2,SUBCELLULAR LOCATION: Nucleus {ECO:0000250|UniProtKB:Q9UHV9}. Cytoplasm {ECO:0000250|UniProtKB:Q9UHV9}. Mitochondrion {ECO:0000250|UniProtKB:Q9UHV9}.,NA,NA,Chaperone;Cytoplasm;Mitochondrion;Nucleus;Reference proteome,Evidence at protein level,154
O88441,Mtx2,SUBCELLULAR LOCATION: Mitochondrion outer membrane {ECO:0000269|PubMed:10381257}. Mitochondrion {ECO:0000250|UniProtKB:O75431}.,NA,NA,Acetylation;Membrane;Mitochondrion;Mitochondrion outer membrane;Protein transport;Reference proteome;Transport,Evidence at protein level,263
O88544,Cops4,"SUBCELLULAR LOCATION: Cytoplasm {ECO:0000250|UniProtKB:Q9BT78}. Nucleus {ECO:0000250|UniProtKB:Q9BT78}. Cytoplasmic vesicle, secretory vesicle, synaptic vesicle {ECO:0000250|UniProtKB:Q9BT78}.",NA,NA,3D-structure;Acetylation;Cytoplasm;Cytoplasmic vesicle;Direct protein sequencing;Nucleus;Reference proteome;Signalosome;Synapse,Evidence at protein level,406
P05977,Myl1,NA,NA,NA,3D-structure;Acetylation;Alternative splicing;Methylation;Motor protein;Muscle protein;Myosin;Phosphoprotein;Reference proteome;Repeat,Evidence at protein level,188
O70378,Emc8,SUBCELLULAR LOCATION: Endoplasmic reticulum membrane {ECO:0000250|UniProtKB:O43402}; Peripheral membrane protein {ECO:0000250|UniProtKB:O43402}; Cytoplasmic side {ECO:0000250|UniProtKB:O43402}.,NA,NA,Endoplasmic reticulum;Membrane;Reference proteome,Evidence at protein level,207
O89104,Sypl2,"SUBCELLULAR LOCATION: Membrane; Multi-pass membrane protein. Note=Triad junction, the junctional complex between the transverse tubule and the sarcoplasmic reticulum.",NA,NA,Glycoprotein;Membrane;Reference proteome;Transmembrane;Transmembrane helix,Evidence at protein level,264
P06151,Ldha,SUBCELLULAR LOCATION: Cytoplasm.,NA,NA,Acetylation;Cytoplasm;Direct protein sequencing;Isopeptide bond;NAD;Oxidoreductase;Phosphoprotein;Reference proteome;Ubl conjugation,Evidence at protein level,332
P06728,Apoa4,SUBCELLULAR LOCATION: Secreted.,NA,SIGNAL 1..20,Chylomicron;Direct protein sequencing;HDL;Lipid transport;Reference proteome;Repeat;Secreted;Signal;Transport,Evidence at protein level,395
P06745,Gpi,SUBCELLULAR LOCATION: Cytoplasm {ECO:0000250|UniProtKB:P06744}. Secreted {ECO:0000250|UniProtKB:P06744}.,NA,NA,3D-structure;Acetylation;Cytokine;Cytoplasm;Direct protein sequencing;Gluconeogenesis;Glycolysis;Growth factor;Isomerase;Phosphoprotein;Reference proteome;Secreted;Ubl conjugation,Evidence at protein level,558
P06797,Ctsl,"SUBCELLULAR LOCATION: Lysosome {ECO:0000269|PubMed:11483509, ECO:0000269|PubMed:12782676}. Apical cell membrane {ECO:0000269|PubMed:12782676}; Peripheral membrane protein {ECO:0000269|PubMed:12782676}; Extracellular side {ECO:0000269|PubMed:12782676}. Secreted, extracellular space {ECO:0000269|PubMed:12417635}. Secreted {ECO:0000269|PubMed:10716919}. Cytoplasmic vesicle, secretory vesicle, chromaffin granule {ECO:0000250|UniProtKB:P25975}. Note=Localizes to the apical membrane of thyroid epithelial cells. Released at extracellular space by activated dendritic cells and macrophages (PubMed:12417635). {ECO:0000269|PubMed:12417635, ECO:0000269|PubMed:12782676}.",NA,"SIGNAL 1..17; /evidence=""ECO:0000269|PubMed:8554545""",Cell membrane;Cytoplasmic vesicle;Direct protein sequencing;Disulfide bond;Glycoprotein;Hydrolase;Lysosome;Membrane;Metal-binding;Protease;Reference proteome;Secreted;Signal;Thiol protease;Zinc;Zymogen,Evidence at protein level,334
P07091,S100a4,SUBCELLULAR LOCATION: Secreted {ECO:0000250|UniProtKB:P26447}. Nucleus {ECO:0000250|UniProtKB:P26447}. Cytoplasm {ECO:0000269|PubMed:8051043}.,NA,NA,Acetylation;Calcium;Cytoplasm;Direct protein sequencing;Metal-binding;Nucleus;Reference proteome;Repeat;Secreted,Evidence at protein level,101
P07356,Anxa2,"SUBCELLULAR LOCATION: Secreted, extracellular space, extracellular matrix, basement membrane. Melanosome {ECO:0000250}. Note=In the lamina beneath the plasma membrane.; SUBCELLULAR LOCATION: Early endosome {ECO:0000269|PubMed:26527544}. Note=(Microbial infection) In lipopolysaccharide (LPS)-triggered macrophages, aggregates as clusters along the cytoplasmic side of the membrane, shows substantially enhanced co-localization with TLR4 signalosome complex and gets recruited to early endosomes. {ECO:0000269|PubMed:26527544}.",NA,NA,3D-structure;Acetylation;Annexin;Basement membrane;Calcium;Calcium/phospholipid-binding;Endosome;Extracellular matrix;Isopeptide bond;Phosphoprotein;Reference proteome;Repeat;Secreted;Ubl conjugation,Evidence at protein level,339
P07724,Alb,SUBCELLULAR LOCATION: Secreted.,NA,"SIGNAL 1..18; /evidence=""ECO:0000255""",Calcium;Cleavage on pair of basic residues;Copper;Direct protein sequencing;Disulfide bond;Lipid-binding;Metal-binding;Methylation;Phosphoprotein;Reference proteome;Repeat;Secreted;Signal;Zinc,Evidence at protein level,608
P07901,Hsp90aa1,"SUBCELLULAR LOCATION: Nucleus {ECO:0000269|PubMed:22431752}. Cytoplasm {ECO:0000269|PubMed:11751894, ECO:0000269|PubMed:22431752, ECO:0000269|PubMed:27496612, ECO:0000269|PubMed:27686098}. Melanosome {ECO:0000250|UniProtKB:P07900}. Cell membrane {ECO:0000250|UniProtKB:P07900}. Mitochondrion {ECO:0000250|UniProtKB:P07900}.",NA,NA,3D-structure;Acetylation;ATP-binding;Cell membrane;Chaperone;Cytoplasm;Direct protein sequencing;Hydrolase;Membrane;Mitochondrion;Nucleotide-binding;Nucleus;Phosphoprotein;Reference proteome;S-nitrosylation;Stress response;Ubl conjugation,Evidence at protein level,733
P07934,Phkg1,NA,NA,NA,ATP-binding;Calmodulin-binding;Carbohydrate metabolism;Glycogen metabolism;Kinase;Muscle protein;Nucleotide-binding;Reference proteome;Serine/threonine-protein kinase;Transferase,Evidence at protein level,388
P08003,Pdia4,SUBCELLULAR LOCATION: Endoplasmic reticulum lumen {ECO:0000250|UniProtKB:P13667}. Melanosome {ECO:0000250|UniProtKB:P13667}.,NA,"SIGNAL 1..20; /evidence=""ECO:0000255""",3D-structure;Acetylation;Disulfide bond;Endoplasmic reticulum;Glycoprotein;Isomerase;Redox-active center;Reference proteome;Repeat;Signal,Evidence at protein level,638
P08032,Spta1,"SUBCELLULAR LOCATION: Cytoplasm, cytoskeleton. Cytoplasm, cell cortex.",NA,NA,Actin capping;Actin-binding;Calcium;Cell shape;Cytoplasm;Cytoskeleton;Metal-binding;Phosphoprotein;Reference proteome;Repeat;SH3 domain,Evidence at protein level,2415
P08074,Cbr2,SUBCELLULAR LOCATION: Mitochondrion matrix {ECO:0000269|PubMed:8040004}.,NA,NA,3D-structure;Direct protein sequencing;Mitochondrion;NAD;NADP;Oxidoreductase;Phosphoprotein;Reference proteome,Evidence at protein level,244
P08113,Hsp90b1,SUBCELLULAR LOCATION: Endoplasmic reticulum lumen {ECO:0000269|PubMed:20865800}. Sarcoplasmic reticulum lumen {ECO:0000250|UniProtKB:P41148}. Melanosome {ECO:0000250|UniProtKB:P14625}.,NA,"SIGNAL 1..21; /evidence=""ECO:0000255""",Acetylation;ATP-binding;Calcium;Chaperone;Direct protein sequencing;Disulfide bond;Endoplasmic reticulum;Glycoprotein;Hydrolase;Hydroxylation;Nucleotide-binding;Phosphoprotein;Reference proteome;Sarcoplasmic reticulum;Signal,Evidence at protein level,802
P08122,Col4a2,"SUBCELLULAR LOCATION: Secreted, extracellular space, extracellular matrix, basement membrane {ECO:0000255|PROSITE-ProRule:PRU00736}.",NA,SIGNAL 1..25,Angiogenesis;Basement membrane;Bromination;Collagen;Disulfide bond;Extracellular matrix;Glycoprotein;Hydroxylation;Reference proteome;Repeat;Secreted;Signal,Evidence at protein level,1707
P08207,S100a10,NA,NA,NA,Acetylation;Reference proteome;Repeat,Evidence at protein level,97
P08226,Apoe,"SUBCELLULAR LOCATION: Secreted {ECO:0000250|UniProtKB:P02649}. Secreted, extracellular space {ECO:0000250|UniProtKB:P02649}. Secreted, extracellular space, extracellular matrix {ECO:0000250|UniProtKB:P02649}. Extracellular vesicle {ECO:0000250|UniProtKB:P02649}. Endosome, multivesicular body {ECO:0000250|UniProtKB:P02649}. Note=In the plasma, APOE is associated with chylomicrons, chylomicrons remnants, VLDL, LDL and HDL lipoproteins. Lipid poor oligomeric APOE is associated with the extracellular matrix in a calcium- and heparan-sulfate proteoglycans-dependent manner. Lipidation induces the release from the extracellular matrix. Colocalizes with CD63 and PMEL at exosomes and in intraluminal vesicles within multivesicular endosomes. {ECO:0000250|UniProtKB:P02649}.",NA,"SIGNAL 1..18; /evidence=""ECO:0000255""",3D-structure;Chylomicron;Direct protein sequencing;Endosome;Extracellular matrix;Glycoprotein;HDL;Heparin-binding;Lipid transport;Lipid-binding;Oxidation;Phosphoprotein;Reference proteome;Repeat;Secreted;Signal;Transport;VLDL,Evidence at protein level,311
P08228,Sod1,SUBCELLULAR LOCATION: Cytoplasm {ECO:0000250|UniProtKB:P00441}. Nucleus {ECO:0000250|UniProtKB:P00441}.,NA,NA,3D-structure;Acetylation;Antioxidant;Copper;Cytoplasm;Direct protein sequencing;Disulfide bond;Lipoprotein;Metal-binding;Nucleus;Oxidoreductase;Palmitate;Phosphoprotein;Reference proteome;Zinc,Evidence at protein level,154
P08249,Mdh2,SUBCELLULAR LOCATION: Mitochondrion matrix {ECO:0000250|UniProtKB:P40926}.,"TRANSIT 1..24; /note=""Mitochondrion""; /evidence=""ECO:0000250|UniProtKB:P00346""",NA,Acetylation;Direct protein sequencing;Glycoprotein;Lipoprotein;Mitochondrion;NAD;Oxidoreductase;Palmitate;Phosphoprotein;Reference proteome;Transit peptide;Tricarboxylic acid cycle,Evidence at protein level,338
P08551,Nefl,"SUBCELLULAR LOCATION: Cell projection, axon {ECO:0000269|PubMed:22723690}. Cytoplasm, cytoskeleton {ECO:0000269|PubMed:22723690}.",NA,NA,Acetylation;Cell projection;Coiled coil;Cytoplasm;Cytoskeleton;Direct protein sequencing;Glycoprotein;Intermediate filament;Methylation;Phosphoprotein;Reference proteome;Ubl conjugation,Evidence at protein level,543
P08553,Nefm,"SUBCELLULAR LOCATION: Cytoplasm, cytoskeleton {ECO:0000269|PubMed:22723690}. Cell projection, axon {ECO:0000269|PubMed:22723690}.",NA,NA,Acetylation;Cell projection;Coiled coil;Cytoplasm;Cytoskeleton;Direct protein sequencing;Glycoprotein;Intermediate filament;Methylation;Phosphoprotein;Reference proteome,Evidence at protein level,848
P08752,Gnai2,"SUBCELLULAR LOCATION: Cytoplasm {ECO:0000250|UniProtKB:P04899}. Cytoplasm, cytoskeleton, microtubule organizing center, centrosome {ECO:0000250|UniProtKB:P04899}. Cell membrane {ECO:0000250|UniProtKB:P04899}. Membrane {ECO:0000250|UniProtKB:P04899}; Lipid-anchor {ECO:0000250|UniProtKB:P04899}. Note=Localizes in the centrosomes of interphase and mitotic cells. Detected at the cleavage furrow and/or the midbody. {ECO:0000250|UniProtKB:P04899}.",NA,NA,ADP-ribosylation;Cell cycle;Cell division;Cell membrane;Cytoplasm;Cytoskeleton;Direct protein sequencing;GTP-binding;Hydrolase;Lipoprotein;Magnesium;Membrane;Metal-binding;Myristate;Nucleotide-binding;Palmitate;Reference proteome;Transducer,Evidence at protein level,355
P08905,Lyz2,SUBCELLULAR LOCATION: Secreted.,NA,"SIGNAL 1..18; /evidence=""ECO:0000269|Ref.4""",3D-structure;Antimicrobial;Bacteriolytic enzyme;Direct protein sequencing;Disulfide bond;Glycosidase;Hydrolase;Milk protein;Reference proteome;Secreted;Signal,Evidence at protein level,148
P09055,Itgb1,"SUBCELLULAR LOCATION: Cell membrane {ECO:0000250|UniProtKB:P05556}; Single-pass type I membrane protein {ECO:0000255}. Cell projection, invadopodium membrane {ECO:0000250|UniProtKB:P05556}; Single-pass type I membrane protein {ECO:0000255}. Cell projection, ruffle membrane {ECO:0000250|UniProtKB:P05556}; Single-pass type I membrane protein {ECO:0000255}. Recycling endosome {ECO:0000269|PubMed:21768292, ECO:0000269|PubMed:8567725}. Melanosome {ECO:0000250|UniProtKB:P05556}. Cell projection, lamellipodium {ECO:0000250|UniProtKB:P05556}. Cell projection, ruffle {ECO:0000250|UniProtKB:P05556}. Cell junction, focal adhesion {ECO:0000250|UniProtKB:P05556}. Note=Colocalizes with ITGB1BP1 and metastatic suppressor protein NME2 at the edge or peripheral ruffles and lamellipodia during the early stages of cell spreading on fibronectin or collagen. Translocates from peripheral focal adhesions to fibrillar adhesions in an ITGB1BP1-dependent manner. Enriched preferentially at invadopodia, cell membrane protrusions that correspond to sites of cell invasion, in a collagen-dependent manner. Localized at plasma and ruffle membranes in a collagen-independent manner. {ECO:0000250|UniProtKB:P05556}.; SUBCELLULAR LOCATION: [Isoform 2]: Cell membrane, sarcolemma {ECO:0000269|PubMed:8567725}. Cell junction {ECO:0000269|PubMed:8567725}. Note=In cardiac muscle, found in costameres and intercalated disks. {ECO:0000269|PubMed:8567725}.",NA,SIGNAL 1..20,3D-structure;Acetylation;Alternative splicing;Calcium;Cell adhesion;Cell junction;Cell membrane;Cell projection;Disulfide bond;EGF-like domain;Endosome;Glycoprotein;Integrin;Isopeptide bond;Magnesium;Membrane;Metal-binding;Myogenesis;Phosphoprotein;Receptor;Reference proteome;Repeat;Signal;Transmembrane;Transmembrane helix;Ubl conjugation,Evidence at protein level,798
P09103,P4hb,"SUBCELLULAR LOCATION: Endoplasmic reticulum {ECO:0000250|UniProtKB:P07237}. Endoplasmic reticulum lumen {ECO:0000250|UniProtKB:P07237}. Melanosome {ECO:0000250|UniProtKB:P07237}. Cell membrane {ECO:0000269|PubMed:21670307}; Peripheral membrane protein {ECO:0000305}. Note=Highly abundant. In some cell types, seems to be also secreted or associated with the plasma membrane, where it undergoes constant shedding and replacement from intracellular sources. Localizes near CD4-enriched regions on lymphoid cell surfaces. Colocalizes with MTTP in the endoplasmic reticulum. {ECO:0000250|UniProtKB:P07237}.",NA,"SIGNAL 1..19; /evidence=""ECO:0000250""",Acetylation;Cell membrane;Chaperone;Disulfide bond;Endoplasmic reticulum;Isomerase;Membrane;Phosphoprotein;Redox-active center;Reference proteome;Repeat;Signal,Evidence at protein level,509
P09242,Alpl,"SUBCELLULAR LOCATION: Cell membrane {ECO:0000250|UniProtKB:P05186}; Lipid-anchor, GPI-anchor {ECO:0000250|UniProtKB:P05186}. Extracellular vesicle membrane {ECO:0000269|PubMed:19874193, ECO:0000269|PubMed:23942722}; Lipid-anchor, GPI-anchor {ECO:0000269|PubMed:33981039}. Mitochondrion membrane {ECO:0000269|PubMed:33981039}; Lipid-anchor, GPI-anchor {ECO:0000269|PubMed:33981039}. Mitochondrion intermembrane space {ECO:0000269|PubMed:33981039}. Note=Localizes to special class of extracellular vesicles, named matrix vesicles (MVs), which are released by osteogenic cells (PubMed:19874193, PubMed:23942722). Localizes to the mitochondria of thermogenic fat cells: tethered to mitochondrial membranes via a GPI-anchor and probably resides in the mitochondrion intermembrane space (PubMed:33981039). {ECO:0000269|PubMed:19874193, ECO:0000269|PubMed:23942722, ECO:0000269|PubMed:33981039}.",NA,SIGNAL 1..17,Biomineralization;Calcium;Cell membrane;Disulfide bond;Glycoprotein;GPI-anchor;Hydrolase;Lipoprotein;Magnesium;Membrane;Metal-binding;Mitochondrion;Phosphoprotein;Reference proteome;Signal;Zinc,Evidence at protein level,524
P09405,Ncl,"SUBCELLULAR LOCATION: Nucleus, nucleolus {ECO:0000250|UniProtKB:P19338}. Cytoplasm {ECO:0000250}. Note=Localized in cytoplasmic mRNP granules containing untranslated mRNAs. {ECO:0000250}.",NA,NA,Acetylation;Cytoplasm;Direct protein sequencing;DNA-binding;Isopeptide bond;Methylation;Nucleus;Phosphoprotein;Reference proteome;Repeat;RNA-binding;Ubl conjugation,Evidence at protein level,707
P09411,Pgk1,"SUBCELLULAR LOCATION: Cytoplasm, cytosol {ECO:0000250|UniProtKB:P00558}. Mitochondrion matrix {ECO:0000250|UniProtKB:P00558}. Note=Hypoxic conditions promote mitochondrial targeting. Targeted to the mitochondrion following phosphorylation by MAPK1/ERK2, cis-trans isomerization by PIN1, and binding to mitochondrial circRNA mcPGK1. {ECO:0000250|UniProtKB:P00558}.",NA,NA,3D-structure;Acetylation;ATP-binding;Cytoplasm;Direct protein sequencing;Glycolysis;Hydroxylation;Kinase;Magnesium;Metal-binding;Mitochondrion;Nucleotide-binding;Phosphoprotein;Reference proteome;Transferase,Evidence at protein level,417
P09470,Ace,"SUBCELLULAR LOCATION: [Isoform Somatic]: Cell membrane {ECO:0000269|PubMed:23535237}; Single-pass type I membrane protein {ECO:0000255}. Cytoplasm {ECO:0000269|PubMed:23535237}. Note=Detected in both cell membrane and cytoplasm in neurons. {ECO:0000269|PubMed:23535237}.; SUBCELLULAR LOCATION: [Angiotensin-converting enzyme, soluble form]: Secreted {ECO:0000250|UniProtKB:P12821}.; SUBCELLULAR LOCATION: [Isoform Testis-specific]: Cell membrane {ECO:0000250|UniProtKB:P12821}; Single-pass type I membrane protein {ECO:0000255}. Secreted {ECO:0000250|UniProtKB:P12821}. Note=The testis-specific isoform can be cleaved before the transmembrane region, releasing a soluble form. {ECO:0000250|UniProtKB:P12821}.",NA,"SIGNAL 1..34; /evidence=""ECO:0000269|PubMed:2835538""",Alternative promoter usage;Calmodulin-binding;Carboxypeptidase;Cell membrane;Cytoplasm;Direct protein sequencing;Disulfide bond;Glycoprotein;Hydrolase;Membrane;Metal-binding;Metalloprotease;Phosphoprotein;Protease;Reference proteome;Repeat;Secreted;Signal;Transmembrane;Transmembrane helix;Zinc,Evidence at protein level,1312
P09542,Myl3,NA,NA,NA,3D-structure;Methylation;Motor protein;Muscle protein;Myosin;Phosphoprotein;Reference proteome;Repeat,Evidence at protein level,204
P09671,Sod2,SUBCELLULAR LOCATION: Mitochondrion matrix.,"TRANSIT 1..24; /note=""Mitochondrion""",NA,Acetylation;Direct protein sequencing;Manganese;Metal-binding;Mitochondrion;Nitration;Oxidoreductase;Reference proteome;Transit peptide;Ubl conjugation,Evidence at protein level,222
P09813,Apoa2,SUBCELLULAR LOCATION: Secreted {ECO:0000250|UniProtKB:P02652}.,NA,SIGNAL 1..18,3D-structure;Amyloid;Cleavage on pair of basic residues;Direct protein sequencing;Disease variant;HDL;Lipid transport;Oxidation;Reference proteome;Secreted;Signal;Transport,Evidence at protein level,102
P0C0A3,Chmp6,SUBCELLULAR LOCATION: Endomembrane system {ECO:0000250}. Endosome membrane {ECO:0000250}; Lipid-anchor {ECO:0000250}. Late endosome membrane {ECO:0000250}. Membrane {ECO:0000250|UniProtKB:Q96FZ7}; Lipid-anchor {ECO:0000250|UniProtKB:Q96FZ7}. Note=Localizes to endosomal membranes. {ECO:0000250}.,NA,NA,Coiled coil;Endosome;Lipoprotein;Membrane;Myristate;Phosphoprotein;Protein transport;Reference proteome;Transport;Ubl conjugation,Evidence at protein level,200
P10107,Anxa1,"SUBCELLULAR LOCATION: Nucleus {ECO:0000250|UniProtKB:P07150}. Cytoplasm {ECO:0000269|PubMed:18802107, ECO:0000269|PubMed:21245195}. Cell projection, cilium {ECO:0000269|PubMed:17384087}. Basolateral cell membrane {ECO:0000250|UniProtKB:P51662}. Lateral cell membrane {ECO:0000269|PubMed:18802107}. Cell membrane {ECO:0000269|PubMed:14506282, ECO:0000269|PubMed:21245195}; Peripheral membrane protein {ECO:0000305}. Apical cell membrane {ECO:0000269|PubMed:17384087, ECO:0000269|PubMed:18802107}. Membrane {ECO:0000269|PubMed:23727357}; Peripheral membrane protein {ECO:0000269|PubMed:23727357}. Early endosome {ECO:0000250|UniProtKB:P19619}. Cytoplasmic vesicle membrane {ECO:0000250|UniProtKB:P19619}; Peripheral membrane protein {ECO:0000250|UniProtKB:P19619}. Endosome membrane {ECO:0000250|UniProtKB:P07150}; Peripheral membrane protein {ECO:0000250|UniProtKB:P07150}. Secreted {ECO:0000269|PubMed:25664854}. Secreted, extracellular space {ECO:0000250|UniProtKB:P04083}. Cell membrane {ECO:0000250|UniProtKB:P04083}; Peripheral membrane protein {ECO:0000250|UniProtKB:P04083}; Extracellular side {ECO:0000250|UniProtKB:P04083}. Secreted, extracellular exosome {ECO:0000269|PubMed:25664854}. Cytoplasmic vesicle, secretory vesicle lumen {ECO:0000269|PubMed:25664854}. Cell projection, phagocytic cup {ECO:0000269|PubMed:21245195}. Note=Colocalizes with actin fibers at phagocytic cups (PubMed:21245195). Secreted, at least in part via exosomes and other secretory vesicles. Detected in exosomes and other extracellular vesicles (PubMed:25664854). Secretion is increased in response to wounding and inflammation (PubMed:25664854). Detected in gelatinase granules in resting neutrophils. Neutrophil adhesion to endothelial cells stimulates secretion via gelatinase granules, but foreign particle phagocytosis has no effect. Displays calcium-dependent binding to phospholipid membranes (By similarity). {ECO:0000250|UniProtKB:P04083, ECO:0000269|PubMed:25664854}.",NA,NA,Acetylation;Adaptive immunity;Annexin;Calcium;Calcium/phospholipid-binding;Cell membrane;Cell projection;Cilium;Cytoplasm;Cytoplasmic vesicle;Disulfide bond;Endosome;Immunity;Inflammatory response;Innate immunity;Isopeptide bond;Membrane;Metal-binding;Nucleus;Phospholipase A2 inhibitor;Phosphoprotein;Reference proteome;Repeat;Secreted;Ubl conjugation,Evidence at protein level,346
P10126,Eef1a1,"SUBCELLULAR LOCATION: Cytoplasm {ECO:0000269|PubMed:19856081}. Nucleus {ECO:0000250|UniProtKB:P68104}. Nucleus, nucleolus {ECO:0000250|UniProtKB:P68104}. Cell membrane {ECO:0000250|UniProtKB:P68104}. Note=Colocalizes with DLC1 at actin-rich regions in the cell periphery. Translocates together with ZPR1 from the cytoplasm to the nucleus and nucleolus after treatment with mitogens. Localization at the cell membrane depends on EEF1A1 phosphorylation status and the presence of PPP1R16B. {ECO:0000250|UniProtKB:P68104}.",NA,NA,Acetylation;Cell membrane;Cytoplasm;Direct protein sequencing;Elongation factor;GTP-binding;Hydrolase;Isopeptide bond;Membrane;Methylation;Nucleotide-binding;Nucleus;Phosphoprotein;Protein biosynthesis;Reference proteome;Ubl conjugation,Evidence at protein level,462
P10493,Nid1,"SUBCELLULAR LOCATION: Secreted, extracellular space, extracellular matrix, basement membrane.",NA,"SIGNAL 1..28; /evidence=""ECO:0000269|PubMed:3264556""",3D-structure;Basement membrane;Calcium;Cell adhesion;Direct protein sequencing;Disulfide bond;EGF-like domain;Extracellular matrix;Glycoprotein;Reference proteome;Repeat;Secreted;Signal;Sulfation,Evidence at protein level,1245
P10605,Ctsb,"SUBCELLULAR LOCATION: Lysosome {ECO:0000269|PubMed:12782676}. Melanosome {ECO:0000250|UniProtKB:P07858}. Secreted, extracellular space {ECO:0000269|PubMed:12782676}. Apical cell membrane {ECO:0000269|PubMed:12782676}; Peripheral membrane protein {ECO:0000269|PubMed:12782676}; Extracellular side {ECO:0000269|PubMed:12782676}. Note=Localizes to the lumen of thyroid follicles and to the apical membrane of thyroid epithelial cells. {ECO:0000269|PubMed:12782676}.",NA,"SIGNAL 1..17; /evidence=""ECO:0000255""",3D-structure;Acetylation;Cell membrane;Disulfide bond;Glycoprotein;Hydrolase;Lysosome;Membrane;Protease;Reference proteome;Secreted;Signal;Thiol protease;Zymogen,Evidence at protein level,339
P10637,Mapt,"SUBCELLULAR LOCATION: Cytoplasm, cytosol {ECO:0000250|UniProtKB:P10636}. Cell membrane {ECO:0000250|UniProtKB:P10636}; Peripheral membrane protein {ECO:0000250|UniProtKB:P10636}; Cytoplasmic side {ECO:0000250|UniProtKB:P10636}. Cytoplasm, cytoskeleton {ECO:0000250|UniProtKB:P10636}. Cell projection, axon {ECO:0000250|UniProtKB:P10636}. Cell projection, dendrite {ECO:0000250|UniProtKB:P10636}. Secreted {ECO:0000250|UniProtKB:P10636}. Note=Mostly found in the axons of neurons, in the cytosol and in association with plasma membrane components. Can be secreted; the secretion is dependent on protein unfolding and facilitated by the cargo receptor TMED10; it results in protein translocation from the cytoplasm into the ERGIC (endoplasmic reticulum-Golgi intermediate compartment) followed by vesicle entry and secretion. {ECO:0000250|UniProtKB:P10636}.",NA,NA,3D-structure;Acetylation;Alternative splicing;Cell membrane;Cell projection;Cytoplasm;Cytoskeleton;Direct protein sequencing;Disulfide bond;Glycoprotein;Isopeptide bond;Membrane;Methylation;Microtubule;Phosphoprotein;Reference proteome;Repeat;Secreted;Ubl conjugation,Evidence at protein level,733
P10639,Txn,SUBCELLULAR LOCATION: Nucleus {ECO:0000250|UniProtKB:P10599}. Cytoplasm {ECO:0000250|UniProtKB:P10599}. Secreted {ECO:0000250|UniProtKB:P10599}. Note=Translocates from the cytoplasm into the nucleus after phorbol 12-myristate 13-acetate induction (PMA). Predominantly in the cytoplasm in non irradiated cells. Radiation induces translocation of TRX from the cytoplasm to the nucleus. Secreted by a leaderless secretory pathway. {ECO:0000250|UniProtKB:P10599}.,NA,NA,Acetylation;Activator;Cytoplasm;Disulfide bond;Electron transport;Nucleus;Redox-active center;Reference proteome;S-nitrosylation;Secreted;Transcription;Transcription regulation;Transport,Evidence at protein level,105
P10649,Gstm1,SUBCELLULAR LOCATION: Cytoplasm.,NA,NA,Cytoplasm;Direct protein sequencing;Lipid metabolism;Phosphoprotein;Reference proteome;Transferase,Evidence at protein level,218
P10833,Rras,SUBCELLULAR LOCATION: Cell membrane {ECO:0000250}; Lipid-anchor {ECO:0000250}; Cytoplasmic side {ECO:0000250}. Note=Inner surface of plasma membrane possibly with attachment requiring acylation of the C-terminal cysteine (By similarity with RAS).,NA,NA,Cell membrane;GTP-binding;Hydrolase;Lipoprotein;Membrane;Methylation;Nucleotide-binding;Palmitate;Prenylation;Reference proteome,Evidence at protein level,218
P10852,Slc3a2,"SUBCELLULAR LOCATION: Apical cell membrane {ECO:0000250|UniProtKB:P08195}. Cell membrane {ECO:0000269|PubMed:9915839}; Single-pass type II membrane protein {ECO:0000250|UniProtKB:P08195}. Cell junction {ECO:0000269|PubMed:9915839}. Lysosome membrane {ECO:0000250|UniProtKB:P08195}. Melanosome {ECO:0000250|UniProtKB:P08195}. Basolateral cell membrane {ECO:0000269|PubMed:10574970}. Note=Localized at the plasma membrane when associated with SLC7A5 or SLC7A8. Localized to the apical membrane of placental syncytiotrophoblastic cells. Recruited to lysosomes by LAPTM4B (By similarity). Located selectively at cell-cell adhesion sites (PubMed:9915839). Colocalized with SLC7A8/LAT2 at the basolateral membrane of kidney proximal tubules and small intestine epithelia. Expressed in both luminal and abluminal membranes of brain capillary endothelial cells (By similarity). {ECO:0000250|UniProtKB:P08195, ECO:0000250|UniProtKB:Q794F9, ECO:0000269|PubMed:10574970, ECO:0000269|PubMed:9915839}.",NA,NA,3D-structure;Alternative splicing;Amino-acid transport;Cell junction;Cell membrane;Direct protein sequencing;Disulfide bond;Glycoprotein;Isopeptide bond;Lysosome;Membrane;Phosphoprotein;Reference proteome;Signal-anchor;Transmembrane;Transmembrane helix;Transport;Ubl conjugation,Evidence at protein level,526
P07310,Ckm,SUBCELLULAR LOCATION: Cytoplasm.,NA,NA,ATP-binding;Cytoplasm;Kinase;Nucleotide-binding;Phosphoprotein;Reference proteome;Transferase,Evidence at protein level,381
P09541,Myl4,NA,NA,NA,Methylation;Motor protein;Muscle protein;Myosin;Reference proteome;Repeat,Evidence at protein level,193
P09925,Surf1,SUBCELLULAR LOCATION: Mitochondrion membrane {ECO:0000269|PubMed:17210671}; Multi-pass membrane protein {ECO:0000255}.,NA,NA,Membrane;Mitochondrion;Reference proteome;Transmembrane;Transmembrane helix,Evidence at protein level,306
P0DN34,Ndufb1,SUBCELLULAR LOCATION: Mitochondrion inner membrane {ECO:0000269|PubMed:38575788}; Single-pass membrane protein {ECO:0000255}; Matrix side {ECO:0000269|PubMed:38575788}.,NA,NA,3D-structure;Electron transport;Membrane;Mitochondrion;Mitochondrion inner membrane;Reference proteome;Respiratory chain;Transmembrane;Transmembrane helix;Transport,Evidence at protein level,57
P10630,Eif4a2,NA,NA,NA,Alternative splicing;ATP-binding;Helicase;Hydrolase;Initiation factor;Nucleotide-binding;Phosphoprotein;Protein biosynthesis;Reference proteome;RNA-binding,Evidence at protein level,407
P0C5K1,Sbk2,NA,NA,NA,ATP-binding;Kinase;Nucleotide-binding;Reference proteome;Repeat;Serine/threonine-protein kinase;Transferase,Inferred from homology,362
P0CW02,Ly6c1,"SUBCELLULAR LOCATION: Cell membrane {ECO:0000305}; Lipid-anchor, GPI-anchor {ECO:0000305}.",NA,"SIGNAL 1..26; /evidence=""ECO:0000255""",Cell membrane;Disulfide bond;Glycoprotein;GPI-anchor;Lipoprotein;Membrane;Reference proteome;Signal,Evidence at transcript level,131
P0DJE0,Pet100,SUBCELLULAR LOCATION: Membrane {ECO:0000305}; Single-pass membrane protein {ECO:0000305}. Mitochondrion {ECO:0000269|PubMed:22356826}. Mitochondrion inner membrane {ECO:0000250|UniProtKB:P0DJ07}.,"TRANSIT 1..?; /note=""Mitochondrion""",NA,Membrane;Mitochondrion;Mitochondrion inner membrane;Reference proteome;Transit peptide;Transmembrane;Transmembrane helix,Evidence at protein level,76
P0DJF2,Pet117,SUBCELLULAR LOCATION: Mitochondrion {ECO:0000305}.,"TRANSIT 1..22; /note=""Mitochondrion""; /evidence=""ECO:0000255""",NA,Mitochondrion;Reference proteome;Transit peptide,Inferred from homology,80
P11087,Col1a1,"SUBCELLULAR LOCATION: Secreted, extracellular space, extracellular matrix {ECO:0000255|PROSITE-ProRule:PRU00793}.",NA,SIGNAL 1..22,Alternative splicing;Calcium;Collagen;Disulfide bond;Extracellular matrix;Glycoprotein;Hydroxylation;Metal-binding;Phosphoprotein;Reference proteome;Repeat;Secreted;Signal,Evidence at protein level,1453
P11276,Fn1,"SUBCELLULAR LOCATION: Secreted, extracellular space, extracellular matrix {ECO:0000305}. Secreted {ECO:0000269|PubMed:36812915}.",NA,"SIGNAL 1..32; /evidence=""ECO:0000250|UniProtKB:P02751""",3D-structure;Acute phase;Alternative splicing;Angiogenesis;Cell adhesion;Cell shape;Disulfide bond;Extracellular matrix;Glycoprotein;Heparin-binding;Isopeptide bond;Oxidation;Phosphoprotein;Pyrrolidone carboxylic acid;Reference proteome;Repeat;Secreted;Signal;Sulfation,Evidence at protein level,2477
P11352,Gpx1,"SUBCELLULAR LOCATION: Cytoplasm {ECO:0000269|PubMed:10754271, ECO:0000269|PubMed:9126277}. Mitochondrion {ECO:0000269|PubMed:10754271, ECO:0000269|PubMed:9126277}.",NA,NA,Acetylation;Cytoplasm;Lipid metabolism;Mitochondrion;Oxidoreductase;Peroxidase;Phosphoprotein;Reference proteome;Selenocysteine,Evidence at protein level,201
P11404,Fabp3,SUBCELLULAR LOCATION: Cytoplasm.,NA,NA,3D-structure;Acetylation;Cytoplasm;Direct protein sequencing;Lipid-binding;Phosphoprotein;Reference proteome;Transport,Evidence at protein level,133
P11438,Lamp1,"SUBCELLULAR LOCATION: Lysosome membrane {ECO:0000250|UniProtKB:P11279}; Single-pass type I membrane protein {ECO:0000255}. Endosome membrane {ECO:0000250|UniProtKB:P11279}; Single-pass type I membrane protein {ECO:0000255}. Late endosome membrane {ECO:0000250|UniProtKB:P11279}; Single-pass type I membrane protein {ECO:0000255}. Cell membrane {ECO:0000269|PubMed:23847195}; Single-pass type I membrane protein {ECO:0000255}. Cytolytic granule membrane {ECO:0000305|PubMed:32839608}; Single-pass type I membrane protein {ECO:0000255}. Note=This protein shuttles between lysosomes, endosomes, and the plasma membrane (By similarity). Colocalizes with OSBPL1A at the late endosome (By similarity). {ECO:0000250|UniProtKB:P05300, ECO:0000250|UniProtKB:P11279}.",NA,"SIGNAL 1..24; /evidence=""ECO:0000269|PubMed:3379044""",3D-structure;Cell membrane;Direct protein sequencing;Disulfide bond;Endosome;Glycoprotein;Lysosome;Membrane;Reference proteome;Signal;Transmembrane;Transmembrane helix,Evidence at protein level,406
P11499,Hsp90ab1,"SUBCELLULAR LOCATION: Cytoplasm {ECO:0000269|PubMed:27496612, ECO:0000269|PubMed:27686098}. Melanosome {ECO:0000250|UniProtKB:P08238}. Nucleus {ECO:0000250|UniProtKB:P08238}. Secreted {ECO:0000250|UniProtKB:P08238}. Cell membrane {ECO:0000250|UniProtKB:P08238}. Dynein axonemal particle {ECO:0000250|UniProtKB:Q6AZV1}. Note=Translocates with BIRC2 from the nucleus to the cytoplasm during differentiation. Secreted when associated with TGFB1 processed form (LAP). {ECO:0000250|UniProtKB:P08238}.",NA,NA,3D-structure;Acetylation;ATP-binding;Cell membrane;Chaperone;Cytoplasm;Direct protein sequencing;Glycoprotein;Membrane;Methylation;Nucleotide-binding;Nucleus;Phosphoprotein;Reference proteome;S-nitrosylation;Secreted;Stress response;Ubl conjugation,Evidence at protein level,724
P11531,Dmd,"SUBCELLULAR LOCATION: Cell membrane, sarcolemma {ECO:0000269|PubMed:19109891, ECO:0000269|PubMed:28752107}; Peripheral membrane protein {ECO:0000269|PubMed:19109891}; Cytoplasmic side {ECO:0000269|PubMed:19109891}. Cytoplasm, cytoskeleton {ECO:0000269|PubMed:19109891}. Postsynaptic cell membrane {ECO:0000269|PubMed:19109891}. Note=In muscle cells, sarcolemma localization requires the presence of ANK2, while localization to costameres requires the presence of ANK3. Localizes to neuromuscular junctions (NMJs). In adult muscle, NMJ localization depends upon ANK2 presence, but not in newborn animals.",NA,NA,3D-structure;Actin-binding;Alternative splicing;Calcium;Cell membrane;Cytoplasm;Cytoskeleton;Direct protein sequencing;Membrane;Metal-binding;Phosphoprotein;Postsynaptic cell membrane;Reference proteome;Repeat;Synapse;Zinc;Zinc-finger,Evidence at protein level,3678
P11835,Itgb2,SUBCELLULAR LOCATION: Cell membrane {ECO:0000250|UniProtKB:P05107}; Single-pass type I membrane protein {ECO:0000250|UniProtKB:P05107}. Membrane raft {ECO:0000250|UniProtKB:P05107}; Single-pass type I membrane protein {ECO:0000250|UniProtKB:P05107}.,NA,SIGNAL 1..23,3D-structure;Calcium;Cell adhesion;Cell membrane;Disulfide bond;EGF-like domain;Glycoprotein;Integrin;Magnesium;Membrane;Metal-binding;Phagocytosis;Phosphoprotein;Pyrrolidone carboxylic acid;Receptor;Reference proteome;Repeat;Signal;Transmembrane;Transmembrane helix,Evidence at protein level,771
P11983,Tcp1,"SUBCELLULAR LOCATION: Cytoplasm, cytosol {ECO:0000250|UniProtKB:P17987}. Cytoplasm, cytoskeleton, microtubule organizing center, centrosome {ECO:0000250|UniProtKB:P17987}.",NA,NA,Acetylation;Alternative splicing;ATP-binding;Chaperone;Cytoplasm;Cytoskeleton;Direct protein sequencing;Hydrolase;Magnesium;Metal-binding;Nucleotide-binding;Phosphoprotein;Reference proteome,Evidence at protein level,556
P12970,Rpl7a,SUBCELLULAR LOCATION: Cytoplasm {ECO:0000269|PubMed:36517592}.,NA,NA,3D-structure;Acetylation;Cytoplasm;Isopeptide bond;Reference proteome;Ribonucleoprotein;Ribosomal protein;Ubl conjugation,Evidence at protein level,266
P13020,Gsn,"SUBCELLULAR LOCATION: [Isoform 2]: Cytoplasm, cytoskeleton.; SUBCELLULAR LOCATION: [Isoform 1]: Secreted.",NA,"SIGNAL 1..25; /evidence=""ECO:0000255""",3D-structure;Acetylation;Actin capping;Actin-binding;Alternative initiation;Calcium;Cilium biogenesis/degradation;Cytoplasm;Cytoskeleton;Direct protein sequencing;Disulfide bond;Metal-binding;Phosphoprotein;Reference proteome;Repeat;Secreted;Signal,Evidence at protein level,780
P13541,Myh3,"SUBCELLULAR LOCATION: Cytoplasm, myofibril. Note=Thick filaments of the myofibrils.",NA,NA,Actin-binding;ATP-binding;Calmodulin-binding;Coiled coil;Cytoplasm;Methylation;Motor protein;Muscle protein;Myosin;Nucleotide-binding;Reference proteome;Thick filament,Evidence at transcript level,1940
P13542,Myh8,"SUBCELLULAR LOCATION: Cytoplasm, myofibril. Note=Thick filaments of the myofibrils.",NA,NA,Actin-binding;ATP-binding;Coiled coil;Cytoplasm;Methylation;Motor protein;Muscle protein;Myosin;Nucleotide-binding;Phosphoprotein;Reference proteome;Thick filament,Evidence at transcript level,1937
P13595,Ncam1,"SUBCELLULAR LOCATION: [Isoform 1]: Cell membrane; Single-pass type I membrane protein.; SUBCELLULAR LOCATION: [Isoform 2]: Cell membrane; Single-pass type I membrane protein.; SUBCELLULAR LOCATION: [Isoform 3]: Cell membrane; Lipid-anchor, GPI-anchor.",NA,"SIGNAL 1..19; /evidence=""ECO:0000269|PubMed:3512556""",3D-structure;Alternative splicing;Cell adhesion;Cell membrane;Direct protein sequencing;Disulfide bond;Glycoprotein;GPI-anchor;Heparin-binding;Immunoglobulin domain;Lipoprotein;Membrane;Phosphoprotein;Reference proteome;Repeat;Signal;Transmembrane;Transmembrane helix,Evidence at protein level,1115
P13707,Gpd1,SUBCELLULAR LOCATION: Cytoplasm {ECO:0000250|UniProtKB:P21695}.,NA,NA,Cytoplasm;Direct protein sequencing;NAD;Oxidoreductase;Phosphoprotein;Reference proteome,Evidence at protein level,349
P14069,S100a6,SUBCELLULAR LOCATION: Nucleus envelope {ECO:0000250}. Cytoplasm {ECO:0000250}. Cell membrane {ECO:0000250}; Peripheral membrane protein {ECO:0000250}; Cytoplasmic side {ECO:0000250}.,NA,NA,3D-structure;Acetylation;Calcium;Cell membrane;Cytoplasm;Direct protein sequencing;Membrane;Metal-binding;Nucleus;Phosphoprotein;Reference proteome;Repeat,Evidence at protein level,89
P14094,Atp1b1,"SUBCELLULAR LOCATION: Cell membrane {ECO:0000250|UniProtKB:P05026}; Single-pass type II membrane protein {ECO:0000250|UniProtKB:P05027}. Apical cell membrane {ECO:0000250|UniProtKB:P07340}; Single-pass type II membrane protein {ECO:0000250|UniProtKB:P05027}. Cell membrane, sarcolemma {ECO:0000269|PubMed:23392350}. Note=Colocalizes with OBSCN at the intercalated disk and sarcolemma in cardiomyocytes. Localizes in long striations at the level of Z and M lines. {ECO:0000269|PubMed:23392350}.",NA,NA,Cell adhesion;Cell membrane;Direct protein sequencing;Disulfide bond;Glutathionylation;Glycoprotein;Ion transport;Membrane;Phosphoprotein;Potassium;Potassium transport;Reference proteome;Signal-anchor;Sodium;Sodium transport;Sodium/potassium transport;Transmembrane;Transmembrane helix;Transport;Ubl conjugation,Evidence at protein level,304
P14115,Rpl27a,SUBCELLULAR LOCATION: Cytoplasm {ECO:0000269|PubMed:36517592}.,NA,NA,3D-structure;Acetylation;Cytoplasm;Hydroxylation;Phosphoprotein;Reference proteome;Ribonucleoprotein;Ribosomal protein,Evidence at protein level,148
P14131,Rps16,"SUBCELLULAR LOCATION: Cytoplasm {ECO:0000269|PubMed:36517592}. Nucleus, nucleolus {ECO:0000250|UniProtKB:P62249}.",NA,NA,3D-structure;Acetylation;Cytoplasm;Nucleus;Phosphoprotein;Reference proteome;Ribonucleoprotein;Ribosomal protein,Evidence at protein level,146
P14142,Slc2a4,"SUBCELLULAR LOCATION: Cell membrane {ECO:0000269|PubMed:21907143, ECO:0000269|PubMed:25586176, ECO:0000269|PubMed:26240143, ECO:0000269|PubMed:26629404, ECO:0000269|PubMed:27739494}; Multi-pass membrane protein {ECO:0000269|PubMed:21907143}. Endomembrane system {ECO:0000269|PubMed:26240143, ECO:0000269|PubMed:26629404}; Multi-pass membrane protein {ECO:0000305}. Cytoplasm, perinuclear region {ECO:0000269|PubMed:26240143, ECO:0000269|PubMed:26629404, ECO:0000269|PubMed:27354378}. Note=Localizes primarily to the perinuclear region, undergoing continued recycling to the plasma membrane where it is rapidly reinternalized (PubMed:26240143, PubMed:26629404, PubMed:27354378). The dileucine internalization motif is critical for intracellular sequestration (PubMed:26240143, PubMed:26629404). Insulin stimulation induces translocation to the cell membrane (PubMed:27739494). {ECO:0000269|PubMed:26240143, ECO:0000269|PubMed:26629404, ECO:0000269|PubMed:27354378, ECO:0000269|PubMed:27739494}.",NA,NA,Cell membrane;Cytoplasm;Diabetes mellitus;Glycoprotein;Lipoprotein;Membrane;Palmitate;Phosphoprotein;Reference proteome;Sugar transport;Transmembrane;Transmembrane helix;Transport;Ubl conjugation,Evidence at protein level,509
P14148,Rpl7,SUBCELLULAR LOCATION: Cytoplasm {ECO:0000269|PubMed:36517592}.,NA,NA,3D-structure;Acetylation;Cytoplasm;Phosphoprotein;Reference proteome;Repeat;Ribonucleoprotein;Ribosomal protein;RNA-binding,Evidence at protein level,270
P14152,Mdh1,"SUBCELLULAR LOCATION: Cytoplasm, cytosol {ECO:0000250|UniProtKB:P40925}.",NA,NA,3D-structure;Acetylation;Cytoplasm;Direct protein sequencing;Methylation;NAD;Oxidoreductase;Phosphoprotein;Reference proteome;Tricarboxylic acid cycle;Ubl conjugation,Evidence at protein level,334
P14206,Rpsa,"SUBCELLULAR LOCATION: Cell membrane. Cytoplasm {ECO:0000269|PubMed:36517592}. Nucleus. Note=67LR is found at the surface of the plasma membrane, with its C-terminal laminin-binding domain accessible to extracellular ligands. 37LRP is found at the cell surface, in the cytoplasm and in the nucleus. Colocalizes with PPP1R16B in the cell membrane (By similarity). 37LRP shuttles to the nucleus upon midkine (MDK) binding. {ECO:0000255|HAMAP-Rule:MF_03016}.",NA,NA,3D-structure;Acetylation;Cell membrane;Cytoplasm;Direct protein sequencing;Isopeptide bond;Membrane;Nucleus;Phosphoprotein;Receptor;Reference proteome;Repeat;Ribonucleoprotein;Ribosomal protein;Ubl conjugation,Evidence at protein level,295
P14211,Calr,"SUBCELLULAR LOCATION: Endoplasmic reticulum lumen {ECO:0000269|PubMed:8418194}. Cytoplasm, cytosol {ECO:0000250|UniProtKB:P27797}. Cytolytic granule {ECO:0000269|PubMed:8418194}. Secreted, extracellular space, extracellular matrix {ECO:0000250|UniProtKB:P27797}. Cell surface {ECO:0000250|UniProtKB:P27797}. Sarcoplasmic reticulum lumen {ECO:0000250|UniProtKB:P28491}. Cytoplasmic vesicle, secretory vesicle, Cortical granule. Note=Also found in cell surface (T cells), cytosol and extracellular matrix. During oocyte maturation and after parthenogenetic activation accumulates in cortical granules. In pronuclear and early cleaved embryos localizes weakly to cytoplasm around nucleus and more strongly in the region near the cortex (By similarity). In cortical granules of non-activated oocytes, is exocytosed during the cortical reaction in response to oocyte activation (By similarity). {ECO:0000250|UniProtKB:P27797, ECO:0000250|UniProtKB:P28491, ECO:0000250|UniProtKB:Q8K3H7}.",NA,"SIGNAL 1..17; /evidence=""ECO:0000269|PubMed:2583110, ECO:0000269|PubMed:7523108""",3D-structure;Acetylation;Calcium;Chaperone;Cytoplasm;Cytoplasmic vesicle;Direct protein sequencing;Disulfide bond;Endoplasmic reticulum;Extracellular matrix;Hydroxylation;Lectin;Lysosome;Metal-binding;Reference proteome;Repeat;Sarcoplasmic reticulum;Secreted;Signal;Zinc,Evidence at protein level,416
P14231,Atp1b2,SUBCELLULAR LOCATION: Cell membrane; Single-pass type II membrane protein.,NA,NA,Cell adhesion;Cell membrane;Direct protein sequencing;Disulfide bond;Glycoprotein;Ion transport;Membrane;Potassium;Potassium transport;Reference proteome;Signal-anchor;Sodium;Sodium transport;Sodium/potassium transport;Transmembrane;Transmembrane helix;Transport,Evidence at protein level,290
P14576,Srp54,SUBCELLULAR LOCATION: Nucleus speckle {ECO:0000250|UniProtKB:P61011}. Cytoplasm {ECO:0000250|UniProtKB:P61011}. Endoplasmic reticulum {ECO:0000250|UniProtKB:P61011}.,NA,NA,3D-structure;Alternative splicing;Cytoplasm;Direct protein sequencing;Endoplasmic reticulum;GTP-binding;Hydrolase;Nucleotide-binding;Nucleus;Reference proteome;Ribonucleoprotein;RNA-binding;Signal recognition particle,Evidence at protein level,504
P14602,Hspb1,"SUBCELLULAR LOCATION: Cytoplasm {ECO:0000250|UniProtKB:P04792}. Nucleus {ECO:0000250|UniProtKB:P04792}. Cytoplasm, cytoskeleton, spindle {ECO:0000250|UniProtKB:P04792}. Note=Cytoplasmic in interphase cells. Colocalizes with mitotic spindles in mitotic cells. Translocates to the nucleus during heat shock and resides in sub-nuclear structures known as SC35 speckles or nuclear splicing speckles. {ECO:0000250|UniProtKB:P04792}.",NA,NA,Acetylation;Alternative splicing;Chaperone;Cytoplasm;Cytoskeleton;Direct protein sequencing;Methylation;Nucleus;Phosphoprotein;Reference proteome;Stress response,Evidence at protein level,209
P14733,Lmnb1,"SUBCELLULAR LOCATION: Nucleus lamina {ECO:0000269|PubMed:28241138, ECO:0000269|PubMed:39868537}. Note=Expressed in the posterior part of the nucleus during steps 9 to 12 of spermiogenesis, expression became more localized to the implantation fossa between steps 13 to 16 (PubMed:38870534). Expressed at the neck region in mature sperm (PubMed:38870534). {ECO:0000269|PubMed:38870534}.",NA,NA,Acetylation;Coiled coil;Direct protein sequencing;Disulfide bond;Glycoprotein;Intermediate filament;Isopeptide bond;Lipoprotein;Methylation;Nucleus;Phosphoprotein;Prenylation;Reference proteome;Ubl conjugation,Evidence at protein level,588
P14824,Anxa6,SUBCELLULAR LOCATION: Cytoplasm {ECO:0000250}. Melanosome {ECO:0000250}.,NA,NA,Acetylation;Annexin;Calcium;Calcium/phospholipid-binding;Cytoplasm;Direct protein sequencing;Phosphoprotein;Reference proteome;Repeat,Evidence at protein level,673
P14869,Rplp0,SUBCELLULAR LOCATION: Nucleus {ECO:0000250|UniProtKB:P05388}. Cytoplasm {ECO:0000250|UniProtKB:P05388}. Note=Localized in cytoplasmic mRNP granules containing untranslated mRNAs. {ECO:0000250|UniProtKB:P05388}.,NA,NA,3D-structure;Cytoplasm;Direct protein sequencing;Isopeptide bond;Nucleus;Phosphoprotein;Reference proteome;Ribonucleoprotein;Ribosomal protein;Ubl conjugation,Evidence at protein level,317
P14901,Hmox1,SUBCELLULAR LOCATION: Endoplasmic reticulum membrane {ECO:0000250|UniProtKB:P09601}; Single-pass type IV membrane protein {ECO:0000255}; Cytoplasmic side {ECO:0000250|UniProtKB:P09601}.,NA,NA,Apoptosis;Endoplasmic reticulum;Heme;Iron;Membrane;Metal-binding;Oxidoreductase;Phosphoprotein;Reference proteome;Transmembrane;Transmembrane helix,Evidence at protein level,289
P15105,Glul,"SUBCELLULAR LOCATION: Cytoplasm, cytosol {ECO:0000250|UniProtKB:P15104}. Microsome {ECO:0000250|UniProtKB:P09606}. Mitochondrion {ECO:0000250|UniProtKB:P09606}. Cell membrane {ECO:0000250|UniProtKB:P15104}; Lipid-anchor {ECO:0000250|UniProtKB:P15104}. Note=Mainly localizes in the cytosol, with a fraction associated with the cell membrane. {ECO:0000250|UniProtKB:P15104}.",NA,NA,Acetylation;Angiogenesis;ATP-binding;Cell membrane;Cytoplasm;Direct protein sequencing;Endoplasmic reticulum;Ligase;Lipoprotein;Magnesium;Manganese;Membrane;Metal-binding;Microsome;Mitochondrion;Nucleotide-binding;Palmitate;Phosphoprotein;Reference proteome;Transferase;Ubl conjugation,Evidence at protein level,373
P15208,Insr,"SUBCELLULAR LOCATION: Cell membrane {ECO:0000269|PubMed:27322061}; Single-pass type I membrane protein {ECO:0000305}. Recycling endosome membrane {ECO:0000269|PubMed:27322061}. Late endosome {ECO:0000269|PubMed:27322061}. Lysosome {ECO:0000305|PubMed:27322061}. Note=Binding of insulin to INSR induces internalization and lysosomal degradation of the receptor, a means for down-regulating this signaling pathway after stimulation. In the presence of SORL1, internalized INSR molecules are redirected back to the cell surface, thereby preventing their lysosomal catabolism and strengthening insulin signal reception. {ECO:0000269|PubMed:27322061}.",NA,SIGNAL 1..27,3D-structure;ATP-binding;Carbohydrate metabolism;Cell membrane;Cleavage on pair of basic residues;Disulfide bond;Endosome;Glycoprotein;Isopeptide bond;Kinase;Lysosome;Membrane;Nucleotide-binding;Phosphoprotein;Receptor;Reference proteome;Repeat;S-nitrosylation;Signal;Transferase;Transmembrane;Transmembrane helix;Tyrosine-protein kinase;Ubl conjugation,Evidence at protein level,1372
P15327,Bpgm,NA,NA,NA,Acetylation;Glycolysis;Hydrolase;Isomerase;Phosphoprotein;Reference proteome,Evidence at protein level,259
P15331,Prph,"SUBCELLULAR LOCATION: Cytoplasm, cytoskeleton {ECO:0000269|PubMed:10426285, ECO:0000269|PubMed:15322088, ECO:0000269|PubMed:18709437, ECO:0000269|PubMed:20132868, ECO:0000269|PubMed:22723690, ECO:0000269|PubMed:23179371, ECO:0000269|PubMed:9971739}. Cell projection, axon {ECO:0000269|PubMed:17899157, ECO:0000269|PubMed:18709437, ECO:0000269|PubMed:20132868, ECO:0000269|PubMed:22723690, ECO:0000269|PubMed:23179371}. Perikaryon {ECO:0000269|PubMed:17899157, ECO:0000269|PubMed:18709437, ECO:0000269|PubMed:20132868}.",NA,NA,Alternative splicing;Cell projection;Coiled coil;Cytoplasm;Cytoskeleton;Direct protein sequencing;Intermediate filament;Nitration;Phosphoprotein;Reference proteome,Evidence at protein level,475
P15379,Cd44,"SUBCELLULAR LOCATION: Cell membrane {ECO:0000269|PubMed:17403031, ECO:0000269|PubMed:25065622}; Single-pass type I membrane protein {ECO:0000269|PubMed:17403031}. Cell projection, microvillus {ECO:0000269|PubMed:9472040}. Secreted {ECO:0000250|UniProtKB:P16070}. Note=Colocalizes with actin in membrane protrusionFs at wounding edges. Co-localizes with RDX, EZR and MSN in microvilli. {ECO:0000269|PubMed:17403031, ECO:0000269|PubMed:9472040}.",NA,"SIGNAL 1..22; /evidence=""ECO:0000250""",3D-structure;Alternative splicing;Cell adhesion;Cell membrane;Cell projection;Disulfide bond;Glycoprotein;Membrane;Phosphoprotein;Proteoglycan;Receptor;Reference proteome;Secreted;Signal;Sulfation;Transmembrane;Transmembrane helix,Evidence at protein level,778
P15532,Nme1,"SUBCELLULAR LOCATION: Cytoplasm {ECO:0000250|UniProtKB:P15531}. Nucleus {ECO:0000250|UniProtKB:P15531}. Cell membrane {ECO:0000250|UniProtKB:P52175}. Note=Cell-cycle dependent nuclear localization which can be induced by degradation of the SET complex by GzmA. In response to DNA damage, translocates to the nucleus where it might participate in DNA nucleolytic processing. {ECO:0000250|UniProtKB:P15531}.",NA,NA,3D-structure;Acetylation;ATP-binding;Cell membrane;Cytoplasm;Differentiation;Direct protein sequencing;Endocytosis;Hydrolase;Isopeptide bond;Kinase;Magnesium;Membrane;Metal-binding;Neurogenesis;Nucleotide metabolism;Nucleotide-binding;Nucleus;Oxidation;Phosphoprotein;Reference proteome;Transferase;Ubl conjugation,Evidence at protein level,152
P15626,Gstm2,SUBCELLULAR LOCATION: Cytoplasm.,NA,NA,Cytoplasm;Direct protein sequencing;Lipid metabolism;Phosphoprotein;Reference proteome;Transferase,Evidence at protein level,218
P16015,Ca3,SUBCELLULAR LOCATION: Cytoplasm {ECO:0000250|UniProtKB:P07451}.,NA,NA,Acetylation;Cytoplasm;Direct protein sequencing;Glutathionylation;Lyase;Metal-binding;Phosphoprotein;Reference proteome;Zinc,Evidence at protein level,260
P16045,Lgals1,"SUBCELLULAR LOCATION: Secreted, extracellular space, extracellular matrix {ECO:0000250|UniProtKB:P09382}. Cytoplasm {ECO:0000250|UniProtKB:P09382}. Secreted {ECO:0000250|UniProtKB:P09382}. Note=Can be secreted; the secretion is dependent on protein unfolding and facilitated by the cargo receptor TMED10; it results in protein translocation from the cytoplasm into the ERGIC (endoplasmic reticulum-Golgi intermediate compartment) followed by vesicle entry and secretion. {ECO:0000250|UniProtKB:P09382}.",NA,NA,3D-structure;Acetylation;Apoptosis;Cytoplasm;Extracellular matrix;Lectin;Phosphoprotein;Reference proteome;Secreted,Evidence at protein level,135
P16125,Ldhb,SUBCELLULAR LOCATION: Cytoplasm. Mitochondrion inner membrane {ECO:0000250|UniProtKB:P07195}; Peripheral membrane protein {ECO:0000305}.,NA,NA,Acetylation;Cytoplasm;Direct protein sequencing;Membrane;Mitochondrion;Mitochondrion inner membrane;NAD;Oxidoreductase;Phosphoprotein;Reference proteome,Evidence at protein level,334
P16330,Cnp,SUBCELLULAR LOCATION: Membrane {ECO:0000269|PubMed:18076147}; Lipid-anchor {ECO:0000269|PubMed:18076147}. Melanosome {ECO:0000250|UniProtKB:P09543}. Mitochondrion {ECO:0000250|UniProtKB:P09543}. Note=Firmly bound to membrane structures of brain white matter. {ECO:0000269|PubMed:18076147}.,NA,NA,3D-structure;Alternative splicing;Direct protein sequencing;Hydrolase;Lipoprotein;Membrane;Methylation;Mitochondrion;Phosphoprotein;Prenylation;Reference proteome;RNA-binding,Evidence at protein level,420
P16332,Mmut,SUBCELLULAR LOCATION: Mitochondrion matrix {ECO:0000250|UniProtKB:P22033}. Mitochondrion {ECO:0000250|UniProtKB:P22033}. Cytoplasm {ECO:0000250|UniProtKB:P22033}.,"TRANSIT 1..30; /note=""Mitochondrion""; /evidence=""ECO:0000250|UniProtKB:P22033""",NA,Acetylation;Cobalamin;Cobalt;Cytoplasm;Isomerase;Metal-binding;Mitochondrion;Phosphoprotein;Reference proteome;Transit peptide,Evidence at protein level,748
P16675,Ctsa,SUBCELLULAR LOCATION: Lysosome {ECO:0000250|UniProtKB:P10619}.,NA,SIGNAL 1..23,3D-structure;Carboxypeptidase;Disulfide bond;Glycoprotein;Hydrolase;Lysosome;Protease;Reference proteome;Signal;Zymogen,Evidence at protein level,474
P17047,Lamp2,"SUBCELLULAR LOCATION: Lysosome membrane {ECO:0000269|PubMed:11082038, ECO:0000269|PubMed:2142158}; Single-pass type I membrane protein {ECO:0000255|PROSITE-ProRule:PRU00740}. Endosome membrane {ECO:0000250|UniProtKB:P13473}; Single-pass type I membrane protein {ECO:0000255|PROSITE-ProRule:PRU00740}. Cytoplasmic vesicle, autophagosome membrane {ECO:0000269|PubMed:12221139}. Cell membrane {ECO:0000250|UniProtKB:P13473}; Single-pass type I membrane protein {ECO:0000255|PROSITE-ProRule:PRU00740}. Note=This protein shuttles between lysosomes, endosomes, and the plasma membrane. {ECO:0000250|UniProtKB:P13473}.",NA,SIGNAL 1..25,3D-structure;Alternative splicing;Autophagy;Cell membrane;Cytoplasmic vesicle;Disulfide bond;Endosome;Glycoprotein;Lysosome;Membrane;Reference proteome;Signal;Transmembrane;Transmembrane helix,Evidence at protein level,415
P17225,Ptbp1,"SUBCELLULAR LOCATION: Nucleus {ECO:0000250|UniProtKB:P26599}. Cytoplasm {ECO:0000250|UniProtKB:P26599}. Cytoplasm, P-body {ECO:0000250|UniProtKB:P26599}.",NA,NA,Acetylation;Activator;Alternative splicing;Cytoplasm;Direct protein sequencing;Isopeptide bond;mRNA processing;mRNA splicing;Nucleus;Phosphoprotein;Reference proteome;Repeat;Repressor;RNA-binding;Ubl conjugation,Evidence at protein level,555
P12787,Cox5a,"SUBCELLULAR LOCATION: Mitochondrion inner membrane {ECO:0000269|PubMed:34616041, ECO:0000269|PubMed:38575788}; Peripheral membrane protein {ECO:0000269|PubMed:34616041, ECO:0000269|PubMed:38575788}; Matrix side {ECO:0000269|PubMed:34616041, ECO:0000269|PubMed:38575788}.","TRANSIT 1..37; /note=""Mitochondrion""; /evidence=""ECO:0000250|UniProtKB:P00426""",NA,3D-structure;Acetylation;Direct protein sequencing;Heme;Iron;Membrane;Metal-binding;Mitochondrion;Mitochondrion inner membrane;Phosphoprotein;Reference proteome;Transit peptide;Ubl conjugation,Evidence at protein level,146
P13412,Tnni2,NA,NA,NA,Acetylation;Actin-binding;Muscle protein;Phosphoprotein;Reference proteome,Evidence at transcript level,182
P15089,Cpa3,"SUBCELLULAR LOCATION: Cytoplasmic vesicle, secretory vesicle. Note=Secretory granules.",NA,SIGNAL 1..15,Carboxypeptidase;Cytoplasmic vesicle;Disulfide bond;Hydrolase;Metal-binding;Metalloprotease;Protease;Reference proteome;Signal;Zinc;Zymogen,Evidence at transcript level,417
P16254,Srp14,SUBCELLULAR LOCATION: Cytoplasm.,NA,NA,3D-structure;Cytoplasm;Direct protein sequencing;Phosphoprotein;Reference proteome;Ribonucleoprotein;RNA-binding;Signal recognition particle,Evidence at protein level,110
P17427,Ap2a2,"SUBCELLULAR LOCATION: Cell membrane {ECO:0000269|PubMed:14530274, ECO:0000269|PubMed:17035303}; Peripheral membrane protein {ECO:0000305}; Cytoplasmic side {ECO:0000305}. Membrane, coated pit {ECO:0000269|PubMed:17035303}; Peripheral membrane protein {ECO:0000305}; Cytoplasmic side {ECO:0000305}. Note=AP-2 appears to be excluded from internalizing CCVs and to disengage from sites of endocytosis seconds before internalization of the nascent CCV. {ECO:0000269|PubMed:17035303}.",NA,NA,3D-structure;Cell membrane;Coated pit;Endocytosis;Lipid-binding;Membrane;Protein transport;Reference proteome;Transport,Evidence at protein level,938
P17665,Cox7c,"SUBCELLULAR LOCATION: Mitochondrion inner membrane {ECO:0000269|PubMed:34616041, ECO:0000269|PubMed:38575788}; Single-pass membrane protein {ECO:0000269|PubMed:34616041, ECO:0000269|PubMed:38575788}.","TRANSIT 1..16; /note=""Mitochondrion""; /evidence=""ECO:0000250|UniProtKB:P00430""",NA,3D-structure;Acetylation;Direct protein sequencing;Membrane;Mitochondrion;Mitochondrion inner membrane;Reference proteome;Transit peptide;Transmembrane;Transmembrane helix,Evidence at protein level,63
P17710,Hk1,"SUBCELLULAR LOCATION: Mitochondrion outer membrane {ECO:0000269|PubMed:27374331}; Peripheral membrane protein {ECO:0000250|UniProtKB:P19367}. Cytoplasm, cytosol {ECO:0000269|PubMed:27374331}. Note=The mitochondrial-binding peptide (MBP) region promotes association with the mitochondrial outer membrane (By similarity). Dissociates from the mitochondrial outer membrane following inhibition by N-acetyl-D-glucosamine, leading to relocation to the cytosol (PubMed:27374331). {ECO:0000250|UniProtKB:P19367, ECO:0000269|PubMed:27374331}.; SUBCELLULAR LOCATION: [Isoform HK1]: Mitochondrion outer membrane {ECO:0000269|PubMed:9450953}; Peripheral membrane protein {ECO:0000269|PubMed:9450953}.; SUBCELLULAR LOCATION: [Isoform HK1-SC]: Membrane {ECO:0000269|PubMed:9450953}. Note=Isoform HK1-SC is an integral membrane protein. {ECO:0000269|PubMed:9450953}.",NA,NA,Allosteric enzyme;Alternative initiation;Alternative splicing;ATP-binding;Cytoplasm;Direct protein sequencing;Glycolysis;Immunity;Inflammatory response;Innate immunity;Kinase;Membrane;Mitochondrion;Mitochondrion outer membrane;Nucleotide-binding;Phosphoprotein;Reference proteome;Repeat;Transferase,Evidence at protein level,974
P17742,Ppia,"SUBCELLULAR LOCATION: Cytoplasm {ECO:0000250|UniProtKB:P62937}. Secreted {ECO:0000250|UniProtKB:P62937}. Nucleus {ECO:0000250|UniProtKB:P62937}. Note=Secretion occurs in response to oxidative stress in vascular smooth muscle through a vesicular secretory pathway that involves actin remodeling and myosin II activation, and mediates ERK1/2 activation. {ECO:0000250|UniProtKB:P62937}.",NA,NA,3D-structure;Acetylation;Apoptosis;Cytoplasm;Direct protein sequencing;Glycoprotein;Isomerase;Isopeptide bond;Nucleus;Phosphoprotein;Reference proteome;Rotamase;Secreted;Ubl conjugation,Evidence at protein level,164
P17751,Tpi1,SUBCELLULAR LOCATION: Cytoplasm {ECO:0000255|PROSITE-ProRule:PRU10127}.,NA,NA,Acetylation;Alternative initiation;Cytoplasm;Direct protein sequencing;Gluconeogenesis;Glycolysis;Isomerase;Isopeptide bond;Lyase;Methylation;Nitration;Phosphoprotein;Reference proteome;Ubl conjugation,Evidence at protein level,249
P18242,Ctsd,"SUBCELLULAR LOCATION: Lysosome. Melanosome {ECO:0000250}. Secreted, extracellular space {ECO:0000250}.",NA,"SIGNAL 1..20; /evidence=""ECO:0000255""",Aspartyl protease;Disulfide bond;Glycoprotein;Hydrolase;Lysosome;Protease;Reference proteome;Secreted;Signal;Zymogen,Evidence at protein level,410
P18572,Bsg,"SUBCELLULAR LOCATION: [Isoform 1]: Cell membrane {ECO:0000269|PubMed:11273674, ECO:0000269|PubMed:25957687}; Single-pass type I membrane protein {ECO:0000250|UniProtKB:P26453}. Photoreceptor inner segment {ECO:0000269|PubMed:11853760, ECO:0000269|PubMed:25957687}. Cell projection, cilium, photoreceptor outer segment {ECO:0000269|PubMed:25957687}.; SUBCELLULAR LOCATION: [Isoform 2]: Cell membrane {ECO:0000269|PubMed:12601063}; Single-pass type I membrane protein {ECO:0000250|UniProtKB:P26453}. Endoplasmic reticulum membrane {ECO:0000250|UniProtKB:P35613}; Single-pass type I membrane protein {ECO:0000250|UniProtKB:P26453}. Basolateral cell membrane {ECO:0000250|UniProtKB:P35613}; Single-pass type I membrane protein {ECO:0000250|UniProtKB:P26453}.",NA,SIGNAL 1..21,3D-structure;Alternative splicing;Angiogenesis;Cell membrane;Cell projection;Differentiation;Direct protein sequencing;Disulfide bond;Endoplasmic reticulum;Glycoprotein;Immunoglobulin domain;Lectin;Mannose-binding;Membrane;Phosphoprotein;Receptor;Reference proteome;Signal;Spermatogenesis;Transmembrane;Transmembrane helix,Evidence at protein level,389
P18608,Hmgn1,SUBCELLULAR LOCATION: Nucleus. Cytoplasm {ECO:0000250}. Note=Cytoplasmic enrichment upon phosphorylation. {ECO:0000250}.,NA,NA,Acetylation;ADP-ribosylation;Cytoplasm;Direct protein sequencing;DNA-binding;Nucleus;Phosphoprotein;Reference proteome,Evidence at protein level,96
P18654,Rps6ka3,SUBCELLULAR LOCATION: Nucleus {ECO:0000250|UniProtKB:P51812}. Cytoplasm {ECO:0000250|UniProtKB:P51812}.,NA,NA,3D-structure;ATP-binding;Cell cycle;Cytoplasm;Kinase;Nucleotide-binding;Nucleus;Phosphoprotein;Reference proteome;Repeat;Serine/threonine-protein kinase;Stress response;Transferase,Evidence at protein level,740
P18760,Cfl1,"SUBCELLULAR LOCATION: Nucleus matrix {ECO:0000250|UniProtKB:P10668}. Cytoplasm, cytoskeleton {ECO:0000250|UniProtKB:P10668}. Cell projection, ruffle membrane {ECO:0000250}; Peripheral membrane protein {ECO:0000250|UniProtKB:P10668}; Cytoplasmic side {ECO:0000250|UniProtKB:P10668}. Cell projection, lamellipodium membrane {ECO:0000250|UniProtKB:P10668}; Peripheral membrane protein {ECO:0000250|UniProtKB:P10668}; Cytoplasmic side {ECO:0000250|UniProtKB:P10668}. Cell projection, lamellipodium {ECO:0000269|PubMed:25107909}. Cell projection, growth cone {ECO:0000269|PubMed:27723745}. Cell projection, axon {ECO:0000269|PubMed:27723745}. Note=Colocalizes with the actin cytoskeleton in membrane ruffles and lamellipodia. Detected at the cleavage furrow and contractile ring during cytokinesis. Almost completely in nucleus in cells exposed to heat shock or 10% dimethyl sulfoxide. {ECO:0000250|UniProtKB:P23528}.",NA,NA,Acetylation;Actin-binding;Cell membrane;Cell projection;Cytoplasm;Cytoskeleton;Direct protein sequencing;Isopeptide bond;Membrane;Nucleus;Phosphoprotein;Reference proteome;Ubl conjugation,Evidence at protein level,166
P18826,Phka1,SUBCELLULAR LOCATION: Cell membrane {ECO:0000305}; Lipid-anchor {ECO:0000305}; Cytoplasmic side {ECO:0000305}.,NA,NA,Alternative splicing;Calmodulin-binding;Carbohydrate metabolism;Cell membrane;Glycogen metabolism;Lipoprotein;Membrane;Muscle protein;Phosphoprotein;Prenylation;Reference proteome,Evidence at protein level,1241
P19096,Fasn,SUBCELLULAR LOCATION: Cytoplasm {ECO:0000250}. Melanosome {ECO:0000250}.,NA,NA,3D-structure;Acetylation;Cytoplasm;Direct protein sequencing;Fatty acid biosynthesis;Fatty acid metabolism;Hydrolase;Isopeptide bond;Lipid biosynthesis;Lipid metabolism;Lyase;Multifunctional enzyme;NAD;NADP;Oxidoreductase;Phosphopantetheine;Phosphoprotein;Pyridoxal phosphate;Reference proteome;S-nitrosylation;Transferase;Ubl conjugation,Evidence at protein level,2504
P19123,Tnnc1,NA,NA,NA,3D-structure;Acetylation;Calcium;Metal-binding;Muscle protein;Phosphoprotein;Reference proteome;Repeat,Evidence at protein level,161
P19157,Gstp1,"SUBCELLULAR LOCATION: Cytoplasm {ECO:0000250|UniProtKB:P09211}. Mitochondrion {ECO:0000250|UniProtKB:P09211}. Nucleus {ECO:0000250|UniProtKB:P09211}. Note=The 83 N-terminal amino acids function as un uncleaved transit peptide, and arginine residues within it are crucial for mitochondrial localization. {ECO:0000250|UniProtKB:P09211}.",NA,NA,3D-structure;Acetylation;Cytoplasm;Direct protein sequencing;Isopeptide bond;Lipid metabolism;Mitochondrion;Nucleus;Phosphoprotein;Reference proteome;Transferase;Ubl conjugation,Evidence at protein level,210
P19221,F2,NA,NA,"SIGNAL 1..24; /evidence=""ECO:0000255""",3D-structure;Acute phase;Blood coagulation;Calcium;Cleavage on pair of basic residues;Disulfide bond;Gamma-carboxyglutamic acid;Glycoprotein;Hemostasis;Hydrolase;Kringle;Protease;Reference proteome;Repeat;Serine protease;Signal;Zymogen,Evidence at protein level,618
P19246,Nefh,"SUBCELLULAR LOCATION: Cytoplasm, cytoskeleton {ECO:0000269|PubMed:22723690}. Cell projection, axon {ECO:0000269|PubMed:22723690}.",NA,NA,Cell projection;Coiled coil;Cytoplasm;Cytoskeleton;Direct protein sequencing;Intermediate filament;Phosphoprotein;Reference proteome;Repeat,Evidence at protein level,1090
P19253,Rpl13a,SUBCELLULAR LOCATION: Cytoplasm {ECO:0000269|PubMed:36517592}.,NA,NA,3D-structure;Acetylation;Citrullination;Cytoplasm;Direct protein sequencing;Phosphoprotein;Reference proteome;Ribonucleoprotein;Ribosomal protein;Translation regulation;Tumor antigen,Evidence at protein level,203
P19324,Serpinh1,SUBCELLULAR LOCATION: Endoplasmic reticulum lumen.,NA,"SIGNAL 1..17; /evidence=""ECO:0000269|PubMed:1317794""",Acetylation;Chaperone;Direct protein sequencing;Endoplasmic reticulum;Glycoprotein;Phosphoprotein;Reference proteome;Signal;Stress response,Evidence at protein level,417
P19783,Cox4i1,"SUBCELLULAR LOCATION: Mitochondrion inner membrane {ECO:0000269|PubMed:34616041, ECO:0000269|PubMed:37195149, ECO:0000269|PubMed:38575788}; Single-pass membrane protein {ECO:0000269|PubMed:34616041, ECO:0000269|PubMed:38575788}.","TRANSIT 1..22; /note=""Mitochondrion""",NA,3D-structure;Acetylation;Direct protein sequencing;Membrane;Mitochondrion;Mitochondrion inner membrane;Phosphoprotein;Reference proteome;Transit peptide;Transmembrane;Transmembrane helix,Evidence at protein level,169
P20029,Hspa5,"SUBCELLULAR LOCATION: Endoplasmic reticulum lumen {ECO:0000255|PROSITE-ProRule:PRU10138, ECO:0000269|PubMed:21992152}. Melanosome {ECO:0000250|UniProtKB:P11021}. Cytoplasm {ECO:0000269|PubMed:21992152}. Cell surface. Note=Identified by mass spectrometry in melanosome fractions from stage I to stage IV (By similarity). Localizes to the cell surface in epithelial cells; high levels of free iron promotes cell surface localization (By similarity). {ECO:0000250|UniProtKB:P11021}.",NA,"SIGNAL 1..19; /evidence=""ECO:0000269|PubMed:2559088, ECO:0000269|PubMed:7523108""",Acetylation;ATP-binding;Chaperone;Cytoplasm;Direct protein sequencing;Endoplasmic reticulum;Hydrolase;Isopeptide bond;Methylation;Nitration;Nucleotide-binding;Phosphoprotein;Reference proteome;Signal;Ubl conjugation,Evidence at protein level,655
P20060,Hexb,"SUBCELLULAR LOCATION: Lysosome {ECO:0000250|UniProtKB:P07686}. Cytoplasmic vesicle, secretory vesicle, Cortical granule {ECO:0000269|PubMed:8253842}. Note=In oocytes, the enzyme is released from cortical granules after fertilization. {ECO:0000269|PubMed:8253842}.",NA,"SIGNAL 1..31; /evidence=""ECO:0000255""",Cytoplasmic vesicle;Disulfide bond;Glycoprotein;Glycosidase;Hydrolase;Lipid metabolism;Lysosome;Reference proteome;Signal,Evidence at protein level,536
P20108,Prdx3,SUBCELLULAR LOCATION: Mitochondrion {ECO:0000269|PubMed:9497357}. Cytoplasm {ECO:0000250|UniProtKB:P30048}. Early endosome {ECO:0000250|UniProtKB:P30048}. Note=Localizes to early endosomes in a RPS6KC1-dependent manner. {ECO:0000250|UniProtKB:P30048}.,"TRANSIT 1..62; /note=""Mitochondrion""; /evidence=""ECO:0000250|UniProtKB:P30048""",NA,Acetylation;Antioxidant;Cytoplasm;Direct protein sequencing;Disulfide bond;Endosome;Lipoprotein;Mitochondrion;Oxidoreductase;Palmitate;Peroxidase;Phosphoprotein;Redox-active center;Reference proteome;Transit peptide,Evidence at protein level,257
P20152,Vim,"SUBCELLULAR LOCATION: Cytoplasm {ECO:0000269|PubMed:19029034, ECO:0000269|PubMed:27559293}. Cytoplasm, cytoskeleton {ECO:0000250|UniProtKB:P08670}. Nucleus matrix {ECO:0000250|UniProtKB:P31000}. Cell membrane {ECO:0000269|PubMed:19029034}. Cell projection, axon {ECO:0000269|PubMed:25496840}.",NA,NA,Acetylation;Cell membrane;Cell projection;Coiled coil;Cytoplasm;Cytoskeleton;Direct protein sequencing;Glycoprotein;Intermediate filament;Isopeptide bond;Membrane;Nucleus;Phosphoprotein;Reference proteome;S-nitrosylation;Ubl conjugation,Evidence at protein level,466
P20491,Fcer1g,SUBCELLULAR LOCATION: Cell membrane {ECO:0000250}; Single-pass type I membrane protein {ECO:0000250}.,NA,"SIGNAL 1..18; /evidence=""ECO:0000255""",3D-structure;Cell membrane;Disulfide bond;IgE-binding protein;Immunity;Innate immunity;Membrane;Metal-binding;Phosphoprotein;Receptor;Reference proteome;Signal;Transmembrane;Transmembrane helix,Evidence at protein level,86
P20918,Plg,SUBCELLULAR LOCATION: [Plasmin]: Secreted {ECO:0000250|UniProtKB:P00747}. Note=Locates to the cell surface where it is proteolytically cleaved to produce the active plasmin. Interaction with HRG tethers it to the cell surface. {ECO:0000250|UniProtKB:P00747}.; SUBCELLULAR LOCATION: [Angiostatin]: Secreted {ECO:0000250|UniProtKB:P00747}.,NA,"SIGNAL 1..19; /evidence=""ECO:0000250|UniProtKB:P00747""",Blood coagulation;Cleavage on pair of basic residues;Direct protein sequencing;Disulfide bond;Fibrinolysis;Glycoprotein;Hemostasis;Hydrolase;Kringle;Phosphoprotein;Protease;Reference proteome;Repeat;Secreted;Serine protease;Signal;Tissue remodeling;Zymogen,Evidence at protein level,812
P21278,Gna11,SUBCELLULAR LOCATION: Cell membrane {ECO:0000250|UniProtKB:P29992}; Lipid-anchor {ECO:0000250|UniProtKB:P29992}. Cytoplasm {ECO:0000250|UniProtKB:P29992}.,NA,NA,Cell membrane;Cytoplasm;Direct protein sequencing;GTP-binding;Hydrolase;Lipoprotein;Magnesium;Membrane;Metal-binding;Nucleotide-binding;Palmitate;Reference proteome;Transducer,Evidence at protein level,359
P21460,Cst3,SUBCELLULAR LOCATION: Secreted {ECO:0000250}.,NA,SIGNAL 1..20,3D-structure;Disulfide bond;Protease inhibitor;Reference proteome;Secreted;Signal;Thiol protease inhibitor,Evidence at protein level,140
P21550,Eno3,SUBCELLULAR LOCATION: Cytoplasm {ECO:0000269|PubMed:11229603}. Note=Localized to the Z line. Some colocalization with CKM at M-band (By similarity). {ECO:0000250}.,NA,NA,Acetylation;Cytoplasm;Direct protein sequencing;Glycolysis;Lyase;Magnesium;Metal-binding;Phosphoprotein;Reference proteome,Evidence at protein level,434
P21614,Gc,SUBCELLULAR LOCATION: Secreted {ECO:0000269|PubMed:10052453}.,NA,"SIGNAL 1..16; /evidence=""ECO:0000269|PubMed:10052453, ECO:0000269|PubMed:3243374""",Actin-binding;Direct protein sequencing;Disulfide bond;Glycoprotein;Phosphoprotein;Reference proteome;Repeat;Secreted;Signal;Transport;Vitamin D,Evidence at protein level,476
P21619,Lmnb2,SUBCELLULAR LOCATION: Nucleus lamina {ECO:0000269|PubMed:28241138}.,NA,NA,Acetylation;Alternative splicing;Coiled coil;Direct protein sequencing;Glycoprotein;Intermediate filament;Isopeptide bond;Lipoprotein;Methylation;Nucleus;Phosphoprotein;Prenylation;Reference proteome;Ubl conjugation,Evidence at protein level,596
P21844,Cma1,SUBCELLULAR LOCATION: Secreted {ECO:0000269|PubMed:1527387}. Cytoplasmic granule {ECO:0000269|PubMed:1527387}. Note=Secretory granules.,NA,"SIGNAL 1..19; /evidence=""ECO:0000255""",Direct protein sequencing;Disulfide bond;Glycoprotein;Hydrolase;Protease;Reference proteome;Secreted;Serine protease;Signal;Zymogen,Evidence at protein level,247
P21956,Mfge8,"SUBCELLULAR LOCATION: Membrane {ECO:0000269|PubMed:2122462}; Peripheral membrane protein {ECO:0000269|PubMed:2122462}. Secreted {ECO:0000269|PubMed:2122462}. Cytoplasmic vesicle, secretory vesicle, acrosome membrane {ECO:0000250|UniProtKB:P79385}; Peripheral membrane protein {ECO:0000250|UniProtKB:P79385}. Note=Located in the acrosomal region of zona-pellucida bound sperm. {ECO:0000250|UniProtKB:P79385}.",NA,"SIGNAL 1..22; /evidence=""ECO:0000269|PubMed:2122462""",3D-structure;Alternative splicing;Angiogenesis;Cell adhesion;Cytoplasmic vesicle;Direct protein sequencing;Disulfide bond;EGF-like domain;Fertilization;Glycoprotein;Membrane;Reference proteome;Repeat;Secreted;Signal,Evidence at protein level,463
P21981,Tgm2,"SUBCELLULAR LOCATION: Cytoplasm, cytosol {ECO:0000269|PubMed:19644512}. Nucleus {ECO:0000250|UniProtKB:P21980}. Chromosome {ECO:0000250|UniProtKB:P21980}. Secreted, extracellular space, extracellular matrix {ECO:0000269|PubMed:20489165}. Cell membrane {ECO:0000250|UniProtKB:Q9WVJ6}. Mitochondrion {ECO:0000269|PubMed:19644512}. Note=Mainly localizes to the cytosol. Present at much lower level in the nucleus and chromatin. Also secreted via a non-classical secretion pathway to the extracellular matrix. {ECO:0000250|UniProtKB:P21980}.",NA,NA,Acetylation;Acyltransferase;Calcium;Cell membrane;Chromosome;Cytoplasm;Direct protein sequencing;Disulfide bond;Extracellular matrix;GTP-binding;Hydrolase;Isopeptide bond;Membrane;Metal-binding;Mitochondrion;Nucleotide-binding;Nucleus;Protease;Reference proteome;S-nitrosylation;Secreted;Transferase,Evidence at protein level,686
P22315,Fech,SUBCELLULAR LOCATION: Mitochondrion inner membrane {ECO:0000269|PubMed:27599036}; Peripheral membrane protein {ECO:0000269|PubMed:27599036}; Matrix side {ECO:0000269|PubMed:27599036}.,"TRANSIT 1..53; /note=""Mitochondrion""; /evidence=""ECO:0000269|PubMed:2246229""",NA,2Fe-2S;Acetylation;Direct protein sequencing;Disease variant;Heme biosynthesis;Iron;Iron-sulfur;Lyase;Membrane;Metal-binding;Mitochondrion;Mitochondrion inner membrane;Porphyrin biosynthesis;Reference proteome;Transit peptide,Evidence at protein level,422
P22599,Serpina1b,"SUBCELLULAR LOCATION: Secreted {ECO:0000269|PubMed:11961105, ECO:0000269|PubMed:8619829}.",NA,"SIGNAL 1..24; /evidence=""ECO:0000250""",Acute phase;Glycoprotein;Protease inhibitor;Reference proteome;Secreted;Serine protease inhibitor;Signal,Evidence at protein level,413
P23116,Eif3a,"SUBCELLULAR LOCATION: Cytoplasm {ECO:0000255|HAMAP-Rule:MF_03000}. Cytoplasm, cytoskeleton, microtubule organizing center, centrosome {ECO:0000269|PubMed:9372446}. Nucleus {ECO:0000269|PubMed:9372446}. Note=Centrosomin-A is found in the centrosome. Centrosomin-B is found in the nucleus.",NA,NA,Acetylation;Coiled coil;Cytoplasm;Cytoskeleton;Initiation factor;Nucleus;Phosphoprotein;Protein biosynthesis;Reference proteome;Repeat;RNA editing;RNA-binding,Evidence at protein level,1344
P23506,Pcmt1,"SUBCELLULAR LOCATION: Cytoplasm, cytosol {ECO:0000269|PubMed:16923807}.",NA,NA,Acetylation;Alternative splicing;Cytoplasm;Direct protein sequencing;Methyltransferase;Reference proteome;S-adenosyl-L-methionine;Transferase,Evidence at protein level,227
P23927,Cryab,"SUBCELLULAR LOCATION: Cytoplasm, cytosol {ECO:0000250|UniProtKB:P02511}. Nucleus {ECO:0000250|UniProtKB:P02511}. Secreted {ECO:0000250|UniProtKB:P02511}. Lysosome {ECO:0000305|PubMed:31786107}. Note=Translocates to the nucleus during heat shock and resides in sub-nuclear structures known as SC35 speckles or nuclear splicing speckles. Localizes at the Z-bands and the intercalated disk in cardiomyocytes. Can be secreted; the secretion is dependent on protein unfolding and facilitated by the cargo receptor TMED10; it results in protein translocation from the cytoplasm into the ERGIC (endoplasmic reticulum-Golgi intermediate compartment) followed by vesicle entry and secretion. {ECO:0000250|UniProtKB:P02511}.",NA,NA,Acetylation;Chaperone;Cytoplasm;Direct protein sequencing;Eye lens protein;Lysosome;Metal-binding;Methylation;Nucleus;Phosphoprotein;Reference proteome;Secreted;Zinc,Evidence at protein level,175
P24270,Cat,SUBCELLULAR LOCATION: Peroxisome matrix {ECO:0000269|PubMed:2868912}.,NA,NA,Acetylation;Direct protein sequencing;Heme;Hydrogen peroxide;Iron;Metal-binding;Mitogen;NADP;Oxidoreductase;Peroxidase;Peroxisome;Phosphoprotein;Reference proteome,Evidence at protein level,527
P24369,Ppib,SUBCELLULAR LOCATION: Endoplasmic reticulum lumen {ECO:0000250|UniProtKB:P23284}. Melanosome {ECO:0000250|UniProtKB:P23284}.,NA,"SIGNAL 1..33; /evidence=""ECO:0000250""",Acetylation;Endoplasmic reticulum;Isomerase;Reference proteome;Rotamase;Signal,Evidence at protein level,216
P24452,Capg,"SUBCELLULAR LOCATION: Nucleus {ECO:0000269|PubMed:8293478}. Cytoplasm {ECO:0000269|PubMed:8293478}. Melanosome {ECO:0000250|UniProtKB:P40121}. Cell projection, lamellipodium. Cell projection, ruffle. Note=In macrophages, may be predominantly cytoplasmic. Nuclear localization was observed in fibroblasts. In macrophages, present at the membrane-cytoplasm interface. In activated macrophages, concentrated in the ruffles of the leading lamellipodia. {ECO:0000269|PubMed:8293478}.",NA,NA,Acetylation;Actin capping;Actin-binding;Cell projection;Cytoplasm;Direct protein sequencing;Nucleus;Phosphoprotein;Reference proteome;Repeat,Evidence at protein level,352
P24527,Lta4h,SUBCELLULAR LOCATION: Cytoplasm {ECO:0000250|UniProtKB:P09960}.,NA,NA,Acetylation;Cytoplasm;Hydrolase;Leukotriene biosynthesis;Metal-binding;Metalloprotease;Phosphoprotein;Protease;Reference proteome;Zinc,Evidence at protein level,611
P24638,Acp2,SUBCELLULAR LOCATION: Lysosome membrane {ECO:0000250|UniProtKB:P11117}; Single-pass membrane protein {ECO:0000255}; Lumenal side {ECO:0000250|UniProtKB:P11117}. Lysosome lumen {ECO:0000250|UniProtKB:P11117}. Note=The soluble form arises by proteolytic processing of the membrane-bound form. {ECO:0000250|UniProtKB:P11117}.,NA,SIGNAL 1..30,Disulfide bond;Glycoprotein;Hydrolase;Lysosome;Membrane;Reference proteome;Signal;Transmembrane;Transmembrane helix,Evidence at protein level,423
P25444,Rps2,"SUBCELLULAR LOCATION: Cytoplasm {ECO:0000269|PubMed:36517592}. Nucleus, nucleolus {ECO:0000250|UniProtKB:P15880}. Note=Probably localized to nucleolus and cytoplasm in complex with ZNF277. {ECO:0000250|UniProtKB:P15880}.",NA,NA,3D-structure;Acetylation;Citrullination;Cytoplasm;Isopeptide bond;Nucleus;Phosphoprotein;Reference proteome;Repeat;Ribonucleoprotein;Ribosomal protein;Ubl conjugation,Evidence at protein level,293
P26039,Tln1,"SUBCELLULAR LOCATION: Cell projection, ruffle membrane {ECO:0000250}; Peripheral membrane protein {ECO:0000250}; Cytoplasmic side {ECO:0000250}. Cytoplasm, cytoskeleton {ECO:0000250}. Cell surface {ECO:0000269|PubMed:21768292}. Cell junction, focal adhesion {ECO:0000269|PubMed:21768292, ECO:0000269|PubMed:27410476}. Note=Colocalizes with LAYN at the membrane ruffles (By similarity). Localized preferentially in focal adhesions than fibrillar adhesions. {ECO:0000250}.",NA,NA,3D-structure;Acetylation;Cell junction;Cell membrane;Cell projection;Cytoplasm;Cytoskeleton;Membrane;Phosphoprotein;Reference proteome,Evidence at protein level,2541
P26041,Msn,"SUBCELLULAR LOCATION: Cell membrane {ECO:0000269|PubMed:9856983}; Peripheral membrane protein {ECO:0000269|PubMed:9856983}; Cytoplasmic side {ECO:0000269|PubMed:9856983}. Cytoplasm, cytoskeleton {ECO:0000269|PubMed:9856983}. Apical cell membrane {ECO:0000269|PubMed:9856983}; Peripheral membrane protein {ECO:0000269|PubMed:9856983}; Cytoplasmic side {ECO:0000269|PubMed:9856983}. Cell projection, microvillus membrane {ECO:0000269|PubMed:9856983}; Peripheral membrane protein {ECO:0000269|PubMed:9856983}; Cytoplasmic side {ECO:0000269|PubMed:9856983}. Cell projection, microvillus {ECO:0000269|PubMed:9472040}. Note=Phosphorylated form is enriched in microvilli-like structures at apical membrane. Increased cell membrane localization of both phosphorylated and non-phosphorylated forms seen after thrombin treatment (By similarity). Localizes at the uropods of T lymphoblasts (By similarity). {ECO:0000250|UniProtKB:P26038, ECO:0000269|PubMed:9856983}.",NA,NA,3D-structure;Acetylation;Cell membrane;Cell projection;Cytoplasm;Cytoskeleton;Membrane;Phosphoprotein;Reference proteome;S-nitrosylation,Evidence at protein level,577
P26043,Rdx,"SUBCELLULAR LOCATION: Cell membrane; Peripheral membrane protein; Cytoplasmic side. Cytoplasm, cytoskeleton. Cleavage furrow. Cell projection, microvillus {ECO:0000269|PubMed:24285636, ECO:0000269|PubMed:9472040}. Cell projection, stereocilium {ECO:0000269|PubMed:24285636, ECO:0000269|PubMed:30159668}. Note=Enriched at the stereocilium base with very low levels in the shaft of stereociliary bundles (PubMed:30159668). Highly concentrated in the undercoat of the cell-to-cell adherens junction and the cleavage furrow in the interphase and mitotic phase, respectively. {ECO:0000269|PubMed:30159668}.",NA,NA,3D-structure;Actin capping;Actin-binding;Cell membrane;Cell projection;Cytoplasm;Cytoskeleton;Direct protein sequencing;Membrane;Phosphoprotein;Reference proteome,Evidence at protein level,583
P26231,Ctnna1,"SUBCELLULAR LOCATION: Cytoplasm, cytoskeleton {ECO:0000269|PubMed:16325583}. Cell junction, adherens junction {ECO:0000250|UniProtKB:P35221}. Cell membrane {ECO:0000269|PubMed:1924379}; Peripheral membrane protein {ECO:0000305}; Cytoplasmic side {ECO:0000269|PubMed:16325583}. Cell junction {ECO:0000269|PubMed:16325583, ECO:0000269|PubMed:1924379}. Cytoplasm {ECO:0000250|UniProtKB:Q9PVF8}. Nucleus {ECO:0000250|UniProtKB:P35221}. Note=Found at cell-cell boundaries and probably at cell-matrix boundaries. {ECO:0000269|PubMed:1924379}.",NA,NA,3D-structure;Acetylation;Cell adhesion;Cell junction;Cell membrane;Cytoplasm;Cytoskeleton;Direct protein sequencing;Isopeptide bond;Membrane;Nucleus;Phosphoprotein;Reference proteome;Ubl conjugation,Evidence at protein level,906
P26350,Ptma,SUBCELLULAR LOCATION: Nucleus.,NA,NA,3D-structure;Acetylation;Direct protein sequencing;Isopeptide bond;Nucleus;Phosphoprotein;Reference proteome;Ubl conjugation,Evidence at protein level,111
P20801,Tnnc2,NA,NA,NA,Acetylation;Calcium;Metal-binding;Muscle protein;Reference proteome;Repeat,Evidence at protein level,160
P26443,Glud1,"SUBCELLULAR LOCATION: Mitochondrion {ECO:0000250|UniProtKB:P00367}. Endoplasmic reticulum {ECO:0000250|UniProtKB:P00367}. Note=Mostly translocates into the mitochondria, only a small amount of the protein localizes to the endoplasmic reticulum. {ECO:0000250|UniProtKB:P00367}.","TRANSIT 1..53; /note=""Mitochondrion""; /evidence=""ECO:0000250|UniProtKB:P00367""",NA,Acetylation;ADP-ribosylation;ATP-binding;Direct protein sequencing;Endoplasmic reticulum;GTP-binding;Hydroxylation;Mitochondrion;NADP;Nucleotide-binding;Oxidoreductase;Phosphoprotein;Reference proteome;Transit peptide,Evidence at protein level,558
P26883,Fkbp1a,"SUBCELLULAR LOCATION: Cytoplasm, cytosol {ECO:0000250|UniProtKB:P62942}. Sarcoplasmic reticulum membrane {ECO:0000250|UniProtKB:P62943}; Peripheral membrane protein {ECO:0000250|UniProtKB:P62943}; Cytoplasmic side {ECO:0000250|UniProtKB:P62943}.",NA,NA,3D-structure;Acetylation;Cytoplasm;Isomerase;Membrane;Reference proteome;Rotamase;Sarcoplasmic reticulum,Evidence at protein level,108
P27546,Map4,"SUBCELLULAR LOCATION: Cytoplasm, cytoskeleton {ECO:0000250|UniProtKB:P27816}. Cytoplasm, cytoskeleton, microtubule organizing center {ECO:0000250|UniProtKB:P27816}. Note=Recruitment to microtubule is inhibited by microtubules polyglutamylation. {ECO:0000250|UniProtKB:P27816}.",NA,NA,Acetylation;Alternative splicing;Cytoplasm;Cytoskeleton;Isopeptide bond;Microtubule;Phosphoprotein;Reference proteome;Repeat;Ubl conjugation,Evidence at protein level,1125
P27659,Rpl3,"SUBCELLULAR LOCATION: Nucleus, nucleolus {ECO:0000250|UniProtKB:P39023}. Cytoplasm {ECO:0000269|PubMed:36517592}.",NA,NA,3D-structure;Acetylation;Cytoplasm;Isopeptide bond;Methylation;Nucleus;Phosphoprotein;Reference proteome;Ribonucleoprotein;Ribosomal protein;Ubl conjugation,Evidence at protein level,403
P27773,Pdia3,SUBCELLULAR LOCATION: Endoplasmic reticulum {ECO:0000250|UniProtKB:P30101}. Endoplasmic reticulum lumen {ECO:0000250|UniProtKB:P11598}. Melanosome {ECO:0000250|UniProtKB:P30101}.,NA,"SIGNAL 1..24; /evidence=""ECO:0000269|PubMed:7523108, ECO:0000269|Ref.7""",Acetylation;Adaptive immunity;Direct protein sequencing;Disulfide bond;Endoplasmic reticulum;Immunity;Isomerase;Methylation;Phosphoprotein;Redox-active center;Reference proteome;Repeat;Signal,Evidence at protein level,505
P28352,Apex1,"SUBCELLULAR LOCATION: Nucleus. Nucleus, nucleolus {ECO:0000250}. Nucleus speckle {ECO:0000255|PROSITE-ProRule:PRU00764}. Endoplasmic reticulum {ECO:0000250}. Cytoplasm. Note=Colocalized with SIRT1 in the nucleus. Colocalized with YBX1 in nuclear speckles after genotoxic stress. Together with OGG1 is recruited to nuclear speckles in UVA-irradiated cells. Colocalized with nucleolin and NPM1 in the nucleolus. Its nucleolar localization is cell cycle dependent and requires active rRNA transcription. Colocalized with calreticulin in the endoplasmic reticulum. Translocation from the nucleus to the cytoplasm is stimulated in presence of nitric oxide (NO) and function in a CRM1-dependent manner, possibly as a consequence of demasking a nuclear export signal (amino acid position 63-79). S-nitrosylation at Cys-92 and Cys-309 regulates its nuclear-cytosolic shuttling. Ubiquitinated form is localized predominantly in the cytoplasm. Detected in the cytoplasm of B-cells stimulated to switch (By similarity). {ECO:0000250}.; SUBCELLULAR LOCATION: [DNA repair nuclease/redox regulator APEX1, mitochondrial]: Mitochondrion. Note=Translocation from the cytoplasm to the mitochondria is mediated by ROS signaling and cleavage mediated by granzyme A. Tom20-dependent translocated mitochondrial APEX1 level is significantly increased after genotoxic stress (By similarity). The cleaved APEX2 is only detected in mitochondria. {ECO:0000250}.",NA,NA,3D-structure;Acetylation;Activator;Cleavage on pair of basic residues;Cytoplasm;Direct protein sequencing;Disulfide bond;DNA damage;DNA recombination;DNA repair;DNA-binding;Endonuclease;Endoplasmic reticulum;Exonuclease;Hydrolase;Magnesium;Metal-binding;Mitochondrion;Nuclease;Nucleus;Phosphoprotein;Reference proteome;Repressor;RNA-binding;S-nitrosylation;Transcription;Transcription regulation;Ubl conjugation,Evidence at protein level,317
P28474,Adh5,SUBCELLULAR LOCATION: Cytoplasm {ECO:0000305}.,NA,NA,Acetylation;Cytoplasm;Direct protein sequencing;Lipid metabolism;Metal-binding;NAD;Oxidoreductase;Phosphoprotein;Reference proteome;Zinc,Evidence at protein level,374
P28650,Adss1,SUBCELLULAR LOCATION: Cytoplasm. Membrane; Peripheral membrane protein. Note=Partially associated with particulate fractions.,NA,NA,3D-structure;Alternative splicing;Cytoplasm;GTP-binding;Ligase;Magnesium;Membrane;Metal-binding;Nucleotide-binding;Purine biosynthesis;Reference proteome,Evidence at protein level,457
P28653,Bgn,"SUBCELLULAR LOCATION: Secreted, extracellular space, extracellular matrix {ECO:0000250}.",NA,"SIGNAL 1..16; /evidence=""ECO:0000250|UniProtKB:P47853""",Disulfide bond;Extracellular matrix;Glycoprotein;Leucine-rich repeat;Proteoglycan;Reference proteome;Repeat;Secreted;Signal,Evidence at protein level,369
P28654,Dcn,"SUBCELLULAR LOCATION: Secreted, extracellular space, extracellular matrix. Secreted {ECO:0000250|UniProtKB:P07585}.",NA,"SIGNAL 1..16; /evidence=""ECO:0000250|UniProtKB:Q01129""",Disulfide bond;Extracellular matrix;Glycoprotein;Leucine-rich repeat;Proteoglycan;Reference proteome;Repeat;Secreted;Signal,Evidence at protein level,354
P28665,Mug1,SUBCELLULAR LOCATION: Secreted.,NA,"SIGNAL 1..27; /evidence=""ECO:0000269|PubMed:1840592""",Bait region;Direct protein sequencing;Disulfide bond;Glycoprotein;Protease inhibitor;Reference proteome;Secreted;Serine protease inhibitor;Signal;Thioester bond,Evidence at protein level,1476
P28798,Grn,"SUBCELLULAR LOCATION: Secreted {ECO:0000269|PubMed:28073925, ECO:0000269|PubMed:28541286, ECO:0000269|PubMed:8496151}. Lysosome {ECO:0000269|PubMed:27789271, ECO:0000269|PubMed:28073925}. Note=Endocytosed by SORT1 and delivred to lysosomes. Targeted to lysosome by PSAP via M6PR and LRP1, in both biosynthetic and endocytic pathways (By similarity). Co-localized with GBA1 in the intracellular trafficking compartments until to lysosome (PubMed:27789271). {ECO:0000250|UniProtKB:P28799, ECO:0000269|PubMed:27789271}.",NA,"SIGNAL 1..17; /evidence=""ECO:0000269|PubMed:8496151""",Cytokine;Direct protein sequencing;Disulfide bond;Glycoprotein;Lysosome;Reference proteome;Repeat;Secreted;Signal,Evidence at protein level,589
P29699,Ahsg,SUBCELLULAR LOCATION: Secreted.,NA,"SIGNAL 1..18; /evidence=""ECO:0000255""",Direct protein sequencing;Disulfide bond;Glycoprotein;Phosphoprotein;Reference proteome;Repeat;Secreted;Signal,Evidence at protein level,345
P29758,Oat,SUBCELLULAR LOCATION: Mitochondrion matrix {ECO:0000250|UniProtKB:P04181}.,"TRANSIT 1..25; /note=""Mitochondrion""; /evidence=""ECO:0000269|PubMed:1286668""",NA,Acetylation;Aminotransferase;Direct protein sequencing;Mitochondrion;Pyridoxal phosphate;Reference proteome;Transferase;Transit peptide,Evidence at protein level,439
P29788,Vtn,"SUBCELLULAR LOCATION: Secreted, extracellular space.",NA,"SIGNAL 1..19; /evidence=""ECO:0000269|PubMed:1372829""",Cell adhesion;Direct protein sequencing;Disulfide bond;Glycoprotein;Heparin-binding;Phosphoprotein;Reference proteome;Repeat;Secreted;Signal;Sulfation,Evidence at protein level,478
P30681,Hmgb2,SUBCELLULAR LOCATION: Nucleus {ECO:0000250|UniProtKB:P09429}. Chromosome {ECO:0000250|UniProtKB:P26583}. Cytoplasm {ECO:0000269|PubMed:19890330}. Secreted {ECO:0000250|UniProtKB:P26583}.,NA,NA,Acetylation;Chemotaxis;Chromosome;Cytoplasm;Disulfide bond;DNA recombination;DNA-binding;Immunity;Inflammatory response;Innate immunity;Nucleus;Oxidation;Phosphoprotein;Reference proteome;Repeat;Secreted;Transcription;Transcription regulation,Evidence at protein level,210
P31001,Des,"SUBCELLULAR LOCATION: Cytoplasm, myofibril, sarcomere, Z line {ECO:0000269|PubMed:26343497, ECO:0000269|PubMed:26787680, ECO:0000269|PubMed:28469177}. Cytoplasm {ECO:0000269|PubMed:25394388, ECO:0000269|PubMed:25733715, ECO:0000269|PubMed:26787680}. Cell membrane, sarcolemma {ECO:0000269|PubMed:25394388}. Nucleus {ECO:0000269|PubMed:26787680}. Cell tip {ECO:0000269|PubMed:35959657}. Nucleus envelope {ECO:0000269|PubMed:35959657}. Note=Localizes in the intercalated disks which occur at the Z line of cardiomyocytes (By similarity). Localizes in the nucleus exclusively in differentiating cardiac progenitor cells and premature cardiomyocytes (PubMed:26787680). PKP2 is required for correct anchoring of DES at the cell tip and nuclear envelope (PubMed:35959657). {ECO:0000250|UniProtKB:P17661, ECO:0000269|PubMed:26787680, ECO:0000269|PubMed:35959657}.",NA,NA,ADP-ribosylation;Cell membrane;Coiled coil;Cytoplasm;Intermediate filament;Membrane;Methylation;Muscle protein;Nucleus;Phosphoprotein;Reference proteome;Ubl conjugation,Evidence at protein level,469
P31230,Aimp1,"SUBCELLULAR LOCATION: Nucleus {ECO:0000250|UniProtKB:Q12904}. Cytoplasm, cytosol {ECO:0000250|UniProtKB:Q12904}. Secreted {ECO:0000269|PubMed:17001013, ECO:0000269|PubMed:9770485}. Endoplasmic reticulum {ECO:0000269|PubMed:17525271}. Golgi apparatus {ECO:0000269|PubMed:17525271}. Note=Enriched in secretory vesicles of pancreatic alpha cells and secreted from the pancreas in response to low glucose levels (PubMed:17001013). Secreted in response to hypoxia (By similarity). Also secreted in response to both apoptotic and necrotic cell death. {ECO:0000250|UniProtKB:Q12904, ECO:0000269|PubMed:17001013}.",NA,NA,Acetylation;Angiogenesis;Apoptosis;Cytokine;Cytoplasm;Direct protein sequencing;Endoplasmic reticulum;Golgi apparatus;Inflammatory response;Nucleus;Phosphoprotein;Protein biosynthesis;Reference proteome;RNA-binding;Secreted;tRNA-binding,Evidence at protein level,310
P31240,Pdgfb,SUBCELLULAR LOCATION: Secreted. Note=Released by platelets upon wounding. {ECO:0000250}.,NA,"SIGNAL 1..20; /evidence=""ECO:0000250""",Cleavage on pair of basic residues;Developmental protein;Disulfide bond;Glycoprotein;Growth factor;Mitogen;Proto-oncogene;Reference proteome;Secreted;Signal,Evidence at transcript level,241
P31428,Dpep1,"SUBCELLULAR LOCATION: Apical cell membrane {ECO:0000250|UniProtKB:P16444}; Lipid-anchor, GPI-anchor {ECO:0000250|UniProtKB:P16444}. Cell projection, microvillus membrane {ECO:0000250|UniProtKB:P16444}; Lipid-anchor, GPI-anchor {ECO:0000250|UniProtKB:P16444}. Note=Brush border membrane. {ECO:0000250|UniProtKB:P31429}.",NA,"SIGNAL 1..16; /evidence=""ECO:0000250|UniProtKB:P16444""",Cell membrane;Cell projection;Dipeptidase;Disulfide bond;Glycoprotein;GPI-anchor;Hydrolase;Lipid metabolism;Lipoprotein;Membrane;Metal-binding;Metalloprotease;Protease;Reference proteome;Signal;Zinc,Evidence at protein level,410
P31725,S100a9,"SUBCELLULAR LOCATION: Secreted {ECO:0000250|UniProtKB:P06702}. Cytoplasm {ECO:0000250|UniProtKB:P06702}. Cytoplasm, cytoskeleton {ECO:0000250|UniProtKB:P06702}. Cell membrane {ECO:0000250|UniProtKB:P06702}; Peripheral membrane protein {ECO:0000250|UniProtKB:P06702}. Note=Predominantly localized in the cytoplasm. Upon elevation of the intracellular calcium level, translocated from the cytoplasm to the cytoskeleton and the cell membrane. Upon neutrophil activation or endothelial adhesion of monocytes, is secreted via a microtubule-mediated, alternative pathway. {ECO:0000250|UniProtKB:P06702}.",NA,NA,3D-structure;Acetylation;Antimicrobial;Antioxidant;Apoptosis;Autophagy;Calcium;Cell membrane;Chemotaxis;Cytoplasm;Cytoskeleton;Direct protein sequencing;Immunity;Inflammatory response;Innate immunity;Membrane;Metal-binding;Methylation;Phosphoprotein;Reference proteome;Repeat;Secreted;Zinc,Evidence at protein level,113
P31786,Dbi,SUBCELLULAR LOCATION: Endoplasmic reticulum {ECO:0000250|UniProtKB:P07108}. Golgi apparatus {ECO:0000250|UniProtKB:P07108}. Note=Golgi localization is dependent on ligand binding. {ECO:0000250|UniProtKB:P07108}.,NA,NA,Acetylation;Direct protein sequencing;Endoplasmic reticulum;Golgi apparatus;Hydroxylation;Lipid-binding;Phosphoprotein;Reference proteome;Transport,Evidence at protein level,87
P31938,Map2k1,"SUBCELLULAR LOCATION: Cytoplasm, cytoskeleton, microtubule organizing center, centrosome {ECO:0000250|UniProtKB:Q02750}. Cytoplasm, cytoskeleton, microtubule organizing center, spindle pole body {ECO:0000250|UniProtKB:Q02750}. Cytoplasm {ECO:0000269|PubMed:10409742}. Nucleus {ECO:0000250|UniProtKB:Q02750}. Membrane {ECO:0000269|PubMed:10409742}; Peripheral membrane protein {ECO:0000269|PubMed:10409742}. Note=Localizes at centrosomes during prometaphase, midzone during anaphase and midbody during telophase/cytokinesis (By similarity). Membrane localization is probably regulated by its interaction with KSR1 (PubMed:10409742). {ECO:0000250|UniProtKB:Q02750, ECO:0000269|PubMed:10409742}.",NA,NA,ATP-binding;Cytoplasm;Cytoskeleton;Direct protein sequencing;Kinase;Membrane;Nucleotide-binding;Nucleus;Phosphoprotein;Reference proteome;Serine/threonine-protein kinase;Transferase;Tyrosine-protein kinase,Evidence at protein level,393
P32020,Scp2,"SUBCELLULAR LOCATION: [Isoform SCP2]: Cytoplasm {ECO:0000269|PubMed:11003606, ECO:0000269|PubMed:26901662}. Peroxisome {ECO:0000269|PubMed:11003606, ECO:0000269|PubMed:26901662}. Endoplasmic reticulum {ECO:0000269|PubMed:11003606}. Mitochondrion {ECO:0000269|PubMed:11003606, ECO:0000269|PubMed:26901662}.; SUBCELLULAR LOCATION: [Isoform SCPx]: Peroxisome {ECO:0000269|PubMed:26901662}.",NA,NA,Acetylation;Acyltransferase;Alternative initiation;Cytoplasm;Direct protein sequencing;Endoplasmic reticulum;Lipid metabolism;Lipid transport;Lipid-binding;Mitochondrion;Peroxisome;Phosphoprotein;Reference proteome;Transferase;Transport,Evidence at protein level,547
P32233,Drg1,SUBCELLULAR LOCATION: Nucleus {ECO:0000250|UniProtKB:Q9Y295}. Cytoplasm {ECO:0000269|PubMed:1280421}. Note=The DRG1-DFRP2/ZC3H15 complex associates with polysomes. {ECO:0000250|UniProtKB:Q9Y295}.,NA,NA,Acetylation;Cytoplasm;GTP-binding;Hydrolase;Hydroxylation;Magnesium;Metal-binding;Nucleotide-binding;Nucleus;Phosphoprotein;Reference proteome;Ubl conjugation,Evidence at protein level,367
P32848,Pvalb,NA,NA,NA,Acetylation;Calcium;Direct protein sequencing;Metal-binding;Muscle protein;Phosphoprotein;Reference proteome;Repeat,Evidence at protein level,110
P32921,Wars1,SUBCELLULAR LOCATION: Cytoplasm {ECO:0000250|UniProtKB:P23381}.,NA,NA,Alternative splicing;Aminoacyl-tRNA synthetase;Angiogenesis;ATP-binding;Cytoplasm;Direct protein sequencing;Ligase;Nucleotide-binding;Phosphoprotein;Protein biosynthesis;Reference proteome,Evidence at protein level,481
P34884,Mif,"SUBCELLULAR LOCATION: Secreted {ECO:0000269|PubMed:17526494, ECO:0000269|PubMed:8234256}. Cytoplasm {ECO:0000250|UniProtKB:P14174}. Note=Does not have a cleavable signal sequence and is secreted via a specialized, non-classical pathway. Secreted by macrophages upon stimulation by bacterial lipopolysaccharide (LPS), or by M.tuberculosis antigens (By similarity). {ECO:0000250|UniProtKB:P14174}.",NA,NA,3D-structure;Acetylation;Cytokine;Cytoplasm;Direct protein sequencing;Immunity;Inflammatory response;Innate immunity;Isomerase;Reference proteome;Secreted,Evidence at protein level,115
P34928,Apoc1,SUBCELLULAR LOCATION: Secreted {ECO:0000250|UniProtKB:P02654}.,NA,"SIGNAL 1..26; /evidence=""ECO:0000250""",Direct protein sequencing;Lipid transport;Reference proteome;Secreted;Signal;Transport;VLDL,Evidence at protein level,88
P35279,Rab6a,"SUBCELLULAR LOCATION: Golgi apparatus membrane {ECO:0000269|PubMed:31218450}; Lipid-anchor {ECO:0000250|UniProtKB:P20340}. Cytoplasmic vesicle, secretory vesicle, acrosome membrane {ECO:0000269|PubMed:31218450}; Peripheral membrane protein {ECO:0000305}. Note=BICD2 facilitates its targeting to Golgi apparatus membrane. {ECO:0000250|UniProtKB:P20340}.",NA,NA,Acetylation;Alternative splicing;Cytoplasmic vesicle;Direct protein sequencing;ER-Golgi transport;Golgi apparatus;GTP-binding;Hydrolase;Lipoprotein;Magnesium;Membrane;Metal-binding;Methylation;Nucleotide-binding;Phosphoprotein;Prenylation;Protein transport;Reference proteome;Transport,Evidence at protein level,208
P35282,Rab21,"SUBCELLULAR LOCATION: Endoplasmic reticulum membrane {ECO:0000269|PubMed:16754960}; Lipid-anchor {ECO:0000305}. Golgi apparatus, trans-Golgi network {ECO:0000269|PubMed:19745841}. Golgi apparatus membrane {ECO:0000269|PubMed:16754960}. Early endosome membrane {ECO:0000269|PubMed:16754960}. Cytoplasmic vesicle membrane {ECO:0000269|PubMed:16754960}. Cleavage furrow {ECO:0000269|PubMed:18804435}. Cell projection, neuron projection {ECO:0000269|PubMed:19745841}. Note=Colocalizes with ANKRD27 and VAMP7 in neurites (PubMed:19745841). During mitosis, in mid-telophase, localized in the ingressing cleavage furrow (PubMed:18804435). In late telophase, detected at the opposite poles of the daughter cells, in vesicles at the base of lamellipodia formed by the separating daughter cells (PubMed:18804435). {ECO:0000269|PubMed:18804435, ECO:0000269|PubMed:19745841}.",NA,NA,Acetylation;Cell projection;Cytoplasmic vesicle;Direct protein sequencing;Endoplasmic reticulum;Endosome;Golgi apparatus;GTP-binding;Hydrolase;Lipoprotein;Magnesium;Membrane;Metal-binding;Methylation;Nucleotide-binding;Prenylation;Protein transport;Reference proteome;Transport,Evidence at protein level,222
P35283,Rab12,"SUBCELLULAR LOCATION: Recycling endosome membrane {ECO:0000269|PubMed:21718402}; Lipid-anchor {ECO:0000305}; Cytoplasmic side {ECO:0000305}. Lysosome membrane {ECO:0000269|PubMed:21718402}; Lipid-anchor {ECO:0000305}; Cytoplasmic side {ECO:0000305}. Golgi apparatus membrane {ECO:0000250|UniProtKB:P51152}. Cytoplasmic vesicle, autophagosome {ECO:0000269|PubMed:23357852}.",NA,NA,Autophagy;Cytoplasmic vesicle;Endosome;Golgi apparatus;GTP-binding;Hydrolase;Lipoprotein;Lysosome;Magnesium;Membrane;Metal-binding;Nucleotide-binding;Phosphoprotein;Prenylation;Protein transport;Reference proteome;Transport,Evidence at protein level,291
P35290,Rab24,"SUBCELLULAR LOCATION: Cytoplasm, cytosol {ECO:0000269|PubMed:10660536, ECO:0000269|PubMed:12323076, ECO:0000269|PubMed:31496367}. Membrane {ECO:0000269|PubMed:10660536, ECO:0000269|PubMed:12323076}; Lipid-anchor {ECO:0000305}. Cytoplasmic vesicle, autophagosome membrane {ECO:0000269|PubMed:26325487}. Cytoplasm, perinuclear region {ECO:0000269|PubMed:26325487, ECO:0000269|PubMed:31496367}. Cytoplasm, cytoskeleton, spindle {ECO:0000269|PubMed:31496367}. Note=Only about 20% is recovered in the particulate fraction (PubMed:10660536). RAB24 localizes in perinuclear region and in the limiting membranes of autophagic compartments under basal conditions (PubMed:26325487). RAB24 is localized in the cytoplasm with an accumulated distribution in nuclear region at germinal vesicle (GV) stage of oocyte meiotic progression. At pre-metaphase I stage, localized in the cytoplasm with a particular concentration around chromosomes. As the oocytes enter metaphase I, located to the spindle region. Similar distribution pattern is observed in MII oocytes (PubMed:31496367). {ECO:0000269|PubMed:10660536, ECO:0000269|PubMed:26325487, ECO:0000269|PubMed:31496367}.",NA,NA,Autophagy;Cytoplasm;Cytoplasmic vesicle;Cytoskeleton;GTP-binding;Hydrolase;Lipoprotein;Magnesium;Membrane;Metal-binding;Nucleotide-binding;Phosphoprotein;Prenylation;Protein transport;Reference proteome;Transport,Evidence at protein level,203
P35293,Rab18,"SUBCELLULAR LOCATION: Endoplasmic reticulum membrane {ECO:0000250|UniProtKB:Q9NP72}. Golgi apparatus, cis-Golgi network membrane {ECO:0000250|UniProtKB:Q9NP72}. Lipid droplet {ECO:0000250|UniProtKB:Q9NP72}. Apical cell membrane {ECO:0000269|PubMed:7706395}.",NA,NA,Acetylation;Cell membrane;Developmental protein;Endoplasmic reticulum;Golgi apparatus;GTP-binding;Hydrolase;Lipid droplet;Lipoprotein;Magnesium;Membrane;Metal-binding;Methylation;Nucleotide-binding;Palmitate;Phosphoprotein;Prenylation;Protein transport;Reference proteome;Transport,Evidence at protein level,206
P35486,Pdha1,SUBCELLULAR LOCATION: Mitochondrion matrix {ECO:0000269|PubMed:19341700}.,"TRANSIT 1..29; /note=""Mitochondrion""; /evidence=""ECO:0000250""",NA,Acetylation;Carbohydrate metabolism;Direct protein sequencing;Glucose metabolism;Magnesium;Metal-binding;Mitochondrion;Oxidoreductase;Phosphoprotein;Pyruvate;Reference proteome;Thiamine pyrophosphate;Transit peptide;Tricarboxylic acid cycle,Evidence at protein level,390
P35564,Canx,"SUBCELLULAR LOCATION: Endoplasmic reticulum membrane {ECO:0000269|PubMed:7628443}; Single-pass type I membrane protein {ECO:0000255}. Mitochondrion membrane {ECO:0000250|UniProtKB:P24643}; Single-pass type I membrane protein {ECO:0000255}. Melanosome membrane {ECO:0000250|UniProtKB:P27824}; Single-pass type I membrane protein {ECO:0000255}. Note=The palmitoylated form preferentially localizes to the perinuclear rough ER (By similarity). When bound to CD3 epsilon chains, calnexin's ER retention signal can be masked, permitting it to escape ER retention (By similarity). Localizes to endoplasmic reticulum mitochondria-associated membrane (MAMs) that connect the endoplasmic reticulum and the mitochondria (By similarity). {ECO:0000250|UniProtKB:P24643, ECO:0000250|UniProtKB:P27824}.",NA,"SIGNAL 1..20; /evidence=""ECO:0000255""",Acetylation;Calcium;Chaperone;Disulfide bond;Endoplasmic reticulum;Lectin;Lipoprotein;Membrane;Metal-binding;Mitochondrion;Palmitate;Phosphoprotein;Reference proteome;Repeat;Signal;Transmembrane;Transmembrane helix;Ubl conjugation,Evidence at protein level,591
P35700,Prdx1,SUBCELLULAR LOCATION: Cytoplasm {ECO:0000250|UniProtKB:Q06830}.,NA,NA,Acetylation;Antioxidant;Cytoplasm;Direct protein sequencing;Disulfide bond;Isopeptide bond;Oxidoreductase;Peroxidase;Phosphoprotein;Redox-active center;Reference proteome;Ubl conjugation,Evidence at protein level,199
P35979,Rpl12,SUBCELLULAR LOCATION: Cytoplasm {ECO:0000250|UniProtKB:P30050}.,NA,NA,3D-structure;Acetylation;Cytoplasm;Isopeptide bond;Phosphoprotein;Reference proteome;Ribonucleoprotein;Ribosomal protein;RNA-binding;Ubl conjugation,Evidence at protein level,165
P35980,Rpl18,"SUBCELLULAR LOCATION: Cytoplasm, cytosol {ECO:0000250|UniProtKB:Q07020}. Cytoplasm {ECO:0000269|PubMed:36517592}. Rough endoplasmic reticulum {ECO:0000250|UniProtKB:Q95342}. Note=Detected on cytosolic polysomes (By similarity). Detected in ribosomes that are associated with the rough endoplasmic reticulum (By similarity). {ECO:0000250|UniProtKB:Q07020, ECO:0000250|UniProtKB:Q95342}.",NA,NA,3D-structure;Cytoplasm;Endoplasmic reticulum;Isopeptide bond;Phosphoprotein;Reference proteome;Ribonucleoprotein;Ribosomal protein;Ubl conjugation,Evidence at protein level,188
P36552,Cpox,SUBCELLULAR LOCATION: Mitochondrion intermembrane space {ECO:0000269|PubMed:8407975}.,"TRANSIT 1..98; /note=""Mitochondrion""; /evidence=""ECO:0000269|PubMed:8159699""",NA,Acetylation;Direct protein sequencing;Heme biosynthesis;Mitochondrion;Oxidoreductase;Phosphoprotein;Porphyrin biosynthesis;Reference proteome;Transit peptide,Evidence at protein level,443
P37040,Por,SUBCELLULAR LOCATION: Endoplasmic reticulum membrane {ECO:0000255|HAMAP-Rule:MF_03212}; Single-pass membrane protein {ECO:0000255|HAMAP-Rule:MF_03212}; Cytoplasmic side {ECO:0000255|HAMAP-Rule:MF_03212}.,NA,NA,Acetylation;Endoplasmic reticulum;FAD;Flavoprotein;FMN;Membrane;NADP;Oxidoreductase;Reference proteome;Transmembrane;Transmembrane helix,Evidence at protein level,678
P38060,Hmgcl,SUBCELLULAR LOCATION: Mitochondrion matrix {ECO:0000269|PubMed:7527399}. Peroxisome {ECO:0000269|PubMed:7527399}. Note=Unprocessed form is peroxisomal.,"TRANSIT 1..27; /note=""Mitochondrion""; /evidence=""ECO:0000250""",NA,Acetylation;Disulfide bond;Lipid metabolism;Lyase;Metal-binding;Mitochondrion;Peroxisome;Reference proteome;Transit peptide,Evidence at protein level,325
P38647,Hspa9,"SUBCELLULAR LOCATION: Mitochondrion {ECO:0000269|PubMed:7865888}. Nucleus, nucleolus {ECO:0000250|UniProtKB:P38646}. Cytoplasm {ECO:0000269|PubMed:8454632}. Mitochondrion matrix {ECO:0000250|UniProtKB:P48721}. Note=Found in a complex with HSPA9 and VDAC1 at the endoplasmic reticulum-mitochondria contact sites. {ECO:0000250|UniProtKB:P48721, ECO:0000269|PubMed:29907098}.","TRANSIT 1..46; /note=""Mitochondrion""; /evidence=""ECO:0000269|PubMed:7523108""",NA,Acetylation;ATP-binding;Chaperone;Cytoplasm;Direct protein sequencing;Hydrolase;Methylation;Mitochondrion;Nucleotide-binding;Nucleus;Phosphoprotein;Reference proteome;Transit peptide,Evidence at protein level,679
P39447,Tjp1,"SUBCELLULAR LOCATION: Cell membrane {ECO:0000269|PubMed:27015268, ECO:0000269|PubMed:29400695}; Peripheral membrane protein {ECO:0000250|UniProtKB:Q07157}; Cytoplasmic side {ECO:0000250|UniProtKB:Q07157}. Cell junction, tight junction {ECO:0000269|PubMed:10601346, ECO:0000269|PubMed:24588076, ECO:0000269|PubMed:3528172}. Cell junction, gap junction {ECO:0000269|PubMed:20093627}. Cytoplasm, myofibril, sarcomere, I band {ECO:0000269|PubMed:20093627}. Note=Moves from the cytoplasm to the cell membrane concurrently with cell-cell contact (By similarity). Forms a condensed tight junction-linked belt of protein during junction formation which becomes anchored to the apical cell membrane via interaction with PATJ (By similarity). Detected at the leading edge of migrating and wounded cells (By similarity). Colocalizes with SPEF1 at sites of cell-cell contact in intestinal epithelial cells (By similarity). {ECO:0000250|UniProtKB:O97758, ECO:0000250|UniProtKB:Q07157}.",NA,NA,3D-structure;Calmodulin-binding;Cell junction;Cell membrane;Cytoplasm;Gap junction;Membrane;Phosphoprotein;Reference proteome;Repeat;SH3 domain;Tight junction,Evidence at protein level,1745
P40124,Cap1,SUBCELLULAR LOCATION: Cell membrane {ECO:0000250}; Peripheral membrane protein {ECO:0000250}.,NA,NA,3D-structure;Acetylation;Actin-binding;Cell membrane;Direct protein sequencing;Isopeptide bond;Membrane;Methylation;Phosphoprotein;Reference proteome;Ubl conjugation,Evidence at protein level,474
P40142,Tkt,NA,NA,NA,Acetylation;Calcium;Direct protein sequencing;Isopeptide bond;Magnesium;Metal-binding;Phosphoprotein;Reference proteome;Thiamine pyrophosphate;Transferase;Ubl conjugation,Evidence at protein level,623
P40630,Tfam,"SUBCELLULAR LOCATION: [Isoform Mitochondrial]: Mitochondrion {ECO:0000250|UniProtKB:Q00059}. Mitochondrion matrix, mitochondrion nucleoid {ECO:0000250|UniProtKB:Q00059}.; SUBCELLULAR LOCATION: [Isoform Nuclear]: Nucleus {ECO:0000269|PubMed:8673128}.","TRANSIT 1..42; /note=""Mitochondrion""; /evidence=""ECO:0000255""",NA,Activator;Alternative splicing;DNA-binding;Mitochondrion;Mitochondrion nucleoid;Nucleus;Phosphoprotein;Reference proteome;Repeat;Transcription;Transcription regulation;Transit peptide,Evidence at protein level,243
P41105,Rpl28,SUBCELLULAR LOCATION: Cytoplasm {ECO:0000269|PubMed:36517592}.,NA,NA,3D-structure;Acetylation;Cytoplasm;Direct protein sequencing;Isopeptide bond;Phosphoprotein;Reference proteome;Ribonucleoprotein;Ribosomal protein;Ubl conjugation,Evidence at protein level,137
P26516,Psmd7,NA,NA,NA,Acetylation;Direct protein sequencing;Isopeptide bond;Proteasome;Reference proteome;Ubl conjugation,Evidence at protein level,321
P37804,Tagln,SUBCELLULAR LOCATION: Cytoplasm {ECO:0000305}.,NA,NA,3D-structure;Acetylation;Cytoplasm;Methylation;Muscle protein;Phosphoprotein;Reference proteome,Evidence at protein level,201
P41216,Acsl1,SUBCELLULAR LOCATION: Mitochondrion outer membrane {ECO:0000250}; Single-pass type III membrane protein {ECO:0000250}. Peroxisome membrane {ECO:0000250}; Single-pass type III membrane protein {ECO:0000250}. Microsome membrane {ECO:0000250}; Single-pass type III membrane protein {ECO:0000250}. Endoplasmic reticulum membrane {ECO:0000250|UniProtKB:P33121}; Single-pass type III membrane protein {ECO:0000250}.,NA,NA,Acetylation;ATP-binding;Direct protein sequencing;Endoplasmic reticulum;Fatty acid metabolism;Glycoprotein;Ligase;Lipid metabolism;Magnesium;Membrane;Microsome;Mitochondrion;Mitochondrion outer membrane;Nitration;Nucleotide-binding;Peroxisome;Phosphoprotein;Reference proteome;Signal-anchor;Transmembrane;Transmembrane helix,Evidence at protein level,699
P41317,Mbl2,SUBCELLULAR LOCATION: Secreted {ECO:0000250|UniProtKB:P11226}. Cell surface {ECO:0000250|UniProtKB:P11226}. Note=Specifically binds mannose moiety of carbohydrates on the surface of pathogens. {ECO:0000250|UniProtKB:P11226}.,NA,"SIGNAL 1..18; /evidence=""ECO:0000250|UniProtKB:P11226""",Calcium;Coiled coil;Collagen;Complement activation lectin pathway;Complement pathway;Disulfide bond;Glycoprotein;Hydroxylation;Immunity;Innate immunity;Lectin;Mannose-binding;Metal-binding;Reference proteome;Repeat;Secreted;Signal,Evidence at protein level,244
P42125,Eci1,SUBCELLULAR LOCATION: Mitochondrion matrix {ECO:0000250|UniProtKB:P23965}.,"TRANSIT 1..28; /note=""Mitochondrion""; /evidence=""ECO:0000250""",NA,Acetylation;Fatty acid metabolism;Isomerase;Lipid metabolism;Mitochondrion;Reference proteome;Transit peptide,Evidence at protein level,289
P42232,Stat5b,SUBCELLULAR LOCATION: Cytoplasm {ECO:0000269|PubMed:20639532}. Nucleus {ECO:0000269|PubMed:20639532}. Note=Translocated into the nucleus in response to phosphorylation.,NA,NA,Activator;Cytoplasm;DNA-binding;Nucleus;Phosphoprotein;Reference proteome;SH2 domain;Transcription;Transcription regulation,Evidence at protein level,786
P42669,Pura,SUBCELLULAR LOCATION: Nucleus.,NA,NA,Acetylation;Activator;Direct protein sequencing;DNA-binding;Nucleus;Phosphoprotein;Reference proteome;Transcription;Transcription regulation,Evidence at protein level,321
P43023,Cox6a2,"SUBCELLULAR LOCATION: Mitochondrion inner membrane {ECO:0000269|PubMed:34616041, ECO:0000269|PubMed:38575788}; Single-pass membrane protein {ECO:0000269|PubMed:34616041, ECO:0000269|PubMed:38575788}.","TRANSIT 1..12; /note=""Mitochondrion""; /evidence=""ECO:0000250|UniProtKB:P07471""",NA,3D-structure;Membrane;Mitochondrion;Mitochondrion inner membrane;Oxidoreductase;Reference proteome;Transit peptide;Transmembrane;Transmembrane helix,Evidence at protein level,97
P43274,H1-4,SUBCELLULAR LOCATION: Nucleus {ECO:0000250|UniProtKB:P10412}. Chromosome {ECO:0000250|UniProtKB:P10412}. Note=Mainly localizes in heterochromatin. Distributed throughout the nucleus; displays a punctuate staining pattern in the nucleus. {ECO:0000250|UniProtKB:P10412}.,NA,NA,Acetylation;ADP-ribosylation;Chromosome;Citrullination;DNA-binding;Hydroxylation;Methylation;Nucleus;Phosphoprotein;Reference proteome,Evidence at protein level,219
P43275,H1-1,SUBCELLULAR LOCATION: Nucleus. Chromosome. Note=Mainly localizes in euchromatin. {ECO:0000250}.,NA,NA,Acetylation;Chromosome;Citrullination;DNA-binding;Hydroxylation;Nucleus;Phosphoprotein;Reference proteome,Evidence at protein level,213
P45376,Akr1b1,SUBCELLULAR LOCATION: Cytoplasm.,NA,NA,Acetylation;Cytoplasm;Direct protein sequencing;Lipid metabolism;NADP;Oxidoreductase;Phosphoprotein;Reference proteome,Evidence at protein level,316
P45591,Cfl2,"SUBCELLULAR LOCATION: Nucleus matrix. Cytoplasm, cytoskeleton. Note=Colocalizes with CSPR3 in the Z line of sarcomeres. {ECO:0000250|UniProtKB:Q9Y281}.",NA,NA,Acetylation;Actin-binding;Cytoplasm;Cytoskeleton;Nucleus;Phosphoprotein;Reference proteome,Evidence at protein level,166
P45952,Acadm,SUBCELLULAR LOCATION: Mitochondrion matrix {ECO:0000250|UniProtKB:P08503}.,"TRANSIT 1..25; /note=""Mitochondrion""; /evidence=""ECO:0000250|UniProtKB:P08503""",NA,Acetylation;FAD;Fatty acid metabolism;Flavoprotein;Lipid metabolism;Mitochondrion;Oxidoreductase;Phosphoprotein;Reference proteome;Transit peptide,Evidence at protein level,421
P46412,Gpx3,SUBCELLULAR LOCATION: Secreted.,NA,"SIGNAL 1..24; /evidence=""ECO:0000255""",Oxidoreductase;Peroxidase;Reference proteome;Secreted;Selenocysteine;Signal,Evidence at protein level,226
P46460,Nsf,SUBCELLULAR LOCATION: Cytoplasm.,NA,NA,Acetylation;ATP-binding;Cytoplasm;Direct protein sequencing;Hydrolase;Magnesium;Metal-binding;Nucleotide-binding;Phosphoprotein;Protein transport;Reference proteome;Repeat;Transport,Evidence at protein level,744
P46978,Stt3a,"SUBCELLULAR LOCATION: Endoplasmic reticulum {ECO:0000269|PubMed:12887896, ECO:0000269|PubMed:15781470}. Endoplasmic reticulum membrane {ECO:0000269|PubMed:15781470}; Multi-pass membrane protein {ECO:0000269|PubMed:15781470}.",NA,NA,Direct protein sequencing;Endoplasmic reticulum;Glycoprotein;Glycosyltransferase;Magnesium;Manganese;Membrane;Metal-binding;Reference proteome;Transferase;Transmembrane;Transmembrane helix,Evidence at protein level,705
P47738,Aldh2,SUBCELLULAR LOCATION: Mitochondrion {ECO:0000250|UniProtKB:P05091}.,"TRANSIT 1..19; /note=""Mitochondrion""; /evidence=""ECO:0000250|UniProtKB:P05091""",NA,Acetylation;Direct protein sequencing;Mitochondrion;NAD;Oxidoreductase;Reference proteome;Transit peptide;Ubl conjugation,Evidence at protein level,519
P47740,Aldh3a2,SUBCELLULAR LOCATION: Membrane {ECO:0000269|PubMed:25286108}. Microsome membrane {ECO:0000250|UniProtKB:P51648}; Single-pass membrane protein {ECO:0000250|UniProtKB:P51648}. Endoplasmic reticulum membrane {ECO:0000250|UniProtKB:P51648}; Single-pass membrane protein {ECO:0000250|UniProtKB:P51648}; Cytoplasmic side {ECO:0000250|UniProtKB:P30839}.,NA,NA,Endoplasmic reticulum;Fatty acid metabolism;Lipid metabolism;Membrane;Microsome;NAD;Oxidoreductase;Phosphoprotein;Reference proteome;Transmembrane;Transmembrane helix,Evidence at protein level,484
P47757,Capzb,"SUBCELLULAR LOCATION: Cytoplasm, cytoskeleton {ECO:0000250|UniProtKB:A9XFX6}.; SUBCELLULAR LOCATION: [Isoform 1]: Cytoplasm, myofibril, sarcomere, Z line {ECO:0000250}. Cytoplasm, myofibril, sarcomere {ECO:0000250}. Note=In cardiac muscle, isoform 1 is located at Z-disks of sarcomeres while isoform 2 is enriched at intercalated disks. {ECO:0000250}.; SUBCELLULAR LOCATION: [Isoform 3]: Cytoplasm, cytoskeleton, perinuclear theca, calyx {ECO:0000250|UniProtKB:P79136}. Note=Isoform 3 is located to sperm head cytoskeletal structure tightly associated to the nucleus (By similarity). Isoform 3 colocalizes with the alpha subunit in testicular sperm and to the acrosome in elongating and condensing spermatids. {ECO:0000250|UniProtKB:P79136}.",NA,NA,3D-structure;Acetylation;Actin capping;Actin-binding;Alternative splicing;Cytoplasm;Cytoskeleton;Direct protein sequencing;Phosphoprotein;Reference proteome,Evidence at protein level,277
P47791,Gsr,SUBCELLULAR LOCATION: [Isoform Mitochondrial]: Mitochondrion {ECO:0000250|UniProtKB:P00390}.; SUBCELLULAR LOCATION: [Isoform Cytoplasmic]: Cytoplasm {ECO:0000250|UniProtKB:P00390}.,"TRANSIT 1..26; /note=""Mitochondrion""; /evidence=""ECO:0000255""",NA,Acetylation;Alternative initiation;Cytoplasm;Disulfide bond;FAD;Flavoprotein;Mitochondrion;NADP;Oxidoreductase;Redox-active center;Reference proteome;Transit peptide,Evidence at protein level,500
P47857,Pfkm,"SUBCELLULAR LOCATION: Cytoplasm {ECO:0000255|HAMAP-Rule:MF_03184}.; SUBCELLULAR LOCATION: [Isoform 2]: Cell projection, cilium, flagellum {ECO:0000269|PubMed:19889946}. Note=Principal piece region of the sperm flagellum. {ECO:0000269|PubMed:19889946}.; SUBCELLULAR LOCATION: [Isoform 3]: Cell projection, cilium, flagellum {ECO:0000269|PubMed:19889946}. Note=Principal piece region of the sperm flagellum. {ECO:0000269|PubMed:19889946}.",NA,NA,Acetylation;Allosteric enzyme;Alternative splicing;ATP-binding;Cell projection;Cilium;Cytoplasm;Direct protein sequencing;Flagellum;Glycolysis;Glycoprotein;Hydroxylation;Kinase;Magnesium;Metal-binding;Nucleotide-binding;Phosphoprotein;Reference proteome;Transferase,Evidence at protein level,780
P47911,Rpl6,"SUBCELLULAR LOCATION: Cytoplasm, cytosol {ECO:0000250|UniProtKB:Q02878}. Cytoplasm {ECO:0000269|PubMed:36517592}. Rough endoplasmic reticulum {ECO:0000250|UniProtKB:Q2YGT9}. Note=Detected on cytosolic polysomes (By similarity). Detected in ribosomes that are associated with the rough endoplasmic reticulum (By similarity). {ECO:0000250|UniProtKB:Q02878, ECO:0000250|UniProtKB:Q2YGT9}.",NA,NA,3D-structure;Acetylation;Cytoplasm;Endoplasmic reticulum;Isopeptide bond;Phosphoprotein;Reference proteome;Ribonucleoprotein;Ribosomal protein;Ubl conjugation,Evidence at protein level,296
P47915,Rpl29,SUBCELLULAR LOCATION: Cytoplasm {ECO:0000269|PubMed:36517592}.,NA,NA,3D-structure;Acetylation;Cytoplasm;Methylation;Phosphoprotein;Reference proteome;Repeat;Ribonucleoprotein;Ribosomal protein,Evidence at protein level,160
P47934,Crat,SUBCELLULAR LOCATION: Endoplasmic reticulum {ECO:0000305}. Peroxisome {ECO:0000305}. Mitochondrion inner membrane {ECO:0000305}; Peripheral membrane protein {ECO:0000305}; Matrix side {ECO:0000305}.,NA,NA,3D-structure;Acetylation;Acyltransferase;Endoplasmic reticulum;Fatty acid metabolism;Lipid metabolism;Membrane;Mitochondrion;Mitochondrion inner membrane;Peroxisome;Reference proteome;Transferase;Transport,Evidence at protein level,626
P47955,Rplp1,NA,NA,NA,Acetylation;Isopeptide bond;Phosphoprotein;Reference proteome;Ribonucleoprotein;Ribosomal protein;Ubl conjugation,Evidence at protein level,114
P47962,Rpl5,"SUBCELLULAR LOCATION: Cytoplasm {ECO:0000269|PubMed:36517592}. Nucleus, nucleolus {ECO:0000250|UniProtKB:P46777}. Note=Although RP5 is functional within the cytoplasm, the assembly of ribosomal subunits occurs in the nucleus. RPL5 nuclear import is mediated by IPO5/RanBP5, IPO7/RanBP7, KPNB1/importin-beta or TPNO1/Trn. {ECO:0000250|UniProtKB:P46777}.",NA,NA,3D-structure;Acetylation;Cytoplasm;Isopeptide bond;Nucleus;Phosphoprotein;Reference proteome;Ribonucleoprotein;Ribosomal protein;RNA-binding;rRNA-binding;Ubl conjugation,Evidence at protein level,297
P47963,Rpl13,SUBCELLULAR LOCATION: Cytoplasm {ECO:0000269|PubMed:36517592}.,NA,NA,3D-structure;Acetylation;Cytoplasm;Isopeptide bond;Phosphoprotein;Reference proteome;Ribonucleoprotein;Ribosomal protein;Ubl conjugation,Evidence at protein level,211
P47964,Rpl36,"SUBCELLULAR LOCATION: Cytoplasm, cytosol {ECO:0000250|UniProtKB:Q9Y3U8}. Cytoplasm {ECO:0000269|PubMed:36517592}. Note=Detected on cytosolic polysomes. {ECO:0000250|UniProtKB:Q2YGT9, ECO:0000250|UniProtKB:Q9Y3U8}.",NA,NA,3D-structure;Acetylation;Cytoplasm;Reference proteome;Ribonucleoprotein;Ribosomal protein,Evidence at protein level,105
P48036,Anxa5,NA,NA,NA,Acetylation;Annexin;Blood coagulation;Calcium;Calcium/phospholipid-binding;Direct protein sequencing;Hemostasis;Isopeptide bond;Phosphoprotein;Reference proteome;Repeat;S-nitrosylation;Ubl conjugation,Evidence at protein level,319
P48193,Epb41,"SUBCELLULAR LOCATION: Nucleus {ECO:0000250|UniProtKB:P11171}. Cytoplasm, cytoskeleton {ECO:0000250|UniProtKB:P11171}. Cytoplasm, cell cortex {ECO:0000250|UniProtKB:P11171}.",NA,NA,Actin-binding;Alternative splicing;Calmodulin-binding;Cell cycle;Cell division;Cytoplasm;Cytoskeleton;Direct protein sequencing;Glycoprotein;Mitosis;Nucleus;Phosphoprotein;Reference proteome;Transport,Evidence at protein level,858
P48678,Lmna,"SUBCELLULAR LOCATION: Nucleus lamina {ECO:0000269|PubMed:28241138}. Nucleus envelope {ECO:0000250|UniProtKB:P02545}. Nucleus, nucleoplasm {ECO:0000269|PubMed:26436652}. Nucleus matrix {ECO:0000250|UniProtKB:P02545}. Note=Farnesylation of prelamin-A/C facilitates nuclear envelope targeting and subsequent cleavage by ZMPSTE24/FACE1 to remove the farnesyl group produces mature lamin-A/C, which can then be inserted into the nuclear lamina. EMD is required for proper localization of non-farnesylated prelamin-A/C. Also localizes to the micronuclear envelope in response to response to genome instability. {ECO:0000250|UniProtKB:P02545}.",NA,NA,3D-structure;Acetylation;Alternative splicing;Coiled coil;Direct protein sequencing;Glycoprotein;Intermediate filament;Isopeptide bond;Lipoprotein;Methylation;Nucleus;Phosphoprotein;Prenylation;Reference proteome;Ubl conjugation,Evidence at protein level,665
P48758,Cbr1,SUBCELLULAR LOCATION: Cytoplasm {ECO:0000250|UniProtKB:Q28960}.,NA,NA,Acetylation;Cytoplasm;Direct protein sequencing;Lipid metabolism;NADP;Oxidoreductase;Phosphoprotein;Reference proteome,Evidence at protein level,277
P48962,Slc25a4,"SUBCELLULAR LOCATION: Mitochondrion inner membrane {ECO:0000305|PubMed:19644512}; Multi-pass membrane protein {ECO:0000255}. Membrane {ECO:0000250|UniProtKB:P12235}; Multi-pass membrane protein {ECO:0000255}. Note=The complex formed with ARL2BP, ARL2 and SLC25A4/ANT1 is expressed in mitochondria (PubMed:11809823). May localize to non-mitochondrial membranes (By similarity). {ECO:0000250|UniProtKB:P12235, ECO:0000269|PubMed:11809823}.",NA,NA,Acetylation;Antiport;ATP-binding;Direct protein sequencing;Membrane;Methylation;Mitochondrion;Mitochondrion inner membrane;Nucleotide-binding;Phosphoprotein;Reference proteome;Repeat;S-nitrosylation;Transmembrane;Transmembrane helix;Transport,Evidence at protein level,298
P49222,Epb42,"SUBCELLULAR LOCATION: Cell membrane; Lipid-anchor; Cytoplasmic side. Cytoplasm, cytoskeleton. Note=Cytoplasmic surface of erythrocyte membranes.",NA,NA,Cell membrane;Cell shape;Cytoplasm;Cytoskeleton;Erythrocyte maturation;Lipoprotein;Membrane;Myristate;Phosphoprotein;Reference proteome,Evidence at protein level,691
P49290,Epx,SUBCELLULAR LOCATION: Cytoplasmic granule {ECO:0000250|UniProtKB:P11678}. Note=Cytoplasmic granules of eosinophils. {ECO:0000250|UniProtKB:P11678}.,NA,"SIGNAL 1..18; /evidence=""ECO:0000255""",Calcium;Disulfide bond;Glycoprotein;Heme;Hydrogen peroxide;Iron;Metal-binding;Nitration;Oxidoreductase;Peroxidase;Reference proteome;Signal,Evidence at protein level,716
P49312,Hnrnpa1,SUBCELLULAR LOCATION: Nucleus {ECO:0000250|UniProtKB:P09651}. Cytoplasm {ECO:0000250|UniProtKB:P09651}. Note=Localized in cytoplasmic mRNP granules containing untranslated mRNAs. Shuttles continuously between the nucleus and the cytoplasm along with mRNA. Component of ribonucleosomes. {ECO:0000250|UniProtKB:P09651}.,NA,NA,Acetylation;Alternative splicing;Cytoplasm;Direct protein sequencing;Isopeptide bond;Methylation;mRNA processing;mRNA splicing;mRNA transport;Nucleus;Phosphoprotein;Reference proteome;Repeat;Ribonucleoprotein;RNA-binding;Spliceosome;Transport;Ubl conjugation,Evidence at protein level,320
P49443,Ppm1a,"SUBCELLULAR LOCATION: Nucleus {ECO:0000250|UniProtKB:P35813}. Cytoplasm, cytosol {ECO:0000269|PubMed:22781750, ECO:0000269|PubMed:23088624}. Membrane {ECO:0000269|PubMed:23088624}; Lipid-anchor {ECO:0000269|PubMed:23088624}. Note=Weakly associates at the membrane and N-myristoylation mediates the membrane localization. {ECO:0000269|PubMed:23088624}.",NA,NA,Cytoplasm;Hydrolase;Lipoprotein;Magnesium;Manganese;Membrane;Metal-binding;Myristate;Nucleus;Phosphoprotein;Protein phosphatase;Reference proteome,Evidence at protein level,382
P49586,Pcyt1a,"SUBCELLULAR LOCATION: Cytoplasm, cytosol {ECO:0000250|UniProtKB:P19836}. Membrane {ECO:0000250|UniProtKB:P19836}; Peripheral membrane protein {ECO:0000250|UniProtKB:P19836}. Endoplasmic reticulum membrane {ECO:0000250|UniProtKB:P49585}; Peripheral membrane protein {ECO:0000250|UniProtKB:P19836}. Nucleus {ECO:0000250|UniProtKB:P49585}. Note=It can interconvert between an inactive cytosolic form and an active membrane-bound form. {ECO:0000250|UniProtKB:P19836}.",NA,NA,Acetylation;Cytoplasm;Endoplasmic reticulum;Lipid biosynthesis;Lipid metabolism;Membrane;Nucleotidyltransferase;Nucleus;Phospholipid biosynthesis;Phospholipid metabolism;Phosphoprotein;Reference proteome;Repeat;Transferase;Ubl conjugation,Evidence at protein level,367
P49813,Tmod1,"SUBCELLULAR LOCATION: Cytoplasm, cytoskeleton {ECO:0000250|UniProtKB:P28289}. Note=In myofibrils with sarcomeric structure, localizes to the pointed end of actin thin filaments. {ECO:0000250|UniProtKB:P28289}.",NA,NA,Actin-binding;Cytoplasm;Cytoskeleton;Reference proteome,Evidence at protein level,359
P49817,Cav1,"SUBCELLULAR LOCATION: Golgi apparatus membrane {ECO:0000250}; Peripheral membrane protein {ECO:0000250}. Cell membrane {ECO:0000250|UniProtKB:Q03135}; Peripheral membrane protein {ECO:0000250}. Membrane, caveola {ECO:0000269|PubMed:19546242, ECO:0000269|PubMed:21610094}; Peripheral membrane protein {ECO:0000269|PubMed:21610094}. Membrane raft {ECO:0000250|UniProtKB:Q03135}. Golgi apparatus, trans-Golgi network {ECO:0000250|UniProtKB:P33724}. Cytoplasm {ECO:0000250|UniProtKB:Q03135}. Note=Colocalized with DPP4 in membrane rafts. Potential hairpin-like structure in the membrane. Membrane protein of caveolae (By similarity). In the presence of DSG2 localizes to the cytoplasm away from cell borders (By similarity). {ECO:0000250, ECO:0000250|UniProtKB:Q03135}.",NA,NA,Acetylation;Alternative initiation;Cell membrane;Cytoplasm;Direct protein sequencing;Golgi apparatus;Isopeptide bond;Lipoprotein;Membrane;Palmitate;Phosphoprotein;Reference proteome;Ubl conjugation,Evidence at protein level,178
P50171,Hsd17b8,SUBCELLULAR LOCATION: Mitochondrion matrix {ECO:0000250|UniProtKB:Q92506}.,NA,NA,Acetylation;Alternative splicing;Fatty acid biosynthesis;Fatty acid metabolism;Lipid biosynthesis;Lipid metabolism;Mitochondrion;NAD;Oxidoreductase;Phosphoprotein;Reference proteome;Steroid biosynthesis,Evidence at protein level,259
P50247,Ahcy,SUBCELLULAR LOCATION: Cytoplasm {ECO:0000250|UniProtKB:P23526}. Melanosome {ECO:0000250|UniProtKB:P23526}. Nucleus {ECO:0000250|UniProtKB:P23526}. Endoplasmic reticulum {ECO:0000250|UniProtKB:P23526}.,NA,NA,3D-structure;Acetylation;Copper;Cytoplasm;Endoplasmic reticulum;Hydrolase;Hydroxylation;NAD;Nucleus;One-carbon metabolism;Phosphoprotein;Reference proteome,Evidence at protein level,432
P50285,Fmo1,SUBCELLULAR LOCATION: Endoplasmic reticulum membrane {ECO:0000250|UniProtKB:P36365}; Single-pass membrane protein {ECO:0000255}.,NA,NA,Direct protein sequencing;Endoplasmic reticulum;FAD;Flavoprotein;Membrane;Monooxygenase;NADP;Oxidoreductase;Reference proteome;Transmembrane;Transmembrane helix,Evidence at protein level,532
P50396,Gdi1,"SUBCELLULAR LOCATION: Cytoplasm {ECO:0000250}. Golgi apparatus, trans-Golgi network {ECO:0000250}.",NA,NA,Cytoplasm;Direct protein sequencing;Golgi apparatus;GTPase activation;Phosphoprotein;Reference proteome,Evidence at protein level,447
P50427,Sts,SUBCELLULAR LOCATION: Microsome membrane {ECO:0000250|UniProtKB:P08842}; Multi-pass membrane protein. Endoplasmic reticulum membrane {ECO:0000250|UniProtKB:P08842}; Multi-pass membrane protein {ECO:0000305}. Note=The sequence shows several membrane-spanning domains that could serve to anchor the protein in the microsomal membrane.,NA,"SIGNAL 1..22; /evidence=""ECO:0000255""",Calcium;Disulfide bond;Endoplasmic reticulum;Glycoprotein;Hydrolase;Lipid metabolism;Membrane;Metal-binding;Microsome;Pregnancy;Reference proteome;Signal;Steroid metabolism;Transmembrane;Transmembrane helix,Evidence at protein level,624
P50516,Atp6v1a,"SUBCELLULAR LOCATION: Cytoplasm {ECO:0000269|PubMed:23863464}. Cytoplasm, cytosol {ECO:0000269|PubMed:31786107}. Cytoplasmic vesicle, secretory vesicle {ECO:0000250|UniProtKB:P38606}. Cytoplasmic vesicle, clathrin-coated vesicle membrane {ECO:0000250|UniProtKB:P31404}; Peripheral membrane protein {ECO:0000305}. Lysosome membrane {ECO:0000269|PubMed:31786107}; Peripheral membrane protein {ECO:0000305}. Note=Co-localizes with WFS1 in the secretory granules in neuroblastoma cell lines. {ECO:0000250|UniProtKB:P38606}.",NA,NA,3D-structure;Alternative splicing;ATP-binding;Cytoplasm;Cytoplasmic vesicle;Direct protein sequencing;Hydrogen ion transport;Ion transport;Lysosome;Membrane;Nucleotide-binding;Phosphoprotein;Reference proteome;Translocase;Transport,Evidence at protein level,617
P45878,Fkbp2,SUBCELLULAR LOCATION: Endoplasmic reticulum membrane {ECO:0000305}; Peripheral membrane protein {ECO:0000305}.,NA,"SIGNAL 1..22; /evidence=""ECO:0000255""",Endoplasmic reticulum;Isomerase;Membrane;Reference proteome;Rotamase;Signal,Evidence at protein level,140
P46656,Fdx1,SUBCELLULAR LOCATION: Mitochondrion matrix {ECO:0000250|UniProtKB:P10109}.,"TRANSIT 1..64; /note=""Mitochondrion""; /evidence=""ECO:0000250""",NA,2Fe-2S;Acetylation;Cholesterol metabolism;Electron transport;Iron;Iron-sulfur;Lipid metabolism;Metal-binding;Mitochondrion;Phosphoprotein;Reference proteome;Steroid metabolism;Steroidogenesis;Sterol metabolism;Transit peptide;Transport,Evidence at protein level,188
P47754,Capza2,NA,NA,NA,Acetylation;Actin capping;Actin-binding;Direct protein sequencing;Phosphoprotein;Reference proteome,Evidence at protein level,286
P47758,Srprb,SUBCELLULAR LOCATION: Endoplasmic reticulum membrane {ECO:0000250|UniProtKB:O13950}; Single-pass membrane protein {ECO:0000255}.,NA,NA,3D-structure;Endoplasmic reticulum;GTP-binding;Membrane;Nucleotide-binding;Phosphoprotein;Receptor;Reference proteome;Transmembrane;Transmembrane helix,Evidence at protein level,269
P48771,Cox7a2,SUBCELLULAR LOCATION: Mitochondrion inner membrane {ECO:0000269|PubMed:38575788}; Single-pass membrane protein {ECO:0000250|UniProtKB:P14406}.,"TRANSIT 1..23; /note=""Mitochondrion""; /evidence=""ECO:0000250|UniProtKB:P14406""",NA,3D-structure;Acetylation;Direct protein sequencing;Membrane;Mitochondrion;Mitochondrion inner membrane;Oxidoreductase;Reference proteome;Transit peptide;Transmembrane;Transmembrane helix,Evidence at protein level,83
P49962,Srp9,SUBCELLULAR LOCATION: Cytoplasm.,NA,NA,3D-structure;Cytoplasm;Reference proteome;Ribonucleoprotein;RNA-binding;Signal recognition particle,Evidence at protein level,86
P50543,S100a11,SUBCELLULAR LOCATION: Cytoplasm. Nucleus {ECO:0000250}.,NA,NA,Acetylation;Calcium;Cytoplasm;Disulfide bond;Metal-binding;Nucleus;Phosphoprotein;Reference proteome;Repeat,Evidence at protein level,98
P50544,Acadvl,SUBCELLULAR LOCATION: Mitochondrion inner membrane {ECO:0000250|UniProtKB:P49748}; Peripheral membrane protein {ECO:0000250|UniProtKB:P49748}.,"TRANSIT 1..41; /note=""Mitochondrion""; /evidence=""ECO:0000250""",NA,3D-structure;Acetylation;FAD;Fatty acid metabolism;Flavoprotein;Lipid metabolism;Membrane;Mitochondrion;Mitochondrion inner membrane;Oxidoreductase;Phosphoprotein;Reference proteome;S-nitrosylation;Transit peptide,Evidence at protein level,656
P50580,Pa2g4,"SUBCELLULAR LOCATION: [Isoform 1]: Cytoplasm {ECO:0000250|UniProtKB:Q9UQ80}. Nucleus, nucleolus {ECO:0000250|UniProtKB:Q9UQ80}. Note=Phosphorylation at Ser-361 by PKC/PRKCD regulates its nucleolar localization. {ECO:0000250|UniProtKB:Q9UQ80}.; SUBCELLULAR LOCATION: [Isoform 2]: Cytoplasm {ECO:0000269|PubMed:7556453}.",NA,NA,3D-structure;Acetylation;Alternative splicing;Cytoplasm;Isopeptide bond;Nucleus;Phosphoprotein;Reference proteome;Repressor;Ribonucleoprotein;RNA-binding;rRNA processing;Transcription;Transcription regulation;Translation regulation;Ubl conjugation,Evidence at protein level,394
P51125,Cast,NA,NA,NA,Acetylation;Alternative splicing;Isopeptide bond;Phosphoprotein;Protease inhibitor;Reference proteome;Repeat;Thiol protease inhibitor;Ubl conjugation,Evidence at protein level,788
P51175,Ppox,SUBCELLULAR LOCATION: Mitochondrion inner membrane {ECO:0000269|PubMed:3346226}; Peripheral membrane protein {ECO:0000269|PubMed:3346226}; Intermembrane side {ECO:0000269|PubMed:3346226}.,NA,NA,FAD;Flavoprotein;Heme biosynthesis;Membrane;Mitochondrion;Mitochondrion inner membrane;Oxidoreductase;Porphyrin biosynthesis;Reference proteome,Evidence at protein level,477
P51637,Cav3,"SUBCELLULAR LOCATION: Golgi apparatus membrane {ECO:0000250}; Peripheral membrane protein {ECO:0000250}. Cell membrane {ECO:0000269|PubMed:26497963}; Peripheral membrane protein {ECO:0000250}. Membrane, caveola {ECO:0000269|PubMed:24066022}; Peripheral membrane protein {ECO:0000250}. Cell membrane, sarcolemma {ECO:0000269|PubMed:24066022}. Note=Potential hairpin-like structure in the membrane. Membrane protein of caveolae (By similarity). {ECO:0000250}.",NA,NA,Cell membrane;Golgi apparatus;Isopeptide bond;Membrane;Reference proteome;Ubl conjugation,Evidence at protein level,151
P51660,Hsd17b4,SUBCELLULAR LOCATION: Peroxisome {ECO:0000250|UniProtKB:P97852}.,NA,NA,Acetylation;Fatty acid metabolism;Isomerase;Lipid metabolism;Lyase;NAD;Oxidoreductase;Peroxisome;Phosphoprotein;Reference proteome,Evidence at protein level,735
P51667,Myl2,"SUBCELLULAR LOCATION: Cytoplasm, myofibril, sarcomere, A band {ECO:0000250|UniProtKB:P08733}.",NA,NA,3D-structure;Calcium;Cytoplasm;Metal-binding;Methylation;Motor protein;Muscle protein;Myosin;Phosphoprotein;Reference proteome;Repeat,Evidence at protein level,166
P51863,Atp6v0d1,"SUBCELLULAR LOCATION: Membrane {ECO:0000250|UniProtKB:P61421}; Peripheral membrane protein {ECO:0000250|UniProtKB:P61421}; Cytoplasmic side {ECO:0000250|UniProtKB:P61421}. Lysosome membrane {ECO:0000250|UniProtKB:P61421}; Peripheral membrane protein {ECO:0000305}. Cytoplasmic vesicle, clathrin-coated vesicle membrane {ECO:0000250|UniProtKB:P61420}; Peripheral membrane protein {ECO:0000305}. Note=Localizes to centrosome and the base of the cilium. {ECO:0000250|UniProtKB:Q6PGV1}.",NA,NA,3D-structure;Cilium biogenesis/degradation;Cytoplasmic vesicle;Direct protein sequencing;Hydrogen ion transport;Ion transport;Lysosome;Membrane;Phosphoprotein;Reference proteome;Transport,Evidence at protein level,351
P51881,Slc25a5,SUBCELLULAR LOCATION: Mitochondrion inner membrane {ECO:0000250|UniProtKB:P02722}; Multi-pass membrane protein {ECO:0000255}. Membrane {ECO:0000250|UniProtKB:P05141}; Multi-pass membrane protein {ECO:0000255}. Note=May localize to non-mitochondrial membranes. {ECO:0000250|UniProtKB:P05141}.,NA,NA,Acetylation;Antiport;ATP-binding;Chromosome partition;Direct protein sequencing;Membrane;Methylation;Mitochondrion;Mitochondrion inner membrane;Nucleotide-binding;Phosphoprotein;Reference proteome;Repeat;Transmembrane;Transmembrane helix;Transport,Evidence at protein level,298
P51885,Lum,"SUBCELLULAR LOCATION: Secreted, extracellular space, extracellular matrix {ECO:0000250}.",NA,SIGNAL 1..18,Direct protein sequencing;Disulfide bond;Extracellular matrix;Glycoprotein;Leucine-rich repeat;Phosphoprotein;Proteoglycan;Pyrrolidone carboxylic acid;Reference proteome;Repeat;Secreted;Signal;Sulfation,Evidence at protein level,338
P52196,Tst,SUBCELLULAR LOCATION: Mitochondrion {ECO:0000250|UniProtKB:P24329}. Mitochondrion matrix {ECO:0000250|UniProtKB:Q16762}.,NA,NA,Acetylation;Glycoprotein;Mitochondrion;Phosphoprotein;Reference proteome;Repeat;RNA-binding;Transferase,Evidence at protein level,297
P52430,Pon1,"SUBCELLULAR LOCATION: Secreted, extracellular space.",NA,"SIGNAL 1..?; /note=""Not cleaved""",Calcium;Disulfide bond;Glycoprotein;HDL;Hydrolase;Metal-binding;Reference proteome;Secreted;Signal,Evidence at protein level,355
P52479,Usp10,"SUBCELLULAR LOCATION: Cytoplasm {ECO:0000250|UniProtKB:Q14694}. Nucleus {ECO:0000250|UniProtKB:Q14694}. Early endosome {ECO:0000250|UniProtKB:Q14694}. Note=Cytoplasmic in normal conditions (By similarity). After DNA damage, translocates to the nucleus following phosphorylation by ATM (By similarity). {ECO:0000250|UniProtKB:Q14694}.",NA,NA,Acetylation;Alternative splicing;Autophagy;Cytoplasm;DNA damage;DNA repair;Endosome;Hydrolase;Nucleus;Phosphoprotein;Protease;Reference proteome;Thiol protease;Ubl conjugation;Ubl conjugation pathway,Evidence at protein level,792
P52480,Pkm,"SUBCELLULAR LOCATION: [Isoform M2]: Cytoplasm {ECO:0000250|UniProtKB:P14618}. Nucleus {ECO:0000250|UniProtKB:P14618}. Note=Translocates to the nucleus in response to various signals, such as EGF receptor activation or apoptotic stimuli. Nuclear translocation is promoted by acetylation by EP300. Deacetylation by SIRT6 promotes its nuclear export in a process dependent of XPO4, thereby suppressing its ability to activate transcription and promote tumorigenesis. {ECO:0000250|UniProtKB:P14618}.; SUBCELLULAR LOCATION: [Isoform M1]: Cytoplasm {ECO:0000250|UniProtKB:P14618}.",NA,NA,Acetylation;Allosteric enzyme;Alternative splicing;ATP-binding;Cytoplasm;Direct protein sequencing;Glycolysis;Hydroxylation;Isopeptide bond;Kinase;Magnesium;Metal-binding;Methylation;Nucleotide-binding;Nucleus;Phosphoprotein;Potassium;Pyruvate;Reference proteome;S-nitrosylation;Transferase;Translation regulation;Ubl conjugation,Evidence at protein level,531
P52503,Ndufs6,"SUBCELLULAR LOCATION: Mitochondrion inner membrane {ECO:0000269|PubMed:38575788, ECO:0000305|PubMed:22474353}; Peripheral membrane protein {ECO:0000305}; Matrix side {ECO:0000305}.","TRANSIT 1..20; /note=""Mitochondrion""; /evidence=""ECO:0000250""",NA,3D-structure;Acetylation;Electron transport;Membrane;Mitochondrion;Mitochondrion inner membrane;Reference proteome;Respiratory chain;Transit peptide;Transport,Evidence at protein level,116
P52825,Cpt2,SUBCELLULAR LOCATION: Mitochondrion inner membrane {ECO:0000250}; Peripheral membrane protein {ECO:0000250}; Matrix side {ECO:0000250}.,"TRANSIT 1..25; /note=""Mitochondrion""; /evidence=""ECO:0000250""",NA,Acetylation;Acyltransferase;Fatty acid metabolism;Lipid metabolism;Membrane;Mitochondrion;Mitochondrion inner membrane;Reference proteome;Transferase;Transit peptide;Transport,Evidence at protein level,658
P53395,Dbt,SUBCELLULAR LOCATION: Mitochondrion matrix {ECO:0000250|UniProtKB:P11181}.,"TRANSIT 1..61; /note=""Mitochondrion""; /evidence=""ECO:0000255""",NA,Acetylation;Acyltransferase;Lipoyl;Mitochondrion;Phosphoprotein;Reference proteome;Transferase;Transit peptide,Evidence at protein level,482
P53810,Pitpna,"SUBCELLULAR LOCATION: Cytoplasm, cytosol {ECO:0000269|PubMed:7654206}. Nucleus {ECO:0000269|PubMed:7654206}. Note=Primarily localized in the cytosol in its closed state, is enriched on membranes in its open state where it facilitates lipid transfer. {ECO:0000250|UniProtKB:P16446}.",NA,NA,3D-structure;Acetylation;Cytoplasm;Direct protein sequencing;Lipid transport;Lipid-binding;Nucleus;Reference proteome;Transport,Evidence at protein level,271
P53986,Slc16a1,"SUBCELLULAR LOCATION: Cell membrane {ECO:0000269|PubMed:21792931, ECO:0000269|PubMed:8603082}; Multi-pass membrane protein {ECO:0000250|UniProtKB:P53985}. Basolateral cell membrane {ECO:0000250|UniProtKB:P53987}; Multi-pass membrane protein {ECO:0000250|UniProtKB:P53985}. Apical cell membrane {ECO:0000250|UniProtKB:P53985}; Multi-pass membrane protein {ECO:0000250|UniProtKB:P53985}. Note=Expression at the cell surface requires the ancillary proteins BSG and EMB. {ECO:0000250|UniProtKB:P53985}.",NA,NA,3D-structure;Cell membrane;Membrane;Phosphoprotein;Reference proteome;Symport;Transmembrane;Transmembrane helix;Transport,Evidence at protein level,493
P53994,Rab2a,"SUBCELLULAR LOCATION: Endoplasmic reticulum-Golgi intermediate compartment membrane; Lipid-anchor {ECO:0000250|UniProtKB:P61019}; Cytoplasmic side {ECO:0000305}. Melanosome {ECO:0000250}. Endoplasmic reticulum membrane {ECO:0000305}; Lipid-anchor {ECO:0000250|UniProtKB:P61019}; Cytoplasmic side {ECO:0000305}. Golgi apparatus membrane {ECO:0000269|PubMed:34714330}; Lipid-anchor {ECO:0000250|UniProtKB:P61019}; Cytoplasmic side {ECO:0000305}. Cytoplasmic vesicle, secretory vesicle, acrosome {ECO:0000269|PubMed:34714330}. Cytoplasmic vesicle, autophagosome membrane {ECO:0000269|PubMed:28063257}; Lipid-anchor {ECO:0000250|UniProtKB:P61019}; Cytoplasmic side {ECO:0000305}. Note=Localized in the Golgi apparatus in the round spermatids and in the acrosome in the elongating spermatid. {ECO:0000269|PubMed:34714330}.",NA,NA,Acetylation;Cytoplasmic vesicle;Direct protein sequencing;Endoplasmic reticulum;ER-Golgi transport;Golgi apparatus;GTP-binding;Hydrolase;Lipoprotein;Magnesium;Membrane;Metal-binding;Nucleotide-binding;Prenylation;Protein transport;Reference proteome;Transport,Evidence at protein level,212
P54071,Idh2,SUBCELLULAR LOCATION: Mitochondrion {ECO:0000269|PubMed:8867815}.,"TRANSIT 1..39; /note=""Mitochondrion""; /evidence=""ECO:0000250|UniProtKB:P56574""",NA,3D-structure;Acetylation;Direct protein sequencing;Glyoxylate bypass;Magnesium;Manganese;Metal-binding;Mitochondrion;NADP;Oxidoreductase;Reference proteome;Stress response;Transit peptide;Tricarboxylic acid cycle,Evidence at protein level,452
P54116,Stom,"SUBCELLULAR LOCATION: Cell membrane {ECO:0000250|UniProtKB:P27105}; Peripheral membrane protein {ECO:0000250|UniProtKB:P27105}; Cytoplasmic side {ECO:0000250|UniProtKB:P27105}. Cytoplasm, cytoskeleton {ECO:0000250|UniProtKB:P27105}. Cell membrane {ECO:0000250|UniProtKB:P27105}; Lipid-anchor {ECO:0000250|UniProtKB:P27105}; Cytoplasmic side {ECO:0000250|UniProtKB:P27105}. Membrane raft {ECO:0000250|UniProtKB:P27105}. Melanosome {ECO:0000250|UniProtKB:P27105}. Cytoplasmic vesicle {ECO:0000269|PubMed:10383825}. Note=Localizes to juxtanuclear structure probably derived from the Golgi apparatus. Colocalizes with cortical actin microfilaments at small plasma membrane protrusions. Associates with alpha-granular lipid rafts. Translocates from the alpha-granular lipid rafts to the cell membrane on thrombin activation and selectively enriched in released microvesicles. Identified by mass spectrometry in melanosome fractions from stage I to stage IV. {ECO:0000250|UniProtKB:P27105}.",NA,NA,3D-structure;Cell membrane;Cytoplasm;Cytoplasmic vesicle;Cytoskeleton;Lipoprotein;Membrane;Palmitate;Phosphoprotein;Reference proteome,Evidence at protein level,284
P54285,Cacnb3,SUBCELLULAR LOCATION: Cytoplasm {ECO:0000305|PubMed:21831364}.,NA,NA,Alternative splicing;Calcium;Calcium channel;Calcium transport;Cytoplasm;Ion channel;Ion transport;Phosphoprotein;Reference proteome;SH3 domain;Transport;Voltage-gated channel,Evidence at protein level,484
P54731,Faf1,SUBCELLULAR LOCATION: Nucleus {ECO:0000250|UniProtKB:Q9UNN5}.,NA,NA,Apoptosis;Nucleus;Phosphoprotein;Reference proteome,Evidence at protein level,649
P54822,Adsl,NA,NA,NA,Acetylation;Isopeptide bond;Lyase;Purine biosynthesis;Reference proteome;Ubl conjugation,Evidence at protein level,484
P55012,Slc12a2,SUBCELLULAR LOCATION: Basolateral cell membrane {ECO:0000250|UniProtKB:A0A0G2KTI4}; Multi-pass membrane protein {ECO:0000255}.,NA,NA,Acetylation;Cell membrane;Chloride;Disulfide bond;Glycoprotein;Ion transport;Membrane;Metal-binding;Phosphoprotein;Potassium;Potassium transport;Reference proteome;Sodium;Sodium transport;Symport;Transmembrane;Transmembrane helix;Transport,Evidence at protein level,1205
P55258,Rab8a,"SUBCELLULAR LOCATION: Cell membrane {ECO:0000269|PubMed:18094055}; Lipid-anchor {ECO:0000269|PubMed:18094055}; Cytoplasmic side {ECO:0000269|PubMed:18094055}. Golgi apparatus {ECO:0000250|UniProtKB:P61006}. Endosome membrane {ECO:0000250|UniProtKB:P61006}. Recycling endosome membrane {ECO:0000269|PubMed:18094055}. Cell projection, cilium {ECO:0000269|PubMed:25860027}. Cytoplasmic vesicle, phagosome membrane {ECO:0000250|UniProtKB:P61006}; Lipid-anchor {ECO:0000250|UniProtKB:P61006}; Cytoplasmic side {ECO:0000250|UniProtKB:P61006}. Cytoplasm, cytoskeleton, microtubule organizing center, centrosome, centriole {ECO:0000269|PubMed:23807208}. Cytoplasm, cytoskeleton, cilium basal body {ECO:0000269|PubMed:19625297, ECO:0000269|PubMed:23807208, ECO:0000269|PubMed:25860027}. Midbody {ECO:0000250|UniProtKB:P61006}. Cytoplasm {ECO:0000250|UniProtKB:P61006}. Lysosome {ECO:0000269|PubMed:30209220}. Note=Colocalizes with OPTN at the Golgi complex and in vesicular structures close to the plasma membrane. In the GDP-bound form, present in the perinuclear region. Shows a polarized distribution to distal regions of cell protrusions in the GTP-bound form. Colocalizes with PARD3, PRKCI, EXOC5, OCLN, PODXL and RAB11A in apical membrane initiation sites (AMIS) during the generation of apical surface and lumenogenesis. Localizes to tubular recycling endosome. Recruited to phagosomes containing S.aureus or Mycobacterium (By similarity). Non-phosphorylated RAB8A predominantly localizes to the cytoplasm whereas phosphorylated RAB8A localizes to the membrane (By similarity). Localizes to enlarged lysosomes through LRRK2 phosphorylation (PubMed:30209220). Colocalizes with RPGR at the primary cilia of epithelial cells (By similarity). {ECO:0000250|UniProtKB:P61006, ECO:0000250|UniProtKB:P61007, ECO:0000269|PubMed:30209220}.",NA,NA,3D-structure;Autophagy;Cell membrane;Cell projection;Cilium;Cilium biogenesis/degradation;Cytoplasm;Cytoplasmic vesicle;Cytoskeleton;Direct protein sequencing;Endosome;Golgi apparatus;GTP-binding;Hydrolase;Lipoprotein;Lysosome;Magnesium;Membrane;Metal-binding;Methylation;Nucleotide-binding;Phosphoprotein;Prenylation;Protein transport;Proto-oncogene;Reference proteome;Transport,Evidence at protein level,207
P55264,Adk,"SUBCELLULAR LOCATION: Cytoplasm, cytosol {ECO:0000269|PubMed:6407470}.; SUBCELLULAR LOCATION: [Isoform 1]: Nucleus {ECO:0000250|UniProtKB:P55263}.; SUBCELLULAR LOCATION: [Isoform 2]: Cytoplasm {ECO:0000250|UniProtKB:P55263}.",NA,NA,3D-structure;Alternative splicing;ATP-binding;Cytoplasm;Kinase;Magnesium;Metal-binding;Nucleotide-binding;Nucleus;Phosphoprotein;Purine salvage;Reference proteome;Transferase,Evidence at protein level,361
P55302,Lrpap1,"SUBCELLULAR LOCATION: Rough endoplasmic reticulum lumen {ECO:0000250|UniProtKB:P30533}. Endoplasmic reticulum-Golgi intermediate compartment lumen {ECO:0000250|UniProtKB:P30533}. Golgi apparatus, cis-Golgi network {ECO:0000250|UniProtKB:P30533}. Golgi apparatus lumen {ECO:0000250|UniProtKB:P30533}. Endosome lumen {ECO:0000250|UniProtKB:P30533}. Cell surface {ECO:0000250|UniProtKB:P30533}. Note=May be associated with receptors at the cell surface. {ECO:0000250|UniProtKB:P30533}.",NA,"SIGNAL 1..28; /evidence=""ECO:0000255""",Coiled coil;Direct protein sequencing;Endoplasmic reticulum;Endosome;Glycoprotein;Golgi apparatus;Heparin-binding;Phosphoprotein;Reference proteome;Signal,Evidence at protein level,360
P55772,Entpd1,"SUBCELLULAR LOCATION: Membrane {ECO:0000250|UniProtKB:P49961}; Multi-pass membrane protein {ECO:0000250|UniProtKB:P49961}. Membrane, caveola {ECO:0000250|UniProtKB:P49961}.",NA,NA,ATP-binding;Calcium;Disulfide bond;Glycoprotein;GTP-binding;Hydrolase;Magnesium;Membrane;Nucleotide-binding;Reference proteome;Transmembrane;Transmembrane helix,Evidence at protein level,510
P56212,Arpp19,SUBCELLULAR LOCATION: Cytoplasm {ECO:0000250}.,NA,NA,Acetylation;Alternative splicing;Cell cycle;Cell division;Cytoplasm;Mitosis;Phosphoprotein;Protein phosphatase inhibitor;Reference proteome,Evidence at protein level,112
P56213,Gfer,SUBCELLULAR LOCATION: Mitochondrion intermembrane space {ECO:0000250|UniProtKB:P55789}. Mitochondrion {ECO:0000250|UniProtKB:P55789}.,NA,NA,Disulfide bond;FAD;Flavoprotein;Growth factor;Mitochondrion;Oxidoreductase;Reference proteome,Evidence at protein level,198
P56392,Cox7a1,SUBCELLULAR LOCATION: Mitochondrion inner membrane {ECO:0000250|UniProtKB:P07470}; Single-pass membrane protein {ECO:0000250|UniProtKB:P07470}.,"TRANSIT 1..21; /note=""Mitochondrion""; /evidence=""ECO:0000250|UniProtKB:P07470""",NA,Membrane;Mitochondrion;Mitochondrion inner membrane;Oxidoreductase;Reference proteome;Transit peptide;Transmembrane;Transmembrane helix,Evidence at protein level,80
P56393,Cox7b,"SUBCELLULAR LOCATION: Mitochondrion inner membrane {ECO:0000269|PubMed:34616041, ECO:0000269|PubMed:38575788}; Single-pass membrane protein {ECO:0000269|PubMed:34616041}.","TRANSIT 1..24; /note=""Mitochondrion""; /evidence=""ECO:0000250|UniProtKB:P13183""",NA,3D-structure;Membrane;Mitochondrion;Mitochondrion inner membrane;Reference proteome;Transit peptide;Transmembrane;Transmembrane helix,Evidence at protein level,80
P56394,Cox17,SUBCELLULAR LOCATION: Mitochondrion intermembrane space {ECO:0000269|PubMed:37813994}. Cytoplasm {ECO:0000250|UniProtKB:Q14061}.,NA,NA,Acetylation;Chaperone;Copper;Cytochrome c-type biogenesis;Cytoplasm;Disulfide bond;Metal-binding;Mitochondrion;Reference proteome,Evidence at protein level,63
P56395,Cyb5a,SUBCELLULAR LOCATION: Endoplasmic reticulum membrane {ECO:0000250}; Single-pass membrane protein {ECO:0000250}; Cytoplasmic side {ECO:0000250}. Microsome membrane {ECO:0000250}; Single-pass membrane protein {ECO:0000250}; Cytoplasmic side {ECO:0000250}.,NA,NA,Acetylation;Direct protein sequencing;Electron transport;Endoplasmic reticulum;Heme;Iron;Membrane;Metal-binding;Microsome;Reference proteome;Transmembrane;Transmembrane helix;Transport,Evidence at protein level,134
P56399,Usp5,"SUBCELLULAR LOCATION: Cytoplasm {ECO:0000250|UniProtKB:P45974}. Cytoplasm, Stress granule {ECO:0000250|UniProtKB:P45974}. Nucleus {ECO:0000250|UniProtKB:P45974}.",NA,NA,Acetylation;Cytoplasm;Disulfide bond;Hydrolase;Isopeptide bond;Metal-binding;Nucleus;Phosphoprotein;Protease;Reference proteome;Repeat;Thiol protease;Ubl conjugation;Ubl conjugation pathway;Zinc;Zinc-finger,Evidence at protein level,858
P56480,Atp5f1b,SUBCELLULAR LOCATION: Mitochondrion inner membrane {ECO:0000269|PubMed:17438143}; Peripheral membrane protein {ECO:0000269|PubMed:17438143}; Matrix side {ECO:0000250|UniProtKB:P00829}.,"TRANSIT 1..46; /note=""Mitochondrion""; /evidence=""ECO:0000250|UniProtKB:P00829""",NA,Acetylation;ATP synthesis;ATP-binding;CF(1);Direct protein sequencing;Glycoprotein;Hydrogen ion transport;Ion transport;Magnesium;Membrane;Metal-binding;Mitochondrion;Mitochondrion inner membrane;Nucleotide-binding;Phosphoprotein;Reference proteome;Transit peptide;Translocase;Transport,Evidence at protein level,529
P56501,Ucp3,SUBCELLULAR LOCATION: Mitochondrion inner membrane {ECO:0000269|PubMed:26915802}; Multi-pass membrane protein {ECO:0000255}.,NA,NA,Membrane;Mitochondrion;Mitochondrion inner membrane;Reference proteome;Repeat;Transmembrane;Transmembrane helix;Transport,Evidence at protein level,308
P56528,Cd38,"SUBCELLULAR LOCATION: Membrane {ECO:0000305|PubMed:11829748, ECO:0000305|PubMed:8376770}; Single-pass type II membrane protein {ECO:0000305|PubMed:8376770}.",NA,NA,3D-structure;Disulfide bond;Glycoprotein;Hydrolase;Membrane;NAD;NADP;Reference proteome;Signal-anchor;Transferase;Transmembrane;Transmembrane helix,Evidence at protein level,304
P56695,Wfs1,"SUBCELLULAR LOCATION: Endoplasmic reticulum membrane {ECO:0000250|UniProtKB:O76024}; Multi-pass membrane protein {ECO:0000255}. Cytoplasmic vesicle, secretory vesicle {ECO:0000250|UniProtKB:O76024}. Note=Co-localizes with ATP6V1A in the secretory granules in neuroblastoma cell lines. {ECO:0000250|UniProtKB:O76024}.",NA,NA,Acetylation;Cytoplasmic vesicle;Endoplasmic reticulum;Glycoprotein;Membrane;Phosphoprotein;Reference proteome;Transmembrane;Transmembrane helix,Evidence at protein level,890
P56812,Pdcd5,"SUBCELLULAR LOCATION: Nucleus {ECO:0000250|UniProtKB:O14737}. Cytoplasm, cytosol {ECO:0000250|UniProtKB:O14737}. Note=Accumulates in the nucleus in response to genotoxic stress. {ECO:0000250|UniProtKB:O14737}.",NA,NA,Acetylation;Apoptosis;Cytoplasm;Nucleus;Phosphoprotein;Reference proteome,Evidence at protein level,126
P50608,Fmod,"SUBCELLULAR LOCATION: Secreted, extracellular space, extracellular matrix.",NA,"SIGNAL 1..18; /evidence=""ECO:0000250""",Disulfide bond;Extracellular matrix;Glycoprotein;Leucine-rich repeat;Proteoglycan;Pyrrolidone carboxylic acid;Reference proteome;Repeat;Secreted;Signal;Sulfation,Evidence at transcript level,376
P53702,Hccs,SUBCELLULAR LOCATION: Mitochondrion inner membrane {ECO:0000250|UniProtKB:P53701}. Membrane {ECO:0000250|UniProtKB:P53701}; Lipid-anchor {ECO:0000250|UniProtKB:P53701}.,NA,NA,Heme;Iron;Lipoprotein;Lyase;Membrane;Metal-binding;Mitochondrion;Mitochondrion inner membrane;Myristate;Reference proteome;Repeat,Evidence at protein level,272
P56391,Cox6b1,"SUBCELLULAR LOCATION: Mitochondrion inner membrane {ECO:0000269|PubMed:34616041, ECO:0000269|PubMed:38575788}; Peripheral membrane protein {ECO:0000269|PubMed:34616041, ECO:0000269|PubMed:38575788}; Intermembrane side {ECO:0000269|PubMed:34616041, ECO:0000269|PubMed:38575788}.",NA,NA,3D-structure;Acetylation;Direct protein sequencing;Disulfide bond;Membrane;Mitochondrion;Mitochondrion inner membrane;Reference proteome,Evidence at protein level,86
P56135,Atp5mf,SUBCELLULAR LOCATION: Mitochondrion. Mitochondrion inner membrane {ECO:0000305}; Single-pass membrane protein {ECO:0000305}.,NA,NA,Acetylation;ATP synthesis;CF(0);Direct protein sequencing;Hydrogen ion transport;Ion transport;Membrane;Mitochondrion;Mitochondrion inner membrane;Phosphoprotein;Reference proteome;Transmembrane;Transmembrane helix;Transport,Evidence at protein level,88
P56375,Acyp2,NA,NA,NA,Hydrolase;Phosphoprotein;Reference proteome,Evidence at protein level,106
P56379,Atp5mj,SUBCELLULAR LOCATION: Mitochondrion membrane {ECO:0000250|UniProtKB:P56378}; Single-pass membrane protein {ECO:0000255}.,NA,NA,Membrane;Mitochondrion;Reference proteome;Transmembrane;Transmembrane helix,Evidence at protein level,58
P56382,Atp5f1e,SUBCELLULAR LOCATION: Mitochondrion. Mitochondrion inner membrane.,NA,NA,Acetylation;ATP synthesis;CF(1);Hydrogen ion transport;Ion transport;Membrane;Mitochondrion;Mitochondrion inner membrane;Reference proteome;Transport,Evidence at protein level,52
P57776,Eef1d,SUBCELLULAR LOCATION: [Isoform 3]: Nucleus {ECO:0000250|UniProtKB:P29692}.,NA,NA,Acetylation;Alternative splicing;Direct protein sequencing;DNA-binding;Elongation factor;Nucleus;Phosphoprotein;Protein biosynthesis;Reference proteome;Transcription;Transcription regulation,Evidence at protein level,281
P57780,Actn4,"SUBCELLULAR LOCATION: Nucleus {ECO:0000250|UniProtKB:O43707}. Cytoplasm {ECO:0000250|UniProtKB:O43707}. Cell junction {ECO:0000269|PubMed:18332111}. Cytoplasm, cytoskeleton, stress fiber {ECO:0000250|UniProtKB:O43707}. Cytoplasm, perinuclear region {ECO:0000269|PubMed:33228246}. Note=Localized in cytoplasmic mRNP granules containing untranslated mRNAs. Expressed in the perinuclear rim and manchette structure in early elongating spermatids during spermiogenesis (PubMed:33228246). {ECO:0000250|UniProtKB:O43707, ECO:0000269|PubMed:33228246}.",NA,NA,Acetylation;Actin-binding;Calcium;Cell junction;Cytoplasm;Cytoskeleton;Direct protein sequencing;Metal-binding;Nucleus;Phosphoprotein;Protein transport;Reference proteome;Repeat;Transport,Evidence at protein level,912
P57787,Slc16a3,SUBCELLULAR LOCATION: Cell membrane {ECO:0000250|UniProtKB:O15427}; Multi-pass membrane protein {ECO:0000255}. Basolateral cell membrane {ECO:0000250|UniProtKB:O15427}; Multi-pass membrane protein {ECO:0000255}. Note=Plasma membrane localization is dependent upon the BSG/MCT4 interaction. Basolateral sorting signals (BLSS) in C-terminal cytoplasmic tail ensure its basolateral expression in polarised epithelial cells. {ECO:0000250|UniProtKB:O15427}.,NA,NA,Cell membrane;Membrane;Phosphoprotein;Reference proteome;Symport;Transmembrane;Transmembrane helix;Transport,Evidence at protein level,470
P58252,Eef2,SUBCELLULAR LOCATION: Cytoplasm {ECO:0000250|UniProtKB:P13639}. Nucleus {ECO:0000250|UniProtKB:P13639}. Note=Phosphorylation by CSK promotes cleavage and SUMOylation-dependent nuclear translocation of the C-terminal cleavage product. {ECO:0000250|UniProtKB:P13639}.,NA,NA,3D-structure;Acetylation;Cytoplasm;Direct protein sequencing;Elongation factor;GTP-binding;Hydrolase;Isopeptide bond;Methylation;Nucleotide-binding;Nucleus;Phosphoprotein;Protein biosynthesis;Reference proteome;Ubl conjugation,Evidence at protein level,858
P58281,Opa1,"SUBCELLULAR LOCATION: [Dynamin-like GTPase OPA1, long form]: Mitochondrion inner membrane {ECO:0000269|PubMed:11847212, ECO:0000269|PubMed:16839884, ECO:0000269|PubMed:21081504, ECO:0000269|PubMed:28746876}; Single-pass membrane protein {ECO:0000255}. Note=Detected at contact sites between endoplasmic reticulum and mitochondrion membranes. {ECO:0000250|UniProtKB:O60313}.; SUBCELLULAR LOCATION: [Dynamin-like GTPase OPA1, short form]: Mitochondrion intermembrane space {ECO:0000269|PubMed:20038678, ECO:0000269|PubMed:22433842}.","TRANSIT 1..87; /note=""Mitochondrion""; /evidence=""ECO:0000250|UniProtKB:Q2TA68""",NA,Acetylation;Alternative splicing;Apoptosis;Coiled coil;Disulfide bond;GTP-binding;Hydrolase;Lipid-binding;Magnesium;Membrane;Metal-binding;Mitochondrion;Mitochondrion inner membrane;Nucleotide-binding;Reference proteome;Transit peptide;Transmembrane;Transmembrane helix,Evidence at protein level,960
P58771,Tpm1,"SUBCELLULAR LOCATION: Cytoplasm, cytoskeleton {ECO:0000250|UniProtKB:P04692}. Note=Associates with F-actin stress fibers. {ECO:0000250|UniProtKB:P04692}.",NA,NA,3D-structure;Acetylation;Actin-binding;Alternative splicing;Coiled coil;Cytoplasm;Cytoskeleton;Muscle protein;Phosphoprotein;Reference proteome,Evidence at protein level,284
P58774,Tpm2,"SUBCELLULAR LOCATION: Cytoplasm, cytoskeleton {ECO:0000250|UniProtKB:P58775}. Note=Associates with F-actin stress fibers. {ECO:0000250|UniProtKB:P58775}.",NA,NA,Acetylation;Actin-binding;Alternative splicing;Coiled coil;Cytoplasm;Cytoskeleton;Muscle protein;Phosphoprotein;Reference proteome,Evidence at protein level,284
P59017,Bcl2l13,SUBCELLULAR LOCATION: Mitochondrion membrane {ECO:0000250}; Single-pass membrane protein {ECO:0000250}.,NA,NA,Apoptosis;Membrane;Mitochondrion;Phosphoprotein;Reference proteome;Repeat;Transmembrane;Transmembrane helix,Evidence at protein level,434
P59648,Fxyd7,"SUBCELLULAR LOCATION: Cell membrane {ECO:0000269|PubMed:12093728, ECO:0000269|PubMed:15133029}; Single-pass type I membrane protein {ECO:0000269|PubMed:12093728}. Note=Able to translocate to the plasma membrane of Xenopus oocytes independent of its association with NKA. {ECO:0000250|UniProtKB:P59649}.",NA,NA,Cell membrane;Glycoprotein;Ion transport;Membrane;Phosphoprotein;Potassium;Potassium transport;Reference proteome;Sodium;Sodium transport;Sodium/potassium transport;Transmembrane;Transmembrane helix;Transport,Evidence at protein level,80
P60202,Plp1,"SUBCELLULAR LOCATION: Cell membrane {ECO:0000269|PubMed:17634366}; Multi-pass membrane protein {ECO:0000269|PubMed:17634366}. Myelin membrane {ECO:0000269|PubMed:17634366}. Note=Colocalizes with SIRT2 in internodal regions, at paranodal axoglial junction and Schmidt-Lanterman incisures of myelin sheat.",NA,NA,Alternative splicing;Cell membrane;Direct protein sequencing;Disease variant;Disulfide bond;Lipoprotein;Membrane;Palmitate;Phosphoprotein;Reference proteome;Transmembrane;Transmembrane helix,Evidence at protein level,277
P60229,Eif3e,"SUBCELLULAR LOCATION: Cytoplasm {ECO:0000255|HAMAP-Rule:MF_03004}. Nucleus, PML body {ECO:0000255|HAMAP-Rule:MF_03004}.",NA,NA,Acetylation;Cytoplasm;Initiation factor;Nucleus;Phosphoprotein;Protein biosynthesis;Reference proteome,Evidence at protein level,445
P60335,Pcbp1,SUBCELLULAR LOCATION: Nucleus {ECO:0000250|UniProtKB:Q15365}. Cytoplasm {ECO:0000250|UniProtKB:Q15365}. Note=Loosely bound in the nucleus. May shuttle between the nucleus and the cytoplasm. {ECO:0000250|UniProtKB:Q15365}.,NA,NA,Acetylation;Cytoplasm;Direct protein sequencing;DNA-binding;Isopeptide bond;Nucleus;Phosphoprotein;Reference proteome;Repeat;Ribonucleoprotein;RNA-binding;Ubl conjugation,Evidence at protein level,356
P60670,Nploc4,"SUBCELLULAR LOCATION: Cytoplasm, cytosol {ECO:0000250|UniProtKB:Q9ES54}. Endoplasmic reticulum {ECO:0000250|UniProtKB:Q9ES54}. Nucleus {ECO:0000250|UniProtKB:Q9ES54}. Note=Associated with the endoplasmic reticulum and nuclear. {ECO:0000250|UniProtKB:Q9ES54}.",NA,NA,3D-structure;Acetylation;Alternative splicing;Chaperone;Cytoplasm;Endoplasmic reticulum;Metal-binding;Nucleus;Reference proteome;Zinc;Zinc-finger,Evidence at protein level,608
P60766,Cdc42,"SUBCELLULAR LOCATION: Cell membrane {ECO:0000269|PubMed:22461490, ECO:0000269|PubMed:30185885}; Lipid-anchor {ECO:0000305}; Cytoplasmic side {ECO:0000305}. Midbody {ECO:0000250|UniProtKB:P60953}. Cytoplasm, cytoskeleton, microtubule organizing center, centrosome {ECO:0000250|UniProtKB:P60953}. Cytoplasm, cytoskeleton, spindle {ECO:0000250|UniProtKB:P60953}. Cytoplasm {ECO:0000269|PubMed:22461490}. Cell projection, lamellipodium membrane {ECO:0000269|PubMed:22461490}; Peripheral membrane protein {ECO:0000305|PubMed:22461490}; Cytoplasmic side {ECO:0000305|PubMed:22461490}. Cell projection, dendrite {ECO:0000269|PubMed:24352656}. Cytoplasmic vesicle, secretory vesicle, acrosome {ECO:0000269|PubMed:30189608}. Note=Localizes to spindle during prometaphase cells (By similarity). Moves to the central spindle as cells progressed through anaphase to telophase. Localizes at the end of cytokinesis in the intercellular bridge formed between two daughter cells (By similarity). Its localization is regulated by the activities of guanine nucleotide exchange factor ECT2 and GTPase activating protein RACGAP1. Colocalizes with NEK6 in the centrosome (By similarity). In its active GTP-bound form localizes to the leading edge membrane of migrating dendritic cells (PubMed:22461490). During sperm head formation in elongating spermatids, expressed at the acrosome, perinuclear mantle of the manchette structure and the sperm neck (PubMed:30189608). Expressed at the neck and mitochondrial materials in elongated spermatids (PubMed:30189608). Expressed at the midpiece in mature spermatozoa (PubMed:30189608). {ECO:0000250|UniProtKB:P60953, ECO:0000269|PubMed:22461490, ECO:0000269|PubMed:30189608}.",NA,NA,3D-structure;Alternative splicing;Cell membrane;Cell projection;Cytoplasm;Cytoplasmic vesicle;Cytoskeleton;Differentiation;Direct protein sequencing;GTP-binding;Hydrolase;Lipoprotein;Magnesium;Membrane;Metal-binding;Methylation;Neurogenesis;Nucleotide-binding;Phosphoprotein;Prenylation;Reference proteome;Ubl conjugation,Evidence at protein level,191
P60843,Eif4a1,"SUBCELLULAR LOCATION: Cytoplasm, perinuclear region {ECO:0000250|UniProtKB:P60842}. Cell membrane {ECO:0000250|UniProtKB:P60842}. Cytoplasm, Stress granule {ECO:0000250|UniProtKB:P60842}. Note=Colocalizes with PKP1 in stress granules following arsenate or hydrogen peroxide treatment. {ECO:0000250|UniProtKB:P60842}.",NA,NA,3D-structure;Acetylation;ATP-binding;Cell membrane;Cytoplasm;Helicase;Hydrolase;Initiation factor;Isopeptide bond;Membrane;Nucleotide-binding;Phosphoprotein;Protein biosynthesis;Reference proteome;RNA-binding;Ubl conjugation,Evidence at protein level,406
P60867,Rps20,SUBCELLULAR LOCATION: Cytoplasm {ECO:0000269|PubMed:36517592}.,NA,NA,3D-structure;Acetylation;Cytoplasm;Isopeptide bond;Phosphoprotein;Reference proteome;Ribonucleoprotein;Ribosomal protein;Ubl conjugation,Evidence at protein level,119
P61021,Rab5b,SUBCELLULAR LOCATION: Cell membrane {ECO:0000250|UniProtKB:P61020}; Lipid-anchor {ECO:0000250|UniProtKB:P61020}; Cytoplasmic side {ECO:0000250|UniProtKB:P61020}. Early endosome membrane {ECO:0000305|PubMed:7789520}; Lipid-anchor {ECO:0000250|UniProtKB:P61020}. Melanosome {ECO:0000250|UniProtKB:P61020}.,NA,NA,Acetylation;Cell membrane;Direct protein sequencing;Endosome;GTP-binding;Hydrolase;Lipoprotein;Magnesium;Membrane;Metal-binding;Nucleotide-binding;Phosphoprotein;Prenylation;Protein transport;Reference proteome;Transport,Evidence at protein level,215
P61027,Rab10,"SUBCELLULAR LOCATION: Cytoplasmic vesicle membrane {ECO:0000305}; Lipid-anchor {ECO:0000305|PubMed:20576682}; Cytoplasmic side {ECO:0000305|PubMed:20576682}. Golgi apparatus, trans-Golgi network membrane {ECO:0000250|UniProtKB:P24409}. Endosome membrane {ECO:0000250|UniProtKB:P61026}. Recycling endosome membrane {ECO:0000250|UniProtKB:P24409}. Cytoplasmic vesicle, phagosome membrane {ECO:0000250|UniProtKB:P24409}. Cytoplasm, cytoskeleton, cilium basal body {ECO:0000269|PubMed:20576682, ECO:0000269|PubMed:30398148}. Endoplasmic reticulum membrane {ECO:0000269|PubMed:20576682}. Cytoplasm, perinuclear region {ECO:0000269|PubMed:27354378}. Lysosome {ECO:0000269|PubMed:30209220}. Note=Associates with SLC2A4/GLUT4 storage vesicles (PubMed:27354378). Localizes to the base of the cilium when phosphorylated by LRRK2 on Thr-73 (PubMed:20576682, PubMed:27354378). Transiently associates with phagosomes (By similarity). Localizes to the endoplasmic reticulum at domains of new tubule growth (By similarity). Localizes to enlarged lysosomes through LRRK2 phosphorylation (PubMed:30209220). {ECO:0000250|UniProtKB:P24409, ECO:0000250|UniProtKB:P61026, ECO:0000269|PubMed:20576682, ECO:0000269|PubMed:27354378, ECO:0000269|PubMed:30209220}.",NA,NA,Acetylation;Cell projection;Cytoplasm;Cytoplasmic vesicle;Cytoskeleton;Direct protein sequencing;Endoplasmic reticulum;Endosome;Golgi apparatus;GTP-binding;Hydrolase;Isopeptide bond;Lipoprotein;Lysosome;Magnesium;Membrane;Metal-binding;Nucleotide-binding;Phosphoprotein;Prenylation;Protein transport;Reference proteome;Transport;Ubl conjugation,Evidence at protein level,200
P61028,Rab8b,"SUBCELLULAR LOCATION: Cell membrane {ECO:0000305}; Lipid-anchor {ECO:0000305}; Cytoplasmic side {ECO:0000305}. Cytoplasmic vesicle, phagosome membrane {ECO:0000250}; Lipid-anchor {ECO:0000250}; Cytoplasmic side {ECO:0000250}. Endosome membrane {ECO:0000250|UniProtKB:Q92930}. Note=Recruited to phagosomes containing S.aureus or Mycobacterium. {ECO:0000250}.",NA,NA,Cell membrane;Cytoplasmic vesicle;Endosome;GTP-binding;Hydrolase;Lipoprotein;Magnesium;Membrane;Metal-binding;Methylation;Nucleotide-binding;Phosphoprotein;Prenylation;Protein transport;Reference proteome;Transport,Evidence at protein level,207
P61082,Ube2m,NA,NA,NA,Acetylation;ATP-binding;Methylation;Nucleotide-binding;Phosphoprotein;Reference proteome;Transferase;Ubl conjugation pathway,Evidence at protein level,183
P61087,Ube2k,SUBCELLULAR LOCATION: Cytoplasm {ECO:0000250|UniProtKB:P61085}.,NA,NA,Acetylation;Cytoplasm;Isopeptide bond;Phosphoprotein;Reference proteome;Transferase;Ubl conjugation;Ubl conjugation pathway,Evidence at protein level,200
P61089,Ube2n,SUBCELLULAR LOCATION: Nucleus {ECO:0000250|UniProtKB:P61088}. Cytoplasm {ECO:0000250|UniProtKB:P61088}.,NA,NA,Acetylation;Cytoplasm;Direct protein sequencing;DNA damage;DNA repair;Isopeptide bond;Nucleus;Reference proteome;Transferase;Ubl conjugation;Ubl conjugation pathway,Evidence at protein level,152
P61161,Actr2,"SUBCELLULAR LOCATION: Cytoplasm, cytoskeleton {ECO:0000250|UniProtKB:P61160}. Cell projection {ECO:0000250|UniProtKB:P61160}. Nucleus {ECO:0000250|UniProtKB:P61160}.",NA,NA,3D-structure;Acetylation;Actin-binding;ATP-binding;Cell projection;Cytoplasm;Cytoskeleton;Direct protein sequencing;Nucleotide-binding;Nucleus;Reference proteome,Evidence at protein level,394
P61222,Abce1,SUBCELLULAR LOCATION: Cytoplasm {ECO:0000250|UniProtKB:P61221}. Mitochondrion {ECO:0000250|UniProtKB:P61221}.,NA,NA,4Fe-4S;ATP-binding;Chaperone;Cytoplasm;Hydrolase;Iron;Iron-sulfur;Metal-binding;Mitochondrion;Nucleotide-binding;Phosphoprotein;Reference proteome;Repeat;Ubl conjugation,Evidence at protein level,599
P61255,Rpl26,SUBCELLULAR LOCATION: Cytoplasm {ECO:0000269|PubMed:36517592}.,NA,NA,3D-structure;Cytoplasm;Isopeptide bond;Phosphoprotein;Reference proteome;Ribonucleoprotein;Ribosomal protein;Ubl conjugation,Evidence at protein level,145
P61358,Rpl27,"SUBCELLULAR LOCATION: Cytoplasm, cytosol {ECO:0000250|UniProtKB:P61353}. Cytoplasm {ECO:0000269|PubMed:36517592}. Rough endoplasmic reticulum {ECO:0000250|UniProtKB:A1XQU5}. Note=Detected on cytosolic polysomes (By similarity). Detected in ribosomes that are associated with the rough endoplasmic reticulum (By similarity). {ECO:0000250|UniProtKB:A1XQU5, ECO:0000250|UniProtKB:P61353}.",NA,NA,3D-structure;Acetylation;Cytoplasm;Endoplasmic reticulum;Reference proteome;Ribonucleoprotein;Ribosomal protein,Evidence at protein level,136
P61364,Ostn,"SUBCELLULAR LOCATION: Secreted {ECO:0000269|PubMed:14523025, ECO:0000269|PubMed:15044443, ECO:0000269|PubMed:26668395}.",NA,"SIGNAL 1..25; /evidence=""ECO:0000255""",Amidation;Cleavage on pair of basic residues;Developmental protein;Differentiation;Hormone;Osteogenesis;Reference proteome;Secreted;Signal,Evidence at protein level,130
P61514,Rpl37a,SUBCELLULAR LOCATION: Cytoplasm {ECO:0000269|PubMed:36517592}.,NA,NA,3D-structure;Cytoplasm;Metal-binding;Reference proteome;Ribonucleoprotein;Ribosomal protein;Zinc;Zinc-finger,Evidence at protein level,92
P61979,Hnrnpk,"SUBCELLULAR LOCATION: Cytoplasm {ECO:0000250|UniProtKB:P61978}. Nucleus, nucleoplasm {ECO:0000250|UniProtKB:P61978}. Cell projection, podosome {ECO:0000250|UniProtKB:P61978}.",NA,NA,Acetylation;Activator;Alternative splicing;Cell junction;Cell projection;Cytoplasm;Direct protein sequencing;DNA-binding;Glycoprotein;Isopeptide bond;Methylation;mRNA processing;mRNA splicing;Nucleus;Phosphoprotein;Reference proteome;Repeat;Repressor;Ribonucleoprotein;RNA-binding;Spliceosome;Transcription;Transcription regulation;Ubl conjugation,Evidence at protein level,463
P61982,Ywhag,"SUBCELLULAR LOCATION: Cytoplasm, cytosol {ECO:0000269|PubMed:29678907}. Mitochondrion matrix {ECO:0000250|UniProtKB:P61981}. Note=Translocates to the mitochondrial matrix following induction of MALM (mitochondrial protein catabolic process). {ECO:0000250|UniProtKB:P61981}.",NA,NA,3D-structure;Acetylation;Cytoplasm;Direct protein sequencing;Mitochondrion;Phosphoprotein;Reference proteome,Evidence at protein level,247
P62082,Rps7,"SUBCELLULAR LOCATION: Cytoplasm, cytoskeleton, microtubule organizing center, centrosome {ECO:0000250|UniProtKB:P62081}. Cytoplasm {ECO:0000250|UniProtKB:P62081}. Nucleus, nucleolus {ECO:0000250|UniProtKB:P62081}. Note=Although RPS7 is functional within the cytoplasm, the assembly of ribosomal subunits occurs in the nucleus. RPS7 nuclear import is mediated by IPO5/RanBP5, IPO7/RanBP7, KPNB1/importin-beta or TPNO1/Trn. Colocalizes with NEK6 in the centrosome. {ECO:0000250|UniProtKB:P62081}.",NA,NA,3D-structure;Acetylation;Cytoplasm;Cytoskeleton;Isopeptide bond;Nucleus;Reference proteome;Ribonucleoprotein;Ribosomal protein;Ubl conjugation,Evidence at protein level,194
P62137,Ppp1ca,"SUBCELLULAR LOCATION: Cytoplasm {ECO:0000250|UniProtKB:P62136}. Nucleus {ECO:0000250|UniProtKB:P62136}. Nucleus, nucleoplasm {ECO:0000250|UniProtKB:P62136}. Nucleus, nucleolus {ECO:0000250|UniProtKB:P62136}. Postsynaptic density {ECO:0000269|PubMed:39256359}. Note=Primarily nuclear and largely excluded from the nucleolus. Highly mobile in cells and can be relocalized through interaction with targeting subunits. NOM1 plays a role in targeting this protein to the nucleolus. In the presence of PPP1R8 relocalizes from the nucleus to nuclear speckles. {ECO:0000250|UniProtKB:P62136}.",NA,NA,3D-structure;Acetylation;Biological rhythms;Carbohydrate metabolism;Cell cycle;Cell division;Cytoplasm;Direct protein sequencing;Glycogen metabolism;Hydrolase;Manganese;Metal-binding;Nucleus;Phosphoprotein;Protein phosphatase;Reference proteome;Synapse,Evidence at protein level,330
P62141,Ppp1cb,"SUBCELLULAR LOCATION: Cytoplasm {ECO:0000250|UniProtKB:P62140}. Nucleus {ECO:0000250|UniProtKB:P62140}. Nucleus, nucleoplasm {ECO:0000250|UniProtKB:P62140}. Nucleus, nucleolus {ECO:0000250|UniProtKB:P62140}. Note=Highly mobile in cells and can be relocalized through interaction with targeting subunits. In the presence of PPP1R8 relocalizes from the nucleus to nuclear speckles. {ECO:0000250|UniProtKB:P62140}.",NA,NA,Acetylation;Biological rhythms;Carbohydrate metabolism;Cell cycle;Cell division;Cytoplasm;Direct protein sequencing;Glycogen metabolism;Hydrolase;Manganese;Metal-binding;Nucleus;Phosphoprotein;Protein phosphatase;Reference proteome,Evidence at protein level,327
P62192,Psmc1,SUBCELLULAR LOCATION: Cytoplasm {ECO:0000250}. Nucleus {ECO:0000250}. Membrane {ECO:0000250|UniProtKB:P62191}; Lipid-anchor {ECO:0000250|UniProtKB:P62191}.,NA,NA,Acetylation;ATP-binding;Cytoplasm;Isopeptide bond;Lipoprotein;Membrane;Myristate;Nucleotide-binding;Nucleus;Phosphoprotein;Proteasome;Reference proteome;Ubl conjugation,Evidence at protein level,440
P62242,Rps8,"SUBCELLULAR LOCATION: Cytoplasm {ECO:0000269|PubMed:36517592}. Membrane {ECO:0000250|UniProtKB:P62241}; Lipid-anchor {ECO:0000250|UniProtKB:P62241}. Nucleus, nucleolus {ECO:0000250|UniProtKB:P62241}. Note=Localized in cytoplasmic mRNP granules containing untranslated mRNAs. {ECO:0000250|UniProtKB:P62241}.",NA,NA,3D-structure;Acetylation;Cytoplasm;Isopeptide bond;Lipoprotein;Membrane;Myristate;Nucleus;Phosphoprotein;Reference proteome;Ribonucleoprotein;Ribosomal protein;Ubl conjugation,Evidence at protein level,208
P62245,Rps15a,"SUBCELLULAR LOCATION: Cytoplasm {ECO:0000269|PubMed:36517592}. Nucleus, nucleolus {ECO:0000250|UniProtKB:P62244}.",NA,NA,3D-structure;Cytoplasm;Nucleus;Reference proteome;Ribonucleoprotein;Ribosomal protein,Evidence at protein level,130
P62259,Ywhae,SUBCELLULAR LOCATION: Nucleus {ECO:0000250|UniProtKB:P62258}. Cytoplasm {ECO:0000250|UniProtKB:P62258}. Melanosome {ECO:0000250|UniProtKB:P62258}.,NA,NA,Acetylation;Cytoplasm;Direct protein sequencing;Isopeptide bond;Nucleus;Phosphoprotein;Reference proteome;Ubl conjugation,Evidence at protein level,255
P62267,Rps23,"SUBCELLULAR LOCATION: Cytoplasm, cytosol {ECO:0000250|UniProtKB:P62266}. Cytoplasm {ECO:0000269|PubMed:36517592}. Rough endoplasmic reticulum {ECO:0000250|UniProtKB:Q6SA96}. Nucleus, nucleolus {ECO:0000250|UniProtKB:P62266}. Note=Detected on cytosolic polysomes (By similarity). Detected in ribosomes that are associated with the rough endoplasmic reticulum (By similarity). {ECO:0000250|UniProtKB:P62266, ECO:0000250|UniProtKB:Q6SA96}.",NA,NA,3D-structure;Acetylation;Cytoplasm;Endoplasmic reticulum;Hydroxylation;Isopeptide bond;Nucleus;Reference proteome;Ribonucleoprotein;Ribosomal protein;Ubl conjugation,Evidence at protein level,143
P57759,Erp29,SUBCELLULAR LOCATION: Endoplasmic reticulum lumen {ECO:0000255|PROSITE-ProRule:PRU10138}. Melanosome {ECO:0000250}.,NA,"SIGNAL 1..34; /evidence=""ECO:0000250""",Direct protein sequencing;Endoplasmic reticulum;Phosphoprotein;Reference proteome;Signal,Evidence at protein level,262
P59325,Eif5,SUBCELLULAR LOCATION: Cytoplasm {ECO:0000305}.,NA,NA,Cytoplasm;GTP-binding;GTPase activation;Initiation factor;Isopeptide bond;Nucleotide-binding;Phosphoprotein;Protein biosynthesis;Reference proteome;Ubl conjugation,Evidence at protein level,429
P59999,Arpc4,"SUBCELLULAR LOCATION: Cytoplasm, cytoskeleton {ECO:0000250|UniProtKB:P59998}. Cell projection {ECO:0000250|UniProtKB:P59998}. Nucleus {ECO:0000250|UniProtKB:P59998}.",NA,NA,3D-structure;Acetylation;Actin-binding;Cell projection;Cytoplasm;Cytoskeleton;Direct protein sequencing;Nucleus;Reference proteome,Evidence at protein level,168
P60603,Romo1,SUBCELLULAR LOCATION: Mitochondrion inner membrane {ECO:0000250}; Single-pass membrane protein {ECO:0000250}.,NA,NA,Antibiotic;Antimicrobial;Membrane;Mitochondrion;Mitochondrion inner membrane;Reference proteome;Transmembrane;Transmembrane helix,Evidence at transcript level,79
P61804,Dad1,SUBCELLULAR LOCATION: Endoplasmic reticulum membrane; Multi-pass membrane protein {ECO:0000305}.,NA,NA,Acetylation;Apoptosis;Endoplasmic reticulum;Membrane;Reference proteome;Transmembrane;Transmembrane helix,Evidence at protein level,113
P61971,Nutf2,"SUBCELLULAR LOCATION: Cytoplasm, cytosol {ECO:0000250|UniProtKB:P61970}. Nucleus outer membrane {ECO:0000250|UniProtKB:P61972}. Nucleus, nuclear pore complex {ECO:0000250|UniProtKB:P61972}. Nucleus inner membrane {ECO:0000250|UniProtKB:P61972}. Nucleus, nucleoplasm {ECO:0000250|UniProtKB:P61970}. Note=At steady state it is essentially nucleoplasmic, enriched in nucleoplasmic foci. {ECO:0000250|UniProtKB:P61970}.",NA,NA,Acetylation;Cytoplasm;Membrane;mRNA transport;Nuclear pore complex;Nucleus;Protein transport;Reference proteome;Translocation;Transport,Evidence at protein level,127
P62071,Rras2,SUBCELLULAR LOCATION: Cell membrane {ECO:0000250|UniProtKB:P62070}; Lipid-anchor {ECO:0000250|UniProtKB:P62070}; Cytoplasmic side {ECO:0000250|UniProtKB:P62070}. Golgi apparatus membrane {ECO:0000250|UniProtKB:P62070}; Lipid-anchor {ECO:0000250|UniProtKB:P62070}.,NA,NA,Acetylation;Cell membrane;Golgi apparatus;GTP-binding;Hydrolase;Lipoprotein;Membrane;Methylation;Nucleotide-binding;Palmitate;Phosphoprotein;Prenylation;Reference proteome,Evidence at protein level,204
P60060,Sec61g,SUBCELLULAR LOCATION: Endoplasmic reticulum membrane {ECO:0000250|UniProtKB:P60059}; Single-pass membrane protein {ECO:0000255}.,NA,NA,Acetylation;Endoplasmic reticulum;Membrane;Phosphoprotein;Protein transport;Reference proteome;Translocation;Transmembrane;Transmembrane helix;Transport,Inferred from homology,68
P62073,Timm10,SUBCELLULAR LOCATION: Mitochondrion inner membrane {ECO:0000250}; Peripheral membrane protein {ECO:0000250}; Intermembrane side {ECO:0000250}.,NA,NA,Chaperone;Direct protein sequencing;Disulfide bond;Membrane;Metal-binding;Mitochondrion;Mitochondrion inner membrane;Protein transport;Reference proteome;Translocation;Transport;Zinc,Evidence at protein level,90
P62075,Timm13,SUBCELLULAR LOCATION: Mitochondrion inner membrane {ECO:0000250}; Peripheral membrane protein {ECO:0000250}; Intermembrane side {ECO:0000250}.,NA,NA,Acetylation;Chaperone;Direct protein sequencing;Disulfide bond;Membrane;Metal-binding;Mitochondrion;Mitochondrion inner membrane;Phosphoprotein;Protein transport;Reference proteome;Translocation;Transport;Zinc,Evidence at protein level,95
P62077,Timm8b,SUBCELLULAR LOCATION: Mitochondrion inner membrane {ECO:0000250}; Peripheral membrane protein {ECO:0000250}; Intermembrane side {ECO:0000250}.,NA,NA,Acetylation;Chaperone;Disulfide bond;Membrane;Metal-binding;Mitochondrion;Mitochondrion inner membrane;Protein transport;Reference proteome;Translocation;Transport;Zinc,Evidence at protein level,83
P58059,Mrps21,SUBCELLULAR LOCATION: Mitochondrion {ECO:0000250|UniProtKB:P82920}.,NA,NA,3D-structure;Mitochondrion;Reference proteome;Ribonucleoprotein;Ribosomal protein,Evidence at protein level,87
P62281,Rps11,"SUBCELLULAR LOCATION: Cytoplasm {ECO:0000269|PubMed:36517592}. Nucleus, nucleolus {ECO:0000250|UniProtKB:P62280}.",NA,NA,3D-structure;Acetylation;Citrullination;Cytoplasm;Lipoprotein;Methylation;Nucleus;Palmitate;Phosphoprotein;Reference proteome;Ribonucleoprotein;Ribosomal protein;RNA-binding;rRNA-binding,Evidence at protein level,158
P62301,Rps13,"SUBCELLULAR LOCATION: Cytoplasm {ECO:0000269|PubMed:36517592}. Nucleus, nucleolus {ECO:0000250|UniProtKB:P62277}.",NA,NA,3D-structure;Acetylation;Cytoplasm;Isopeptide bond;Nucleus;Phosphoprotein;Reference proteome;Ribonucleoprotein;Ribosomal protein;Ubl conjugation,Evidence at protein level,151
P62631,Eef1a2,SUBCELLULAR LOCATION: Endoplasmic reticulum membrane {ECO:0000250|UniProtKB:Q05639}.,NA,NA,Acetylation;Direct protein sequencing;Elongation factor;Endoplasmic reticulum;GTP-binding;Hydrolase;Magnesium;Membrane;Metal-binding;Methylation;Nucleotide-binding;Phosphoprotein;Protein biosynthesis;Reference proteome,Evidence at protein level,463
P62702,Rps4x,"SUBCELLULAR LOCATION: Cytoplasm {ECO:0000269|PubMed:36517592}. Nucleus, nucleolus {ECO:0000250|UniProtKB:P62701}. Note=Localized in cytoplasmic mRNP granules containing untranslated mRNAs. {ECO:0000250|UniProtKB:P62701}.",NA,NA,3D-structure;Acetylation;Cytoplasm;Isopeptide bond;Nucleus;Reference proteome;Ribonucleoprotein;Ribosomal protein;RNA-binding;rRNA-binding;Ubl conjugation,Evidence at protein level,263
P62717,Rpl18a,SUBCELLULAR LOCATION: Cytoplasm {ECO:0000269|PubMed:36517592}.,NA,NA,3D-structure;Cytoplasm;Isopeptide bond;Phosphoprotein;Reference proteome;Ribonucleoprotein;Ribosomal protein;Ubl conjugation,Evidence at protein level,176
P62746,Rhob,SUBCELLULAR LOCATION: Late endosome membrane {ECO:0000269|PubMed:14597666}; Lipid-anchor {ECO:0000269|PubMed:14597666}. Cell membrane {ECO:0000269|PubMed:14597666}; Lipid-anchor {ECO:0000269|PubMed:14597666}. Nucleus {ECO:0000269|PubMed:14597666}. Cleavage furrow {ECO:0000250}. Note=Translocates to the equatorial region before furrow formation in a ECT2-dependent manner (By similarity). Late endosomal membrane (geranylgeranylated form). Plasma membrane (farnesylated form). Also detected at the nuclear margin and in the nucleus. {ECO:0000250}.,NA,NA,Angiogenesis;Apoptosis;Cell adhesion;Cell membrane;Developmental protein;Differentiation;Direct protein sequencing;Endosome;GTP-binding;Hydrolase;Isopeptide bond;Lipoprotein;Magnesium;Membrane;Metal-binding;Methylation;Nucleotide-binding;Nucleus;Palmitate;Phosphoprotein;Prenylation;Protein transport;Reference proteome;Transport;Tumor suppressor;Ubl conjugation,Evidence at protein level,196
P62751,Rpl23a,"SUBCELLULAR LOCATION: Cytoplasm {ECO:0000269|PubMed:36517592}. Nucleus {ECO:0000250|UniProtKB:P62750}. Note=Although RPL23A is functional within the cytoplasm, the assembly of ribosomal subunits occurs in the nucleus. RPL23A nuclear import is mediated by IPO5/RanBP5, IPO7/RanBP7, KPNB1/importin-beta or TPNO1/Trn. {ECO:0000250|UniProtKB:P62750}.",NA,NA,3D-structure;Acetylation;Citrullination;Cytoplasm;Isopeptide bond;Methylation;Nucleus;Phosphoprotein;Reference proteome;Ribonucleoprotein;Ribosomal protein;RNA-binding;rRNA-binding;Ubl conjugation,Evidence at protein level,156
P62754,Rps6,"SUBCELLULAR LOCATION: Cytoplasm {ECO:0000269|PubMed:36517592}. Nucleus, nucleolus {ECO:0000250|UniProtKB:P62753}.",NA,NA,3D-structure;Acetylation;ADP-ribosylation;Cytoplasm;Direct protein sequencing;Hydroxylation;Isopeptide bond;Nucleus;Phosphoprotein;Reference proteome;Ribonucleoprotein;Ribosomal protein;Ubl conjugation,Evidence at protein level,249
P62814,Atp6v1b2,"SUBCELLULAR LOCATION: Apical cell membrane {ECO:0000269|PubMed:15013950, ECO:0000269|PubMed:16174750, ECO:0000269|PubMed:17898041, ECO:0000269|PubMed:29993276}. Melanosome {ECO:0000250|UniProtKB:P21281}. Cytoplasm {ECO:0000269|PubMed:15013950, ECO:0000269|PubMed:17898041}. Cytoplasmic vesicle, secretory vesicle, synaptic vesicle membrane {ECO:0000250|UniProtKB:P62815}; Peripheral membrane protein {ECO:0000305}. Cytoplasmic vesicle, clathrin-coated vesicle membrane {ECO:0000250|UniProtKB:P62815}; Peripheral membrane protein {ECO:0000305}.",NA,NA,3D-structure;ATP-binding;Cell membrane;Cytoplasm;Cytoplasmic vesicle;Direct protein sequencing;Hydrogen ion transport;Ion transport;Membrane;Nucleotide-binding;Reference proteome;Synapse;Transport,Evidence at protein level,511
P62830,Rpl23,SUBCELLULAR LOCATION: Cytoplasm {ECO:0000269|PubMed:36517592}.,NA,NA,3D-structure;Cytoplasm;Phosphoprotein;Reference proteome;Ribonucleoprotein;Ribosomal protein,Evidence at protein level,140
P62843,Rps15,SUBCELLULAR LOCATION: Cytoplasm {ECO:0000269|PubMed:36517592}.,NA,NA,3D-structure;Acetylation;Cytoplasm;Isopeptide bond;Reference proteome;Ribonucleoprotein;Ribosomal protein;Ubl conjugation,Evidence at protein level,145
P62849,Rps24,"SUBCELLULAR LOCATION: Cytoplasm {ECO:0000269|PubMed:36517592}. Nucleus, nucleolus {ECO:0000250|UniProtKB:P62847}.",NA,NA,3D-structure;Acetylation;Alternative splicing;Cytoplasm;Isopeptide bond;Nucleus;Phosphoprotein;Reference proteome;Ribonucleoprotein;Ribosomal protein;Ubl conjugation,Evidence at protein level,133
P62852,Rps25,SUBCELLULAR LOCATION: Cytoplasm {ECO:0000269|PubMed:36517592}.,NA,NA,3D-structure;Acetylation;Cytoplasm;Reference proteome;Ribonucleoprotein;Ribosomal protein,Evidence at protein level,125
P62855,Rps26,"SUBCELLULAR LOCATION: Cytoplasm, cytosol {ECO:0000250|UniProtKB:P62854}. Cytoplasm {ECO:0000269|PubMed:36517592}. Rough endoplasmic reticulum {ECO:0000250|UniProtKB:P49171}. Note=Detected on cytosolic polysomes (By similarity). Detected in ribosomes that are associated with the rough endoplasmic reticulum (By similarity). {ECO:0000250|UniProtKB:P49171, ECO:0000250|UniProtKB:P62854}.",NA,NA,3D-structure;Cytoplasm;Endoplasmic reticulum;Phosphoprotein;Reference proteome;Ribonucleoprotein;Ribosomal protein,Evidence at protein level,115
P62858,Rps28,"SUBCELLULAR LOCATION: Cytoplasm, cytosol {ECO:0000250|UniProtKB:P62857}. Cytoplasm {ECO:0000269|PubMed:36517592}. Rough endoplasmic reticulum {ECO:0000250|UniProtKB:Q6QAT1}. Nucleus, nucleolus {ECO:0000250|UniProtKB:P62857}. Note=Detected on cytosolic polysomes (By similarity). Detected in ribosomes that are associated with the rough endoplasmic reticulum (By similarity). {ECO:0000250|UniProtKB:P62857, ECO:0000250|UniProtKB:Q6QAT1}.",NA,NA,3D-structure;Acetylation;Cytoplasm;Endoplasmic reticulum;Nucleus;Phosphoprotein;Reference proteome;Ribonucleoprotein;Ribosomal protein,Evidence at protein level,69
P62874,Gnb1,NA,NA,NA,3D-structure;Acetylation;Direct protein sequencing;Phosphoprotein;Reference proteome;Repeat;Transducer;WD repeat,Evidence at protein level,340
P62878,Rbx1,SUBCELLULAR LOCATION: Cytoplasm {ECO:0000250|UniProtKB:P62877}. Nucleus {ECO:0000250|UniProtKB:P62877}.,NA,NA,3D-structure;Acetylation;Cytoplasm;DNA damage;DNA repair;Metal-binding;Nucleus;Phosphoprotein;Reference proteome;Transferase;Ubl conjugation pathway;Zinc;Zinc-finger,Evidence at protein level,108
P62880,Gnb2,"SUBCELLULAR LOCATION: Cytoplasm, perinuclear region {ECO:0000250|UniProtKB:P62879}. Cell membrane {ECO:0000250|UniProtKB:P62879}.",NA,NA,Acetylation;Cell membrane;Cytoplasm;Direct protein sequencing;Membrane;Phosphoprotein;Reference proteome;Repeat;Transducer;WD repeat,Evidence at protein level,340
P62889,Rpl30,SUBCELLULAR LOCATION: Cytoplasm {ECO:0000269|PubMed:36517592}.,NA,NA,3D-structure;Acetylation;Cytoplasm;Isopeptide bond;Phosphoprotein;Reference proteome;Ribonucleoprotein;Ribosomal protein;Ubl conjugation,Evidence at protein level,115
P62897,Cycs,SUBCELLULAR LOCATION: Mitochondrion intermembrane space. Note=Loosely associated with the inner membrane.,NA,NA,Acetylation;Apoptosis;Direct protein sequencing;Electron transport;Heme;Iron;Metal-binding;Mitochondrion;Phosphoprotein;Reference proteome;Respiratory chain;Transport,Evidence at protein level,105
P62900,Rpl31,SUBCELLULAR LOCATION: Cytoplasm {ECO:0000269|PubMed:36517592}.,NA,NA,3D-structure;Acetylation;Cytoplasm;Phosphoprotein;Reference proteome;Ribonucleoprotein;Ribosomal protein,Evidence at protein level,125
P62908,Rps3,"SUBCELLULAR LOCATION: Cytoplasm {ECO:0000269|PubMed:14988002, ECO:0000269|PubMed:36517592}. Nucleus {ECO:0000269|PubMed:14988002}. Nucleus, nucleolus {ECO:0000250|UniProtKB:P23396}. Mitochondrion inner membrane {ECO:0000250|UniProtKB:P23396}; Peripheral membrane protein {ECO:0000250|UniProtKB:P23396}. Cytoplasm, cytoskeleton, spindle {ECO:0000250|UniProtKB:P23396}. Note=In normal cells, located mainly in the cytoplasm with small amounts in the nucleus but translocates to the nucleus in cells undergoing apoptosis. Nuclear translocation is also induced by DNA damaging agents such as hydrogen peroxide (By similarity). Accumulates in the mitochondrion in response to increased ROS levels (By similarity). Localizes to the spindle during mitosis (By similarity). Localized in cytoplasmic mRNP granules containing untranslated mRNAs (By similarity). {ECO:0000250|UniProtKB:P23396, ECO:0000269|PubMed:14988002}.",NA,NA,3D-structure;Acetylation;Apoptosis;Cell cycle;Cell division;Cytoplasm;Cytoskeleton;Direct protein sequencing;DNA damage;DNA repair;DNA-binding;Isopeptide bond;Lyase;Membrane;Methylation;Mitochondrion;Mitochondrion inner membrane;Mitosis;Nucleus;Phosphoprotein;Reference proteome;Ribonucleoprotein;Ribosomal protein;RNA-binding;Transcription;Transcription regulation;Translation regulation;Ubl conjugation,Evidence at protein level,243
P62911,Rpl32,SUBCELLULAR LOCATION: Cytoplasm {ECO:0000269|PubMed:36517592}.,NA,NA,3D-structure;Cytoplasm;Isopeptide bond;Phosphoprotein;Reference proteome;Ribonucleoprotein;Ribosomal protein;Ubl conjugation,Evidence at protein level,135
P62918,Rpl8,SUBCELLULAR LOCATION: Cytoplasm {ECO:0000269|PubMed:36517592}.,NA,NA,3D-structure;Cytoplasm;Hydroxylation;Isopeptide bond;Reference proteome;Ribonucleoprotein;Ribosomal protein;RNA-binding;rRNA-binding;Ubl conjugation,Evidence at protein level,257
P62962,Pfn1,"SUBCELLULAR LOCATION: Cytoplasm, cytoskeleton.",NA,NA,Acetylation;Actin-binding;Cytoplasm;Cytoskeleton;Direct protein sequencing;Isopeptide bond;Phosphoprotein;Reference proteome;Ubl conjugation,Evidence at protein level,140
P62983,Rps27a,"SUBCELLULAR LOCATION: [Ubiquitin]: Cytoplasm {ECO:0000250}. Nucleus {ECO:0000250}.; SUBCELLULAR LOCATION: [Small ribosomal subunit protein eS31]: Nucleus, nucleolus {ECO:0000250|UniProtKB:P62979}.",NA,NA,3D-structure;Acetylation;ADP-ribosylation;Cytoplasm;Isopeptide bond;Metal-binding;Nucleus;Phosphoprotein;Reference proteome;Ribonucleoprotein;Ribosomal protein;Ubl conjugation;Zinc;Zinc-finger,Evidence at protein level,156
P63001,Rac1,"SUBCELLULAR LOCATION: Cell membrane {ECO:0000250|UniProtKB:P63000}; Lipid-anchor {ECO:0000250|UniProtKB:P63000}; Cytoplasmic side {ECO:0000250|UniProtKB:P63000}. Melanosome {ECO:0000250|UniProtKB:P63000}. Cytoplasm {ECO:0000269|PubMed:17116687}. Cell projection, lamellipodium {ECO:0000269|PubMed:22959435}. Cell projection, dendrite {ECO:0000269|PubMed:24352656}. Synapse {ECO:0000250|UniProtKB:Q6RUV5}. Nucleus {ECO:0000250|UniProtKB:P63000}. Note=Inner surface of plasma membrane possibly with attachment requiring prenylation of the C-terminal cysteine (By similarity). Found in the ruffled border (a late endosomal-like compartment in the plasma membrane) of bone-resorbing osteoclasts (By similarity). Localizes to the lamellipodium in a SH3RF1-dependent manner. In macrophages, cytoplasmic location increases upon CSF1 stimulation (PubMed:17116687). Activation by GTP-binding promotes nuclear localization (By similarity). {ECO:0000250|UniProtKB:P63000, ECO:0000269|PubMed:17116687, ECO:0000269|PubMed:22959435}.",NA,NA,Cell membrane;Cell projection;Cytoplasm;GTP-binding;Hydrolase;Isopeptide bond;Lipoprotein;Magnesium;Membrane;Metal-binding;Methylation;Nucleotide-binding;Nucleus;Phosphoprotein;Prenylation;Reference proteome;Synapse;Ubl conjugation,Evidence at protein level,192
P63005,Pafah1b1,"SUBCELLULAR LOCATION: Cytoplasm, cytoskeleton. Cytoplasm, cytoskeleton, microtubule organizing center, centrosome. Cytoplasm, cytoskeleton, spindle. Nucleus membrane {ECO:0000255|HAMAP-Rule:MF_03141}. Note=May localize to the nuclear membrane (By similarity). Localizes to the plus end of microtubules and to the centrosome. Redistributes to axons during neuronal development. Also localizes to the microtubules of the manchette in elongating spermatids and to the meiotic spindle in spermatocytes. {ECO:0000250}.",NA,NA,3D-structure;Acetylation;Alternative splicing;Cell cycle;Cell division;Coiled coil;Cytoplasm;Cytoskeleton;Developmental protein;Differentiation;Direct protein sequencing;Lipid degradation;Lipid metabolism;Membrane;Microtubule;Mitosis;Neurogenesis;Nucleus;Phosphoprotein;Reference proteome;Repeat;Transport;WD repeat,Evidence at protein level,410
P63011,Rab3a,"SUBCELLULAR LOCATION: Cytoplasm, cytosol {ECO:0000250|UniProtKB:P63012}. Lysosome {ECO:0000250|UniProtKB:P20336}. Cytoplasmic vesicle, secretory vesicle {ECO:0000250|UniProtKB:P63012}. Cell projection, axon {ECO:0000269|PubMed:18849981}. Cell membrane {ECO:0000305}; Lipid-anchor {ECO:0000305}; Cytoplasmic side {ECO:0000305}. Presynapse {ECO:0000269|PubMed:31651360}. Postsynapse {ECO:0000269|PubMed:31651360}. Note=Cycles between a vesicle-associated GTP-bound form and a cytosolic GDP-bound form. {ECO:0000250|UniProtKB:P63012}.",NA,NA,Cell membrane;Cell projection;Cytoplasm;Cytoplasmic vesicle;Direct protein sequencing;Exocytosis;GTP-binding;Hydrolase;Lipoprotein;Lysosome;Magnesium;Membrane;Metal-binding;Methylation;Nucleotide-binding;Phosphoprotein;Prenylation;Protein transport;Reference proteome;Synapse;Transport,Evidence at protein level,220
P63017,Hspa8,"SUBCELLULAR LOCATION: Cytoplasm {ECO:0000250|UniProtKB:P11142}. Melanosome {ECO:0000250|UniProtKB:P11142}. Nucleus, nucleolus {ECO:0000250|UniProtKB:P11142}. Cell membrane {ECO:0000250|UniProtKB:P11142}. Lysosome membrane {ECO:0000250|UniProtKB:P11142}; Peripheral membrane protein {ECO:0000250|UniProtKB:P11142}; Cytoplasmic side {ECO:0000250|UniProtKB:P11142}. Note=Localized in cytoplasmic mRNP granules containing untranslated mRNAs. Translocates rapidly from the cytoplasm to the nuclei, and especially to the nucleoli, upon heat shock. {ECO:0000250|UniProtKB:P11142}.",NA,NA,3D-structure;Acetylation;ATP-binding;Autophagy;Cell membrane;Chaperone;Cytoplasm;Direct protein sequencing;Hydrolase;Isopeptide bond;Lysosome;Membrane;Methylation;mRNA processing;mRNA splicing;Nucleotide-binding;Nucleus;Phosphoprotein;Reference proteome;Repressor;Spliceosome;Stress response;Transcription;Transcription regulation;Ubl conjugation,Evidence at protein level,646
P63024,Vamp3,"SUBCELLULAR LOCATION: Early endosome membrane {ECO:0000250|UniProtKB:Q15836}; Single-pass type IV membrane protein {ECO:0000255}. Recycling endosome membrane {ECO:0000250|UniProtKB:Q15836}; Single-pass type IV membrane protein {ECO:0000255}. Synapse, synaptosome {ECO:0000250|UniProtKB:Q15836}.",NA,NA,Coiled coil;Endosome;Isopeptide bond;Membrane;Protein transport;Reference proteome;Synapse;Synaptosome;Transmembrane;Transmembrane helix;Transport;Ubl conjugation,Evidence at protein level,103
P63028,Tpt1,SUBCELLULAR LOCATION: Cytoplasm {ECO:0000250|UniProtKB:P13693}.,NA,NA,3D-structure;Calcium;Cytoplasm;Direct protein sequencing;Phosphoprotein;Reference proteome,Evidence at protein level,172
P63030,Mpc1,SUBCELLULAR LOCATION: Mitochondrion inner membrane {ECO:0000269|PubMed:22628554}; Multi-pass membrane protein {ECO:0000250|UniProtKB:Q9Y5U8}.,NA,NA,Acetylation;Direct protein sequencing;Membrane;Mitochondrion;Mitochondrion inner membrane;Reference proteome;Transmembrane;Transmembrane helix;Transport,Evidence at protein level,109
P63038,Hspd1,SUBCELLULAR LOCATION: Mitochondrion matrix {ECO:0000250|UniProtKB:P10809}.,"TRANSIT 1..26; /note=""Mitochondrion""; /evidence=""ECO:0000269|PubMed:7523108""",NA,Acetylation;Alternative splicing;ATP-binding;Chaperone;Direct protein sequencing;Isomerase;Isopeptide bond;Mitochondrion;Nucleotide-binding;Phosphoprotein;Reference proteome;Transit peptide;Ubl conjugation,Evidence at protein level,573
P63044,Vamp2,"SUBCELLULAR LOCATION: Cytoplasmic vesicle, secretory vesicle, synaptic vesicle membrane {ECO:0000250|UniProtKB:P63027}; Single-pass type IV membrane protein {ECO:0000255}. Cell membrane {ECO:0000250|UniProtKB:P63045}. Note=Colocalizes with PRKCZ and WDFY2 in intracellular vesicles. {ECO:0000250|UniProtKB:P63027}.",NA,NA,Acetylation;Cell membrane;Coiled coil;Cytoplasmic vesicle;Direct protein sequencing;Exocytosis;Membrane;Neurotransmitter transport;Phosphoprotein;Reference proteome;Synapse;Transmembrane;Transmembrane helix;Transport,Evidence at protein level,116
P63073,Eif4e,"SUBCELLULAR LOCATION: Cytoplasm, P-body {ECO:0000250|UniProtKB:P06730}. Cytoplasm {ECO:0000269|PubMed:15574771, ECO:0000269|PubMed:18515545, ECO:0000269|PubMed:22900038}. Cytoplasm, Stress granule {ECO:0000250|UniProtKB:P06730}. Nucleus {ECO:0000269|PubMed:18515545}. Nucleus speckle {ECO:0000250|UniProtKB:P06730}. Nucleus, nuclear body {ECO:0000269|PubMed:15574771}. Note=Interaction with EIF4ENIF1/4E-T is required for localization to processing bodies (P-bodies). Imported in the nucleus via interaction with EIF4ENIF1/4E-T via a piggy-back mechanism (By similarity). Sequestered in the nucleus by EIF4EBP1 and EIF4EBP2 (PubMed:18515545). {ECO:0000250|UniProtKB:P06730, ECO:0000269|PubMed:18515545}.",NA,NA,3D-structure;Acetylation;Cytoplasm;Initiation factor;mRNA transport;Nucleus;Phosphoprotein;Protein biosynthesis;Reference proteome;RNA-binding;Translation regulation;Transport,Evidence at protein level,217
P63101,Ywhaz,SUBCELLULAR LOCATION: Cytoplasm {ECO:0000250|UniProtKB:P63104}. Melanosome {ECO:0000250|UniProtKB:P63104}. Note=Located to stage I to stage IV melanosomes. {ECO:0000250|UniProtKB:P63104}.,NA,NA,3D-structure;Acetylation;Cytoplasm;Direct protein sequencing;Phosphoprotein;Reference proteome,Evidence at protein level,245
P63158,Hmgb1,"SUBCELLULAR LOCATION: Nucleus {ECO:0000269|PubMed:17114460, ECO:0000269|PubMed:20819940}. Cytoplasm {ECO:0000269|PubMed:17114460, ECO:0000269|PubMed:20819940}. Chromosome {ECO:0000269|PubMed:12110890}. Cell membrane {ECO:0000269|PubMed:2461949}; Peripheral membrane protein {ECO:0000269|PubMed:2461949}; Extracellular side {ECO:0000269|PubMed:2461949}. Endosome {ECO:0000269|PubMed:19890330}. Endoplasmic reticulum-Golgi intermediate compartment {ECO:0000305|PubMed:17548579}. Secreted {ECO:0000269|PubMed:21319304}. Note=In basal state predominantly nuclear. Shuttles between the cytoplasm and the nucleus (PubMed:17114460). Translocates from the nucleus to the cytoplasm upon autophagy stimulation (PubMed:20819940). Release from macrophages in the extracellular milieu requires the activation of NLRC4 or NLRP3 inflammasomes (PubMed:20802146). Passively released to the extracellular milieu from necrotic cells by diffusion, involving the fully reduced form which subsequently gets oxidized (PubMed:12110890). Also released from apoptotic cells (PubMed:25660970). Actively secreted from a variety of immune and non-immune cells such as macrophages, monocytes, neutrophils, dendritic cells and natural killer cells in response to various stimuli, involving a nonconventional secretory process via secretory lysosomes (PubMed:17548579). Secreted by plasma cells in response to LPS (PubMed:21319304). Associated with the plasma membrane of filipodia in process-growing cells, and also deposited into the substrate-attached material (By similarity). Colocalizes with RIGI on endosomal membranes (PubMed:19890330). {ECO:0000250|UniProtKB:P09429, ECO:0000269|PubMed:12110890, ECO:0000269|PubMed:17114460, ECO:0000269|PubMed:17548579, ECO:0000269|PubMed:19890330, ECO:0000269|PubMed:20802146, ECO:0000269|PubMed:20819940, ECO:0000269|PubMed:21319304, ECO:0000269|PubMed:22105604, ECO:0000269|PubMed:2461949, ECO:0000269|PubMed:25660970}.",NA,NA,3D-structure;Acetylation;Adaptive immunity;ADP-ribosylation;Autophagy;Cell membrane;Chemotaxis;Chromosome;Cytoplasm;Direct protein sequencing;Disulfide bond;DNA damage;DNA recombination;DNA repair;DNA-binding;Endosome;Heparin-binding;Immunity;Inflammatory response;Innate immunity;Isopeptide bond;Membrane;Nucleus;Oxidation;Phosphoprotein;Reference proteome;Repeat;Secreted,Evidence at protein level,215
P63276,Rps17,"SUBCELLULAR LOCATION: Cytoplasm {ECO:0000269|PubMed:36517592}. Nucleus, nucleolus {ECO:0000250|UniProtKB:P08708}.",NA,NA,3D-structure;Cytoplasm;Isopeptide bond;Nucleus;Phosphoprotein;Reference proteome;Ribonucleoprotein;Ribosomal protein;Ubl conjugation,Evidence at protein level,135
P63321,Rala,"SUBCELLULAR LOCATION: Cell membrane {ECO:0000250|UniProtKB:P11233}; Lipid-anchor {ECO:0000250|UniProtKB:P11233}; Cytoplasmic side {ECO:0000250|UniProtKB:P11233}. Cleavage furrow {ECO:0000250|UniProtKB:P11233}. Midbody, Midbody ring {ECO:0000250|UniProtKB:P11233}. Mitochondrion {ECO:0000250|UniProtKB:P11233}. Note=Predominantly at the cell surface in the absence of LPA. In the presence of LPA, colocalizes with LPAR1 and LPAR2 in endocytic vesicles. May colocalize with CNTRL/centriolin at the midbody ring. However, localization at the midbody at late cytokinesis was not confirmed. Relocalizes to the mitochondrion during mitosis where it regulates mitochondrial fission. {ECO:0000250|UniProtKB:P11233}.",NA,NA,Cell cycle;Cell division;Cell membrane;Direct protein sequencing;Exocytosis;GTP-binding;Hydrolase;Lipoprotein;Membrane;Methylation;Mitochondrion;Nucleotide-binding;Phosphoprotein;Prenylation;Reference proteome,Evidence at protein level,206
P63323,Rps12,"SUBCELLULAR LOCATION: Nucleus, nucleolus {ECO:0000250|UniProtKB:P25398}.",NA,NA,3D-structure;Acetylation;Direct protein sequencing;Nucleus;Reference proteome;Ribonucleoprotein;Ribosomal protein,Evidence at protein level,132
P63325,Rps10,"SUBCELLULAR LOCATION: Cytoplasm {ECO:0000269|PubMed:36517592}. Nucleus, nucleolus {ECO:0000250|UniProtKB:P46783}. Note=Localized in the granular component (GC) region of the nucleolus. Methylation is required for its localization in the GC region. Colocalizes with NPS1 in the GC region of the nucleolus (By similarity). {ECO:0000250|UniProtKB:P46783}.",NA,NA,3D-structure;Cytoplasm;Isopeptide bond;Methylation;Nucleus;Phosphoprotein;Reference proteome;Ribonucleoprotein;Ribosomal protein;Ubl conjugation,Evidence at protein level,165
P63328,Ppp3ca,"SUBCELLULAR LOCATION: Cytoplasm {ECO:0000269|PubMed:16286645, ECO:0000269|PubMed:16968888}. Cell membrane {ECO:0000250|UniProtKB:Q08209}; Peripheral membrane protein {ECO:0000250|UniProtKB:Q08209}. Cell membrane, sarcolemma {ECO:0000250|UniProtKB:P63329}. Cytoplasm, myofibril, sarcomere, Z line {ECO:0000250|UniProtKB:P63329}. Cell projection, dendritic spine {ECO:0000250|UniProtKB:Q08209}. Note=Colocalizes with ACTN1 and MYOZ2 at the Z line in heart and skeletal muscle. Recruited to the cell membrane by scaffold protein AKAP5 following L-type Ca(2+)-channel activation. {ECO:0000250|UniProtKB:P63329, ECO:0000250|UniProtKB:Q08209}.",NA,NA,3D-structure;Acetylation;Alternative splicing;Calmodulin-binding;Cell membrane;Cell projection;Cytoplasm;Direct protein sequencing;Hydrolase;Iron;Membrane;Metal-binding;Nitration;Phosphoprotein;Protein phosphatase;Reference proteome;Synapse;Zinc,Evidence at protein level,521
P67778,Phb1,"SUBCELLULAR LOCATION: Mitochondrion inner membrane {ECO:0000269|PubMed:11302691, ECO:0000269|PubMed:20959514, ECO:0000269|PubMed:29324904}. Nucleus {ECO:0000269|PubMed:20959514}. Cell membrane {ECO:0000305|PubMed:29324904}. Cytoplasm {ECO:0000269|PubMed:29324904}.",NA,NA,Acetylation;Cell membrane;Coiled coil;Cytoplasm;Direct protein sequencing;DNA synthesis;Membrane;Mitochondrion;Mitochondrion inner membrane;Nucleus;Phosphoprotein;Reference proteome,Evidence at protein level,272
P62274,Rps29,"SUBCELLULAR LOCATION: Cytoplasm, cytosol {ECO:0000250|UniProtKB:P62273}. Cytoplasm {ECO:0000269|PubMed:36517592}. Rough endoplasmic reticulum {ECO:0000250|UniProtKB:Q6QAP6}. Note=Detected on cytosolic polysomes (By similarity). Detected in ribosomes that are associated with the rough endoplasmic reticulum (By similarity). {ECO:0000250|UniProtKB:P62273, ECO:0000250|UniProtKB:Q6QAP6}.",NA,NA,3D-structure;Acetylation;Cytoplasm;Endoplasmic reticulum;Metal-binding;Methylation;Phosphoprotein;Reference proteome;Ribonucleoprotein;Ribosomal protein;Zinc,Evidence at protein level,56
P62334,Psmc6,SUBCELLULAR LOCATION: Cytoplasm {ECO:0000250}. Nucleus {ECO:0000250}.,NA,NA,Acetylation;ATP-binding;Cytoplasm;Direct protein sequencing;Nucleotide-binding;Nucleus;Phosphoprotein;Proteasome;Reference proteome,Evidence at protein level,389
P62892,Rpl39,SUBCELLULAR LOCATION: Cytoplasm {ECO:0000269|PubMed:36517592}.,NA,NA,3D-structure;Cytoplasm;Reference proteome;Ribonucleoprotein;Ribosomal protein,Evidence at protein level,51
P62932,Fbxo40,SUBCELLULAR LOCATION: Cytoplasm {ECO:0000269|PubMed:17928169}.,NA,NA,Cytoplasm;Metal-binding;Reference proteome;Ubl conjugation pathway;Zinc;Zinc-finger,Evidence at protein level,710
P63213,Gng2,SUBCELLULAR LOCATION: Cell membrane {ECO:0000305}; Lipid-anchor {ECO:0000305}; Cytoplasmic side {ECO:0000305}.,NA,NA,3D-structure;Acetylation;Cell membrane;Lipoprotein;Membrane;Methylation;Prenylation;Reference proteome;Transducer,Evidence at protein level,71
P63254,Crip1,NA,NA,NA,Acetylation;LIM domain;Metal-binding;Methylation;Reference proteome;Zinc,Evidence at protein level,77
P67984,Rpl22,SUBCELLULAR LOCATION: Cytoplasm {ECO:0000269|PubMed:36517592}.,NA,NA,3D-structure;Cytoplasm;Heparin-binding;Phosphoprotein;Reference proteome;Ribonucleoprotein;Ribosomal protein;RNA-binding,Evidence at protein level,128
P68040,Rack1,"SUBCELLULAR LOCATION: Cell membrane {ECO:0000250|UniProtKB:P63244}; Peripheral membrane protein {ECO:0000250|UniProtKB:P63244}. Cytoplasm {ECO:0000269|PubMed:20093473}. Cytoplasm, perinuclear region {ECO:0000250|UniProtKB:P63244}. Nucleus {ECO:0000269|PubMed:20093473}. Perikaryon {ECO:0000269|PubMed:16414032}. Cell projection, dendrite {ECO:0000269|PubMed:16414032}. Note=Recruited to the plasma membrane through interaction with KRT1 which binds to membrane-bound ITGB1. PKC activation induces translocation from the perinuclear region to the cell periphery (By similarity). In the brain, detected mainly in cell bodies and dendrites with little expression in axonal fibers or nuclei (PubMed:16414032). {ECO:0000250|UniProtKB:P63244, ECO:0000269|PubMed:16414032}.",NA,NA,3D-structure;Acetylation;Apoptosis;Biological rhythms;Cell cycle;Cell membrane;Cell projection;Cytoplasm;Developmental protein;Direct protein sequencing;Gastrulation;Growth regulation;Membrane;Nucleus;Phosphoprotein;Reference proteome;Repeat;Ribonucleoprotein;Ribosomal protein;Translation regulation;WD repeat,Evidence at protein level,317
P68134,Acta1,"SUBCELLULAR LOCATION: Cytoplasm, cytoskeleton.",NA,NA,3D-structure;Acetylation;ATP-binding;Cytoplasm;Cytoskeleton;Hydrolase;Methylation;Muscle protein;Nucleotide-binding;Oxidation;Reference proteome,Evidence at protein level,377
P68254,Ywhaq,SUBCELLULAR LOCATION: Cytoplasm.,NA,NA,Acetylation;Alternative splicing;Cytoplasm;Direct protein sequencing;Isopeptide bond;Nitration;Phosphoprotein;Reference proteome;Ubl conjugation,Evidence at protein level,245
P68368,Tuba4a,"SUBCELLULAR LOCATION: Cytoplasm, cytoskeleton.",NA,NA,3D-structure;Acetylation;Cytoplasm;Cytoskeleton;Direct protein sequencing;GTP-binding;Hydrolase;Magnesium;Metal-binding;Methylation;Microtubule;Nitration;Nucleotide-binding;Phosphoprotein;Reference proteome,Evidence at protein level,448
P68372,Tubb4b,"SUBCELLULAR LOCATION: Cytoplasm, cytoskeleton. Cytoplasm, cytoskeleton, flagellum axoneme {ECO:0000269|PubMed:37295417, ECO:0000269|PubMed:37865089, ECO:0000269|PubMed:37989994}.",NA,NA,3D-structure;Acetylation;Cell projection;Cilium;Cytoplasm;Cytoskeleton;Direct protein sequencing;Flagellum;GTP-binding;Isopeptide bond;Magnesium;Metal-binding;Microtubule;Nucleotide-binding;Phosphoprotein;Reference proteome,Evidence at protein level,445
P68510,Ywhah,SUBCELLULAR LOCATION: Cytoplasm.,NA,NA,3D-structure;Acetylation;Cytoplasm;Direct protein sequencing;Phosphoprotein;Reference proteome,Evidence at protein level,246
P70168,Kpnb1,SUBCELLULAR LOCATION: Cytoplasm {ECO:0000250|UniProtKB:Q14974}. Nucleus envelope {ECO:0000250|UniProtKB:Q14974}.,NA,NA,3D-structure;Acetylation;ADP-ribosylation;Cytoplasm;Direct protein sequencing;Nucleus;Phosphoprotein;Protein transport;Reference proteome;Repeat;Transport,Evidence at protein level,876
P70170,Abcc9,SUBCELLULAR LOCATION: Membrane {ECO:0000255|PROSITE-ProRule:PRU00441}; Multi-pass membrane protein {ECO:0000255|PROSITE-ProRule:PRU00441}.,NA,NA,Alternative splicing;ATP-binding;Direct protein sequencing;Glycoprotein;Membrane;Nucleotide-binding;Receptor;Reference proteome;Repeat;Transmembrane;Transmembrane helix;Transport,Evidence at protein level,1546
P70236,Map2k6,"SUBCELLULAR LOCATION: Nucleus {ECO:0000250|UniProtKB:P52564}. Cytoplasm {ECO:0000250|UniProtKB:P52564}. Cytoplasm, cytoskeleton {ECO:0000250|UniProtKB:P52564}. Note=Binds to microtubules. {ECO:0000250|UniProtKB:P52564}.",NA,NA,Apoptosis;ATP-binding;Cytoplasm;Cytoskeleton;Kinase;Nucleotide-binding;Nucleus;Phosphoprotein;Reference proteome;Serine/threonine-protein kinase;Stress response;Transcription;Transcription regulation;Transferase;Tyrosine-protein kinase;Ubl conjugation,Evidence at protein level,334
P70290,Mpp1,"SUBCELLULAR LOCATION: Cell membrane {ECO:0000250|UniProtKB:Q00013}; Lipid-anchor {ECO:0000250|UniProtKB:Q00013}. Cell projection, stereocilium {ECO:0000269|PubMed:16829577, ECO:0000269|PubMed:17584769}. Note=Colocalizes with WHRN at stereocilium tip during hair cell development (PubMed:16829577). Colocalizes with PALS1 in the retina, at the outer limiting membrane (OLM) (PubMed:17584769). Colocalizes with WHRN in the retina, at the outer limiting membrane (OLM), outer plexifirm layer (OPL), basal bodies, and at connecting cilium (CC) (PubMed:17584769). Colocalizes with NF2 in non-myelin-forming Schwann cells (By similarity). {ECO:0000250|UniProtKB:Q00013, ECO:0000269|PubMed:16829577, ECO:0000269|PubMed:17584769}.",NA,NA,Acetylation;Cell membrane;Cell projection;Lipoprotein;Membrane;Palmitate;Phosphoprotein;Reference proteome;SH3 domain,Evidence at protein level,466
P70296,Pebp1,SUBCELLULAR LOCATION: Cytoplasm.,NA,NA,3D-structure;Acetylation;ATP-binding;Cytoplasm;Direct protein sequencing;Disulfide bond;Lipid-binding;Nucleotide-binding;Phosphoprotein;Protease inhibitor;Reference proteome;Serine protease inhibitor,Evidence at protein level,187
P70302,Stim1,"SUBCELLULAR LOCATION: Cell membrane {ECO:0000250|UniProtKB:Q13586}; Single-pass type I membrane protein {ECO:0000250|UniProtKB:Q13586}. Endoplasmic reticulum membrane {ECO:0000250|UniProtKB:Q13586}; Single-pass type I membrane protein {ECO:0000250|UniProtKB:Q13586}. Cytoplasm, cytoskeleton {ECO:0000250|UniProtKB:Q13586}. Sarcoplasmic reticulum {ECO:0000250|UniProtKB:Q13586}. Note=Translocates from the endoplasmic reticulum to the cell membrane in response to a depletion of intracellular calcium and is detected at punctae corresponding to junctions between the endoplasmic reticulum and the cell membrane. Associated with the microtubule network at the growing distal tip of microtubules. Colocalizes with ORAI1 at the cell membrane. Colocalizes preferentially with CASQ1 at endoplasmic reticulum in response to a depletion of intracellular calcium. {ECO:0000250|UniProtKB:Q13586}.",NA,"SIGNAL 1..22; /evidence=""ECO:0000255""",Calcium;Calcium transport;Cell membrane;Coiled coil;Cytoplasm;Cytoskeleton;Endoplasmic reticulum;Glycoprotein;Ion transport;Membrane;Metal-binding;Microtubule;Phosphoprotein;Reference proteome;Sarcoplasmic reticulum;Signal;Transmembrane;Transmembrane helix;Transport,Evidence at protein level,685
P70349,Hint1,SUBCELLULAR LOCATION: Cytoplasm {ECO:0000269|PubMed:35605301}. Nucleus {ECO:0000250|UniProtKB:P49773}.,NA,NA,Acetylation;Apoptosis;Cytoplasm;Direct protein sequencing;Hydrolase;Nucleotide-binding;Nucleus;Phosphoprotein;Protease;Reference proteome;Thiol protease;Transcription;Transcription regulation;Ubl conjugation pathway,Evidence at protein level,126
P70362,Ufd1,"SUBCELLULAR LOCATION: Nucleus {ECO:0000250|UniProtKB:Q9ES53}. Cytoplasm, cytosol {ECO:0000250|UniProtKB:Q9ES53}.",NA,NA,Acetylation;Cytoplasm;Nucleus;Phosphoprotein;Reference proteome;Ubl conjugation pathway,Evidence at protein level,307
P70452,Stx4,"SUBCELLULAR LOCATION: Cell membrane {ECO:0000269|PubMed:30516436}; Single-pass type IV membrane protein {ECO:0000305}. Cell projection, neuron projection {ECO:0000250|UniProtKB:Q08850}. Cell projection, stereocilium {ECO:0000269|PubMed:36355422}. Cytoplasm, perinuclear region {ECO:0000269|PubMed:30516436}. Note=Localizes to neurite tips in neuronal cells. {ECO:0000250|UniProtKB:Q08850}.",NA,NA,3D-structure;Cell membrane;Cell projection;Coiled coil;Cytoplasm;Hearing;Membrane;Neurotransmitter transport;Phosphoprotein;Reference proteome;Transmembrane;Transmembrane helix;Transport,Evidence at protein level,298
P70670,Naca,SUBCELLULAR LOCATION: Cytoplasm {ECO:0000269|PubMed:12011100}. Nucleus {ECO:0000269|PubMed:12011100}.,NA,NA,Acetylation;Activator;Alternative splicing;Cytoplasm;DNA-binding;Isopeptide bond;Methylation;Nucleus;Phosphoprotein;Reference proteome;Transcription;Transcription regulation;Transport;Ubl conjugation,Evidence at protein level,2187
P70695,Fbp2,"SUBCELLULAR LOCATION: Cell junction {ECO:0000250}. Cytoplasm {ECO:0000250}. Nucleus {ECO:0000250}. Cytoplasm, myofibril, sarcomere, Z line {ECO:0000250}. Note=In neonatal cardiomyocytes, distributed throughout the cytosol, accumulating in the intercalated disks which occur at the Z line of cardiomyocytes and connect adjacent cells, and also located in the nucleus; dissociates from the Z line following an increase in cytosolic Ca(2+) concentration. In muscle precursor cells, localizes predominantly to the nucleus and to a lesser extent to the cytoplasm at the proliferative phase, while mainly localizing to the cytoplasm at the differentiation phase. Colocalizes with ALDOA and alpha-actinin on both sides of the Z line of skeletal muscle; dissociates rapidly from the Z line following an increase in cytosolic Ca(2+) concentration. {ECO:0000250}.",NA,NA,Allosteric enzyme;Calcium;Carbohydrate metabolism;Cell junction;Cytoplasm;Gluconeogenesis;Hydrolase;Magnesium;Metal-binding;Nucleus;Phosphoprotein;Reference proteome,Evidence at protein level,339
P70699,Gaa,SUBCELLULAR LOCATION: Lysosome {ECO:0000250|UniProtKB:P10253}. Lysosome membrane {ECO:0000250|UniProtKB:P10253}.,NA,"SIGNAL 1..27; /evidence=""ECO:0000255""",Direct protein sequencing;Disulfide bond;Glycoprotein;Glycosidase;Hydrolase;Lysosome;Membrane;Reference proteome;Signal,Evidence at protein level,953
P80313,Cct7,SUBCELLULAR LOCATION: Cytoplasm {ECO:0000305|PubMed:7953530}.,NA,NA,Acetylation;ATP-binding;Chaperone;Cytoplasm;Direct protein sequencing;Hydrolase;Isopeptide bond;Magnesium;Metal-binding;Methylation;Nucleotide-binding;Reference proteome;Ubl conjugation,Evidence at protein level,544
P80314,Cct2,SUBCELLULAR LOCATION: Cytoplasm {ECO:0000250|UniProtKB:P78371}.,NA,NA,Acetylation;ATP-binding;Chaperone;Cytoplasm;Direct protein sequencing;Hydrolase;Isopeptide bond;Magnesium;Metal-binding;Nucleotide-binding;Phosphoprotein;Reference proteome;Ubl conjugation,Evidence at protein level,535
P80315,Cct4,"SUBCELLULAR LOCATION: Cytoplasm {ECO:0000269|PubMed:23807208}. Melanosome {ECO:0000250|UniProtKB:P50991}. Cytoplasm, cytoskeleton, microtubule organizing center, centrosome {ECO:0000269|PubMed:23807208}. Cytoplasm, cytoskeleton, cilium basal body {ECO:0000269|PubMed:23807208}.",NA,NA,Acetylation;ATP-binding;Cell projection;Chaperone;Cilium;Cytoplasm;Cytoskeleton;Direct protein sequencing;Hydrolase;Magnesium;Metal-binding;Methylation;Nucleotide-binding;Phosphoprotein;Reference proteome,Evidence at protein level,539
P80316,Cct5,"SUBCELLULAR LOCATION: Cytoplasm {ECO:0000250|UniProtKB:P48643}. Cytoplasm, cytoskeleton, microtubule organizing center, centrosome {ECO:0000250|UniProtKB:P48643}.",NA,NA,Acetylation;ATP-binding;Chaperone;Cytoplasm;Cytoskeleton;Direct protein sequencing;Hydrolase;Isopeptide bond;Magnesium;Metal-binding;Nucleotide-binding;Phosphoprotein;Reference proteome;Ubl conjugation,Evidence at protein level,541
P80318,Cct3,SUBCELLULAR LOCATION: Cytoplasm {ECO:0000305}.,NA,NA,3D-structure;Acetylation;ATP-binding;Chaperone;Cytoplasm;Direct protein sequencing;Disulfide bond;Hydrolase;Isopeptide bond;Magnesium;Metal-binding;Nucleotide-binding;Phosphoprotein;Reference proteome;Ubl conjugation,Evidence at protein level,545
P82347,Sgcd,"SUBCELLULAR LOCATION: Cell membrane, sarcolemma {ECO:0000269|PubMed:9864373}; Single-pass type II membrane protein {ECO:0000269|PubMed:9864373}. Cytoplasm, cytoskeleton {ECO:0000269|PubMed:9864373}.",NA,NA,3D-structure;Cell membrane;Cytoplasm;Cytoskeleton;Disulfide bond;Glycoprotein;Membrane;Reference proteome;Signal-anchor;Transmembrane;Transmembrane helix,Evidence at protein level,289
P82348,Sgcg,"SUBCELLULAR LOCATION: Cell membrane, sarcolemma {ECO:0000269|PubMed:9864373}; Single-pass type II membrane protein {ECO:0000269|PubMed:9864373}. Cytoplasm, cytoskeleton {ECO:0000269|PubMed:9864373}.",NA,NA,3D-structure;Cell membrane;Cytoplasm;Cytoskeleton;Disulfide bond;Glycoprotein;Membrane;Reference proteome;Signal-anchor;Transmembrane;Transmembrane helix,Evidence at protein level,291
P82349,Sgcb,"SUBCELLULAR LOCATION: Cell membrane, sarcolemma {ECO:0000269|PubMed:9864373}; Single-pass type II membrane protein {ECO:0000269|PubMed:9864373}. Cytoplasm, cytoskeleton {ECO:0000269|PubMed:9864373}.",NA,NA,3D-structure;Cell membrane;Cytoplasm;Cytoskeleton;Disulfide bond;Glycoprotein;Membrane;Reference proteome;Signal-anchor;Transmembrane;Transmembrane helix,Evidence at protein level,320
P82350,Sgca,"SUBCELLULAR LOCATION: Cell membrane, sarcolemma {ECO:0000269|PubMed:9864373}; Single-pass type I membrane protein {ECO:0000269|PubMed:9864373}. Cytoplasm, cytoskeleton {ECO:0000269|PubMed:9864373}.",NA,"SIGNAL 1..23; /evidence=""ECO:0000255""",3D-structure;Cell membrane;Cytoplasm;Cytoskeleton;Glycoprotein;Membrane;Phosphoprotein;Reference proteome;Signal;Transmembrane;Transmembrane helix,Evidence at protein level,387
P83093,Stim2,SUBCELLULAR LOCATION: Endoplasmic reticulum membrane {ECO:0000250}; Single-pass type I membrane protein {ECO:0000250}. Note=Dynamically translocates from a uniform endoplasmic reticulum distribution to punctual endoplasmic reticulum-plasma membrane junctions in response to decrease in endoplasmic reticulum Ca(2+) concentration. {ECO:0000250}.,NA,"SIGNAL 1..14; /evidence=""ECO:0000255""",Calcium;Calcium transport;Coiled coil;Endoplasmic reticulum;Glycoprotein;Ion transport;Membrane;Metal-binding;Phosphoprotein;Reference proteome;Signal;Transmembrane;Transmembrane helix;Transport,Evidence at protein level,746
P83882,Rpl36a,SUBCELLULAR LOCATION: Cytoplasm {ECO:0000269|PubMed:36517592}.,NA,NA,3D-structure;Cytoplasm;Reference proteome;Ribonucleoprotein;Ribosomal protein,Evidence at protein level,106
P83940,Eloc,SUBCELLULAR LOCATION: Nucleus {ECO:0000305|PubMed:33590678}.,NA,NA,3D-structure;Nucleus;Reference proteome;Transcription;Transcription regulation;Ubl conjugation;Ubl conjugation pathway,Evidence at protein level,112
P84091,Ap2m1,"SUBCELLULAR LOCATION: Cell membrane {ECO:0000250|UniProtKB:Q96CW1}. Membrane, coated pit {ECO:0000250|UniProtKB:Q96CW1}; Peripheral membrane protein; Cytoplasmic side. Note=AP-2 appears to be excluded from internalizing CCVs and to disengage from sites of endocytosis seconds before internalization of the nascent CCV. {ECO:0000305|PubMed:14530274}.",NA,NA,3D-structure;Cell membrane;Coated pit;Direct protein sequencing;Endocytosis;Lipid-binding;Membrane;Phosphoprotein;Protein transport;Reference proteome;Transport,Evidence at protein level,435
P84096,Rhog,SUBCELLULAR LOCATION: Cell membrane {ECO:0000305}; Lipid-anchor {ECO:0000305}; Cytoplasmic side {ECO:0000305}.,NA,NA,Cell membrane;GTP-binding;Hydrolase;Lipoprotein;Magnesium;Membrane;Metal-binding;Methylation;Nucleotide-binding;Phosphoprotein;Prenylation;Reference proteome,Evidence at protein level,191
P84099,Rpl19,SUBCELLULAR LOCATION: Cytoplasm {ECO:0000269|PubMed:36517592}.,NA,NA,3D-structure;Citrullination;Cytoplasm;Direct protein sequencing;Isopeptide bond;Phosphoprotein;Reference proteome;Ribonucleoprotein;Ribosomal protein;Ubl conjugation,Evidence at protein level,196
P84104,Srsf3,SUBCELLULAR LOCATION: Nucleus {ECO:0000250|UniProtKB:P84103}. Nucleus speckle {ECO:0000250|UniProtKB:P84103}. Cytoplasm {ECO:0000250|UniProtKB:P84103}. Note=Recruited to nuclear speckles following interaction with YTHDC1. {ECO:0000250|UniProtKB:P84103}.,NA,NA,Acetylation;Alternative splicing;Cytoplasm;mRNA processing;mRNA splicing;mRNA transport;Nucleus;Phosphoprotein;Reference proteome;Repeat;RNA-binding;Transport,Evidence at protein level,164
P97287,Mcl1,"SUBCELLULAR LOCATION: Membrane {ECO:0000250}; Single-pass membrane protein {ECO:0000250}. Cytoplasm {ECO:0000250}. Mitochondrion. Nucleus, nucleoplasm {ECO:0000250}. Note=Cytoplasmic, associated with mitochondria.",NA,NA,3D-structure;Alternative splicing;Apoptosis;Cytoplasm;Developmental protein;Differentiation;Isopeptide bond;Membrane;Mitochondrion;Nucleus;Phosphoprotein;Reference proteome;Transmembrane;Transmembrane helix;Ubl conjugation,Evidence at protein level,331
P97300,Nptn,SUBCELLULAR LOCATION: Cell membrane {ECO:0000269|PubMed:40836084}; Single-pass type I membrane protein {ECO:0000269|PubMed:40836084}.; SUBCELLULAR LOCATION: [Isoform 2]: Postsynaptic density {ECO:0000250|UniProtKB:P97546}.,NA,"SIGNAL 1..28; /evidence=""ECO:0000250""",3D-structure;Alternative splicing;Cell adhesion;Cell membrane;Direct protein sequencing;Disulfide bond;Glycoprotein;Immunoglobulin domain;Membrane;Neurogenesis;Reference proteome;Repeat;Signal;Synapse;Transmembrane;Transmembrane helix,Evidence at protein level,397
P97352,S100a13,SUBCELLULAR LOCATION: Cytoplasm. Secreted. Note=Secretion is mediated by exposure to stress and requires copper ions.,NA,NA,3D-structure;Calcium;Copper;Cytoplasm;Lipid-binding;Metal-binding;Phosphoprotein;Protein transport;Reference proteome;Repeat;Secreted;Transport,Evidence at protein level,98
P97370,Atp1b3,SUBCELLULAR LOCATION: Apical cell membrane {ECO:0000250|UniProtKB:Q63377}; Single-pass type II membrane protein {ECO:0000255}. Basolateral cell membrane {ECO:0000250|UniProtKB:Q63377}; Single-pass type II membrane protein {ECO:0000255}. Melanosome {ECO:0000250|UniProtKB:P54709}. Note=Identified by mass spectrometry in melanosome fractions from stage I to stage IV. {ECO:0000250|UniProtKB:P54709}.,NA,NA,Cell membrane;Direct protein sequencing;Disulfide bond;Glycoprotein;Ion transport;Membrane;Potassium;Potassium transport;Reference proteome;Signal-anchor;Sodium;Sodium transport;Sodium/potassium transport;Transmembrane;Transmembrane helix;Transport,Evidence at protein level,278
P97384,Anxa11,"SUBCELLULAR LOCATION: Cytoplasm {ECO:0000250}. Melanosome {ECO:0000250}. Nucleus envelope {ECO:0000250}. Nucleus, nucleoplasm {ECO:0000250}. Cytoplasm, cytoskeleton, spindle {ECO:0000250}. Note=Found throughout the nucleoplasm at interphase and during mitosis concentrates around the mitotic apparatus. Elevation of intracellular calcium causes relocalization from the nucleoplasm to the nuclear envelope, with little effect on the cytoplasmic pool. Localization to the nuclear envelope is cell-cycle dependent. {ECO:0000250}.",NA,NA,Acetylation;Annexin;Calcium;Calcium/phospholipid-binding;Cell cycle;Cell division;Cytoplasm;Cytoskeleton;Nucleus;Reference proteome;Repeat,Evidence at protein level,503
P97429,Anxa4,SUBCELLULAR LOCATION: Zymogen granule membrane {ECO:0000250|UniProtKB:P50994}; Peripheral membrane protein {ECO:0000250|UniProtKB:P50994}.,NA,NA,Acetylation;Annexin;Calcium;Calcium/phospholipid-binding;Cytoplasmic vesicle;Membrane;Phosphoprotein;Reference proteome;Repeat,Evidence at protein level,319
P97443,Smyd1,SUBCELLULAR LOCATION: Cytoplasm {ECO:0000269|PubMed:11923873}. Nucleus {ECO:0000269|PubMed:11923873}.,NA,NA,3D-structure;Alternative splicing;Cytoplasm;DNA-binding;Metal-binding;Methyltransferase;Nucleus;Reference proteome;Repressor;S-adenosyl-L-methionine;Transcription;Transcription regulation;Transferase;Zinc;Zinc-finger,Evidence at protein level,490
P97447,Fhl1,SUBCELLULAR LOCATION: [Isoform 1]: Cytoplasm.; SUBCELLULAR LOCATION: [Isoform 2]: Nucleus.,NA,NA,3D-structure;Acetylation;Alternative splicing;Cytoplasm;Developmental protein;Differentiation;Isopeptide bond;LIM domain;Metal-binding;Nucleus;Reference proteome;Repeat;Ubl conjugation;Zinc;Zinc-finger,Evidence at protein level,280
P97449,Anpep,SUBCELLULAR LOCATION: Cell membrane {ECO:0000269|PubMed:8805662}; Single-pass type II membrane protein {ECO:0000250|UniProtKB:P15144}. Note=Also found as a soluble form. {ECO:0000250|UniProtKB:P15144}.,NA,NA,Aminopeptidase;Angiogenesis;Cell membrane;Developmental protein;Differentiation;Direct protein sequencing;Disulfide bond;Glycoprotein;Hydrolase;Membrane;Metal-binding;Metalloprotease;Phosphoprotein;Protease;Reference proteome;Signal-anchor;Sulfation;Transmembrane;Transmembrane helix;Zinc,Evidence at protein level,966
P70295,Aup1,SUBCELLULAR LOCATION: Endoplasmic reticulum membrane {ECO:0000250|UniProtKB:Q9Y679}; Peripheral membrane protein {ECO:0000250|UniProtKB:Q9Y679}. Lipid droplet {ECO:0000250|UniProtKB:Q9Y679}.,NA,NA,Acetylation;Endoplasmic reticulum;Lipid droplet;Membrane;Phosphoprotein;Reference proteome;Ubl conjugation,Evidence at protein level,410
P70404,Idh3g,SUBCELLULAR LOCATION: Mitochondrion {ECO:0000250|UniProtKB:P51553}. Photoreceptor inner segment {ECO:0000250|UniProtKB:P51553}.,"TRANSIT 1..39; /note=""Mitochondrion""; /evidence=""ECO:0000250""",NA,Acetylation;ATP-binding;Direct protein sequencing;Magnesium;Manganese;Metal-binding;Mitochondrion;Nucleotide-binding;Phosphoprotein;Reference proteome;Transit peptide;Tricarboxylic acid cycle,Evidence at protein level,393
P97379,G3bp2,"SUBCELLULAR LOCATION: Cytoplasm {ECO:0000250|UniProtKB:Q9UN86}. Cytoplasm, Stress granule {ECO:0000250|UniProtKB:Q9UN86}.",NA,NA,Alternative splicing;Cytoplasm;Immunity;Innate immunity;Isopeptide bond;Methylation;mRNA transport;Phosphoprotein;Reference proteome;RNA-binding;Transport;Ubl conjugation,Evidence at protein level,482
P70402,Mybph,NA,NA,NA,Cell adhesion;Immunoglobulin domain;Muscle protein;Phosphoprotein;Reference proteome;Repeat;Thick filament,Evidence at transcript level,483
P97371,Psme1,NA,NA,NA,3D-structure;Proteasome;Reference proteome,Evidence at protein level,249
P85094,Isoc2a,SUBCELLULAR LOCATION: Cytoplasm {ECO:0000250}. Nucleus {ECO:0000250}. Note=Localizes to the nucleus in the presence of CDKN2A. {ECO:0000250}.,NA,NA,Acetylation;Cytoplasm;Nucleus;Reference proteome,Evidence at protein level,206
P97461,Rps5,"SUBCELLULAR LOCATION: Cytoplasm {ECO:0000269|PubMed:36517592}. Nucleus, nucleolus {ECO:0000250|UniProtKB:P46782}.",NA,NA,3D-structure;Acetylation;Cytoplasm;Isopeptide bond;Nucleus;Phosphoprotein;Reference proteome;Ribonucleoprotein;Ribosomal protein;Ubl conjugation,Evidence at protein level,204
P97478,Coq7,"SUBCELLULAR LOCATION: Mitochondrion inner membrane {ECO:0000255|HAMAP-Rule:MF_03194, ECO:0000269|PubMed:11387338, ECO:0000269|PubMed:11511092}; Peripheral membrane protein {ECO:0000255|HAMAP-Rule:MF_03194, ECO:0000269|PubMed:11387338}; Matrix side {ECO:0000255|HAMAP-Rule:MF_03194, ECO:0000269|PubMed:11387338}.","TRANSIT 1..23; /note=""Mitochondrion""; /evidence=""ECO:0000255|HAMAP-Rule:MF_03194""",NA,Iron;Membrane;Metal-binding;Mitochondrion;Mitochondrion inner membrane;Monooxygenase;NAD;Oxidoreductase;Reference proteome;Repeat;Transit peptide;Ubiquinone biosynthesis,Evidence at protein level,217
P97742,Cpt1a,SUBCELLULAR LOCATION: Mitochondrion outer membrane {ECO:0000250|UniProtKB:P50416}; Multi-pass membrane protein {ECO:0000255}.,NA,NA,Acetylation;Acyltransferase;Fatty acid metabolism;Lipid metabolism;Membrane;Mitochondrion;Mitochondrion outer membrane;Nitration;Phosphoprotein;Reference proteome;Transferase;Transmembrane;Transmembrane helix;Transport,Evidence at protein level,773
P97807,Fh,"SUBCELLULAR LOCATION: [Isoform Mitochondrial]: Mitochondrion {ECO:0000250|UniProtKB:P07954}.; SUBCELLULAR LOCATION: [Isoform Cytoplasmic]: Cytoplasm, cytosol {ECO:0000250|UniProtKB:P07954}. Nucleus {ECO:0000250|UniProtKB:P07954}. Chromosome {ECO:0000250|UniProtKB:P07954}. Note=Translocates to the nucleus in response to DNA damage: localizes to DNA double-strand breaks (DSBs) following phosphorylation by PRKDC. {ECO:0000250|UniProtKB:P07954}.","TRANSIT 1..41; /note=""Mitochondrion""; /evidence=""ECO:0000250|UniProtKB:P10173""",NA,Acetylation;Alternative initiation;Chromosome;Cytoplasm;Direct protein sequencing;DNA damage;DNA repair;Lyase;Mitochondrion;Nucleus;Phosphoprotein;Reference proteome;Transit peptide;Tricarboxylic acid cycle,Evidence at protein level,507
P97821,Ctsc,SUBCELLULAR LOCATION: Lysosome {ECO:0000250|UniProtKB:P53634}.,NA,"SIGNAL 1..24; /evidence=""ECO:0000250|UniProtKB:P53634""",Chloride;Disulfide bond;Glycoprotein;Hydrolase;Lysosome;Protease;Reference proteome;Signal;Thiol protease;Zymogen,Evidence at protein level,462
P97823,Lypla1,"SUBCELLULAR LOCATION: Cytoplasm {ECO:0000250|UniProtKB:O75608}. Cell membrane {ECO:0000250|UniProtKB:O75608}. Nucleus membrane {ECO:0000250|UniProtKB:O75608}. Endoplasmic reticulum {ECO:0000250|UniProtKB:O75608}. Note=Shows predominantly a cytoplasmic localization with a weak expression in the cell membrane, nuclear membrane and endoplasmic reticulum. {ECO:0000250|UniProtKB:O75608}.",NA,NA,Acetylation;Alternative splicing;Cell membrane;Cytoplasm;Direct protein sequencing;Endoplasmic reticulum;Fatty acid metabolism;Hydrolase;Lipid metabolism;Membrane;Nucleus;Reference proteome,Evidence at protein level,230
P97855,G3bp1,"SUBCELLULAR LOCATION: Cytoplasm, cytosol {ECO:0000269|PubMed:15086518, ECO:0000269|PubMed:8649363}. Perikaryon {ECO:0000269|PubMed:15086518}. Cytoplasm, Stress granule {ECO:0000250|UniProtKB:Q13283}. Nucleus {ECO:0000250|UniProtKB:Q13283}. Note=Cytoplasmic in proliferating cells, can be recruited to the plasma membrane in exponentially growing cells. Cytosolic and partially nuclear in resting cells. Recruited to stress granules in response to arsenite treatment. The unphosphorylated form is recruited to stress granules. HRAS signaling contributes to this process by regulating G3BP dephosphorylation. {ECO:0000250|UniProtKB:Q13283}.",NA,NA,Acetylation;ATP-binding;Cytoplasm;Direct protein sequencing;DNA-binding;Endonuclease;Helicase;Hydrolase;Immunity;Innate immunity;Isopeptide bond;Methylation;Nuclease;Nucleotide-binding;Nucleus;Phosphoprotein;Reference proteome;RNA-binding;Transport;Ubl conjugation,Evidence at protein level,465
P97952,Scn1b,"SUBCELLULAR LOCATION: Cell membrane {ECO:0000269|PubMed:19710327}; Single-pass type I membrane protein {ECO:0000250|UniProtKB:Q07699}. Perikaryon {ECO:0000269|PubMed:19710327}. Cell projection {ECO:0000269|PubMed:19710327}. Cell projection, axon {ECO:0000250|UniProtKB:Q00954}. Note=Detected at nodes of Ranvier on the sciatic nerve. {ECO:0000269|PubMed:19710327}.",NA,"SIGNAL 1..18; /evidence=""ECO:0000250|UniProtKB:Q00954""",Cell membrane;Cell projection;Disulfide bond;Glycoprotein;Immunoglobulin domain;Ion transport;Membrane;Reference proteome;Signal;Sodium;Sodium transport;Transmembrane;Transmembrane helix;Transport,Evidence at protein level,218
P99024,Tubb5,"SUBCELLULAR LOCATION: Cytoplasm, cytoskeleton {ECO:0000269|PubMed:26637975}.",NA,NA,Acetylation;Cytoplasm;Cytoskeleton;Direct protein sequencing;GTP-binding;Isopeptide bond;Magnesium;Metal-binding;Methylation;Microtubule;Nucleotide-binding;Phosphoprotein;Reference proteome;Ubl conjugation,Evidence at protein level,444
P99026,Psmb4,"SUBCELLULAR LOCATION: Cytoplasm {ECO:0000250|UniProtKB:P28070}. Nucleus {ECO:0000250|UniProtKB:P28070}. Note=Translocated from the cytoplasm into the nucleus following interaction with AKIRIN2, which bridges the proteasome with the nuclear import receptor IPO9. {ECO:0000250|UniProtKB:P28070}.",NA,NA,3D-structure;Acetylation;Cytoplasm;Direct protein sequencing;Nucleus;Phosphoprotein;Proteasome;Reference proteome,Evidence at protein level,264
P99027,Rplp2,NA,NA,NA,Acetylation;Direct protein sequencing;Phosphoprotein;Reference proteome;Ribonucleoprotein;Ribosomal protein,Evidence at protein level,115
P99028,Uqcrh,"SUBCELLULAR LOCATION: Mitochondrion inner membrane {ECO:0000269|PubMed:34616041, ECO:0000269|PubMed:38575788}; Peripheral membrane protein {ECO:0000269|PubMed:34616041, ECO:0000269|PubMed:38575788}; Intermembrane side {ECO:0000269|PubMed:34616041, ECO:0000269|PubMed:38575788}.","TRANSIT 1..13; /note=""Mitochondrion""; /evidence=""ECO:0000269|Ref.3""",NA,3D-structure;Acetylation;Direct protein sequencing;Disulfide bond;Electron transport;Membrane;Mitochondrion;Mitochondrion inner membrane;Reference proteome;Respiratory chain;Transit peptide;Transport,Evidence at protein level,89
P99029,Prdx5,SUBCELLULAR LOCATION: [Isoform Mitochondrial]: Mitochondrion {ECO:0000250|UniProtKB:P30044}.; SUBCELLULAR LOCATION: [Isoform Cytoplasmic+peroxisomal]: Cytoplasm {ECO:0000250|UniProtKB:P30044}. Peroxisome matrix {ECO:0000250|UniProtKB:P30044}.,"TRANSIT 1..48; /note=""Mitochondrion""; /evidence=""ECO:0000255""",NA,Acetylation;Alternative initiation;Antioxidant;Cytoplasm;Direct protein sequencing;Disulfide bond;Lipoprotein;Mitochondrion;Oxidoreductase;Palmitate;Peroxidase;Peroxisome;Phosphoprotein;Redox-active center;Reference proteome;Transit peptide,Evidence at protein level,210
Q00623,Apoa1,SUBCELLULAR LOCATION: Secreted.,NA,"SIGNAL 1..18; /evidence=""ECO:0000250""",3D-structure;Cholesterol metabolism;Direct protein sequencing;Glycoprotein;HDL;Lipid metabolism;Lipid transport;Lipoprotein;Nitration;Oxidation;Palmitate;Phosphoprotein;Reference proteome;Repeat;Secreted;Signal;Steroid metabolism;Sterol metabolism;Transport,Evidence at protein level,264
Q00897,Serpina1d,"SUBCELLULAR LOCATION: Secreted {ECO:0000269|PubMed:11961105, ECO:0000269|PubMed:8619829}.",NA,"SIGNAL 1..24; /evidence=""ECO:0000255""",Glycoprotein;Protease inhibitor;Reference proteome;Secreted;Serine protease inhibitor;Signal,Evidence at protein level,413
Q01149,Col1a2,"SUBCELLULAR LOCATION: Secreted, extracellular space, extracellular matrix {ECO:0000255|PROSITE-ProRule:PRU00793}.",NA,"SIGNAL 1..22; /evidence=""ECO:0000250|UniProtKB:P02466""",Calcium;Collagen;Disulfide bond;Extracellular matrix;Glycoprotein;Hydroxylation;Metal-binding;Pyrrolidone carboxylic acid;Reference proteome;Repeat;Secreted;Signal,Evidence at protein level,1372
Q01339,Apoh,SUBCELLULAR LOCATION: Secreted.,NA,SIGNAL 1..19,Disulfide bond;Glycoprotein;Heparin-binding;Reference proteome;Repeat;Secreted;Signal;Sushi,Evidence at protein level,345
Q01405,Sec23a,"SUBCELLULAR LOCATION: Cytoplasmic vesicle, COPII-coated vesicle membrane {ECO:0000250|UniProtKB:Q15436}; Peripheral membrane protein {ECO:0000250|UniProtKB:Q15436}; Cytoplasmic side {ECO:0000250|UniProtKB:Q15436}. Endoplasmic reticulum membrane {ECO:0000250|UniProtKB:Q15436}; Peripheral membrane protein {ECO:0000250|UniProtKB:Q15436}; Cytoplasmic side {ECO:0000250|UniProtKB:Q15436}. Cytoplasm, cytosol {ECO:0000250|UniProtKB:Q15436}. Note=Enriched at endoplasmic reticulum exit sites (ERES), also known as transitional endoplasmic reticulum (tER). {ECO:0000250|UniProtKB:Q15436}.",NA,NA,Acetylation;Cytoplasm;Cytoplasmic vesicle;Endoplasmic reticulum;ER-Golgi transport;Membrane;Metal-binding;Phosphoprotein;Protein transport;Reference proteome;Transport;Zinc,Evidence at protein level,765
Q01853,Vcp,"SUBCELLULAR LOCATION: Cytoplasm, cytosol {ECO:0000250|UniProtKB:P55072}. Endoplasmic reticulum {ECO:0000250|UniProtKB:P55072}. Nucleus {ECO:0000250|UniProtKB:P55072}. Cytoplasm, Stress granule {ECO:0000250|UniProtKB:P55072}. Nucleus {ECO:0000269|PubMed:33590678}. Note=Recruited to the cytoplasmic surface of the endoplasmic reticulum via interaction with AMFR/gp78. Following DNA double-strand breaks, recruited to the sites of damage. Recruited to stalled replication forks via interaction with SPRTN. Recruited to damaged lysosomes decorated with K48-linked ubiquitin chains. Colocalizes with TIA1, ZFAND1 and G3BP1 in cytoplasmic stress granules (SGs) in response to arsenite-induced stress treatment (By similarity). {ECO:0000250|UniProtKB:P55072}.",NA,NA,3D-structure;Acetylation;ATP-binding;Autophagy;Cytoplasm;Direct protein sequencing;DNA damage;DNA repair;Endoplasmic reticulum;Hydrolase;Isopeptide bond;Lipid-binding;Methylation;Nucleotide-binding;Nucleus;Phosphoprotein;Reference proteome;Transport;Ubl conjugation;Ubl conjugation pathway,Evidence at protein level,806
Q02013,Aqp1,SUBCELLULAR LOCATION: Cell membrane {ECO:0000269|PubMed:12133842}; Multi-pass membrane protein {ECO:0000250|UniProtKB:P29972}.,NA,NA,Cell membrane;Glycoprotein;Membrane;Phosphoprotein;Reference proteome;Repeat;Transmembrane;Transmembrane helix;Transport,Evidence at protein level,269
Q02053,Uba1,SUBCELLULAR LOCATION: Cytoplasm {ECO:0000250|UniProtKB:P22314}. Mitochondrion {ECO:0000250|UniProtKB:P22314}. Nucleus {ECO:0000250|UniProtKB:P22314}.,NA,NA,3D-structure;Acetylation;ATP-binding;Cytoplasm;Direct protein sequencing;Ligase;Mitochondrion;Nucleotide-binding;Nucleus;Phosphoprotein;Reference proteome;Repeat;Ubl conjugation;Ubl conjugation pathway,Evidence at protein level,1058
Q02111,Prkcq,"SUBCELLULAR LOCATION: Cytoplasm {ECO:0000250}. Cell membrane {ECO:0000250}; Peripheral membrane protein. Note=In resting T-cells, mostly localized in cytoplasm. In response to TCR stimulation, associates with lipid rafts and then localizes in the immunological synapse (By similarity). {ECO:0000250}.",NA,NA,3D-structure;ATP-binding;Cell membrane;Cytoplasm;Immunity;Inflammatory response;Isopeptide bond;Kinase;Magnesium;Membrane;Metal-binding;Nucleotide-binding;Phosphoprotein;Reference proteome;Repeat;Serine/threonine-protein kinase;Transferase;Ubl conjugation;Zinc;Zinc-finger,Evidence at protein level,707
Q02248,Ctnnb1,"SUBCELLULAR LOCATION: Cytoplasm {ECO:0000269|PubMed:27015268, ECO:0000269|PubMed:27375112, ECO:0000269|PubMed:30389919}. Nucleus {ECO:0000269|PubMed:27015268, ECO:0000269|PubMed:30389919}. Cytoplasm, cytoskeleton. Cell junction, adherens junction {ECO:0000269|PubMed:20705246, ECO:0000269|PubMed:27375112}. Cell junction {ECO:0000269|PubMed:12494996}. Cell membrane {ECO:0000269|PubMed:27015268}. Cytoplasm, cytoskeleton, microtubule organizing center, centrosome {ECO:0000250|UniProtKB:P35222}. Cytoplasm, cytoskeleton, spindle pole {ECO:0000250|UniProtKB:P35222}. Synapse {ECO:0000269|PubMed:20705246}. Cytoplasm, cytoskeleton, cilium basal body {ECO:0000269|PubMed:21623382}. Note=Colocalized with RAPGEF2 and TJP1 at cell-cell contacts (By similarity). Cytoplasmic when it is un-stable (highly phosphorylated) or bound to CDH1. Translocates to the nucleus when it is stabilized (low level of phosphorylation). Interaction with GLIS2 and MUC1 promotes nuclear translocation. Interaction with EMD inhibits nuclear localization. The majority of CTNNB1 is localized to the cell membrane. In interphase, colocalizes with CROCC between CEP250 puncta at the proximal end of centrioles, and this localization is dependent on CROCC and CEP250. In mitosis, when NEK2 activity increases, it localizes to centrosomes at spindle poles independent of CROCC. Colocalizes with CDK5 in the cell-cell contacts and plasma membrane of undifferentiated and differentiated neuroblastoma cells. Interaction with FAM53B promotes translocation to the nucleus (By similarity). Translocates to the nucleus in the presence of SNAIL1 (By similarity). Ca(2+)-mediated localization to the cell membrane in dental epithelial cells is inhibited via WNT3A (PubMed:27015268). Localizes to cell-cell contacts as keratinocyte differentiation progresses (PubMed:27375112). {ECO:0000250|UniProtKB:B6V8E6, ECO:0000250|UniProtKB:P35222, ECO:0000269|PubMed:27015268, ECO:0000269|PubMed:27375112}.",NA,NA,3D-structure;Acetylation;Activator;Cell adhesion;Cell junction;Cell membrane;Cell projection;Cytoplasm;Cytoskeleton;Glycoprotein;Membrane;Neurogenesis;Nucleus;Phosphoprotein;Reference proteome;Repeat;S-nitrosylation;Synapse;Transcription;Transcription regulation;Ubl conjugation;Wnt signaling pathway,Evidence at protein level,781
Q02357,Ank1,"SUBCELLULAR LOCATION: [Isoform Er1]: Cytoplasm, cytoskeleton {ECO:0000250}. Note=Probably the other erythrocyte (Er) isoforms, are located near the surface of erythrocytic plasma membrane. {ECO:0000250}.; SUBCELLULAR LOCATION: [Isoform Mu7]: Membrane {ECO:0000250}.; SUBCELLULAR LOCATION: [Isoform Mu8]: Sarcoplasmic reticulum {ECO:0000250}.",NA,NA,Alternative promoter usage;Alternative splicing;ANK repeat;Cytoplasm;Cytoskeleton;Direct protein sequencing;Hydroxylation;Lipoprotein;Membrane;Phosphoprotein;Reference proteome;Repeat;Sarcoplasmic reticulum,Evidence at protein level,1862
Q02788,Col6a2,"SUBCELLULAR LOCATION: Secreted, extracellular space, extracellular matrix {ECO:0000250}. Membrane {ECO:0000250}; Peripheral membrane protein {ECO:0000250}. Note=Recruited on membranes by CSPG4. {ECO:0000250}.",NA,"SIGNAL 1..25; /evidence=""ECO:0000255""",Cell adhesion;Collagen;Extracellular matrix;Glycoprotein;Hydroxylation;Membrane;Phosphoprotein;Reference proteome;Repeat;Secreted;Signal,Evidence at protein level,1034
Q02789,Cacna1s,"SUBCELLULAR LOCATION: Cell membrane, sarcolemma, T-tubule {ECO:0000250|UniProtKB:P07293}; Multi-pass membrane protein {ECO:0000250|UniProtKB:P07293}.",NA,NA,3D-structure;Alternative splicing;Calcium;Calcium channel;Calcium transport;Calmodulin-binding;Cell membrane;Disulfide bond;Glycoprotein;Ion channel;Ion transport;Membrane;Metal-binding;Phosphoprotein;Reference proteome;Repeat;Transmembrane;Transmembrane helix;Transport;Voltage-gated channel,Evidence at protein level,1852
Q02819,Nucb1,"SUBCELLULAR LOCATION: Golgi apparatus, cis-Golgi network membrane {ECO:0000250|UniProtKB:Q63083}; Peripheral membrane protein {ECO:0000250|UniProtKB:Q63083}; Lumenal side {ECO:0000250|UniProtKB:Q63083}. Cytoplasm {ECO:0000250|UniProtKB:Q63083}. Secreted {ECO:0000250|UniProtKB:Q63083}. Note=A small fraction of the protein may be cytoplasmic. In bone at least part of it is found in the extracellular matrix and in the culture medium of calvaria explants (By similarity). In lupus prone, but not in normal mice, at least part of it is in the serum where it induces the formation of autoantibodies including anti-DNA antibodies. {ECO:0000250|UniProtKB:Q63083, ECO:0000305}.",NA,"SIGNAL 1..25; /evidence=""ECO:0000250|UniProtKB:Q0P569""",Calcium;Coiled coil;Cytoplasm;Direct protein sequencing;DNA-binding;Golgi apparatus;Guanine-nucleotide releasing factor;Membrane;Metal-binding;Phosphoprotein;Reference proteome;Repeat;Secreted;Signal,Evidence at protein level,459
Q03265,Atp5f1a,SUBCELLULAR LOCATION: Mitochondrion inner membrane {ECO:0000269|PubMed:17438143}; Peripheral membrane protein {ECO:0000269|PubMed:17438143}; Matrix side {ECO:0000250|UniProtKB:P19483}. Cell membrane {ECO:0000250|UniProtKB:P25705}; Peripheral membrane protein {ECO:0000250|UniProtKB:P25705}; Extracellular side {ECO:0000250|UniProtKB:P25705}. Note=Colocalizes with HRG on the cell surface of T-cells. {ECO:0000250|UniProtKB:P25705}.,"TRANSIT 1..43; /note=""Mitochondrion""; /evidence=""ECO:0000250|UniProtKB:P19483""",NA,Acetylation;ATP synthesis;ATP-binding;Cell membrane;CF(1);Direct protein sequencing;Glycoprotein;Hydrogen ion transport;Ion transport;Magnesium;Membrane;Metal-binding;Methylation;Mitochondrion;Mitochondrion inner membrane;Nucleotide-binding;Phosphoprotein;Reference proteome;Transit peptide;Transport,Evidence at protein level,553
Q04447,Ckb,"SUBCELLULAR LOCATION: Cytoplasm, cytosol {ECO:0000305|PubMed:33597756}. Mitochondrion {ECO:0000269|PubMed:33597756}. Cell membrane {ECO:0000250|UniProtKB:P12277}. Note=Localizes to the mitochondria of thermogenic fat cells via the internal MTS-like signal (iMTS-L) region. {ECO:0000269|PubMed:33597756}.",NA,NA,ATP-binding;Cell membrane;Cytoplasm;Direct protein sequencing;Isopeptide bond;Kinase;Membrane;Mitochondrion;Nitration;Nucleotide-binding;Phosphoprotein;Reference proteome;Transferase;Ubl conjugation,Evidence at protein level,381
Q04857,Col6a1,"SUBCELLULAR LOCATION: Secreted, extracellular space, extracellular matrix {ECO:0000250}.",NA,SIGNAL 1..19,Cell adhesion;Collagen;Extracellular matrix;Glycoprotein;Hydroxylation;Reference proteome;Repeat;Secreted;Signal,Evidence at protein level,1025
Q05BC3,Eml1,"SUBCELLULAR LOCATION: Cytoplasm {ECO:0000269|PubMed:24859200}. Cytoplasm, perinuclear region {ECO:0000269|PubMed:24859200}. Cytoplasm, cytoskeleton {ECO:0000269|PubMed:24859200}. Note=Detected in cytoplasmic punctae. Co-localizes with microtubules. Enriched in perinuclear regions during interphase and in the region of spindle microtubules during metaphase. Enriched at the midzone during telophase and cytokinesis. Detected at growth cones in neurons. {ECO:0000269|PubMed:24859200}.",NA,NA,Alternative splicing;Coiled coil;Cytoplasm;Cytoskeleton;Disease variant;Microtubule;Reference proteome;Repeat;WD repeat,Evidence at protein level,814
Q07076,Anxa7,NA,NA,NA,Acetylation;Annexin;Calcium;Calcium/phospholipid-binding;Reference proteome;Repeat,Evidence at protein level,463
Q07079,Igfbp5,SUBCELLULAR LOCATION: Secreted {ECO:0000269|PubMed:26854565}. Cytoplasm {ECO:0000250|UniProtKB:P24593}. Nucleus {ECO:0000250|UniProtKB:P24593}.,NA,"SIGNAL 1..19; /evidence=""ECO:0000255""",Cytoplasm;Direct protein sequencing;Disulfide bond;Growth factor binding;Nucleus;Phosphoprotein;Reference proteome;Secreted;Signal,Evidence at protein level,271
Q07113,Igf2r,SUBCELLULAR LOCATION: Golgi apparatus membrane {ECO:0000250|UniProtKB:P11717}; Single-pass type I membrane protein {ECO:0000250|UniProtKB:P11717}. Endosome membrane {ECO:0000250|UniProtKB:P11717}; Single-pass type I membrane protein {ECO:0000250|UniProtKB:P11717}. Note=Mainly localized in the Golgi at steady state and not detectable in lysosome. Colocalized with DPP4 in internalized cytoplasmic vesicles adjacent to the cell surface. {ECO:0000250|UniProtKB:P11717}.,NA,"SIGNAL 1..35; /evidence=""ECO:0000255""",Acetylation;Disulfide bond;Endosome;Glycoprotein;Golgi apparatus;Lipoprotein;Membrane;Methylation;Palmitate;Phosphoprotein;Receptor;Reference proteome;Repeat;Signal;Transmembrane;Transmembrane helix;Transport,Evidence at protein level,2483
Q08481,Pecam1,SUBCELLULAR LOCATION: Cell membrane {ECO:0000250|UniProtKB:P16284}; Single-pass type I membrane protein {ECO:0000250|UniProtKB:P16284}. Membrane raft {ECO:0000250|UniProtKB:P16284}. Cell junction {ECO:0000250|UniProtKB:P16284}. Note=Localizes to the lateral border recycling compartment (LBRC) and recycles from the LBRC to the junction in resting endothelial cells. Cell surface expression on neutrophils is down-regulated upon fMLP or CXCL8/IL8-mediated stimulation. {ECO:0000250|UniProtKB:P16284}.,NA,"SIGNAL 1..17; /evidence=""ECO:0000269|PubMed:1415479""",Alternative splicing;Cell adhesion;Cell junction;Cell membrane;Direct protein sequencing;Disulfide bond;Glycoprotein;Immunoglobulin domain;Lipoprotein;Membrane;Palmitate;Phosphoprotein;Reference proteome;Repeat;Signal;Transmembrane;Transmembrane helix,Evidence at protein level,727
Q08642,Padi2,SUBCELLULAR LOCATION: Cytoplasm {ECO:0000250|UniProtKB:Q9Y2J8}.,NA,NA,Acetylation;Calcium;Citrullination;Cytoplasm;Direct protein sequencing;Hydrolase;Metal-binding;Reference proteome,Evidence at protein level,673
Q08857,Cd36,"SUBCELLULAR LOCATION: Cell membrane {ECO:0000269|PubMed:23395392, ECO:0000269|PubMed:30605677}; Multi-pass membrane protein {ECO:0000255}. Apical cell membrane {ECO:0000269|PubMed:16276419, ECO:0000269|PubMed:21610069}. Membrane raft {ECO:0000250|UniProtKB:P16671}. Golgi apparatus {ECO:0000250|UniProtKB:P16671}. Note=Upon ligand-binding, internalized through dynamin-dependent endocytosis. {ECO:0000250|UniProtKB:P16671}.",NA,NA,Cell adhesion;Cell membrane;Disulfide bond;Glycoprotein;Golgi apparatus;Isopeptide bond;Lipid transport;Lipoprotein;Membrane;Palmitate;Receptor;Reference proteome;Transmembrane;Transmembrane helix;Transport;Ubl conjugation,Evidence at protein level,472
Q0PMG2,Mdga1,"SUBCELLULAR LOCATION: Cell membrane {ECO:0000250}; Lipid-anchor, GPI-anchor {ECO:0000250}. Note=Associated with lipid rafts. {ECO:0000250|UniProtKB:Q8NFP4}.",NA,"SIGNAL 1..18; /evidence=""ECO:0000255""",Cell membrane;Developmental protein;Differentiation;Disulfide bond;Glycoprotein;GPI-anchor;Immunoglobulin domain;Lipoprotein;Membrane;Neurogenesis;Reference proteome;Repeat;Signal,Evidence at transcript level,956
Q11011,Npepps,"SUBCELLULAR LOCATION: Cytoplasm, cytosol {ECO:0000269|PubMed:7592939}. Nucleus {ECO:0000269|PubMed:7592939}.",NA,NA,Aminopeptidase;Cytoplasm;Hydrolase;Metal-binding;Metalloprotease;Nitration;Nucleus;Protease;Reference proteome;Zinc,Evidence at protein level,920
Q1XH17,Trim72,"SUBCELLULAR LOCATION: Cell membrane, sarcolemma {ECO:0000269|PubMed:19029292, ECO:0000269|PubMed:19043407}. Cytoplasmic vesicle membrane {ECO:0000269|PubMed:19029292, ECO:0000269|PubMed:19043407}. Note=Tethered to plasma membrane and cytoplasmic vesicles via its interaction with phosphatidylserine.",NA,NA,3D-structure;Cell membrane;Coiled coil;Cytoplasmic vesicle;Disulfide bond;Exocytosis;Membrane;Metal-binding;Phosphoprotein;Reference proteome;S-nitrosylation;Transferase;Transport;Ubl conjugation pathway;Zinc;Zinc-finger,Evidence at protein level,477
Q2TBE6,Pi4k2a,"SUBCELLULAR LOCATION: Golgi apparatus, trans-Golgi network membrane {ECO:0000250|UniProtKB:Q9BTU6}; Lipid-anchor {ECO:0000250|UniProtKB:Q9BTU6}. Membrane raft {ECO:0000250|UniProtKB:Q9BTU6}. Endosome {ECO:0000250|UniProtKB:Q99M64}. Endosome membrane {ECO:0000250|UniProtKB:Q9BTU6}. Cytoplasmic vesicle {ECO:0000250|UniProtKB:Q99M64}. Cell projection, dendrite {ECO:0000269|PubMed:21998198}. Presynaptic cell membrane {ECO:0000269|PubMed:21998198}. Synapse, synaptosome {ECO:0000269|PubMed:21998198}. Mitochondrion {ECO:0000269|PubMed:21998198}. Membrane {ECO:0000269|PubMed:19581584}; Lipid-anchor {ECO:0000250|UniProtKB:Q9BTU6}. Cell membrane {ECO:0000250|UniProtKB:Q9BTU6}. Perikaryon {ECO:0000269|PubMed:21998198}. Cell projection, neuron projection {ECO:0000269|PubMed:21998198}. Note=Found in subdomains of the plasma membrane termed non-caveolar membrane rafts. Transported from neuronal cell body to neuron projections and neurite tips in a BLOC-1- and AP-3-complexes-dependent manner (PubMed:21998198). {ECO:0000269|PubMed:21998198}.",NA,NA,Acetylation;ATP-binding;Cell membrane;Cell projection;Cytoplasmic vesicle;Endosome;Golgi apparatus;Kinase;Lipid metabolism;Lipoprotein;Membrane;Mitochondrion;Nucleotide-binding;Palmitate;Phosphoprotein;Reference proteome;Synapse;Synaptosome;Transferase;Ubl conjugation,Evidence at protein level,479
P97450,Atp5pf,SUBCELLULAR LOCATION: Mitochondrion. Mitochondrion inner membrane.,"TRANSIT 1..32; /note=""Mitochondrion""; /evidence=""ECO:0000250""",NA,Acetylation;CF(0);Hydrogen ion transport;Ion transport;Membrane;Mitochondrion;Mitochondrion inner membrane;Phosphoprotein;Reference proteome;Transit peptide;Transport,Evidence at protein level,108
Q05D44,Eif5b,SUBCELLULAR LOCATION: Cytoplasm {ECO:0000269|PubMed:12426392}.,NA,NA,Cytoplasm;GTP-binding;Hydrolase;Initiation factor;Metal-binding;Nucleotide-binding;Phosphoprotein;Protein biosynthesis;Reference proteome,Evidence at protein level,1216
Q07417,Acads,SUBCELLULAR LOCATION: Mitochondrion matrix {ECO:0000250|UniProtKB:Q3ZBF6}.,"TRANSIT 1..24; /note=""Mitochondrion""; /evidence=""ECO:0000250|UniProtKB:P15651""",NA,Acetylation;FAD;Fatty acid metabolism;Flavoprotein;Lipid metabolism;Mitochondrion;Oxidoreductase;Phosphoprotein;Reference proteome;Transit peptide,Evidence at protein level,412
Q07797,Lgals3bp,"SUBCELLULAR LOCATION: Secreted {ECO:0000250|UniProtKB:Q08380}. Secreted, extracellular space, extracellular matrix {ECO:0000269|PubMed:8119883}.",NA,"SIGNAL 1..18; /evidence=""ECO:0000255""",Cell adhesion;Direct protein sequencing;Disulfide bond;Extracellular matrix;Glycoprotein;Reference proteome;Secreted;Signal,Evidence at protein level,577
Q149B8,Perm1,SUBCELLULAR LOCATION: Cytoplasm {ECO:0000269|PubMed:23836911}. Nucleus {ECO:0000269|PubMed:23836911}. Note=Shows a nuclear localization in the presence of PPARGC1A.,NA,NA,Cytoplasm;Methylation;Nucleus;Phosphoprotein;Reference proteome;Transcription;Transcription regulation,Evidence at protein level,807
Q14C51,Ptcd3,SUBCELLULAR LOCATION: Mitochondrion {ECO:0000250}.,"TRANSIT 1..10; /note=""Mitochondrion""; /evidence=""ECO:0000255""",NA,3D-structure;Acetylation;Mitochondrion;Reference proteome;Repeat;Ribonucleoprotein;Ribosomal protein;RNA-binding;rRNA-binding;Transit peptide;Translation regulation,Evidence at protein level,685
Q06185,Atp5me,SUBCELLULAR LOCATION: Mitochondrion. Mitochondrion inner membrane.,NA,NA,Acetylation;ATP synthesis;CF(0);Direct protein sequencing;Hydrogen ion transport;Ion transport;Membrane;Mitochondrion;Mitochondrion inner membrane;Phosphoprotein;Reference proteome;Transport,Evidence at protein level,71
Q0VGY9,Ank1,"SUBCELLULAR LOCATION: Cytoplasm, cytoskeleton {ECO:0000256|ARBA:ARBA00004245}. Membrane {ECO:0000256|ARBA:ARBA00004370}. Sarcoplasmic reticulum {ECO:0000256|ARBA:ARBA00004369}.",NA,NA,ANK repeat;Cytoplasm;Cytoskeleton;Hydroxylation;Lipoprotein;Membrane;Phosphoprotein;Repeat;Sarcoplasmic reticulum,Evidence at protein level,1887
Q19LI2,A1bg,SUBCELLULAR LOCATION: Secreted {ECO:0000250}.,NA,"SIGNAL 1..18; /evidence=""ECO:0000255""",Disulfide bond;Glycoprotein;Immunoglobulin domain;Reference proteome;Repeat;Secreted;Signal,Evidence at protein level,512
Q3B7Z2,Osbp,"SUBCELLULAR LOCATION: Cytoplasm, cytosol {ECO:0000250|UniProtKB:P22059}. Cytoplasm, perinuclear region {ECO:0000250|UniProtKB:P22059}. Golgi apparatus membrane {ECO:0000250|UniProtKB:P22059}; Peripheral membrane protein {ECO:0000250|UniProtKB:P22059}. Endoplasmic reticulum membrane {ECO:0000250|UniProtKB:P22059}; Peripheral membrane protein {ECO:0000250|UniProtKB:P22059}. Note=Predominantly cytosolic. {ECO:0000250|UniProtKB:P22059}.",NA,NA,Acetylation;Alternative splicing;Coiled coil;Cytoplasm;Endoplasmic reticulum;Golgi apparatus;Lipid transport;Lipid-binding;Membrane;Phosphoprotein;Reference proteome;Transport,Evidence at protein level,805
Q3KNA1,Mrgprb2,SUBCELLULAR LOCATION: Cell membrane {ECO:0000305}; Multi-pass membrane protein {ECO:0000305}.,NA,NA,Cell membrane;Disulfide bond;G protein-coupled receptor;Glycoprotein;Membrane;Receptor;Reference proteome;Transducer;Transmembrane;Transmembrane helix,Evidence at transcript level,338
Q3KNM2,Marchf5,SUBCELLULAR LOCATION: Mitochondrion outer membrane {ECO:0000250|UniProtKB:Q9NX47}; Multi-pass membrane protein {ECO:0000255}. Endoplasmic reticulum membrane {ECO:0000250|UniProtKB:Q9NX47}; Multi-pass membrane protein {ECO:0000255}.,NA,NA,Endoplasmic reticulum;Membrane;Metal-binding;Mitochondrion;Mitochondrion outer membrane;Reference proteome;Transferase;Transmembrane;Transmembrane helix;Ubl conjugation;Ubl conjugation pathway;Zinc;Zinc-finger,Evidence at protein level,278
Q3MI48,Jsrp1,SUBCELLULAR LOCATION: Sarcoplasmic reticulum membrane. Endoplasmic reticulum membrane. Note=Colocalizes with ryanodine receptors at the sarcoplasmic reticulum triad membranes.,NA,NA,Alternative splicing;Endoplasmic reticulum;Membrane;Phosphoprotein;Reference proteome;Sarcoplasmic reticulum,Evidence at protein level,332
Q3TAS6,Emc10,SUBCELLULAR LOCATION: [Isoform 2]: Secreted {ECO:0000269|PubMed:28931551}.; SUBCELLULAR LOCATION: [Isoform 1]: Endoplasmic reticulum membrane {ECO:0000250|UniProtKB:Q5UCC4}; Single-pass type I membrane protein {ECO:0000250|UniProtKB:Q5UCC4}.,NA,"SIGNAL 1..25; /evidence=""ECO:0000250|UniProtKB:Q5UCC4""",Alternative splicing;Angiogenesis;Endoplasmic reticulum;Membrane;Reference proteome;Secreted;Signal;Transmembrane;Transmembrane helix,Evidence at transcript level,258
Q3TDN2,Faf2,SUBCELLULAR LOCATION: Cytoplasm {ECO:0000250|UniProtKB:Q96CS3}. Lipid droplet {ECO:0000250|UniProtKB:Q96CS3}. Endoplasmic reticulum {ECO:0000250|UniProtKB:Q96CS3}.,NA,NA,Acetylation;Alternative splicing;Coiled coil;Cytoplasm;Endoplasmic reticulum;Lipid droplet;Reference proteome;Unfolded protein response,Evidence at protein level,445
Q3TEA8,Hp1bp3,"SUBCELLULAR LOCATION: Nucleus {ECO:0000250|UniProtKB:Q5SSJ5}. Chromosome {ECO:0000250|UniProtKB:Q5SSJ5}. Note=localized in nuclei but not in nucleoli in interphase. Colocalized with chromosomes in mitosis, with a gradually increased during G1 progression and a maximum level during late G1 phase (G1/S). {ECO:0000250|UniProtKB:Q5SSJ5}.",NA,NA,Acetylation;Alternative splicing;Chromosome;DNA-binding;Isopeptide bond;Nucleus;Phosphoprotein;Reference proteome;Repeat;Ubl conjugation,Evidence at protein level,554
Q3TIV5,Zc3h15,SUBCELLULAR LOCATION: Cytoplasm. Nucleus {ECO:0000250|UniProtKB:Q8WU90}. Note=The DRG1-DFRP2/ZC3H15 complex associates with polysomes. {ECO:0000250|UniProtKB:Q8WU90}.,NA,NA,Alternative splicing;Coiled coil;Cytoplasm;Metal-binding;Methylation;Nucleus;Phosphoprotein;Reference proteome;Repeat;Zinc;Zinc-finger,Evidence at protein level,426
Q3TL44,Nlrx1,SUBCELLULAR LOCATION: Mitochondrion outer membrane {ECO:0000250|UniProtKB:Q86UT6}.,"TRANSIT 1..86; /note=""Mitochondrion""; /evidence=""ECO:0000250""",NA,ATP-binding;Host-virus interaction;Immunity;Innate immunity;Leucine-rich repeat;Membrane;Mitochondrion;Mitochondrion outer membrane;Nucleotide-binding;Reference proteome;Repeat;Transit peptide,Evidence at protein level,975
Q3TMP8,Tmem38a,SUBCELLULAR LOCATION: Sarcoplasmic reticulum membrane {ECO:0000250|UniProtKB:A5A6S6}; Multi-pass membrane protein {ECO:0000250|UniProtKB:A5A6S6}. Nucleus membrane {ECO:0000250|UniProtKB:A5A6S6}.,NA,NA,Calcium;Ion channel;Ion transport;Membrane;Metal-binding;Nucleus;Potassium;Potassium channel;Potassium transport;Reference proteome;Sarcoplasmic reticulum;Transmembrane;Transmembrane helix;Transport,Evidence at protein level,298
Q3TVI8,Pbxip1,"SUBCELLULAR LOCATION: Cytoplasm, cytoskeleton {ECO:0000250|UniProtKB:Q96AQ6}. Nucleus {ECO:0000250|UniProtKB:Q96AQ6}. Note=Shuttles between the nucleus and the cytosol. Mainly localized in the cytoplasm, associated with microtubules. Detected in small amounts in the nucleus. {ECO:0000250|UniProtKB:Q96AQ6}.",NA,NA,Coiled coil;Cytoplasm;Cytoskeleton;Microtubule;Nucleus;Phosphoprotein;Reference proteome,Evidence at protein level,727
Q3TZZ7,Esyt2,SUBCELLULAR LOCATION: Cell membrane {ECO:0000250|UniProtKB:A0FGR8}; Peripheral membrane protein {ECO:0000250|UniProtKB:A0FGR8}. Endoplasmic reticulum membrane {ECO:0000250|UniProtKB:A0FGR8}; Multi-pass membrane protein {ECO:0000255}. Note=Localizes to endoplasmic reticulum-plasma membrane contact sites (EPCS). Recruited to the cell membrane via the third C2 domain (By similarity). {ECO:0000250|UniProtKB:A0FGR8}.,NA,NA,Alternative splicing;Calcium;Cell membrane;Endocytosis;Endoplasmic reticulum;Lipid transport;Lipid-binding;Membrane;Metal-binding;Phosphoprotein;Reference proteome;Repeat;Transmembrane;Transmembrane helix;Transport,Evidence at protein level,845
Q3U1J4,Ddb1,"SUBCELLULAR LOCATION: Cytoplasm {ECO:0000269|PubMed:24357321}. Nucleus {ECO:0000269|PubMed:24357321}. Note=Primarily cytoplasmic. Translocates to the nucleus following UV irradiation and subsequently accumulates at sites of DNA damage (By similarity). More concentrated in nuclei than in cytoplasm in germinal vesicle (GV) stage oocytes, zygotes and the 2-cell stage, but distributed in the cytoplasm at the MII-stage oocytes (PubMed:24357321). {ECO:0000250|UniProtKB:Q16531, ECO:0000269|PubMed:24357321}.",NA,NA,Acetylation;Biological rhythms;Cytoplasm;DNA damage;DNA repair;DNA-binding;Isopeptide bond;Nucleus;Phosphoprotein;Reference proteome;Repeat;Ubl conjugation;Ubl conjugation pathway;WD repeat,Evidence at protein level,1140
Q3U3R4,Lmf1,SUBCELLULAR LOCATION: Endoplasmic reticulum membrane {ECO:0000269|PubMed:17994020}; Multi-pass membrane protein {ECO:0000269|PubMed:17994020}.,NA,NA,Alternative splicing;Chaperone;Endoplasmic reticulum;Membrane;Reference proteome;Transmembrane;Transmembrane helix,Evidence at protein level,574
Q3U7R1,Esyt1,SUBCELLULAR LOCATION: Endoplasmic reticulum membrane {ECO:0000250|UniProtKB:Q9BSJ8}; Multi-pass membrane protein {ECO:0000255}. Cell membrane {ECO:0000250|UniProtKB:Q9BSJ8}; Peripheral membrane protein {ECO:0000250|UniProtKB:Q9BSJ8}. Note=Localizes primarily to the endoplasmic reticulum. Recruited to sites of contact between the endoplasmic reticulum and the cell membrane in response to increased cytosolic calcium levels. {ECO:0000250|UniProtKB:Q9BSJ8}.,NA,NA,Acetylation;Alternative splicing;Calcium;Cell membrane;Endoplasmic reticulum;Lipid transport;Lipid-binding;Membrane;Metal-binding;Phosphoprotein;Reference proteome;Repeat;Transmembrane;Transmembrane helix;Transport,Evidence at protein level,1092
Q3UF82,Mapk1,"SUBCELLULAR LOCATION: Cell junction, focal adhesion {ECO:0000256|ARBA:ARBA00004246}. Cytoplasm, cytoskeleton, microtubule organizing center, centrosome {ECO:0000256|ARBA:ARBA00004300}. Cytoplasm, cytoskeleton, spindle {ECO:0000256|ARBA:ARBA00004186}. Membrane, caveola {ECO:0000256|ARBA:ARBA00004345}. Nucleus {ECO:0000256|ARBA:ARBA00004123}.",NA,NA,Apoptosis;ATP-binding;Cell cycle;Cell junction;Cytoplasm;Cytoskeleton;Kinase;Magnesium;Nucleotide-binding;Phosphoprotein;Serine/threonine-protein kinase;Transferase,Evidence at transcript level,352
Q3UFY8,Trmt10c,"SUBCELLULAR LOCATION: Mitochondrion matrix, mitochondrion nucleoid {ECO:0000250|UniProtKB:Q7L0Y3}.","TRANSIT 1..35; /note=""Mitochondrion""; /evidence=""ECO:0000255""",NA,Coiled coil;Methyltransferase;Mitochondrion;Mitochondrion nucleoid;Phosphoprotein;Reference proteome;S-adenosyl-L-methionine;Transferase;Transit peptide;tRNA processing,Evidence at protein level,414
Q3ULF4,Spg7,"SUBCELLULAR LOCATION: Mitochondrion inner membrane {ECO:0000269|PubMed:19656850, ECO:0000269|PubMed:22563492}; Multi-pass membrane protein {ECO:0000255}.","TRANSIT 1..43; /note=""Mitochondrion""; /evidence=""ECO:0000269|PubMed:19656850""",NA,ATP-binding;Direct protein sequencing;Hydrolase;Membrane;Metal-binding;Metalloprotease;Mitochondrion;Mitochondrion inner membrane;Nitration;Nucleotide-binding;Protease;Reference proteome;Transit peptide;Transmembrane;Transmembrane helix;Zinc,Evidence at protein level,781
Q3UMR5,Mcu,"SUBCELLULAR LOCATION: Mitochondrion inner membrane {ECO:0000269|PubMed:23900286, ECO:0000305|PubMed:26057074}; Multi-pass membrane protein {ECO:0000269|PubMed:23900286}.","TRANSIT 1..49; /note=""Mitochondrion""; /evidence=""ECO:0000255""",NA,Acetylation;Alternative splicing;Calcium;Calcium channel;Calcium transport;Coiled coil;Glutathionylation;Ion channel;Ion transport;Membrane;Metal-binding;Mitochondrion;Mitochondrion inner membrane;Phosphoprotein;Reference proteome;Transit peptide;Transmembrane;Transmembrane helix;Transport,Evidence at protein level,350
Q3UN02,Lclat1,SUBCELLULAR LOCATION: Endoplasmic reticulum membrane {ECO:0000269|PubMed:15152008}; Multi-pass membrane protein {ECO:0000255}.,NA,NA,Acetylation;Acyltransferase;Developmental protein;Endoplasmic reticulum;Glycoprotein;Lipid biosynthesis;Lipid metabolism;Membrane;Phospholipid biosynthesis;Phospholipid metabolism;Reference proteome;Transferase;Transmembrane;Transmembrane helix,Evidence at protein level,376
Q3UN04,Usp30,SUBCELLULAR LOCATION: Mitochondrion outer membrane {ECO:0000269|PubMed:24513856}.,NA,NA,Hydrolase;Isopeptide bond;Membrane;Mitochondrion;Mitochondrion outer membrane;Protease;Reference proteome;Thiol protease;Transmembrane;Transmembrane helix;Ubl conjugation;Ubl conjugation pathway,Evidence at protein level,517
Q3URD3,Slmap,"SUBCELLULAR LOCATION: Cell membrane, sarcolemma {ECO:0000269|PubMed:15086317, ECO:0000269|PubMed:15591093}; Single-pass type IV membrane protein {ECO:0000269|PubMed:15086317, ECO:0000269|PubMed:15591093}. Cytoplasm, myofibril, sarcomere, M line {ECO:0000269|PubMed:15086317}. Cytoplasm, myofibril, sarcomere, Z line {ECO:0000269|PubMed:15086317}. Note=Membrane-associated. Distributed in the transverse tubules and near the junctional sarcoplasmic reticulum. Detected along the Z- and M-lines in cardiomyocytes. {ECO:0000269|PubMed:15086317}.; SUBCELLULAR LOCATION: [Isoform 1]: Cytoplasm, cytoskeleton, microtubule organizing center, centrosome {ECO:0000269|PubMed:15126628}. Endoplasmic reticulum membrane {ECO:0000250|UniProtKB:Q14BN4}; Single-pass type IV membrane protein {ECO:0000250|UniProtKB:Q14BN4}. Mitochondrion membrane {ECO:0000250|UniProtKB:Q14BN4}; Single-pass type IV membrane protein {ECO:0000250|UniProtKB:Q14BN4}. Note=Localizes to the centrosomes in a microtubule-dependent manner. {ECO:0000269|PubMed:15126628}.; SUBCELLULAR LOCATION: [Isoform 2]: Cytoplasm, cytoskeleton, microtubule organizing center, centrosome {ECO:0000269|PubMed:15126628}. Endoplasmic reticulum membrane {ECO:0000250|UniProtKB:Q14BN4}; Single-pass type IV membrane protein {ECO:0000250|UniProtKB:Q14BN4}. Note=Localizes to the centrosomes in a microtubule-dependent manner (PubMed:15126628). Do not localize at the mitochondrial membrane (By similarity). {ECO:0000250|UniProtKB:Q14BN4, ECO:0000269|PubMed:15126628}.; SUBCELLULAR LOCATION: [Isoform 3]: Endoplasmic reticulum membrane {ECO:0000250|UniProtKB:Q14BN4}; Single-pass type IV membrane protein {ECO:0000250|UniProtKB:Q14BN4}. Mitochondrion membrane {ECO:0000250|UniProtKB:Q14BN4}; Single-pass type IV membrane protein {ECO:0000250|UniProtKB:Q14BN4}.; SUBCELLULAR LOCATION: [Isoform 4]: Endoplasmic reticulum membrane {ECO:0000250|UniProtKB:Q14BN4}; Single-pass type IV membrane protein {ECO:0000250|UniProtKB:Q14BN4}. Note=Do not localize at the mitochondrial membrane. {ECO:0000250|UniProtKB:Q14BN4}.",NA,NA,Alternative splicing;Cell membrane;Coiled coil;Cytoplasm;Cytoskeleton;Direct protein sequencing;Endoplasmic reticulum;Membrane;Mitochondrion;Phosphoprotein;Reference proteome;Transmembrane;Transmembrane helix,Evidence at protein level,845
Q3URS9,Ccdc51,SUBCELLULAR LOCATION: Mitochondrion inner membrane {ECO:0000269|PubMed:31435016}; Multi-pass membrane protein {ECO:0000255}.,"TRANSIT 1..35; /note=""Mitochondrion""; /evidence=""ECO:0000255""",NA,Alternative splicing;Coiled coil;Ion channel;Ion transport;Membrane;Mitochondrion;Mitochondrion inner membrane;Potassium;Potassium channel;Potassium transport;Reference proteome;Transit peptide;Transmembrane;Transmembrane helix;Transport,Evidence at protein level,406
Q3UVK0,Ermp1,SUBCELLULAR LOCATION: Endoplasmic reticulum membrane {ECO:0000250|UniProtKB:Q6UPR8}; Multi-pass membrane protein {ECO:0000255}.,NA,NA,Acetylation;Alternative splicing;Disulfide bond;Endoplasmic reticulum;Glycoprotein;Hydrolase;Membrane;Metal-binding;Metalloprotease;Protease;Reference proteome;Transmembrane;Transmembrane helix;Zinc,Evidence at protein level,898
Q2TPA8,Hsdl2,SUBCELLULAR LOCATION: Peroxisome {ECO:0000250|UniProtKB:Q6YN16}. Mitochondrion {ECO:0000269|PubMed:38820148}.,NA,NA,Acetylation;Hydroxylation;Mitochondrion;NADP;Oxidoreductase;Peroxisome;Reference proteome,Evidence at protein level,490
Q2VLH6,Cd163,SUBCELLULAR LOCATION: [Soluble CD163]: Secreted {ECO:0000250|UniProtKB:Q86VB7}.; SUBCELLULAR LOCATION: Cell membrane {ECO:0000250|UniProtKB:Q86VB7}; Single-pass type I membrane protein {ECO:0000250|UniProtKB:Q86VB7}.,NA,"SIGNAL 1..38; /evidence=""ECO:0000255""",Acute phase;Alternative splicing;Cell membrane;Disulfide bond;Glycoprotein;Inflammatory response;Membrane;Reference proteome;Repeat;Secreted;Signal;Transmembrane;Transmembrane helix,Evidence at protein level,1121
Q3TB82,Plekhf1,NA,NA,NA,Apoptosis;Metal-binding;Reference proteome;Zinc;Zinc-finger,Evidence at transcript level,279
Q3U6K8,Vdac1,SUBCELLULAR LOCATION: Cell membrane {ECO:0000256|ARBA:ARBA00004651}; Multi-pass membrane protein {ECO:0000256|ARBA:ARBA00004651}. Membrane raft {ECO:0000256|ARBA:ARBA00004314}; Multi-pass membrane protein {ECO:0000256|ARBA:ARBA00004314}. Mitochondrion outer membrane {ECO:0000256|ARBA:ARBA00004374}; Multi-pass membrane protein {ECO:0000256|ARBA:ARBA00004374}.,NA,NA,Acetylation;Apoptosis;ATP-binding;Cell membrane;Ion transport;Isopeptide bond;Membrane;Mitochondrion;Mitochondrion outer membrane;NAD;Nucleotide-binding;Phosphoprotein;Porin;Transmembrane;Transmembrane beta strand;Transport;Ubl conjugation,Evidence at transcript level,283
Q3UBX0,Tmem109,SUBCELLULAR LOCATION: Nucleus outer membrane {ECO:0000250|UniProtKB:O77751}; Multi-pass membrane protein {ECO:0000250|UniProtKB:O77751}. Endoplasmic reticulum membrane {ECO:0000250|UniProtKB:O77751}; Multi-pass membrane protein {ECO:0000250|UniProtKB:O77751}. Sarcoplasmic reticulum membrane {ECO:0000250|UniProtKB:O77751}; Multi-pass membrane protein {ECO:0000250|UniProtKB:O77751}.,NA,"SIGNAL 1..33; /evidence=""ECO:0000255""",Direct protein sequencing;Endoplasmic reticulum;Ion channel;Ion transport;Membrane;Nucleus;Reference proteome;Sarcoplasmic reticulum;Signal;Transmembrane;Transmembrane helix;Transport;Voltage-gated channel,Evidence at protein level,243
Q3UIU2,Ndufb6,SUBCELLULAR LOCATION: Mitochondrion inner membrane {ECO:0000269|PubMed:38575788}; Single-pass membrane protein {ECO:0000255}; Matrix side {ECO:0000269|PubMed:38575788}.,NA,NA,3D-structure;Acetylation;Electron transport;Membrane;Mitochondrion;Mitochondrion inner membrane;Reference proteome;Respiratory chain;Transmembrane;Transmembrane helix;Transport,Evidence at protein level,128
Q3UJ81,Cnep1r1,SUBCELLULAR LOCATION: Nucleus membrane {ECO:0000250}; Multi-pass membrane protein {ECO:0000250}. Cytoplasm {ECO:0000250}. Note=Filamentous pattern in the cytoplasm. {ECO:0000250}.,NA,NA,Acetylation;Alternative splicing;Cytoplasm;Lipid metabolism;Membrane;Nucleus;Reference proteome;Transmembrane;Transmembrane helix,Evidence at protein level,125
Q3ULD5,Mccc2,SUBCELLULAR LOCATION: Mitochondrion matrix {ECO:0000250}.,"TRANSIT 1..22; /note=""Mitochondrion""; /evidence=""ECO:0000250""",NA,Acetylation;ATP-binding;Ligase;Mitochondrion;Nucleotide-binding;Reference proteome;Transit peptide,Evidence at protein level,563
Q3UV70,Pdp1,SUBCELLULAR LOCATION: Mitochondrion {ECO:0000250|UniProtKB:P35816}.,"TRANSIT 1..71; /note=""Mitochondrion""; /evidence=""ECO:0000250|UniProtKB:P35816""",NA,Acetylation;Calcium;Hydrolase;Magnesium;Manganese;Metal-binding;Mitochondrion;Protein phosphatase;Reference proteome;Transit peptide,Evidence at protein level,538
Q3TC72,Fahd2a,SUBCELLULAR LOCATION: Mitochondrion {ECO:0000250|UniProtKB:F1MLX0}.,"TRANSIT 1..84; /note=""Mitochondrion""; /evidence=""ECO:0000255""",NA,Acetylation;Direct protein sequencing;Isomerase;Magnesium;Metal-binding;Mitochondrion;Phosphoprotein;Reference proteome;Transit peptide,Evidence at protein level,313
Q3TD51,Picalm,"SUBCELLULAR LOCATION: Cell membrane {ECO:0000256|ARBA:ARBA00004236}. Cytoplasmic vesicle, clathrin-coated vesicle {ECO:0000256|ARBA:ARBA00004132}. Golgi apparatus {ECO:0000256|ARBA:ARBA00004555}. Membrane, clathrin-coated pit {ECO:0000256|ARBA:ARBA00004600}. Nucleus {ECO:0000256|ARBA:ARBA00004123}.",NA,NA,Acetylation;Cell membrane;Coated pit;Coiled coil;Cytoplasmic vesicle;Endocytosis;Golgi apparatus;Isopeptide bond;Membrane;Nucleus;Phosphoprotein;Ubl conjugation,Evidence at transcript level,597
Q3TGW2,Eepd1,NA,NA,NA,Lipoprotein;Myristate;Phosphoprotein;Reference proteome,Evidence at protein level,569
Q3TJA9,Dnaja3,"SUBCELLULAR LOCATION: Cytoplasm, cytosol {ECO:0000256|ARBA:ARBA00004514}. Mitochondrion matrix {ECO:0000256|ARBA:ARBA00004305}. Postsynaptic cell membrane {ECO:0000256|ARBA:ARBA00046309}; Peripheral membrane protein {ECO:0000256|ARBA:ARBA00046309}.",NA,NA,Acetylation;Apoptosis;Cell membrane;Chaperone;Cytoplasm;Membrane;Metal-binding;Methylation;Mitochondrion;Phosphoprotein;Postsynaptic cell membrane;Repeat;Synapse;Transit peptide;Zinc;Zinc-finger,Evidence at transcript level,453
Q3TLP5,Echdc2,SUBCELLULAR LOCATION: Mitochondrion {ECO:0000305}.,"TRANSIT 1..17; /note=""Mitochondrion""; /evidence=""ECO:0000255""",NA,Acetylation;Alternative splicing;Fatty acid metabolism;Lipid metabolism;Lyase;Mitochondrion;Reference proteome;Transit peptide,Evidence at protein level,296
Q3TUH1,Tamm41,SUBCELLULAR LOCATION: Mitochondrion inner membrane {ECO:0000250|UniProtKB:D3ZKT0}; Peripheral membrane protein {ECO:0000250|UniProtKB:D3ZKT0}; Matrix side {ECO:0000250|UniProtKB:P53230}.,NA,NA,Alternative splicing;Lipid biosynthesis;Lipid metabolism;Magnesium;Membrane;Mitochondrion;Mitochondrion inner membrane;Nucleotidyltransferase;Phospholipid biosynthesis;Phospholipid metabolism;Reference proteome;Transferase,Evidence at protein level,337
Q3UHB1,Nt5dc3,NA,NA,NA,Hydrolase;Magnesium;Metal-binding;Reference proteome,Evidence at protein level,546
Q3UHX2,Pdap1,NA,NA,NA,Acetylation;Isopeptide bond;Methylation;Phosphoprotein;Reference proteome;Ubl conjugation,Evidence at protein level,181
Q3UQ84,Tars2,SUBCELLULAR LOCATION: Mitochondrion matrix {ECO:0000250}.,"TRANSIT 1..?; /note=""Mitochondrion""; /evidence=""ECO:0000255""",NA,Aminoacyl-tRNA synthetase;ATP-binding;Ligase;Mitochondrion;Nucleotide-binding;Phosphoprotein;Protein biosynthesis;Reference proteome;Transit peptide,Evidence at protein level,723
Q3TC33,Ccdc127,SUBCELLULAR LOCATION: Mitochondrion outer membrane {ECO:0000250|UniProtKB:Q96BQ5}; Peripheral membrane protein {ECO:0000250|UniProtKB:Q96BQ5}.,NA,NA,Alternative splicing;Coiled coil;Membrane;Mitochondrion;Mitochondrion outer membrane;Reference proteome,Evidence at protein level,260
Q3TEY5,Immt,SUBCELLULAR LOCATION: Mitochondrion inner membrane {ECO:0000256|RuleBase:RU363000}; Single-pass membrane protein {ECO:0000256|RuleBase:RU363000}.,NA,NA,Coiled coil;Membrane;Mitochondrion;Mitochondrion inner membrane;Transmembrane;Transmembrane helix,Evidence at transcript level,679
Q3THU7,Clta,"SUBCELLULAR LOCATION: Cytoplasmic vesicle membrane {ECO:0000256|ARBA:ARBA00004180, ECO:0000256|RuleBase:RU363137}; Peripheral membrane protein {ECO:0000256|ARBA:ARBA00004180, ECO:0000256|RuleBase:RU363137}; Cytoplasmic side {ECO:0000256|ARBA:ARBA00004180, ECO:0000256|RuleBase:RU363137}. Membrane, coated pit {ECO:0000256|RuleBase:RU363137}; Peripheral membrane protein {ECO:0000256|RuleBase:RU363137}; Cytoplasmic side {ECO:0000256|RuleBase:RU363137}. Note=Cytoplasmic face of coated pits and vesicles. {ECO:0000256|RuleBase:RU363137}.",NA,NA,Coated pit;Coiled coil;Cytoplasmic vesicle;Membrane,Evidence at transcript level,218
Q3UBP6,Actb,"SUBCELLULAR LOCATION: Cytoplasm, cytoskeleton {ECO:0000256|ARBA:ARBA00004245}.",NA,NA,ATP-binding;Cytoplasm;Cytoskeleton;Nucleotide-binding;Oxidation,Evidence at transcript level,375
Q3ULG4,Psmd4,NA,NA,NA,Proteasome;Repeat,Evidence at transcript level,379
Q3UQS2,Lsmem1,SUBCELLULAR LOCATION: Membrane {ECO:0000305}; Single-pass membrane protein {ECO:0000305}.,NA,NA,Alternative splicing;Coiled coil;Membrane;Phosphoprotein;Reference proteome;Transmembrane;Transmembrane helix,Evidence at protein level,128
Q3URF1,Synpo,SUBCELLULAR LOCATION: Cytoplasm {ECO:0000256|ARBA:ARBA00004496}.,NA,NA,Cytoplasm;Phosphoprotein,Evidence at transcript level,690
Q3UV48,Lrrc30,NA,NA,NA,Leucine-rich repeat;Reference proteome;Repeat,Evidence at transcript level,300
Q3UW53,Niban1,SUBCELLULAR LOCATION: Cytoplasm {ECO:0000250|UniProtKB:Q9ESN0}. Membrane {ECO:0000250|UniProtKB:Q9BZQ8}; Lipid-anchor {ECO:0000250|UniProtKB:Q9BZQ8}.,NA,NA,Cytoplasm;Lipoprotein;Membrane;Myristate;Phosphoprotein;Reference proteome;Stress response;Translation regulation,Evidence at protein level,926
Q499E4,Dzip1l,"SUBCELLULAR LOCATION: Cytoplasm, cytoskeleton, cilium basal body {ECO:0000250|UniProtKB:Q8IYY4}. Cytoplasm, cytoskeleton, microtubule organizing center, centrosome, centriole {ECO:0000250|UniProtKB:Q8IYY4}. Note=Localizes to centrioles and to the distal ends of basal bodies. {ECO:0000250|UniProtKB:Q8IYY4}.",NA,NA,Alternative splicing;Cell projection;Cilium;Coiled coil;Cytoplasm;Cytoskeleton;Metal-binding;Phosphoprotein;Reference proteome;Zinc;Zinc-finger,Evidence at protein level,774
Q4VA93,Prkca,SUBCELLULAR LOCATION: Cell membrane {ECO:0000256|ARBA:ARBA00004202}; Peripheral membrane protein {ECO:0000256|ARBA:ARBA00004202}. Cytoplasm {ECO:0000256|ARBA:ARBA00004496}. Mitochondrion membrane {ECO:0000256|ARBA:ARBA00004318}; Peripheral membrane protein {ECO:0000256|ARBA:ARBA00004318}. Nucleus {ECO:0000256|ARBA:ARBA00004123}.,NA,NA,3D-structure;Acetylation;Angiogenesis;Apoptosis;ATP-binding;Calcium;Cell adhesion;Cell membrane;Cytoplasm;Kinase;Membrane;Metal-binding;Mitochondrion;Nucleotide-binding;Nucleus;Phosphoprotein;Repeat;Serine/threonine-protein kinase;Transferase;Zinc;Zinc-finger,Evidence at protein level,672
Q4VAE3,Tmem65,SUBCELLULAR LOCATION: Mitochondrion inner membrane {ECO:0000250|UniProtKB:Q6PI78}; Multi-pass membrane protein {ECO:0000255}. Cell membrane {ECO:0000269|PubMed:26403541}; Multi-pass membrane protein {ECO:0000255}. Note=Localizes at the intercalated disk in ventricular tissue and cardiomyocytes. {ECO:0000269|PubMed:26403541}.,"TRANSIT 1..55; /note=""Mitochondrion""; /evidence=""ECO:0000255""",NA,Calcium;Calcium transport;Cell membrane;Ion transport;Membrane;Mitochondrion;Mitochondrion inner membrane;Reference proteome;Sodium;Sodium transport;Transit peptide;Transmembrane;Transmembrane helix;Transport,Evidence at protein level,234
Q5EBG6,Hspb6,SUBCELLULAR LOCATION: Cytoplasm {ECO:0000250|UniProtKB:O14558}. Nucleus {ECO:0000250|UniProtKB:O14558}. Secreted {ECO:0000250|UniProtKB:O14558}. Note=Translocates to nuclear foci during heat shock. {ECO:0000250|UniProtKB:O14558}.,NA,NA,Chaperone;Cytoplasm;Nucleus;Phosphoprotein;Reference proteome;Secreted;Stress response,Evidence at protein level,162
Q5FW52,Mlip,"SUBCELLULAR LOCATION: Nucleus {ECO:0000269|PubMed:21498514, ECO:0000269|PubMed:22343712, ECO:0000269|PubMed:26436652, ECO:0000269|PubMed:33802236}. Nucleus envelope {ECO:0000269|PubMed:21498514}. Nucleus, PML body {ECO:0000269|PubMed:21498514}. Cytoplasm, cytosol {ECO:0000269|PubMed:21498514, ECO:0000269|PubMed:22343712, ECO:0000269|PubMed:26436652}. Cell membrane, sarcolemma {ECO:0000269|PubMed:26359501}; Peripheral membrane protein {ECO:0000269|PubMed:26359501}; Cytoplasmic side {ECO:0000269|PubMed:26359501}.",NA,NA,Alternative promoter usage;Alternative splicing;Cell membrane;Cytoplasm;DNA-binding;Membrane;Nucleus;Phosphoprotein;Reference proteome;Ubl conjugation,Evidence at protein level,967
Q5H8C4,Vps13a,"SUBCELLULAR LOCATION: Mitochondrion outer membrane {ECO:0000250|UniProtKB:Q96RL7}; Peripheral membrane protein {ECO:0000250|UniProtKB:Q96RL7}. Endoplasmic reticulum membrane {ECO:0000250|UniProtKB:Q96RL7}; Peripheral membrane protein {ECO:0000250|UniProtKB:Q96RL7}. Endosome membrane {ECO:0000250|UniProtKB:Q96RL7}; Peripheral membrane protein {ECO:0000250|UniProtKB:Q96RL7}. Lysosome membrane {ECO:0000250|UniProtKB:Q96RL7}; Peripheral membrane protein {ECO:0000250|UniProtKB:Q96RL7}. Lipid droplet {ECO:0000250|UniProtKB:Q96RL7}. Golgi apparatus {ECO:0000269|PubMed:22366033}. Cytoplasmic vesicle, secretory vesicle, neuronal dense core vesicle {ECO:0000269|PubMed:22366033}. Note=Localizes at mitochondria-endosomes and mitochondria-endoplasmic reticulum contact sites. {ECO:0000250|UniProtKB:Q96RL7}.",NA,NA,Alternative splicing;Cytoplasmic vesicle;Endoplasmic reticulum;Endosome;Golgi apparatus;Lipid droplet;Lipid transport;Lysosome;Membrane;Mitochondrion;Mitochondrion outer membrane;Phosphoprotein;Reference proteome;Repeat;TPR repeat;Transport,Evidence at protein level,3166
Q5IRJ6,Slc30a9,SUBCELLULAR LOCATION: Mitochondrion membrane {ECO:0000250|UniProtKB:Q6PML9}; Multi-pass membrane protein {ECO:0000250|UniProtKB:Q6PML9}. Nucleus {ECO:0000269|PubMed:11906820}. Endoplasmic reticulum {ECO:0000250|UniProtKB:Q6PML9}. Note=Partial co-localization with endoplasmic reticulum. Linked to mitochondrial ribosomes. {ECO:0000250|UniProtKB:Q6PML9}.,NA,NA,Alternative splicing;Antiport;Endoplasmic reticulum;Ion transport;Membrane;Mitochondrion;Nucleus;Reference proteome;Transcription;Transcription regulation;Transmembrane;Transmembrane helix;Transport;Zinc;Zinc transport,Evidence at protein level,567
Q5NBX1,Cobl,"SUBCELLULAR LOCATION: Cell membrane {ECO:0000250}; Peripheral membrane protein {ECO:0000250}; Cytoplasmic side {ECO:0000250}. Cytoplasm, cytoskeleton. Cell projection, ruffle. Cytoplasm. Note=Recruited to the cell membrane via interaction with PACSIN1 (By similarity). Colocalizes with the actin cytoskeleton. Detected throughout the neuron cell body, as well as in axons and dendrites. {ECO:0000250}.",NA,NA,3D-structure;Actin-binding;Alternative splicing;Cell membrane;Cell projection;Cytoplasm;Cytoskeleton;Membrane;Phosphoprotein;Reference proteome;Repeat,Evidence at protein level,1337
Q5SUC9,Sco1,SUBCELLULAR LOCATION: Mitochondrion inner membrane {ECO:0000250|UniProtKB:O75880}; Single-pass membrane protein {ECO:0000255}.,"TRANSIT 1..?; /note=""Mitochondrion""; /evidence=""ECO:0000255""",NA,Chaperone;Copper;Cytochrome c-type biogenesis;Disulfide bond;Membrane;Metal-binding;Mitochondrion;Mitochondrion inner membrane;Reference proteome;Transit peptide;Transmembrane;Transmembrane helix,Evidence at protein level,284
Q5SX39,Myh4,"SUBCELLULAR LOCATION: Cytoplasm, myofibril {ECO:0000269|PubMed:28752107}. Note=Thick filaments of the myofibrils.",NA,NA,3D-structure;Actin-binding;ATP-binding;Calmodulin-binding;Coiled coil;Cytoplasm;Methylation;Motor protein;Muscle protein;Myosin;Nucleotide-binding;Phosphoprotein;Reference proteome;Thick filament,Evidence at protein level,1939
Q5SX40,Myh1,"SUBCELLULAR LOCATION: Cytoplasm, myofibril. Note=Thick filaments of the myofibrils.",NA,NA,Actin-binding;ATP-binding;Calmodulin-binding;Coiled coil;Cytoplasm;Hearing;Methylation;Motor protein;Muscle protein;Myosin;Nucleotide-binding;Phosphoprotein;Reference proteome;Thick filament,Evidence at protein level,1942
Q5XJY5,Arcn1,"SUBCELLULAR LOCATION: Cytoplasm {ECO:0000250}. Golgi apparatus membrane {ECO:0000250}; Peripheral membrane protein {ECO:0000250}; Cytoplasmic side {ECO:0000250}. Cytoplasmic vesicle, COPI-coated vesicle membrane {ECO:0000250}; Peripheral membrane protein {ECO:0000250}; Cytoplasmic side {ECO:0000250}. Note=The coatomer is cytoplasmic or polymerized on the cytoplasmic side of the Golgi, as well as on the vesicles/buds originating from it. {ECO:0000250}.",NA,NA,3D-structure;Acetylation;Cytoplasm;Cytoplasmic vesicle;ER-Golgi transport;Golgi apparatus;Membrane;Phosphoprotein;Protein transport;Reference proteome;Transport,Evidence at protein level,511
Q5XKN4,Jagn1,SUBCELLULAR LOCATION: Endoplasmic reticulum membrane {ECO:0000250|UniProtKB:Q8N5M9}; Multi-pass membrane protein {ECO:0000255}.,NA,NA,Endoplasmic reticulum;Immunity;Membrane;Phosphoprotein;Protein transport;Reference proteome;Transmembrane;Transmembrane helix;Transport,Evidence at protein level,183
Q60597,Ogdh,"SUBCELLULAR LOCATION: Mitochondrion {ECO:0000250|UniProtKB:Q5XI78}. Nucleus {ECO:0000250|UniProtKB:Q02218}. Note=Mainly localizes in the mitochondrion. A small fraction localizes to the nucleus, where the 2-oxoglutarate dehydrogenase complex is required for histone succinylation. {ECO:0000250|UniProtKB:Q02218}.","TRANSIT 1..40; /note=""Mitochondrion""; /evidence=""ECO:0000255""",NA,3D-structure;Acetylation;Alternative splicing;Calcium;Direct protein sequencing;Glycolysis;Isopeptide bond;Magnesium;Metal-binding;Mitochondrion;Nucleus;Oxidoreductase;Phosphoprotein;Reference proteome;Thiamine pyrophosphate;Transit peptide;Ubl conjugation,Evidence at protein level,1023
Q60598,Cttn,"SUBCELLULAR LOCATION: Cytoplasm, cytoskeleton {ECO:0000250|UniProtKB:Q14247}. Cell projection, lamellipodium {ECO:0000250|UniProtKB:Q14247}. Cell projection, ruffle. Cell projection, dendrite. Cell projection {ECO:0000250|UniProtKB:Q66HL2}. Cell membrane {ECO:0000250|UniProtKB:Q66HL2}; Peripheral membrane protein {ECO:0000305}; Cytoplasmic side {ECO:0000305}. Cell projection, podosome {ECO:0000250|UniProtKB:Q01406}. Cell junction {ECO:0000250|UniProtKB:Q66HL2}. Cell junction, focal adhesion {ECO:0000250|UniProtKB:Q66HL2}. Membrane, clathrin-coated pit {ECO:0000250|UniProtKB:Q66HL2}. Cell projection, dendritic spine. Cytoplasm, cell cortex {ECO:0000250|UniProtKB:Q14247}. Endoplasmic reticulum {ECO:0000250|UniProtKB:Q01406}. Note=Colocalizes transiently with PTK2/FAK1 at focal adhesions (By similarity). Associated with membrane ruffles and lamellipodia. In the presence of CTTNBP2NL, colocalizes with stress fibers. In the presence of CTTNBP2, localizes at the cell cortex. In response to neuronal activation by glutamate, redistributes from dendritic spines to the dendritic shaft. Colocalizes with DNM2 at the basis of filopodia in hippocampus neuron growth zones (By similarity). {ECO:0000250|UniProtKB:Q14247, ECO:0000250|UniProtKB:Q66HL2}.",NA,NA,3D-structure;Acetylation;Cell junction;Cell membrane;Cell projection;Coated pit;Coiled coil;Cytoplasm;Cytoskeleton;Direct protein sequencing;Endocytosis;Endoplasmic reticulum;Isopeptide bond;Membrane;Methylation;Phosphoprotein;Reference proteome;Repeat;SH3 domain;Synapse;Ubl conjugation,Evidence at protein level,546
Q60605,Myl6,NA,NA,NA,Acetylation;Alternative splicing;Direct protein sequencing;Motor protein;Muscle protein;Myosin;Phosphoprotein;Reference proteome;Repeat,Evidence at protein level,151
Q60649,Clpb,SUBCELLULAR LOCATION: Mitochondrion intermembrane space {ECO:0000250|UniProtKB:Q9H078}.,"TRANSIT 1..50; /note=""Mitochondrion""; /evidence=""ECO:0000255""",NA,Acetylation;ANK repeat;ATP-binding;Direct protein sequencing;Hydrolase;Mitochondrion;Nucleotide-binding;Reference proteome;Repeat;Transit peptide,Evidence at protein level,677
Q60668,Hnrnpd,SUBCELLULAR LOCATION: Nucleus {ECO:0000250|UniProtKB:Q14103}. Cytoplasm {ECO:0000250|UniProtKB:Q14103}. Note=Localized in cytoplasmic mRNP granules containing untranslated mRNAs. Component of ribonucleosomes. Cytoplasmic localization oscillates diurnally. {ECO:0000250|UniProtKB:Q14103}.,NA,NA,Acetylation;Alternative splicing;Biological rhythms;Cytoplasm;Direct protein sequencing;DNA-binding;Isopeptide bond;Methylation;Nucleus;Phosphoprotein;Reference proteome;Repeat;Ribonucleoprotein;RNA-binding;Transcription;Transcription regulation;Ubl conjugation,Evidence at protein level,355
Q60675,Lama2,"SUBCELLULAR LOCATION: Secreted, extracellular space, extracellular matrix, basement membrane. Note=Major component.",NA,"SIGNAL 1..19; /evidence=""ECO:0000269|PubMed:11829758""",3D-structure;Basement membrane;Cell adhesion;Coiled coil;Direct protein sequencing;Disulfide bond;Extracellular matrix;Glycoprotein;Laminin EGF-like domain;Reference proteome;Repeat;Secreted;Signal,Evidence at protein level,3118
Q60692,Psmb6,"SUBCELLULAR LOCATION: Cytoplasm {ECO:0000250|UniProtKB:P28072}. Nucleus {ECO:0000250|UniProtKB:P28072}. Note=Translocated from the cytoplasm into the nucleus following interaction with AKIRIN2, which bridges the proteasome with the nuclear import receptor IPO9. {ECO:0000250|UniProtKB:P28072}.",NA,NA,3D-structure;Acetylation;Cytoplasm;Direct protein sequencing;Hydrolase;Nucleus;Phosphoprotein;Protease;Proteasome;Reference proteome;Threonine protease;Zymogen,Evidence at protein level,238
Q60714,Slc27a1,"SUBCELLULAR LOCATION: Cell membrane {ECO:0000269|PubMed:10471110, ECO:0000269|PubMed:10593920, ECO:0000269|PubMed:11470793, ECO:0000269|PubMed:11970897, ECO:0000269|PubMed:24858472, ECO:0000269|PubMed:28178239, ECO:0000269|PubMed:7954810, ECO:0000269|PubMed:9786857}; Single-pass membrane protein {ECO:0000269|PubMed:11470793, ECO:0000269|PubMed:7954810}. Mitochondrion outer membrane {ECO:0000269|PubMed:24858472}. Endomembrane system {ECO:0000269|PubMed:10593920, ECO:0000269|PubMed:15897321}; Single-pass membrane protein {ECO:0000269|PubMed:11470793, ECO:0000269|PubMed:7954810}. Cytoplasm {ECO:0000269|PubMed:10593920, ECO:0000269|PubMed:15897321}. Note=Plasma membrane and intracellular membranes, at least in adipocytes (PubMed:10593920, PubMed:11970897, PubMed:28178239). In adipocytes, but not myocytes, insulin via the mTORC1 signaling pathway induces a rapid translocation of SLC27A1 from intracellular compartments to the plasma membrane, paralleled by increased LCFA uptake (PubMed:11970897, PubMed:28178239). Insulin-dependent translocation from the cytoplasm to the cell membrane is regulated by EPRS1 (PubMed:11970897, PubMed:28178239). Predominantly cytoplasmic in myocytes (PubMed:15897321). {ECO:0000269|PubMed:15897321}.",NA,NA,Cell membrane;Cytoplasm;Fatty acid metabolism;Ligase;Lipid metabolism;Lipid transport;Membrane;Mitochondrion;Mitochondrion outer membrane;Nucleotide-binding;Reference proteome;Transmembrane;Transmembrane helix;Transport,Evidence at protein level,646
Q60737,Csnk2a1,SUBCELLULAR LOCATION: Nucleus {ECO:0000250|UniProtKB:P68400}.,NA,NA,Apoptosis;ATP-binding;Biological rhythms;Cell cycle;Kinase;Nucleotide-binding;Nucleus;Phosphoprotein;Reference proteome;Serine/threonine-protein kinase;Transcription;Transcription regulation;Transferase;Wnt signaling pathway,Evidence at protein level,391
Q60759,Gcdh,SUBCELLULAR LOCATION: Mitochondrion matrix.,"TRANSIT 1..44; /note=""Mitochondrion""; /evidence=""ECO:0000255""",NA,Acetylation;FAD;Flavoprotein;Mitochondrion;Oxidoreductase;Reference proteome;Transit peptide,Evidence at protein level,438
Q60770,Stxbp3,"SUBCELLULAR LOCATION: Cytoplasm, cytosol {ECO:0000250}. Cell membrane {ECO:0000269|PubMed:9045631}. Note=In platelets, predominantly cytosolic. Low amounts membrane-associated (By similarity). {ECO:0000250}.",NA,NA,3D-structure;Alternative splicing;Cell membrane;Cytoplasm;Membrane;Phosphoprotein;Protein transport;Reference proteome;Transport,Evidence at protein level,592
Q60847,Col12a1,"SUBCELLULAR LOCATION: Secreted, extracellular space, extracellular matrix {ECO:0000250}.",NA,"SIGNAL 1..23; /evidence=""ECO:0000255""",Alternative splicing;Cell adhesion;Collagen;Disulfide bond;Extracellular matrix;Glycoprotein;Hydroxylation;Proteoglycan;Reference proteome;Repeat;Secreted;Signal,Evidence at transcript level,3120
Q3UZP4,Svip,SUBCELLULAR LOCATION: Membrane {ECO:0000250|UniProtKB:Q8NHG7}; Lipid-anchor {ECO:0000250|UniProtKB:Q8NHG7}. Smooth endoplasmic reticulum membrane {ECO:0000250|UniProtKB:P0C0A9}; Peripheral membrane protein {ECO:0000250|UniProtKB:P0C0A9}. Golgi apparatus membrane {ECO:0000250|UniProtKB:P0C0A9}; Peripheral membrane protein {ECO:0000250|UniProtKB:P0C0A9}. Cell membrane {ECO:0000250|UniProtKB:P0C0A9}; Peripheral membrane protein {ECO:0000250|UniProtKB:P0C0A9}. Lysosome membrane {ECO:0000250|UniProtKB:Q8NHG7}.,NA,NA,Cell membrane;Endoplasmic reticulum;Golgi apparatus;Lipoprotein;Lysosome;Membrane;Myristate;Palmitate;Phosphoprotein;Reference proteome,Evidence at transcript level,77
Q3V009,Tmed1,"SUBCELLULAR LOCATION: Cell membrane {ECO:0000250|UniProtKB:Q13445}; Single-pass type I membrane protein {ECO:0000255}. Endoplasmic reticulum membrane {ECO:0000250|UniProtKB:Q13445}; Single-pass type I membrane protein {ECO:0000255}. Golgi apparatus, cis-Golgi network membrane {ECO:0000250|UniProtKB:Q13445}; Single-pass type I membrane protein {ECO:0000255}. Endoplasmic reticulum-Golgi intermediate compartment membrane {ECO:0000250|UniProtKB:Q13445}; Single-pass type I membrane protein {ECO:0000255}.",NA,"SIGNAL 1..24; /evidence=""ECO:0000250""",Alternative splicing;Cell membrane;Coiled coil;Endoplasmic reticulum;Golgi apparatus;Membrane;Protein transport;Reference proteome;Signal;Transmembrane;Transmembrane helix;Transport,Evidence at protein level,227
Q3V1D3,Ampd1,NA,NA,NA,Hydrolase;Metal-binding;Nucleotide metabolism;Phosphoprotein;Reference proteome;Zinc,Evidence at protein level,745
Q4VAA2,Cdv3,SUBCELLULAR LOCATION: Cytoplasm {ECO:0000269|PubMed:12606058}.,NA,NA,Acetylation;Alternative splicing;Cytoplasm;Phosphoprotein;Reference proteome,Evidence at protein level,281
Q4VBD2,Tapt1,"SUBCELLULAR LOCATION: Cytoplasm, cytoskeleton, microtubule organizing center, centrosome {ECO:0000250|UniProtKB:Q6NXT6}. Cytoplasm, cytoskeleton, cilium basal body {ECO:0000250|UniProtKB:Q6NXT6}. Membrane {ECO:0000250|UniProtKB:Q6NXT6}; Multi-pass membrane protein {ECO:0000250|UniProtKB:Q6NXT6}.",NA,NA,Acetylation;Cell projection;Chondrogenesis;Cilium;Cilium biogenesis/degradation;Cytoplasm;Cytoskeleton;Developmental protein;Differentiation;Membrane;Osteogenesis;Phosphoprotein;Reference proteome;Transmembrane;Transmembrane helix,Evidence at protein level,564
Q505D7,Opa3,SUBCELLULAR LOCATION: Mitochondrion {ECO:0000250}.,NA,NA,Coiled coil;Mitochondrion;Reference proteome,Evidence at protein level,179
Q59J78,Ndufaf2,SUBCELLULAR LOCATION: Mitochondrion {ECO:0000250|UniProtKB:Q8N183}.,"TRANSIT 1..?; /note=""Mitochondrion""; /evidence=""ECO:0000255""",NA,3D-structure;Chaperone;Cilium biogenesis/degradation;Mitochondrion;Phosphoprotein;Reference proteome;Transit peptide,Evidence at protein level,168
Q5F2E7,Nufip2,"SUBCELLULAR LOCATION: Nucleus {ECO:0000269|PubMed:12837692}. Cytoplasm {ECO:0000269|PubMed:12837692}. Cytoplasm, Stress granule {ECO:0000250|UniProtKB:Q7Z417}. Note=Localized in both nucleus and cytoplasm in most neurons. In the cortex, distributed in a diffuse way in the nucleus and in the cytoplasm. Localized in the cytoplasm in neurons of the dentate gyrus in the olfactive bulb, in the ependymal epithelium and in the granular layer of the cerebellum. In Purkinje cells, distributed in both cell compartments and in nuclear dots adjacent to the nucleolus (PubMed:12837692). {ECO:0000250|UniProtKB:Q7Z417, ECO:0000269|PubMed:12837692}.",NA,NA,Alternative splicing;Cytoplasm;Isopeptide bond;Methylation;Nucleus;Phosphoprotein;Reference proteome;Ubl conjugation,Evidence at protein level,692
Q5ND52,Mrm3,SUBCELLULAR LOCATION: Mitochondrion {ECO:0000269|PubMed:24036117}.,"TRANSIT 1..40; /note=""Mitochondrion""; /evidence=""ECO:0000255""",NA,3D-structure;Methyltransferase;Mitochondrion;Reference proteome;rRNA processing;S-adenosyl-L-methionine;Transferase;Transit peptide,Evidence at protein level,418
Q5SRX1,Tom1l2,NA,NA,NA,Alternative splicing;Phosphoprotein;Protein transport;Reference proteome;Transport,Evidence at protein level,507
Q5SVJ0,Camk2b,NA,NA,NA,ATP-binding;Calmodulin-binding;Kinase;Nucleotide-binding;Phosphoprotein;Proteomics identification;Reference proteome;Serine/threonine-protein kinase;Transferase,Evidence at protein level,666
Q5U458,Dnajc11,"SUBCELLULAR LOCATION: Mitochondrion {ECO:0000250|UniProtKB:Q9NVH1, ECO:0000269|PubMed:25111180}. Mitochondrion outer membrane {ECO:0000250|UniProtKB:Q9NVH1}; Peripheral membrane protein {ECO:0000250|UniProtKB:Q9NVH1}.",NA,NA,Acetylation;Chaperone;Coiled coil;Membrane;Mitochondrion;Mitochondrion outer membrane;Phosphoprotein;Reference proteome,Evidence at protein level,559
Q5XG73,Acbd5,SUBCELLULAR LOCATION: Peroxisome membrane {ECO:0000269|PubMed:17768142}; Single-pass membrane protein {ECO:0000269|PubMed:17768142}.,NA,NA,Acetylation;Alternative splicing;Autophagy;Coiled coil;Lipid-binding;Membrane;Peroxisome;Phosphoprotein;Reference proteome;Transmembrane;Transmembrane helix;Transport,Evidence at protein level,508
Q3V1Z7,Ddx1,"SUBCELLULAR LOCATION: Cytoplasm, cytosol {ECO:0000256|ARBA:ARBA00004514}. Cytoplasmic granule {ECO:0000256|ARBA:ARBA00004463}. Mitochondrion {ECO:0000256|ARBA:ARBA00004173}. Nucleus {ECO:0000256|ARBA:ARBA00004123}.",NA,NA,Activator;Antiviral defense;ATP-binding;Cytoplasm;DNA-binding;Exonuclease;Helicase;Hydrolase;Mitochondrion;mRNA processing;Nuclease;Nucleotide-binding;Nucleus;RNA-binding;Transcription;Transcription regulation;tRNA processing,Evidence at transcript level,740
Q4PJX1,Odr4,SUBCELLULAR LOCATION: Membrane {ECO:0000255}; Multi-pass membrane protein {ECO:0000255}.,NA,NA,Alternative splicing;Membrane;Reference proteome;Transmembrane;Transmembrane helix,Evidence at protein level,447
Q5SSK3,Tefm,"SUBCELLULAR LOCATION: Mitochondrion matrix {ECO:0000250|UniProtKB:Q96QE5}. Mitochondrion matrix, mitochondrion nucleoid {ECO:0000250|UniProtKB:Q96QE5}.","TRANSIT 1..39; /note=""Mitochondrion""; /evidence=""ECO:0000255""",NA,Mitochondrion;Mitochondrion nucleoid;Reference proteome;Transcription;Transcription regulation;Transit peptide,Evidence at protein level,364
Q5XKE0,Mybpc2,NA,NA,NA,3D-structure;Actin-binding;Cell adhesion;Immunoglobulin domain;Muscle protein;Reference proteome;Repeat;Thick filament,Evidence at protein level,1136
Q3UVN5,Nsfl1c,"SUBCELLULAR LOCATION: Cytoplasm, cytoskeleton, microtubule organizing center, centrosome {ECO:0000256|ARBA:ARBA00004300}. Golgi apparatus, Golgi stack {ECO:0000256|ARBA:ARBA00004348}. Nucleus {ECO:0000256|ARBA:ARBA00004123}.",NA,NA,Cytoplasm;Cytoskeleton;Golgi apparatus;Lipid-binding;Nucleus,Evidence at transcript level,372
Q505F5,Lrrc47,NA,NA,NA,Coiled coil;Leucine-rich repeat;Phosphoprotein;Reference proteome;Repeat,Evidence at protein level,581
Q5EBQ0,Vdac3,SUBCELLULAR LOCATION: Mitochondrion outer membrane {ECO:0000256|ARBA:ARBA00004294}.,NA,NA,Acetylation;ATP-binding;Ion transport;Isopeptide bond;Membrane;Mitochondrion;Mitochondrion outer membrane;NAD;Nucleotide-binding;Phosphoprotein;Porin;Transmembrane;Transmembrane beta strand;Transport;Ubl conjugation,Evidence at transcript level,284
Q5F285,Tmem256,SUBCELLULAR LOCATION: Membrane {ECO:0000305}; Multi-pass membrane protein {ECO:0000305}.,NA,"SIGNAL 1..29; /evidence=""ECO:0000255""",Acetylation;Membrane;Reference proteome;Signal;Transmembrane;Transmembrane helix,Evidence at protein level,113
Q5M8N4,Sdr39u1,NA,NA,NA,NADP;Oxidoreductase;Reference proteome,Evidence at protein level,293
Q5SW88,Rab1a,NA,NA,NA,Autophagy;GTP-binding;Hydrolase;Lipoprotein;Magnesium;Metal-binding;Nucleotide-binding;Prenylation;Protein transport;Proteomics identification;Reference proteome;Transport,Evidence at protein level,202
Q542T4,Mbp,SUBCELLULAR LOCATION: Myelin membrane {ECO:0000256|ARBA:ARBA00004392}; Peripheral membrane protein {ECO:0000256|ARBA:ARBA00004392}; Cytoplasmic side {ECO:0000256|ARBA:ARBA00004392}.,NA,NA,Cell membrane;Membrane,Evidence at transcript level,154
Q60864,Stip1,SUBCELLULAR LOCATION: Cytoplasm {ECO:0000269|PubMed:8999875}. Nucleus {ECO:0000269|PubMed:8999875}. Dynein axonemal particle {ECO:0000250|UniProtKB:Q7ZWU1}.,NA,NA,Acetylation;Cytoplasm;Direct protein sequencing;Isopeptide bond;Nucleus;Phosphoprotein;Reference proteome;Repeat;TPR repeat;Ubl conjugation,Evidence at protein level,543
Q60865,Caprin1,"SUBCELLULAR LOCATION: Cytoplasm, Cytoplasmic ribonucleoprotein granule {ECO:0000269|PubMed:17210633}. Cytoplasm, cytosol {ECO:0000269|PubMed:14764709, ECO:0000269|PubMed:17210633}. Cell projection, dendrite {ECO:0000250|UniProtKB:Q5M9G3}. Cell projection, lamellipodium {ECO:0000250|UniProtKB:Q14444}. Note=Mediates formation and localizes to cytoplasmic ribonucleoprotein membraneless compartments (By similarity) (PubMed:17210633). Associated with RNA granules (PubMed:17210633). At the leading edge of migrating fibroblasts, colocalizes with DDX3X (By similarity). {ECO:0000250|UniProtKB:Q14444, ECO:0000269|PubMed:17210633}.",NA,NA,Acetylation;ATP-binding;Cell projection;Coiled coil;Cytoplasm;Differentiation;Glycoprotein;Methylation;Nucleotide-binding;Phosphoprotein;Protein synthesis inhibitor;Reference proteome;RNA-binding,Evidence at protein level,707
Q60930,Vdac2,SUBCELLULAR LOCATION: Mitochondrion outer membrane {ECO:0000250|UniProtKB:P45880}; Multi-pass membrane protein {ECO:0000250|UniProtKB:P45880}. Membrane {ECO:0000250|UniProtKB:P45880}. Note=May localize to non-mitochondrial membranes. {ECO:0000250|UniProtKB:P45880}.,NA,NA,Acetylation;ATP-binding;Direct protein sequencing;Ion transport;Isopeptide bond;Lipid transport;Lipid-binding;Membrane;Mitochondrion;Mitochondrion outer membrane;NAD;Nucleotide-binding;Phosphoprotein;Porin;Reference proteome;Transmembrane;Transmembrane beta strand;Transport;Ubl conjugation,Evidence at protein level,295
Q60931,Vdac3,SUBCELLULAR LOCATION: Mitochondrion outer membrane {ECO:0000250|UniProtKB:P21796}. Membrane {ECO:0000250|UniProtKB:Q9Y277}. Note=May localize to non-mitochondrial membranes. {ECO:0000250|UniProtKB:Q9Y277}.,NA,NA,Acetylation;ATP-binding;Differentiation;Direct protein sequencing;Ion transport;Isopeptide bond;Membrane;Mitochondrion;Mitochondrion outer membrane;NAD;Nucleotide-binding;Phosphoprotein;Porin;Reference proteome;Spermatogenesis;Transmembrane;Transmembrane beta strand;Transport;Ubl conjugation,Evidence at protein level,283
Q60932,Vdac1,SUBCELLULAR LOCATION: [Isoform Mt-VDAC1]: Mitochondrion outer membrane {ECO:0000269|PubMed:10716730}; Multi-pass membrane protein {ECO:0000269|PubMed:18988731}.; SUBCELLULAR LOCATION: [Isoform Pl-VDAC1]: Cell membrane {ECO:0000269|PubMed:10716730}; Multi-pass membrane protein {ECO:0000269|PubMed:18988731}. Membrane raft {ECO:0000269|PubMed:25168729}; Multi-pass membrane protein {ECO:0000269|PubMed:18988731}. Note=Found in a complex with HSPA9 and VDAC1 at the endoplasmic reticulum-mitochondria contact sites. {ECO:0000250|UniProtKB:Q9Z2L0}.,NA,NA,3D-structure;Acetylation;Alternative splicing;Apoptosis;ATP-binding;Cell membrane;Direct protein sequencing;Ion transport;Isopeptide bond;Lipid transport;Lipid-binding;Membrane;Mitochondrion;Mitochondrion outer membrane;NAD;Nucleotide-binding;Phosphoprotein;Porin;Reference proteome;Transmembrane;Transmembrane beta strand;Transport;Ubl conjugation,Evidence at protein level,296
Q60935,Art1,"SUBCELLULAR LOCATION: Sarcoplasmic reticulum membrane; Lipid-anchor, GPI-anchor.",NA,"SIGNAL 1..22; /evidence=""ECO:0000255""",Disulfide bond;Glycoprotein;Glycosyltransferase;GPI-anchor;Lipoprotein;Membrane;NAD;NADP;Nucleotidyltransferase;Reference proteome;Sarcoplasmic reticulum;Signal;Transferase,Evidence at protein level,325
Q60936,Coq8a,SUBCELLULAR LOCATION: Mitochondrion membrane {ECO:0000250|UniProtKB:Q8NI60}; Single-pass membrane protein {ECO:0000255}.,"TRANSIT 1..159; /note=""Mitochondrion""; /evidence=""ECO:0000250|UniProtKB:Q8NI60""",NA,Alternative splicing;ATP-binding;Kinase;Membrane;Mitochondrion;Nucleotide-binding;Reference proteome;Transferase;Transit peptide;Transmembrane;Transmembrane helix;Ubiquinone biosynthesis,Evidence at protein level,645
Q61029,Tmpo,SUBCELLULAR LOCATION: Nucleus inner membrane {ECO:0000250}; Single-pass type II membrane protein {ECO:0000250}. Chromosome {ECO:0000250}. Note=Tightly associated with the nuclear lamina. {ECO:0000250}.,NA,NA,Acetylation;Alternative splicing;Chromosome;Citrullination;Direct protein sequencing;DNA-binding;Isopeptide bond;Membrane;Methylation;Nucleus;Phosphoprotein;Reference proteome;Signal-anchor;Transmembrane;Transmembrane helix;Ubl conjugation,Evidence at protein level,452
Q61070,Ei24,SUBCELLULAR LOCATION: Nucleus membrane {ECO:0000250}; Multi-pass membrane protein {ECO:0000250}. Cytoplasm {ECO:0000250}. Endoplasmic reticulum membrane {ECO:0000269|PubMed:15781622}; Multi-pass membrane protein {ECO:0000269|PubMed:15781622}.,NA,NA,Acetylation;Apoptosis;Autophagy;Cytoplasm;Endoplasmic reticulum;Membrane;Nucleus;Phosphoprotein;Reference proteome;Transmembrane;Transmembrane helix,Evidence at protein level,340
Q61081,Cdc37,SUBCELLULAR LOCATION: Cytoplasm {ECO:0000250|UniProtKB:Q16543}.,NA,NA,Acetylation;Chaperone;Cytoplasm;Phosphoprotein;Reference proteome;Ubl conjugation,Evidence at protein level,379
Q61102,Abcb7,SUBCELLULAR LOCATION: Mitochondrion inner membrane {ECO:0000250|UniProtKB:P40416}; Multi-pass membrane protein {ECO:0000250|UniProtKB:P40416}.,"TRANSIT 1..22; /note=""Mitochondrion""; /evidence=""ECO:0000255""",NA,Acetylation;ATP-binding;Membrane;Mitochondrion;Mitochondrion inner membrane;Nucleotide-binding;Phosphoprotein;Reference proteome;Transit peptide;Transmembrane;Transmembrane helix;Transport,Evidence at protein level,752
Q61147,Cp,SUBCELLULAR LOCATION: Secreted {ECO:0000269|PubMed:16906150}. Note=Colocalizes with GCP1 in secretory intracellular compartments. {ECO:0000250|UniProtKB:P13635}.,NA,"SIGNAL 1..19; /evidence=""ECO:0000250""",Calcium;Disulfide bond;Glycoprotein;Metal-binding;Oxidoreductase;Reference proteome;Repeat;Secreted;Signal;Sodium,Evidence at protein level,1061
Q61166,Mapre1,"SUBCELLULAR LOCATION: Cytoplasm, cytoskeleton {ECO:0000269|PubMed:15311282, ECO:0000269|PubMed:21357749, ECO:0000269|PubMed:24706950}. Cytoplasm, cytoskeleton, microtubule organizing center, centrosome {ECO:0000250|UniProtKB:Q15691}. Cytoplasm, cytoskeleton, spindle {ECO:0000250|UniProtKB:Q15691}. Cytoplasm, cytoskeleton, spindle pole {ECO:0000250|UniProtKB:Q15691}. Cell membrane {ECO:0000250|UniProtKB:Q15691}. Note=Associated with the microtubule network at the growing distal tip of microtubules (PubMed:21357749). In addition to localizing to microtubule plus-ends, also exhibits some localization along the length of the microtubules (By similarity). Also enriched at the centrosome (By similarity). {ECO:0000250|UniProtKB:Q15691, ECO:0000269|PubMed:21357749}.",NA,NA,3D-structure;Acetylation;Cell cycle;Cell division;Cell membrane;Cytoplasm;Cytoskeleton;Direct protein sequencing;Membrane;Microtubule;Mitosis;Phosphoprotein;Reference proteome,Evidence at protein level,268
Q61171,Prdx2,SUBCELLULAR LOCATION: Cytoplasm {ECO:0000250|UniProtKB:P32119}.,NA,NA,Acetylation;Antioxidant;Cytoplasm;Direct protein sequencing;Disulfide bond;Oxidoreductase;Peroxidase;Phosphoprotein;Redox-active center;Reference proteome,Evidence at protein level,198
Q61187,Tsg101,"SUBCELLULAR LOCATION: Cytoplasm {ECO:0000250|UniProtKB:Q99816}. Early endosome membrane {ECO:0000250|UniProtKB:Q99816}; Peripheral membrane protein {ECO:0000250|UniProtKB:Q99816}; Cytoplasmic side {ECO:0000250|UniProtKB:Q99816}. Late endosome membrane {ECO:0000250|UniProtKB:Q99816}; Peripheral membrane protein {ECO:0000250|UniProtKB:Q99816}. Cytoplasm, cytoskeleton, microtubule organizing center, centrosome {ECO:0000250|UniProtKB:Q99816}. Midbody, Midbody ring {ECO:0000250|UniProtKB:Q99816}. Nucleus {ECO:0000250|UniProtKB:Q99816}. Note=Mainly cytoplasmic. Membrane-associated when active and soluble when inactive. Nuclear localization is cell cycle-dependent. Interaction with CEP55 is required for localization to the midbody during cytokinesis. {ECO:0000250|UniProtKB:Q99816}.",NA,NA,Acetylation;Cell cycle;Cell division;Coiled coil;Cytoplasm;Cytoskeleton;Endosome;Growth regulation;Host-virus interaction;Membrane;Nucleus;Phosphoprotein;Protein transport;Reference proteome;Transport;Ubl conjugation,Evidence at protein level,391
Q61207,Psap,SUBCELLULAR LOCATION: Lysosome {ECO:0000250|UniProtKB:P07602}.; SUBCELLULAR LOCATION: [Prosaposin]: Secreted {ECO:0000269|PubMed:23690594}. Note=Secreted as a fully glycosylated 70 kDa protein composed of complex glycans. {ECO:0000269|PubMed:23690594}.,NA,"SIGNAL 1..16; /evidence=""ECO:0000250|UniProtKB:P07602""",3D-structure;Direct protein sequencing;Disulfide bond;Glycoprotein;Lysosome;Reference proteome;Repeat;Secreted;Signal,Evidence at protein level,557
Q61233,Lcp1,"SUBCELLULAR LOCATION: Cytoplasm, cytoskeleton {ECO:0000269|PubMed:14756805}. Cell projection {ECO:0000250}. Cell junction {ECO:0000250}. Cell projection, ruffle membrane {ECO:0000269|PubMed:14756805}; Peripheral membrane protein {ECO:0000269|PubMed:14756805}; Cytoplasmic side {ECO:0000269|PubMed:14756805}. Note=Relocalizes to the immunological synapse between peripheral blood T-lymphocytes and antibody-presenting cells in response to costimulation through TCR/CD3 and CD2 or CD28. Relocalizes to actin-rich cell projections upon serine phosphorylation (By similarity). Associated with the actin cytoskeleton at membrane ruffles. {ECO:0000250|UniProtKB:P13796}.",NA,NA,Acetylation;Actin-binding;Calcium;Cell junction;Cell membrane;Cell projection;Cytoplasm;Cytoskeleton;Direct protein sequencing;Membrane;Metal-binding;Phosphoprotein;Reference proteome;Repeat,Evidence at protein level,627
Q61235,Sntb2,"SUBCELLULAR LOCATION: Membrane {ECO:0000269|PubMed:9214383}. Cytoplasmic vesicle, secretory vesicle membrane {ECO:0000269|PubMed:9214383}; Peripheral membrane protein {ECO:0000269|PubMed:9214383}. Cell junction {ECO:0000250}. Cytoplasm, cytoskeleton {ECO:0000269|PubMed:9214383}. Note=Membrane-associated. In insulinoma cell line, it is enriched in secretory granules (By similarity). In muscle, it is exclusively localized at the neuromuscular junction. {ECO:0000250}.",NA,NA,Actin-binding;Calcium;Calmodulin-binding;Cell junction;Cytoplasm;Cytoplasmic vesicle;Cytoskeleton;Membrane;Microtubule;Phosphoprotein;Reference proteome;Repeat,Evidence at protein level,520
Q61292,Lamb2,"SUBCELLULAR LOCATION: Secreted, extracellular space, extracellular matrix, basement membrane.",NA,"SIGNAL 1..35; /evidence=""ECO:0000255""",Basement membrane;Cell adhesion;Coiled coil;Disulfide bond;Extracellular matrix;Glycoprotein;Laminin EGF-like domain;Phosphoprotein;Reference proteome;Repeat;Secreted;Signal,Evidence at protein level,1799
Q61335,Bcap31,SUBCELLULAR LOCATION: Endoplasmic reticulum membrane {ECO:0000250|UniProtKB:P51572}; Multi-pass membrane protein {ECO:0000255}. Endoplasmic reticulum-Golgi intermediate compartment membrane {ECO:0000250|UniProtKB:P51572}; Multi-pass membrane protein {ECO:0000255}. Note=May shuttle between the ER and the intermediate compartment/cis-Golgi complex. Associates with the mitochondria-associated endoplasmic reticulum membrane via interaction with TOMM40. {ECO:0000250|UniProtKB:P51572}.,NA,NA,Apoptosis;Coiled coil;Direct protein sequencing;Endoplasmic reticulum;ER-Golgi transport;Membrane;Protein transport;Reference proteome;Transmembrane;Transmembrane helix;Transport,Evidence at protein level,245
Q61425,Hadh,"SUBCELLULAR LOCATION: [Isoform 1]: Mitochondrion matrix {ECO:0000269|PubMed:35339755}.; SUBCELLULAR LOCATION: [Isoform 2]: Nucleus {ECO:0000269|PubMed:35339755}. Cytoplasm, cytosol {ECO:0000269|PubMed:35339755}. Note=Predominantly nuclear. {ECO:0000269|PubMed:35339755}.","TRANSIT 1..12; /note=""Mitochondrion""; /evidence=""ECO:0000250|UniProtKB:Q16836""",NA,Acetylation;Alternative initiation;Cytoplasm;Differentiation;Fatty acid metabolism;Hydroxylation;Lipid metabolism;Mitochondrion;NAD;Nucleus;Oxidoreductase;Reference proteome;Spermatogenesis;Transit peptide,Evidence at protein level,314
Q61475,Cd55,"SUBCELLULAR LOCATION: Cell membrane {ECO:0000250}; Lipid-anchor, GPI-anchor {ECO:0000250}.",NA,"SIGNAL 1..34; /evidence=""ECO:0000255""",Cell membrane;Complement pathway;Disulfide bond;Glycoprotein;GPI-anchor;Immunity;Innate immunity;Lipoprotein;Membrane;Reference proteome;Repeat;Signal;Sushi,Evidence at protein level,390
Q61543,Glg1,"SUBCELLULAR LOCATION: Cell membrane {ECO:0000269|PubMed:9099943}; Single-pass type I membrane protein {ECO:0000255}. Golgi apparatus membrane {ECO:0000269|PubMed:9099943}; Single-pass type I membrane protein {ECO:0000255}. Golgi outpost {ECO:0000250|UniProtKB:Q62638}. Cytoplasm, cytoskeleton, microtubule organizing center {ECO:0000250|UniProtKB:Q62638}. Note=Golgi and microvilli on the cell surface (PubMed:9099943). Localizes to the postsynaptic Golgi apparatus region, also named Golgi outpost, which shapes dendrite morphology by functioning as sites of acentrosomal microtubule nucleation (By similarity). {ECO:0000250|UniProtKB:Q62638, ECO:0000269|PubMed:9099943}.",NA,"SIGNAL 1..27; /evidence=""ECO:0000255""",Cell membrane;Cytoplasm;Cytoskeleton;Direct protein sequencing;Glycoprotein;Golgi apparatus;Membrane;Phosphoprotein;Reference proteome;Repeat;Sialic acid;Signal;Transmembrane;Transmembrane helix,Evidence at protein level,1175
Q61554,Fbn1,"SUBCELLULAR LOCATION: Secreted {ECO:0000250|UniProtKB:P35555}. Note=Fibrillin-1 and Asprosin chains are still linked together during the secretion from cells, but are subsequently separated by furin. {ECO:0000250|UniProtKB:P35555}.; SUBCELLULAR LOCATION: [Fibrillin-1]: Secreted, extracellular space, extracellular matrix {ECO:0000269|PubMed:24039232}.; SUBCELLULAR LOCATION: [Asprosin]: Secreted {ECO:0000250|UniProtKB:P35555}. Note=Secreted by white adipose tissue and circulates in the plasma. {ECO:0000250|UniProtKB:P35555}.",NA,"SIGNAL 1..24; /evidence=""ECO:0000250|UniProtKB:P35555""",Calcium;Disulfide bond;EGF-like domain;Extracellular matrix;Glycoprotein;Hormone;Phosphoprotein;Reference proteome;Repeat;Secreted;Signal,Evidence at protein level,2873
Q61555,Fbn2,"SUBCELLULAR LOCATION: Secreted {ECO:0000250|UniProtKB:P35556}. Note=Fibrillin-2 and Placensin chains are still linked together during the secretion from cells, but are subsequently separated by furin. {ECO:0000250|UniProtKB:P35556}.; SUBCELLULAR LOCATION: [Fibrillin-2]: Secreted, extracellular space, extracellular matrix {ECO:0000269|PubMed:24039232}.; SUBCELLULAR LOCATION: [Placensin]: Secreted {ECO:0000250|UniProtKB:P35556}. Note=Secreted by placental cells. {ECO:0000250|UniProtKB:P35556}.",NA,"SIGNAL 1..28; /evidence=""ECO:0000255""",Calcium;Direct protein sequencing;Disulfide bond;EGF-like domain;Extracellular matrix;Glycoprotein;Hormone;Reference proteome;Repeat;Secreted;Signal,Evidence at protein level,2907
Q61559,Fcgrt,SUBCELLULAR LOCATION: Cell membrane {ECO:0000250|UniProtKB:P13599}; Single-pass type I membrane protein {ECO:0000255}. Endosome membrane {ECO:0000250|UniProtKB:P55899}.,NA,"SIGNAL 1..21; /evidence=""ECO:0000250|UniProtKB:P55899""",Cell membrane;Direct protein sequencing;Disulfide bond;Endosome;Glycoprotein;IgG-binding protein;Immunoglobulin domain;Membrane;Phosphoprotein;Receptor;Reference proteome;Signal;Transmembrane;Transmembrane helix,Evidence at protein level,365
Q61584,Fxr1,"SUBCELLULAR LOCATION: Cytoplasm, Cytoplasmic ribonucleoprotein granule {ECO:0000269|PubMed:22022532, ECO:0000269|PubMed:35951695}. Cytoplasm, Stress granule {ECO:0000250|UniProtKB:P51114}. Cytoplasm {ECO:0000305|PubMed:30770808}. Cell projection, dendrite {ECO:0000269|PubMed:22022532}. Cell projection, dendritic spine {ECO:0000269|PubMed:22022532}. Cell projection, axon {ECO:0000269|PubMed:22022532}. Nucleus envelope {ECO:0000250|UniProtKB:P51114}. Postsynapse {ECO:0000269|PubMed:27770568}. Note=Specifically localizes to cytoplasmic ribonucleoprotein membraneless compartments (PubMed:35951695). Localizes to stress granules following phosphorylation at Ser-449 by PAK1 (By similarity). Adjacent to Z-lines in muscles (PubMed:30770808). {ECO:0000250|UniProtKB:P51114, ECO:0000269|PubMed:30770808, ECO:0000269|PubMed:35951695}.",NA,NA,Acetylation;Alternative splicing;Cell projection;Cytoplasm;Developmental protein;Differentiation;Isopeptide bond;Methylation;Myogenesis;Nucleus;Phosphoprotein;Reference proteome;Repeat;RNA-binding;Spermatogenesis;Synapse;Ubl conjugation,Evidence at protein level,677
Q61586,Gpam,SUBCELLULAR LOCATION: Mitochondrion outer membrane {ECO:0000250|UniProtKB:Q9HCL2}; Peripheral membrane protein {ECO:0000250|UniProtKB:Q9HCL2}. Note=Associated with the mitochondrion outer membrane of hepatic cells via a patch of basic residues. {ECO:0000250|UniProtKB:Q9HCL2}.,NA,NA,Acetylation;Acyltransferase;Lipid biosynthesis;Lipid metabolism;Membrane;Mitochondrion;Mitochondrion outer membrane;Phospholipid biosynthesis;Phospholipid metabolism;Phosphoprotein;Reference proteome;Transferase,Evidence at protein level,827
Q61598,Gdi2,"SUBCELLULAR LOCATION: Cytoplasm {ECO:0000250}. Membrane {ECO:0000250}; Peripheral membrane protein {ECO:0000250}. Golgi apparatus, trans-Golgi network {ECO:0000250|UniProtKB:P50395}.",NA,NA,Acetylation;Alternative splicing;Cytoplasm;Direct protein sequencing;Golgi apparatus;GTPase activation;Membrane;Phosphoprotein;Reference proteome,Evidence at protein level,445
Q61656,Ddx5,"SUBCELLULAR LOCATION: Nucleus {ECO:0000250|UniProtKB:P17844}. Nucleus, nucleolus {ECO:0000250|UniProtKB:P17844}. Cytoplasm {ECO:0000250|UniProtKB:P17844}. Note=During the G0 phase, predominantly located in the nucleus. Cytoplasmic levels increase during the G1/S phase. During the M phase, located at the vicinity of the condensed chromosomes. At G1, localizes in the cytoplasm. {ECO:0000250|UniProtKB:P17844}.",NA,NA,Acetylation;ATP-binding;Biological rhythms;Cytoplasm;Helicase;Hydrolase;Isopeptide bond;Methylation;mRNA processing;mRNA splicing;Nucleotide-binding;Nucleus;Phosphoprotein;Reference proteome;RNA-binding;Spliceosome;Transcription;Transcription regulation;Ubl conjugation,Evidence at protein level,614
Q61735,Cd47,SUBCELLULAR LOCATION: Cell membrane {ECO:0000269|PubMed:7691831}; Multi-pass membrane protein {ECO:0000269|PubMed:7691831}.,NA,"SIGNAL 1..18; /evidence=""ECO:0000255""",Alternative splicing;Angiogenesis;Apoptosis;Cell adhesion;Cell membrane;Direct protein sequencing;Disulfide bond;Glycoprotein;Immunoglobulin domain;Inflammatory response;Membrane;Phosphoprotein;Pyrrolidone carboxylic acid;Reference proteome;Signal;Transmembrane;Transmembrane helix,Evidence at protein level,303
Q61743,Kcnj11,SUBCELLULAR LOCATION: Membrane {ECO:0000250|UniProtKB:Q14654}; Multi-pass membrane protein {ECO:0000250|UniProtKB:Q14654}.,NA,NA,3D-structure;ATP-binding;Disulfide bond;Ion channel;Ion transport;Membrane;Metal-binding;Nucleotide-binding;Phosphoprotein;Potassium;Potassium transport;Reference proteome;Transmembrane;Transmembrane helix;Transport;Voltage-gated channel,Evidence at protein level,390
Q61753,Phgdh,NA,NA,NA,Acetylation;Amino-acid biosynthesis;Direct protein sequencing;Isopeptide bond;NAD;Oxidoreductase;Phosphoprotein;Reference proteome;Serine biosynthesis;Ubl conjugation,Evidence at protein level,533
Q61768,Kif5b,"SUBCELLULAR LOCATION: Cytoplasm, cytoskeleton {ECO:0000250|UniProtKB:Q2PQA9}. Cytolytic granule membrane {ECO:0000250|UniProtKB:P33176}. Lysosome membrane {ECO:0000250|UniProtKB:P33176}; Peripheral membrane protein {ECO:0000250|UniProtKB:P33176}; Cytoplasmic side {ECO:0000250|UniProtKB:P33176}. Note=Uniformly distributed between soma and neurites in hippocampal neurons. {ECO:0000250|UniProtKB:Q2PQA9}.",NA,NA,3D-structure;Acetylation;ATP-binding;Coiled coil;Cytoplasm;Cytoskeleton;Direct protein sequencing;Isopeptide bond;Lysosome;Membrane;Methylation;Microtubule;Motor protein;Nucleotide-binding;Phosphoprotein;Reference proteome;Ubl conjugation,Evidence at protein level,963
Q61830,Mrc1,SUBCELLULAR LOCATION: Endosome membrane {ECO:0000250}; Single-pass type I membrane protein {ECO:0000250}. Cell membrane {ECO:0000250}; Single-pass type I membrane protein {ECO:0000250}.,NA,"SIGNAL 1..19; /evidence=""ECO:0000255""",3D-structure;Calcium;Cell membrane;Disulfide bond;Endocytosis;Endosome;Glycoprotein;Lectin;Membrane;Receptor;Reference proteome;Repeat;Signal;Transmembrane;Transmembrane helix,Evidence at protein level,1456
Q61838,Pzp,SUBCELLULAR LOCATION: Secreted.,NA,"SIGNAL 1..24; /evidence=""ECO:0000255""",Bait region;Direct protein sequencing;Disulfide bond;Glycoprotein;Protease inhibitor;Reference proteome;Secreted;Serine protease inhibitor;Signal;Thioester bond,Evidence at protein level,1495
Q61937,Npm1,"SUBCELLULAR LOCATION: Nucleus, nucleolus {ECO:0000250|UniProtKB:P06748}. Nucleus, nucleoplasm {ECO:0000250|UniProtKB:P06748}. Cytoplasm, cytoskeleton, microtubule organizing center, centrosome {ECO:0000250|UniProtKB:P06748}. Note=Generally nucleolar, but is translocated to the nucleoplasm in case of serum starvation or treatment with anticancer drugs. Has been found in the cytoplasm in patients with primary acute myelogenous leukemia (AML), but not with secondary AML. Co-localizes with the methylated form of RPS10 in the granular component (GC) region of the nucleolus. Colocalized with nucleolin and APEX1 in nucleoli. Isoform 1 of NEK2 is required for its localization to the centrosome during mitosis. Can shuttle between cytoplasm and nucleus. {ECO:0000250|UniProtKB:P06748}.",NA,NA,3D-structure;Acetylation;ADP-ribosylation;Chaperone;Cytoplasm;Cytoskeleton;Direct protein sequencing;Disulfide bond;DNA-binding;Isopeptide bond;Nucleus;Phosphoprotein;Reference proteome;RNA-binding;Ubl conjugation,Evidence at protein level,292
Q61990,Pcbp2,SUBCELLULAR LOCATION: Nucleus {ECO:0000250|UniProtKB:Q15366}. Cytoplasm {ECO:0000250|UniProtKB:Q15366}. Note=Loosely bound in the nucleus. May shuttle between the nucleus and the cytoplasm. {ECO:0000250|UniProtKB:Q15366}.,NA,NA,Alternative splicing;Antiviral defense;Cytoplasm;Direct protein sequencing;DNA-binding;Immunity;Innate immunity;Isopeptide bond;Nucleus;Phosphoprotein;Reference proteome;Repeat;Ribonucleoprotein;RNA-binding;Ubl conjugation,Evidence at protein level,362
Q62087,Pon3,"SUBCELLULAR LOCATION: Secreted, extracellular space {ECO:0000250}.",NA,"SIGNAL 1..?; /note=""Not cleaved""; /evidence=""ECO:0000255""",Calcium;Disulfide bond;Glycoprotein;Hydrolase;Metal-binding;Phosphoprotein;Reference proteome;Secreted;Signal,Evidence at protein level,354
Q62159,Rhoc,SUBCELLULAR LOCATION: Cell membrane {ECO:0000305}; Lipid-anchor {ECO:0000305}; Cytoplasmic side {ECO:0000305}. Cleavage furrow {ECO:0000250}. Note=Translocates to the equatorial region before furrow formation in a ECT2-dependent manner. {ECO:0000250}.,NA,NA,Cell membrane;GTP-binding;Hydrolase;Lipoprotein;Magnesium;Membrane;Metal-binding;Methylation;Nucleotide-binding;Prenylation;Reference proteome,Evidence at protein level,193
Q61151,Ppp2r5e,SUBCELLULAR LOCATION: Cytoplasm {ECO:0000250}.,NA,NA,Acetylation;Cytoplasm;Phosphoprotein;Reference proteome,Evidence at protein level,467
Q61316,Hspa4,SUBCELLULAR LOCATION: Cytoplasm {ECO:0000305}.,NA,NA,Acetylation;ATP-binding;Cytoplasm;Direct protein sequencing;Methylation;Nucleotide-binding;Phosphoprotein;Reference proteome;Stress response,Evidence at protein level,841
Q61646,Hp,SUBCELLULAR LOCATION: Secreted {ECO:0000250}.,NA,"SIGNAL 1..18; /evidence=""ECO:0000255""",Acute phase;Antibiotic;Antimicrobial;Antioxidant;Disulfide bond;Glycoprotein;Hemoglobin-binding;Immunity;Reference proteome;Secreted;Serine protease homolog;Signal;Sushi,Evidence at protein level,347
Q61792,Lasp1,"SUBCELLULAR LOCATION: Cytoplasm, cell cortex {ECO:0000250}. Cytoplasm, cytoskeleton {ECO:0000250}. Note=Associated with the F-actin rich cortical cytoskeleton. {ECO:0000250}.",NA,NA,Acetylation;Actin-binding;Cytoplasm;Cytoskeleton;Ion transport;LIM domain;Metal-binding;Methylation;Phosphoprotein;Reference proteome;Repeat;SH3 domain;Transport;Zinc,Evidence at protein level,263
Q61878,Prg2,SUBCELLULAR LOCATION: Secreted {ECO:0000250|UniProtKB:P13727}.,NA,"SIGNAL 1..16; /evidence=""ECO:0000255""",Antibiotic;Antimicrobial;Direct protein sequencing;Disulfide bond;Glycoprotein;Immunity;Lectin;Nitration;Proteoglycan;Reference proteome;Secreted;Signal,Evidence at protein level,223
Q62086,Pon2,SUBCELLULAR LOCATION: Membrane {ECO:0000250}; Peripheral membrane protein {ECO:0000250}.,NA,"SIGNAL 1..?; /note=""Not cleaved""; /evidence=""ECO:0000255""",Calcium;Disulfide bond;Glycoprotein;Hydrolase;Membrane;Metal-binding;Reference proteome;Signal,Evidence at protein level,354
Q61334,Bcap29,SUBCELLULAR LOCATION: Endoplasmic reticulum membrane; Multi-pass membrane protein.,NA,NA,Apoptosis;Coiled coil;Direct protein sequencing;Endoplasmic reticulum;ER-Golgi transport;Membrane;Protein transport;Reference proteome;Transmembrane;Transmembrane helix;Transport,Evidence at protein level,240
Q61733,Mrps31,SUBCELLULAR LOCATION: Mitochondrion {ECO:0000250|UniProtKB:P82925}.,"TRANSIT 1..54; /note=""Mitochondrion""; /evidence=""ECO:0000255""",NA,3D-structure;Mitochondrion;Reference proteome;Ribonucleoprotein;Ribosomal protein;Transit peptide,Evidence at protein level,384
Q62000,Ogn,"SUBCELLULAR LOCATION: Secreted, extracellular space, extracellular matrix {ECO:0000250|UniProtKB:Q8MJF1}.",NA,"SIGNAL 1..19; /evidence=""ECO:0000255""",Disulfide bond;Extracellular matrix;Glycoprotein;Growth factor;Leucine-rich repeat;Proteoglycan;Reference proteome;Repeat;Secreted;Signal,Evidence at protein level,298
Q62147,Sspn,"SUBCELLULAR LOCATION: Cell membrane {ECO:0000250}; Multi-pass membrane protein {ECO:0000250}. Cell membrane, sarcolemma {ECO:0000250}. Postsynaptic cell membrane {ECO:0000250}; Multi-pass membrane protein {ECO:0000250}. Note=Also found in myotendinous junctions and in the postsynaptic membrane of neuromuscular junctions. {ECO:0000250}.",NA,NA,3D-structure;Cell membrane;Membrane;Postsynaptic cell membrane;Reference proteome;Synapse;Transmembrane;Transmembrane helix,Evidence at protein level,216
Q62165,Dag1,"SUBCELLULAR LOCATION: [Alpha-dystroglycan]: Secreted, extracellular space {ECO:0000250|UniProtKB:Q14118}. Secreted, extracellular space, extracellular matrix, basement membrane {ECO:0000269|PubMed:11798066}. Synapse {ECO:0000269|PubMed:40473926}. Note=Localized to inhibitory synapses in the cerebellar cortex. {ECO:0000269|PubMed:40473926}.; SUBCELLULAR LOCATION: [Beta-dystroglycan]: Cell membrane {ECO:0000250|UniProtKB:Q14118}; Single-pass type I membrane protein {ECO:0000250|UniProtKB:Q14118}. Cytoplasm, cytoskeleton. Nucleus, nucleoplasm. Cell membrane, sarcolemma. Synapse {ECO:0000269|PubMed:40473926}. Postsynaptic cell membrane. Note=The monomeric form translocates to the nucleus via the action of importins and depends on RAN. Nuclear transport is inhibited by Tyr-892 phosphorylation. In skeletal muscle, this phosphorylated form locates to a vesicular internal membrane compartment. In muscle cells, sarcolemma localization requires the presence of ANK2, while localization to costameres requires the presence of ANK3. Localizes to neuromuscular junctions (NMJs). In adult muscle, NMJ localization depends upon ANK2 presence, but not in newborn animals. In peripheral nerves, localizes to the Schwann cell membrane. Colocalizes with ERM proteins in Schwann-cell microvilli. Localized to inhibitory synapses in the cerebellar cortex (PubMed:40473926). {ECO:0000269|PubMed:40473926}.",NA,"SIGNAL 1..27; /evidence=""ECO:0000255""",3D-structure;Basement membrane;Cell membrane;Cytoplasm;Cytoskeleton;Disulfide bond;Extracellular matrix;Glycoprotein;Host-virus interaction;Membrane;Nucleus;Phosphoprotein;Postsynaptic cell membrane;Reference proteome;Secreted;Signal;Synapse;Transmembrane;Transmembrane helix,Evidence at protein level,893
Q62167,Ddx3x,"SUBCELLULAR LOCATION: Cell membrane {ECO:0000250|UniProtKB:O00571}. Nucleus {ECO:0000269|PubMed:25050112}. Cytoplasm {ECO:0000269|PubMed:25050112}. Cytoplasm, Stress granule {ECO:0000269|PubMed:31511697}. Inflammasome {ECO:0000269|PubMed:31511697}. Cell projection, lamellipodium {ECO:0000250|UniProtKB:O00571}. Note=Shuttles between the nucleus and the cytosol. Exported from the nucleus partly through the XPO1/CRM1 system and partly through NXF1/TAP. Localizes to nuclear pores on the outer side of the nuclear membrane. In the cytosol, partly colocalizes with mitochondria. At G0, predominantly located in nucleus. In G1/S phase, predominantly cytoplasmic. During prophase/prometaphase, localizes in close proximity to the condensing chromosomes. During telophase, localizes around the newly synthesized nuclear membrane and in the cytoplasm. Colocalizes with TRPV4 at the plasma membrane. When TRPV4 channel is activated, intracellular Ca(2+) levels increase and the calmodulin/CAMKII pathway is activated, relocalizes to the nucleus. WNT3A stimulation promotes DDX3 recruitment to the plasma membrane. {ECO:0000250|UniProtKB:O00571}.",NA,NA,Acetylation;Apoptosis;ATP-binding;Cell membrane;Cell projection;Chromosome partition;Cytoplasm;Direct protein sequencing;DNA-binding;Helicase;Hydrolase;Immunity;Inflammasome;Inflammatory response;Innate immunity;Isopeptide bond;Membrane;Methylation;Nucleotide-binding;Nucleus;Phosphoprotein;Reference proteome;Ribosome biogenesis;RNA-binding;Transcription;Transcription regulation;Translation regulation;Ubl conjugation,Evidence at protein level,662
Q62181,Sema3c,SUBCELLULAR LOCATION: Secreted {ECO:0000250}.,NA,"SIGNAL 1..20; /evidence=""ECO:0000255""",Developmental protein;Differentiation;Disulfide bond;Glycoprotein;Immunoglobulin domain;Neurogenesis;Reference proteome;Secreted;Signal,Evidence at protein level,751
Q62188,Dpysl3,"SUBCELLULAR LOCATION: Cytoplasm {ECO:0000250}. Cell projection, growth cone {ECO:0000250}. Note=Colocalizes with synaptic vesicle protein 2 in the central region of the growth cone. {ECO:0000250}.",NA,NA,Cell projection;Cytoplasm;Direct protein sequencing;Phosphoprotein;Reference proteome,Evidence at protein level,570
Q62230,Siglec1,SUBCELLULAR LOCATION: [Isoform 1]: Cell membrane; Single-pass type I membrane protein.; SUBCELLULAR LOCATION: [Isoform 2]: Secreted.; SUBCELLULAR LOCATION: [Isoform 3]: Secreted.,NA,SIGNAL 1..19,3D-structure;Alternative splicing;Cell adhesion;Cell membrane;Direct protein sequencing;Disulfide bond;Endocytosis;Glycoprotein;Immunoglobulin domain;Lectin;Membrane;Reference proteome;Repeat;Secreted;Signal;Transmembrane;Transmembrane helix,Evidence at protein level,1695
Q62234,Myom1,"SUBCELLULAR LOCATION: Cytoplasm, myofibril, sarcomere, M line {ECO:0000269|PubMed:18177667, ECO:0000269|PubMed:22562206}.",NA,NA,3D-structure;Alternative splicing;Cytoplasm;Immunoglobulin domain;Muscle protein;Phosphoprotein;Reference proteome;Repeat;Thick filament,Evidence at protein level,1667
Q62261,Sptbn1,"SUBCELLULAR LOCATION: Cytoplasm, cytoskeleton {ECO:0000305}. Endomembrane system {ECO:0000269|PubMed:15262991}. Cytoplasm, myofibril, sarcomere, M line {ECO:0000269|PubMed:15262991}. Cytoplasm, cytosol {ECO:0000250|UniProtKB:Q01082}. Cell membrane {ECO:0000250|UniProtKB:Q01082}. Note=Colocalizes with ANK2 in a distinct intracellular compartment of neonatal cardiomyocytes. {ECO:0000269|PubMed:15262991}.; SUBCELLULAR LOCATION: [Isoform 2]: Cytoplasm {ECO:0000269|PubMed:9927192}. Cell membrane {ECO:0000269|PubMed:9927192}; Peripheral membrane protein; Cytoplasmic side.",NA,NA,3D-structure;Acetylation;Actin capping;Actin-binding;Alternative splicing;Calmodulin-binding;Cell membrane;Cytoplasm;Cytoskeleton;Glycoprotein;Membrane;Phosphoprotein;Reference proteome;Repeat,Evidence at protein level,2363
Q62351,Tfrc,SUBCELLULAR LOCATION: Cell membrane {ECO:0000250|UniProtKB:P02786}; Single-pass type II membrane protein {ECO:0000250|UniProtKB:P02786}. Melanosome {ECO:0000250|UniProtKB:P02786}.,NA,NA,Cell membrane;Direct protein sequencing;Disulfide bond;Endocytosis;Glycoprotein;Isopeptide bond;Lipoprotein;Membrane;Palmitate;Phosphoprotein;Receptor;Reference proteome;Signal-anchor;Transmembrane;Transmembrane helix;Ubl conjugation,Evidence at protein level,763
Q62433,Ndrg1,"SUBCELLULAR LOCATION: Cytoplasm, cytosol. Cytoplasm, cytoskeleton, microtubule organizing center, centrosome. Nucleus. Cell membrane {ECO:0000250}. Note=Mainly cytoplasmic but differentially localized to other regions. Associates with the plasma membrane in intestinal epithelia and lactating mammary gland. Translocated to the nucleus in a p53/TP53-dependent manner. In prostate epithelium and placental chorion, located in both the cytoplasm and in the nucleus. No nuclear localization in colon epithelium cells. In intestinal mucosa, prostate and renal cortex, located predominantly adjacent to adherens junctions. Cytoplasmic with granular staining in proximal tubular cells of the kidney and salivary gland ducts. Recruits to the membrane of recycling/sorting and late endosomes via binding to phosphatidylinositol 4-phosphate. Associates with microtubules. Colocalizes with TUBG1 in the centrosome. Cytoplasmic location increased with hypoxia. Phosphorylated form found associated with centromeres during S-phase of mitosis and with the plasma membrane (By similarity). {ECO:0000250}.",NA,NA,Acetylation;Cell membrane;Cytoplasm;Cytoskeleton;Membrane;Microtubule;Nucleus;Phosphoprotein;Reference proteome;Repeat,Evidence at protein level,394
Q62465,Vat1,"SUBCELLULAR LOCATION: Cytoplasm, cytosol {ECO:0000250|UniProtKB:Q99536}. Mitochondrion outer membrane {ECO:0000250|UniProtKB:Q3MIE4}; Peripheral membrane protein {ECO:0000250|UniProtKB:Q99536}. Note=The majority is localized in the cytoplasm and a small amount is associated with mitochondria. {ECO:0000250|UniProtKB:Q3MIE4}.",NA,NA,Acetylation;Cytoplasm;Direct protein sequencing;Lipid transport;Membrane;Mitochondrion;Mitochondrion outer membrane;NADP;Oxidoreductase;Phosphoprotein;Reference proteome;Transport,Evidence at protein level,406
Q63844,Mapk3,"SUBCELLULAR LOCATION: Cytoplasm {ECO:0000250|UniProtKB:P21708}. Nucleus. Membrane, caveola {ECO:0000250|UniProtKB:P21708}. Cell junction, focal adhesion {ECO:0000269|PubMed:15923189}. Note=Autophosphorylation at Thr-207 promotes nuclear localization (By similarity). PEA15-binding redirects the biological outcome of MAPK3 kinase-signaling by sequestering MAPK3 into the cytoplasm (PubMed:11702783). {ECO:0000250|UniProtKB:P27361, ECO:0000269|PubMed:11702783}.",NA,NA,Acetylation;Apoptosis;ATP-binding;Cell cycle;Cell junction;Cytoplasm;Direct protein sequencing;Kinase;Membrane;Nucleotide-binding;Nucleus;Phosphoprotein;Reference proteome;Serine/threonine-protein kinase;Transferase;Ubl conjugation,Evidence at protein level,380
Q63918,Cavin2,"SUBCELLULAR LOCATION: Cytoplasm, cytosol {ECO:0000269|PubMed:18332105, ECO:0000269|PubMed:19546242}. Membrane, caveola {ECO:0000269|PubMed:19546242}. Note=Localizes in the caveolae in a caveolin-dependent manner. {ECO:0000269|PubMed:19546242}.",NA,NA,Acetylation;Coiled coil;Cytoplasm;Lipid-binding;Membrane;Phosphoprotein;Reference proteome,Evidence at protein level,418
Q640N1,Aebp1,"SUBCELLULAR LOCATION: [Isoform 1]: Secreted {ECO:0000269|PubMed:11438679, ECO:0000269|PubMed:15927179}.; SUBCELLULAR LOCATION: [Isoform 2]: Cytoplasm {ECO:0000269|PubMed:17202411, ECO:0000269|PubMed:9624159}. Nucleus {ECO:0000269|PubMed:17202411}.",NA,"SIGNAL 1..25; /evidence=""ECO:0000255""",Alternative splicing;Calmodulin-binding;Cytoplasm;DNA-binding;Glycoprotein;Nucleus;Reference proteome;Repressor;Secreted;Signal;Transcription;Transcription regulation,Evidence at protein level,1128
Q64105,Spr,SUBCELLULAR LOCATION: Cytoplasm.,NA,NA,3D-structure;Acetylation;Cytoplasm;NADP;Oxidoreductase;Phosphoprotein;Reference proteome,Evidence at protein level,261
Q64133,Maoa,SUBCELLULAR LOCATION: Mitochondrion outer membrane {ECO:0000250|UniProtKB:P21396}; Single-pass type IV membrane protein {ECO:0000250|UniProtKB:P21396}; Cytoplasmic side {ECO:0000250|UniProtKB:P21396}.,NA,NA,Acetylation;Catecholamine metabolism;Direct protein sequencing;FAD;Flavoprotein;Membrane;Mitochondrion;Mitochondrion outer membrane;Neurotransmitter degradation;Oxidoreductase;Phosphoprotein;Reference proteome;Transmembrane;Transmembrane helix,Evidence at protein level,526
Q64310,Surf4,SUBCELLULAR LOCATION: Endoplasmic reticulum membrane {ECO:0000250|UniProtKB:O15260}; Multi-pass membrane protein {ECO:0000255}. Endoplasmic reticulum-Golgi intermediate compartment membrane {ECO:0000250|UniProtKB:O15260}; Multi-pass membrane protein {ECO:0000255}. Golgi apparatus membrane {ECO:0000250|UniProtKB:O15260}; Multi-pass membrane protein {ECO:0000255}. Note=Active at endoplasmic reticulum exit sites (ERES) where it is incorporated together with its lipoprotein cargos into COPII-coated vesicles. From the Golgi it is recycled back to the endoplasmic reticulum. {ECO:0000250|UniProtKB:O15260}.,NA,NA,Endoplasmic reticulum;Golgi apparatus;Membrane;Protein transport;Reference proteome;Transmembrane;Transmembrane helix;Transport,Evidence at protein level,269
Q64314,Cd34,SUBCELLULAR LOCATION: Membrane; Single-pass type I membrane protein.,NA,"SIGNAL 1..34; /evidence=""ECO:0000255""",Alternative splicing;Cell adhesion;Glycoprotein;Membrane;Phosphoprotein;Reference proteome;Signal;Transmembrane;Transmembrane helix,Evidence at protein level,382
Q64337,Sqstm1,"SUBCELLULAR LOCATION: Cytoplasmic vesicle, autophagosome {ECO:0000250|UniProtKB:Q13501}. Preautophagosomal structure {ECO:0000250|UniProtKB:Q13501}. Cytoplasm, cytosol {ECO:0000269|PubMed:16286508, ECO:0000269|PubMed:22792322, ECO:0000269|PubMed:33397898}. Nucleus, PML body {ECO:0000250|UniProtKB:Q13501}. Late endosome {ECO:0000250|UniProtKB:Q13501}. Lysosome {ECO:0000250|UniProtKB:Q13501}. Nucleus {ECO:0000269|PubMed:16286508}. Endoplasmic reticulum {ECO:0000250|UniProtKB:Q13501}. Cytoplasm, myofibril, sarcomere {ECO:0000250|UniProtKB:O08623}. Note=In cardiac muscle, localizes to the sarcomeric band (By similarity). Localizes to cytoplasmic membraneless inclusion bodies, known as p62 bodies, containing polyubiquitinated protein aggregates (PubMed:20421418, PubMed:33397898). In protein aggregate diseases of the liver, found in large amounts in Mallory bodies of alcoholic and nonalcoholic steatohepatitis, hyaline bodies in hepatocellular carcinoma, and in SERPINA1 aggregates (By similarity). Enriched in Rosenthal fibers of pilocytic astrocytoma (By similarity). In the cytoplasm, observed in both membrane-free ubiquitin-containing protein aggregates (sequestosomes) and membrane-surrounded autophagosomes (By similarity). Colocalizes with TRIM13 in the perinuclear endoplasmic reticulum (By similarity). Co-localizes with TRIM5 in cytoplasmic bodies (By similarity). When nuclear export is blocked by treatment with leptomycin B, accumulates in PML bodies (By similarity). {ECO:0000250|UniProtKB:O08623, ECO:0000250|UniProtKB:Q13501, ECO:0000269|PubMed:20421418, ECO:0000269|PubMed:33397898}.",NA,NA,3D-structure;Acetylation;Alternative splicing;Apoptosis;Autophagy;Cytoplasm;Cytoplasmic vesicle;Differentiation;Endoplasmic reticulum;Endosome;Immunity;Isopeptide bond;Lipoprotein;Lysosome;Metal-binding;Nucleus;Palmitate;Phosphoprotein;Reference proteome;Ubl conjugation;Zinc;Zinc-finger,Evidence at protein level,442
Q64347,Clcn1,"SUBCELLULAR LOCATION: Cell membrane {ECO:0000250|UniProtKB:P35523}; Multi-pass membrane protein {ECO:0000250|UniProtKB:P35523}. Cell membrane, sarcolemma {ECO:0000269|PubMed:18008009, ECO:0000269|PubMed:21078869, ECO:0000305|PubMed:21149546}; Multi-pass membrane protein {ECO:0000255}. Cell membrane, sarcolemma, T-tubule {ECO:0000305|PubMed:21149546}; Multi-pass membrane protein {ECO:0000255}.",NA,NA,CBS domain;Cell membrane;Chloride;Chloride channel;Ion channel;Ion transport;Membrane;Phosphoprotein;Reference proteome;Repeat;Transmembrane;Transmembrane helix;Transport;Voltage-gated channel,Evidence at protein level,994
Q64521,Gpd2,SUBCELLULAR LOCATION: Mitochondrion inner membrane.,"TRANSIT 1..42; /note=""Mitochondrion""; /evidence=""ECO:0000250""",NA,Calcium;Direct protein sequencing;FAD;Flavoprotein;Membrane;Metal-binding;Mitochondrion;Mitochondrion inner membrane;Oxidoreductase;Phosphoprotein;Reference proteome;Repeat;Transit peptide,Evidence at protein level,727
Q64727,Vcl,"SUBCELLULAR LOCATION: Cell membrane {ECO:0000269|PubMed:30516436}; Peripheral membrane protein {ECO:0000250|UniProtKB:P12003}; Cytoplasmic side {ECO:0000250|UniProtKB:P12003}. Cell junction, adherens junction {ECO:0000250|UniProtKB:P12003}. Cell junction, focal adhesion {ECO:0000250|UniProtKB:P12003}. Cytoplasm, cytoskeleton {ECO:0000250|UniProtKB:P85972}. Cell membrane, sarcolemma {ECO:0000269|PubMed:26359501}; Peripheral membrane protein {ECO:0000269|PubMed:26359501}; Cytoplasmic side {ECO:0000269|PubMed:26359501}. Cell projection, podosome {ECO:0000269|PubMed:27505886}. Cytoplasm, perinuclear region {ECO:0000269|PubMed:30516436}. Note=Recruitment to cell-cell junctions occurs in a myosin II-dependent manner. Interaction with CTNNB1 is necessary for its localization to the cell-cell junctions. {ECO:0000250|UniProtKB:P12003}.",NA,NA,3D-structure;Acetylation;Actin-binding;Cell adhesion;Cell junction;Cell membrane;Cell projection;Cytoplasm;Cytoskeleton;Direct protein sequencing;Lipoprotein;Membrane;Palmitate;Phosphoprotein;Reference proteome;Repeat,Evidence at protein level,1066
Q64737,Gart,NA,NA,NA,Acetylation;Alternative splicing;ATP-binding;Ligase;Magnesium;Manganese;Metal-binding;Multifunctional enzyme;Nucleotide-binding;Phosphoprotein;Purine biosynthesis;Reference proteome;Transferase,Evidence at protein level,1010
Q66GT5,Ptpmt1,SUBCELLULAR LOCATION: Mitochondrion inner membrane {ECO:0000269|PubMed:16039589}; Peripheral membrane protein {ECO:0000250|UniProtKB:P0C089}; Matrix side {ECO:0000250|UniProtKB:P0C089}.,"TRANSIT 1..31; /note=""Mitochondrion""; /evidence=""ECO:0000255""",NA,3D-structure;Hydrolase;Lipid biosynthesis;Lipid metabolism;Membrane;Mitochondrion;Mitochondrion inner membrane;Phospholipid biosynthesis;Phospholipid metabolism;Protein phosphatase;Reference proteome;Transit peptide,Evidence at protein level,193
Q68FD5,Cltc,"SUBCELLULAR LOCATION: Cytoplasmic vesicle membrane {ECO:0000250}; Peripheral membrane protein {ECO:0000250}; Cytoplasmic side {ECO:0000250}. Membrane, coated pit {ECO:0000250}; Peripheral membrane protein {ECO:0000250}; Cytoplasmic side {ECO:0000250}. Melanosome {ECO:0000250}. Cytoplasm, cytoskeleton, spindle {ECO:0000250|UniProtKB:Q00610}. Note=Cytoplasmic face of coated pits and vesicles. In complex with TACC3 and CKAP5 (forming the TACC3/ch-TOG/clathrin complex) localized to inter-microtubule bridges in mitotic spindles. {ECO:0000250, ECO:0000250|UniProtKB:Q00610}.",NA,NA,3D-structure;Acetylation;Autophagy;Cell cycle;Cell division;Coated pit;Cytoplasm;Cytoplasmic vesicle;Cytoskeleton;Direct protein sequencing;Membrane;Mitosis;Phosphoprotein;Reference proteome;Repeat,Evidence at protein level,1675
Q68FE2,Atg9a,"SUBCELLULAR LOCATION: Preautophagosomal structure membrane {ECO:0000250|UniProtKB:Q7Z3C6}; Multi-pass membrane protein {ECO:0000250|UniProtKB:Q7Z3C6}. Cytoplasmic vesicle, autophagosome membrane {ECO:0000269|PubMed:15755735}; Multi-pass membrane protein {ECO:0000250|UniProtKB:Q7Z3C6}. Golgi apparatus, trans-Golgi network membrane {ECO:0000269|PubMed:27587839}; Multi-pass membrane protein {ECO:0000250|UniProtKB:Q7Z3C6}. Late endosome membrane {ECO:0000250|UniProtKB:Q7Z3C6}; Multi-pass membrane protein {ECO:0000250|UniProtKB:Q7Z3C6}. Recycling endosome membrane {ECO:0000269|PubMed:27587839}; Multi-pass membrane protein {ECO:0000250|UniProtKB:Q7Z3C6}. Endoplasmic reticulum membrane {ECO:0000250|UniProtKB:Q7Z3C6}; Multi-pass membrane protein {ECO:0000250|UniProtKB:Q7Z3C6}. Mitochondrion membrane {ECO:0000250|UniProtKB:Q7Z3C6}; Multi-pass membrane protein {ECO:0000255}. Note=Mainly localizes to the trans-Golgi network (TGN) and the endosomal system; cycles between them though vesicle trafficking (PubMed:27587839). Export from the TGN to promote formation of autophagosomes is mediated by the AP-4 complex. Under amino acid starvation or rapamycin treatment, redistributes to preautophagosomal structure/phagophore assembly site (PAS). The starvation-induced redistribution depends on ULK1, ATG13, as well as SH3GLB1. Upon autophagy induction, a portion of transiently localizes to the autophagic membranes (By similarity). Recruited to damaged mitochondria during mitophagy in a RIMOC1-dependent manner (By similarity). {ECO:0000250|UniProtKB:Q7Z3C6, ECO:0000269|PubMed:27587839}.",NA,NA,Acetylation;Alternative splicing;Autophagy;Cytoplasmic vesicle;Endoplasmic reticulum;Endosome;Glycoprotein;Golgi apparatus;Lipid transport;Membrane;Mitochondrion;Phosphoprotein;Reference proteome;Transmembrane;Transmembrane helix;Transport;Ubl conjugation,Evidence at protein level,839
Q69ZN7,Myof,"SUBCELLULAR LOCATION: Cell membrane {ECO:0000269|PubMed:16280346, ECO:0000269|PubMed:17702744}; Single-pass type IV membrane protein {ECO:0000305}. Nucleus membrane {ECO:0000250|UniProtKB:Q9NZM1}; Single-pass type IV membrane protein {ECO:0000305}. Cytoplasmic vesicle membrane {ECO:0000250|UniProtKB:Q9NZM1}; Single-pass type IV membrane protein {ECO:0000305}. Late endosome membrane {ECO:0000250|UniProtKB:Q9NZM1}; Single-pass type IV membrane protein {ECO:0000305}. Note=Enriched in undifferentiated myoblasts near the plasma membrane in puncate structures (By similarity). Concentrated at the membrane sites of both myoblast-myoblast and myoblast-myotube fusions. Detected at the plasmalemma in endothelial cells lining intact blood vessels. {ECO:0000250|UniProtKB:Q9NZM1, ECO:0000269|PubMed:16280346, ECO:0000269|PubMed:17702744}.",NA,NA,Acetylation;Alternative splicing;Calcium;Cell membrane;Cytoplasmic vesicle;Endosome;Membrane;Metal-binding;Nucleus;Phosphoprotein;Reference proteome;Repeat;Signal-anchor;Transmembrane;Transmembrane helix,Evidence at protein level,2048
Q69ZQ1,Myorg,"SUBCELLULAR LOCATION: Nucleus membrane {ECO:0000269|PubMed:17062158, ECO:0000269|PubMed:19706595}; Single-pass type II membrane protein {ECO:0000269|PubMed:19706595}. Endoplasmic reticulum membrane {ECO:0000269|PubMed:19706595}; Single-pass type II membrane protein {ECO:0000269|PubMed:19706595}. Note=Only a minor fraction is present in the peripheral endoplasmic reticulum (PubMed:19706595). {ECO:0000269|PubMed:19706595}.",NA,NA,Disulfide bond;Endoplasmic reticulum;Glycoprotein;Glycosidase;Hydrolase;Membrane;Nucleus;Reference proteome;Signal-anchor;Transmembrane;Transmembrane helix,Evidence at protein level,716
Q69ZS7,Hbs1l,SUBCELLULAR LOCATION: Cytoplasm {ECO:0000250|UniProtKB:Q9Y450}.,NA,NA,3D-structure;Acetylation;Alternative splicing;Cytoplasm;Elongation factor;GTP-binding;Hydrolase;Nucleotide-binding;Phosphoprotein;Protein biosynthesis;Reference proteome;Translation regulation,Evidence at protein level,682
Q6DVA0,Lemd2,"SUBCELLULAR LOCATION: Nucleus inner membrane {ECO:0000269|PubMed:16339967, ECO:0000269|PubMed:17062158}; Multi-pass membrane protein {ECO:0000269|PubMed:16339967}. Nucleus envelope {ECO:0000269|PubMed:36377660}. Cytoplasm, cytoskeleton, spindle {ECO:0000250|UniProtKB:Q8NC56}. Note=Lamina-associated protein residing in the inner nuclear membrane (INM) of the nuclear envelope (NE) (PubMed:16339967). The localization to the INM is dependent on LMNA (By similarity). Evenly distributed around the NE during interphase (PubMed:16339967). During metaphase, found in a reticular network (By similarity). Recruited to the reforming NE on chromatin disks in early anaphase (By similarity). In late anaphase, concentrates at the NE core proximal to spindle microtubules, and then broadening to a distributed nuclear rim pattern (By similarity). {ECO:0000250|UniProtKB:Q8NC56, ECO:0000269|PubMed:16339967}.",NA,NA,Acetylation;Cytoplasm;Cytoskeleton;Membrane;Nucleus;Phosphoprotein;Reference proteome;Transmembrane;Transmembrane helix,Evidence at protein level,511
Q6IRU2,Tpm4,"SUBCELLULAR LOCATION: Cytoplasm, cytoskeleton {ECO:0000250|UniProtKB:P09495}. Note=Associates with F-actin stress fibers. {ECO:0000250|UniProtKB:P09495}.",NA,NA,Acetylation;Actin-binding;Calcium;Coiled coil;Cytoplasm;Cytoskeleton;Metal-binding;Muscle protein;Phosphoprotein;Reference proteome,Evidence at protein level,248
Q6IRU5,Cltb,"SUBCELLULAR LOCATION: Cytoplasmic vesicle membrane; Peripheral membrane protein; Cytoplasmic side. Membrane, coated pit; Peripheral membrane protein; Cytoplasmic side. Note=Cytoplasmic face of coated pits and vesicles.",NA,NA,Acetylation;Alternative splicing;Calcium;Coated pit;Cytoplasmic vesicle;Disulfide bond;Membrane;Phosphoprotein;Reference proteome,Evidence at protein level,229
Q6NSQ9,G6pc3,SUBCELLULAR LOCATION: Endoplasmic reticulum membrane {ECO:0000250}; Multi-pass membrane protein {ECO:0000250}.,NA,NA,Endoplasmic reticulum;Gluconeogenesis;Hydrolase;Membrane;Reference proteome;Transmembrane;Transmembrane helix,Evidence at protein level,346
Q6NVE9,Pptc7,SUBCELLULAR LOCATION: Mitochondrion matrix {ECO:0000250|UniProtKB:Q8NI37}.,"TRANSIT 1..74; /note=""Mitochondrion""; /evidence=""ECO:0000255""",NA,Alternative splicing;Hydrolase;Magnesium;Manganese;Metal-binding;Mitochondrion;Protein phosphatase;Reference proteome;Transit peptide,Evidence at protein level,310
Q6NZJ6,Eif4g1,"SUBCELLULAR LOCATION: Cytoplasm {ECO:0000250|UniProtKB:Q04637}. Nucleus {ECO:0000250|UniProtKB:Q04637}. Cytoplasm, Stress granule {ECO:0000250|UniProtKB:Q04637}.",NA,NA,Acetylation;Alternative splicing;Cytoplasm;Initiation factor;Methylation;Nucleus;Phosphoprotein;Protein biosynthesis;Reference proteome;RNA-binding;Translation regulation,Evidence at protein level,1600
Q6P3A8,Bckdhb,SUBCELLULAR LOCATION: Mitochondrion matrix {ECO:0000250|UniProtKB:P21953}.,"TRANSIT 1..48; /note=""Mitochondrion""; /evidence=""ECO:0000255""",NA,Acetylation;Alternative splicing;Lipid metabolism;Metal-binding;Mitochondrion;Oxidoreductase;Potassium;Reference proteome;Transit peptide,Evidence at protein level,390
Q6P5E4,Uggt1,"SUBCELLULAR LOCATION: Endoplasmic reticulum lumen {ECO:0000250|UniProtKB:Q9NYU2, ECO:0000255|PROSITE-ProRule:PRU10138}. Endoplasmic reticulum-Golgi intermediate compartment {ECO:0000255|PROSITE-ProRule:PRU10138}.",NA,"SIGNAL 1..42; /evidence=""ECO:0000250""",Endoplasmic reticulum;Glycoprotein;Glycosyltransferase;Phosphoprotein;Reference proteome;Signal;Transferase,Evidence at protein level,1551
Q6P9J9,Ano6,SUBCELLULAR LOCATION: Cell membrane {ECO:0000269|PubMed:30785399}; Multi-pass membrane protein {ECO:0000269|PubMed:30785399}. Note=Shows an intracellular localization. {ECO:0000250|UniProtKB:Q4KMQ2}.,NA,NA,3D-structure;Alternative splicing;Calcium;Cell membrane;Chloride;Chloride channel;Disulfide bond;Glycoprotein;Ion channel;Ion transport;Lipid transport;Membrane;Metal-binding;Reference proteome;Transmembrane;Transmembrane helix;Transport;Voltage-gated channel,Evidence at protein level,911
Q6PA06,Atl2,SUBCELLULAR LOCATION: Endoplasmic reticulum membrane {ECO:0000250|UniProtKB:Q8NHH9}; Multi-pass membrane protein {ECO:0000250|UniProtKB:Q8NHH9}. Note=Localizes at endoplasmic reticulum (ER) three-way tubular junctions. {ECO:0000250|UniProtKB:Q8NHH9}.,NA,NA,Alternative splicing;Coiled coil;Endoplasmic reticulum;GTP-binding;Hydrolase;Magnesium;Membrane;Metal-binding;Methylation;Nucleotide-binding;Phosphoprotein;Reference proteome;Transmembrane;Transmembrane helix,Evidence at protein level,583
Q62283,Tspan7,SUBCELLULAR LOCATION: Membrane; Multi-pass membrane protein.,NA,NA,Glycoprotein;Membrane;Reference proteome;Transmembrane;Transmembrane helix,Evidence at protein level,249
Q62446,Fkbp3,SUBCELLULAR LOCATION: Nucleus {ECO:0000250}.,NA,NA,3D-structure;Acetylation;Direct protein sequencing;Isomerase;Nucleus;Phosphoprotein;Reference proteome;Rotamase,Evidence at protein level,224
Q64152,Btf3,SUBCELLULAR LOCATION: Cytoplasm {ECO:0000250}. Nucleus. Note=The heterodimer with NACA is cytoplasmic. {ECO:0000250}.,NA,NA,Alternative splicing;Chaperone;Cytoplasm;Methylation;Nucleus;Phosphoprotein;Protein transport;Reference proteome;Transcription;Transcription regulation;Transport,Evidence at protein level,204
Q69ZZ6,Tmcc1,SUBCELLULAR LOCATION: Endoplasmic reticulum membrane {ECO:0000250|UniProtKB:O94876}; Multi-pass membrane protein {ECO:0000255}. Note=Specifically localizes to contact sites between the endoplasmic reticulum and endosomes that are spatially and temporally linked to endosome fission. {ECO:0000250|UniProtKB:O94876}.,NA,NA,Acetylation;Alternative splicing;Coiled coil;Endoplasmic reticulum;Membrane;Phosphoprotein;Reference proteome;Transmembrane;Transmembrane helix;Transport,Evidence at protein level,649
Q6P542,Abcf1,"SUBCELLULAR LOCATION: Cytoplasm {ECO:0000250|UniProtKB:Q8NE71}. Nucleus, nucleoplasm {ECO:0000250|UniProtKB:Q8NE71}. Nucleus envelope {ECO:0000250|UniProtKB:Q8NE71}.",NA,NA,Activator;ATP-binding;Cytoplasm;Nucleotide-binding;Nucleus;Phosphoprotein;Reference proteome;Repeat,Evidence at protein level,837
Q6P8J7,Ckmt2,SUBCELLULAR LOCATION: Mitochondrion inner membrane {ECO:0000250}; Peripheral membrane protein {ECO:0000250}; Intermembrane side {ECO:0000250}.,"TRANSIT 1..39; /note=""Mitochondrion""",NA,ATP-binding;Direct protein sequencing;Kinase;Membrane;Mitochondrion;Mitochondrion inner membrane;Nucleotide-binding;Phosphoprotein;Reference proteome;Transferase;Transit peptide,Evidence at protein level,419
Q62186,Ssr4,SUBCELLULAR LOCATION: Endoplasmic reticulum membrane {ECO:0000250}; Single-pass type I membrane protein {ECO:0000250}.,NA,"SIGNAL 1..23; /evidence=""ECO:0000255""",Disulfide bond;Endoplasmic reticulum;Isopeptide bond;Membrane;Reference proteome;Signal;Transmembrane;Transmembrane helix;Ubl conjugation,Evidence at protein level,172
Q62425,Coxfa4,SUBCELLULAR LOCATION: Mitochondrion inner membrane {ECO:0000250|UniProtKB:O00483}; Single-pass membrane protein {ECO:0000250|UniProtKB:O00483}.,NA,NA,3D-structure;Acetylation;Direct protein sequencing;Electron transport;Membrane;Mitochondrion;Mitochondrion inner membrane;Phosphoprotein;Reference proteome;Respiratory chain;Transmembrane;Transmembrane helix;Transport,Evidence at protein level,82
Q64433,Hspe1,SUBCELLULAR LOCATION: Mitochondrion matrix {ECO:0000250|UniProtKB:P61604}.,NA,NA,Acetylation;Chaperone;Direct protein sequencing;Mitochondrion;Phosphoprotein;Reference proteome;Stress response,Evidence at protein level,102
Q6GQT9,Nomo1,SUBCELLULAR LOCATION: Endoplasmic reticulum membrane {ECO:0000250|UniProtKB:Q15155}; Single-pass type I membrane protein {ECO:0000250|UniProtKB:Q15155}.,NA,"SIGNAL 1..23; /evidence=""ECO:0000255""",Coiled coil;Endoplasmic reticulum;Glycoprotein;Membrane;Phosphoprotein;Reference proteome;Signal;Transmembrane;Transmembrane helix,Evidence at protein level,1214
Q6P6L5,Mybpc1,NA,NA,NA,Actin-binding;Cell adhesion;Immunoglobulin domain;Muscle protein;Phosphoprotein;Repeat;Thick filament,Evidence at protein level,1124
Q6IM74,Rtn2,"SUBCELLULAR LOCATION: Endoplasmic reticulum membrane {ECO:0000256|ARBA:ARBA00004477, ECO:0000256|RuleBase:RU210713}; Multi-pass membrane protein {ECO:0000256|ARBA:ARBA00004477, ECO:0000256|RuleBase:RU210713}.",NA,NA,Endoplasmic reticulum;Membrane;Transmembrane;Transmembrane helix,Evidence at transcript level,204
Q6PB66,Lrpprc,"SUBCELLULAR LOCATION: Mitochondrion {ECO:0000250}. Nucleus {ECO:0000269|PubMed:12071956}. Nucleus, nucleoplasm {ECO:0000250}. Nucleus inner membrane {ECO:0000250}. Nucleus outer membrane {ECO:0000250}.","TRANSIT 1..59; /note=""Mitochondrion""; /evidence=""ECO:0000255""",NA,Acetylation;Autophagy;DNA-binding;Membrane;Mitochondrion;mRNA transport;Nucleus;Phosphoprotein;Reference proteome;Repeat;RNA-binding;Transcription;Transcription regulation;Transit peptide;Transport,Evidence at protein level,1392
Q6PCP5,Mff,"SUBCELLULAR LOCATION: Mitochondrion outer membrane {ECO:0000269|PubMed:30059978}; Single-pass type IV membrane protein {ECO:0000255}. Peroxisome {ECO:0000250|UniProtKB:Q9GZY8}. Cytoplasmic vesicle, secretory vesicle, synaptic vesicle {ECO:0000250|UniProtKB:Q4KM98}.",NA,NA,Alternative splicing;Coiled coil;Cytoplasmic vesicle;Membrane;Mitochondrion;Mitochondrion outer membrane;Peroxisome;Phosphoprotein;Reference proteome;Synapse;Transmembrane;Transmembrane helix,Evidence at protein level,291
Q6PDI5,Ecpas,"SUBCELLULAR LOCATION: Endoplasmic reticulum {ECO:0000250|UniProtKB:Q5VYK3}. Endoplasmic reticulum-Golgi intermediate compartment {ECO:0000250|UniProtKB:Q5VYK3}. Endosome {ECO:0000250|UniProtKB:Q5VYK3}. Cytoplasm, cytoskeleton, microtubule organizing center, centrosome {ECO:0000250|UniProtKB:Q5VYK3}. Nucleus {ECO:0000250|UniProtKB:Q5VYK3}. Endosome, multivesicular body {ECO:0000250|UniProtKB:Q5VYK3}. Cytoplasmic vesicle {ECO:0000250|UniProtKB:Q5VYK3}.",NA,NA,Alternative splicing;Cytoplasm;Cytoplasmic vesicle;Cytoskeleton;Endoplasmic reticulum;Endosome;Isopeptide bond;Nucleus;Phosphoprotein;Proteasome;Reference proteome;Repeat;Ubl conjugation,Evidence at protein level,1840
Q6PDM2,Srsf1,SUBCELLULAR LOCATION: Chromosome {ECO:0000250|UniProtKB:Q07955}. Cytoplasm {ECO:0000250|UniProtKB:Q07955}. Nucleus speckle {ECO:0000269|PubMed:28785060}. Note=In nuclear speckles. Shuttles between the nucleus and the cytoplasm. Nuclear import is mediated via interaction with TNPO3. {ECO:0000250|UniProtKB:Q07955}.,NA,NA,3D-structure;Acetylation;Alternative splicing;Chromosome;Cytoplasm;Direct protein sequencing;Isopeptide bond;Methylation;mRNA processing;mRNA splicing;mRNA transport;Nucleus;Phosphoprotein;Reference proteome;Repeat;RNA-binding;Spliceosome;Transport;Ubl conjugation,Evidence at protein level,248
Q6PER3,Mapre3,"SUBCELLULAR LOCATION: Cytoplasm, cytoskeleton {ECO:0000269|PubMed:24706950}. Note=Associated with the microtubule network. Detected at the plus end of microtubules. {ECO:0000269|PubMed:24706950}.",NA,NA,Cell cycle;Cell division;Cytoplasm;Cytoskeleton;Microtubule;Mitosis;Phosphoprotein;Reference proteome,Evidence at protein level,281
Q6PHN9,Rab35,"SUBCELLULAR LOCATION: Cell membrane {ECO:0000250|UniProtKB:Q15286}; Lipid-anchor {ECO:0000305}; Cytoplasmic side {ECO:0000305}. Membrane, clathrin-coated pit {ECO:0000250|UniProtKB:Q15286}. Cytoplasmic vesicle, clathrin-coated vesicle {ECO:0000250|UniProtKB:Q15286}. Endosome {ECO:0000250|UniProtKB:Q15286}. Melanosome {ECO:0000250|UniProtKB:Q15286}. Note=Present on sorting endosomes and recycling endosome tubules. Tends to be enriched in PIP2-positive cell membrane domains. During mitosis, associated with the plasma membrane and present at the ingressing furrow during early cytokinesis as well as at the intercellular bridge later during cytokinesis. Identified in stage I to stage IV melanosomes. {ECO:0000250|UniProtKB:Q15286}.",NA,NA,Cell membrane;Coated pit;Cytoplasmic vesicle;Direct protein sequencing;Endosome;GTP-binding;Hydrolase;Lipoprotein;Magnesium;Membrane;Metal-binding;Nucleotide-binding;Phosphoprotein;Prenylation;Protein transport;Reference proteome;Transport,Evidence at protein level,201
Q6PHZ2,Camk2d,"SUBCELLULAR LOCATION: Cell membrane, sarcolemma {ECO:0000305}; Peripheral membrane protein {ECO:0000305}; Cytoplasmic side {ECO:0000305}. Sarcoplasmic reticulum membrane {ECO:0000305}; Peripheral membrane protein {ECO:0000305}; Cytoplasmic side {ECO:0000305}.",NA,NA,3D-structure;Acetylation;Alternative splicing;ATP-binding;Calmodulin-binding;Cell membrane;Kinase;Membrane;Nucleotide-binding;Phosphoprotein;Reference proteome;Sarcoplasmic reticulum;Serine/threonine-protein kinase;Transferase,Evidence at protein level,499
Q6PIC6,Atp1a3,SUBCELLULAR LOCATION: Cell membrane {ECO:0000250|UniProtKB:P13637}; Multi-pass membrane protein {ECO:0000250|UniProtKB:P13637}.,NA,NA,ATP-binding;Cell membrane;Direct protein sequencing;Ion transport;Magnesium;Membrane;Metal-binding;Nucleotide-binding;Phosphoprotein;Potassium;Potassium transport;Reference proteome;Sodium;Sodium transport;Sodium/potassium transport;Translocase;Transmembrane;Transmembrane helix;Transport,Evidence at protein level,1013
Q6PIE5,Atp1a2,SUBCELLULAR LOCATION: Membrane {ECO:0000250|UniProtKB:P50993}; Multi-pass membrane protein {ECO:0000255}. Cell membrane {ECO:0000250|UniProtKB:P50993}; Multi-pass membrane protein {ECO:0000255}.,NA,NA,ATP-binding;Cell membrane;Direct protein sequencing;Ion transport;Magnesium;Membrane;Metal-binding;Nucleotide-binding;Phosphoprotein;Potassium;Potassium transport;Reference proteome;Sodium;Sodium transport;Sodium/potassium transport;Translocase;Transmembrane;Transmembrane helix;Transport,Evidence at protein level,1020
Q6Q477,Atp2b4,"SUBCELLULAR LOCATION: Membrane {ECO:0000250|UniProtKB:P23634}; Multi-pass membrane protein {ECO:0000255}. Cell projection, cilium, flagellum membrane {ECO:0000269|PubMed:15078889}; Multi-pass membrane protein {ECO:0000255}.",NA,NA,Alternative splicing;ATP-binding;Calcium;Calcium transport;Calmodulin-binding;Cell membrane;Cell projection;Cilium;Flagellum;Ion transport;Magnesium;Membrane;Metal-binding;Methylation;Nucleotide-binding;Phosphoprotein;Reference proteome;Translocase;Transmembrane;Transmembrane helix;Transport,Evidence at protein level,1205
Q6R0H7,Gnas,SUBCELLULAR LOCATION: Cell membrane {ECO:0000250|UniProtKB:Q63803}; Peripheral membrane protein {ECO:0000250|UniProtKB:Q63803}. Apical cell membrane {ECO:0000250|UniProtKB:Q5JWF2}. Note=Associated to the plasma membrane via lipid-anchor. {ECO:0000250|UniProtKB:Q63803}.,NA,NA,ADP-ribosylation;Alternative splicing;Cell membrane;Coiled coil;GTP-binding;Hydrolase;Magnesium;Membrane;Metal-binding;Nucleotide-binding;Phosphoprotein;Reference proteome;Transducer,Evidence at protein level,1133
Q6TEK5,Vkorc1l1,SUBCELLULAR LOCATION: Endoplasmic reticulum membrane {ECO:0000269|PubMed:23928358}; Multi-pass membrane protein {ECO:0000269|PubMed:23928358}.,NA,NA,Disulfide bond;Endoplasmic reticulum;Membrane;Oxidoreductase;Quinone;Redox-active center;Reference proteome;Transmembrane;Transmembrane helix,Evidence at protein level,176
Q6X893,Slc44a1,SUBCELLULAR LOCATION: Cell membrane {ECO:0000269|PubMed:19357133}; Multi-pass membrane protein {ECO:0000255}. Mitochondrion outer membrane {ECO:0000269|PubMed:19357133}; Multi-pass membrane protein {ECO:0000255}.,NA,NA,Alternative splicing;Antiport;Cell membrane;Lipoprotein;Membrane;Mitochondrion;Mitochondrion outer membrane;Myristate;Phosphoprotein;Reference proteome;Transmembrane;Transmembrane helix;Transport,Evidence at protein level,653
Q6ZWN5,Rps9,"SUBCELLULAR LOCATION: Cytoplasm {ECO:0000269|PubMed:36517592}. Nucleus, nucleolus {ECO:0000250|UniProtKB:P46781}. Note=Localized in cytoplasmic mRNP granules containing untranslated mRNAs. {ECO:0000250|UniProtKB:P46781}.",NA,NA,3D-structure;Acetylation;Cytoplasm;Isopeptide bond;Nucleus;Phosphoprotein;Reference proteome;Ribonucleoprotein;Ribosomal protein;RNA-binding;rRNA-binding;Ubl conjugation,Evidence at protein level,194
Q6ZWV7,Rpl35,SUBCELLULAR LOCATION: Cytoplasm {ECO:0000269|PubMed:36517592}.,NA,NA,3D-structure;Acetylation;Cytoplasm;Isopeptide bond;Phosphoprotein;Reference proteome;Ribonucleoprotein;Ribosomal protein;Ubl conjugation,Evidence at protein level,123
Q6ZWX6,Eif2s1,"SUBCELLULAR LOCATION: Cytoplasm, Stress granule {ECO:0000269|PubMed:19861488}. Cytoplasm, cytosol {ECO:0000250|UniProtKB:P56286}. Mitochondrion {ECO:0000250|UniProtKB:P05198}. Note=Colocalizes with NANOS3 in the stress granules (PubMed:19861488). Relocalizes to the surface of mitochondria in response to mitochondrial damage and phosphorylation by EIF2AK1/HRI (By similarity). {ECO:0000250|UniProtKB:P05198, ECO:0000269|PubMed:19861488}.",NA,NA,Acetylation;Cytoplasm;Initiation factor;Mitochondrion;Phosphoprotein;Protein biosynthesis;Reference proteome;RNA-binding;Translation regulation,Evidence at protein level,315
Q70IV5,Synm,"SUBCELLULAR LOCATION: Cytoplasm, cytoskeleton {ECO:0000269|PubMed:17356066}. Cell junction, adherens junction {ECO:0000250|UniProtKB:O15061}. Note=There are at least two distinct SYNM subpopulations, one in which SYMN interacts with DES within the Z-lines, and another in which it interacts with both DTNA and DES at the costamere. {ECO:0000250|UniProtKB:O15061, ECO:0000269|PubMed:17356066}.",NA,NA,Alternative splicing;Cell junction;Coiled coil;Cytoplasm;Cytoskeleton;Intermediate filament;Methylation;Phosphoprotein;Reference proteome,Evidence at protein level,1561
Q71RI9,Kyat3,NA,NA,NA,3D-structure;Acetylation;Alternative splicing;Aminotransferase;Lyase;Pyridoxal phosphate;Reference proteome;Transferase,Evidence at protein level,455
Q76MZ3,Ppp2r1a,"SUBCELLULAR LOCATION: Cytoplasm {ECO:0000250|UniProtKB:Q32PI5}. Nucleus {ECO:0000250|UniProtKB:P30153}. Chromosome {ECO:0000250|UniProtKB:P30153}. Chromosome, centromere {ECO:0000250|UniProtKB:P30153}. Lateral cell membrane {ECO:0000250|UniProtKB:P30153}. Cell projection, dendrite {ECO:0000250|UniProtKB:P30153}. Note=Centromeric localization requires the presence of BUB1. Recruited to chromatin and transcription pause-release checkpoint via its association with the Integrator complex. {ECO:0000250|UniProtKB:P30153}.",NA,NA,3D-structure;Acetylation;Cell membrane;Cell projection;Centromere;Chromosome;Chromosome partition;Cytoplasm;Membrane;Nucleus;Reference proteome;Repeat,Evidence at protein level,589
Q78J03,Msrb2,SUBCELLULAR LOCATION: Mitochondrion {ECO:0000269|PubMed:14699060}.,"TRANSIT 1..42; /note=""Mitochondrion""; /evidence=""ECO:0000255""",NA,3D-structure;Metal-binding;Mitochondrion;Oxidoreductase;Reference proteome;Transit peptide;Zinc,Evidence at protein level,175
Q78PY7,Snd1,SUBCELLULAR LOCATION: Cytoplasm {ECO:0000250|UniProtKB:Q7KZF4}. Nucleus {ECO:0000250|UniProtKB:Q7KZF4}. Melanosome {ECO:0000250|UniProtKB:Q7KZF4}. Note=In IL-4 stimulated cells colocalizes with STAT6 in the nucleus. {ECO:0000250|UniProtKB:Q7KZF4}.,NA,NA,Acetylation;Cytoplasm;Endonuclease;Hydrolase;Isopeptide bond;Nuclease;Nucleus;Phosphoprotein;Reference proteome;Repeat;Transcription;Transcription regulation;Ubl conjugation,Evidence at protein level,910
Q791V5,Mtch2,"SUBCELLULAR LOCATION: Mitochondrion outer membrane {ECO:0000269|PubMed:15899861, ECO:0000269|PubMed:20436477}; Multi-pass membrane protein {ECO:0000305}.",NA,NA,Acetylation;Apoptosis;Direct protein sequencing;Membrane;Mitochondrion;Mitochondrion outer membrane;Reference proteome;Repeat;Transmembrane;Transmembrane helix,Evidence at protein level,303
Q7M729,Scn4b,SUBCELLULAR LOCATION: Cell membrane {ECO:0000250|UniProtKB:Q8IWT1}; Single-pass type I membrane protein {ECO:0000250|UniProtKB:Q8IWT1}.,NA,"SIGNAL 1..30; /evidence=""ECO:0000255""",3D-structure;Cell membrane;Disulfide bond;Glycoprotein;Immunoglobulin domain;Ion transport;Membrane;Reference proteome;Signal;Sodium;Sodium transport;Transmembrane;Transmembrane helix;Transport,Evidence at protein level,228
Q7TMK9,Syncrip,"SUBCELLULAR LOCATION: Nucleus {ECO:0000269|PubMed:10734137, ECO:0000269|PubMed:11994298}. Nucleus, nucleoplasm {ECO:0000250|UniProtKB:O43390}. Microsome {ECO:0000269|PubMed:11994298}. Cytoplasm {ECO:0000269|PubMed:10734137}. Note=Localized in cytoplasmic mRNP granules containing untranslated mRNAs (By similarity). Isoforms 1 and 2 are expressed predominantly in the nucleoplasm. According to PubMed:10734137, isoform 2 is predominantly found in cytoplasm. The tyrosine phosphorylated form bound to RNA is found in microsomes. {ECO:0000250|UniProtKB:O43390, ECO:0000269|PubMed:10734137}.",NA,NA,Acetylation;Alternative splicing;Cytoplasm;Direct protein sequencing;Endoplasmic reticulum;Isopeptide bond;Methylation;Microsome;mRNA processing;mRNA splicing;Nucleus;Phosphoprotein;Reference proteome;Repeat;Ribonucleoprotein;RNA-binding;Spliceosome;Ubl conjugation,Evidence at protein level,623
Q7TMM9,Tubb2a,"SUBCELLULAR LOCATION: Cytoplasm, cytoskeleton {ECO:0000250}.",NA,NA,3D-structure;Acetylation;Cytoplasm;Cytoskeleton;Direct protein sequencing;GTP-binding;Isopeptide bond;Magnesium;Metal-binding;Methylation;Microtubule;Nucleotide-binding;Phosphoprotein;Reference proteome;Ubl conjugation,Evidence at protein level,445
Q7TMS5,Abcg2,SUBCELLULAR LOCATION: Cell membrane {ECO:0000250|UniProtKB:Q9UNQ0}; Multi-pass membrane protein {ECO:0000255}. Apical cell membrane {ECO:0000269|PubMed:12429862}; Multi-pass membrane protein {ECO:0000255}. Mitochondrion membrane {ECO:0000250|UniProtKB:Q9UNQ0}; Multi-pass membrane protein {ECO:0000255}. Note=Enriched in membrane lipid rafts. {ECO:0000250|UniProtKB:Q9UNQ0}.,NA,NA,ATP-binding;Cell membrane;Disulfide bond;Glycoprotein;Lipid transport;Membrane;Mitochondrion;Nucleotide-binding;Phosphoprotein;Reference proteome;Translocase;Transmembrane;Transmembrane helix;Transport,Evidence at protein level,657
Q7TNC4,Luc7l2,"SUBCELLULAR LOCATION: Nucleus speckle {ECO:0000269|PubMed:17656373}. Nucleus, nucleoplasm {ECO:0000269|PubMed:17656373}. Note=Colocalizes with SCNM1 and SNRNP70 in nuclear speckles. {ECO:0000269|PubMed:17656373}.",NA,NA,Alternative splicing;Coiled coil;Hydroxylation;Nucleus;Phosphoprotein;Reference proteome,Evidence at protein level,392
Q7TNG8,Ldhd,SUBCELLULAR LOCATION: Mitochondrion {ECO:0000269|PubMed:12127981}.,"TRANSIT 1..52; /note=""Mitochondrion""; /evidence=""ECO:0000255""",NA,3D-structure;Acetylation;FAD;Flavoprotein;Mitochondrion;Oxidoreductase;Reference proteome;Transit peptide,Evidence at protein level,484
Q7TQ95,Lnpk,"SUBCELLULAR LOCATION: Endoplasmic reticulum membrane {ECO:0000250|UniProtKB:Q9C0E8}; Multi-pass membrane protein {ECO:0000250|UniProtKB:Q9C0E8}; Cytoplasmic side {ECO:0000250|UniProtKB:Q9C0E8}. Note=Localizes at endoplasmic reticulum (ER) three-way tubular junctions, which represent crossing-points at which the tubules build a polygonal network. {ECO:0000250|UniProtKB:Q9C0E8}.",NA,NA,Coiled coil;Developmental protein;Endoplasmic reticulum;Lipoprotein;Membrane;Metal-binding;Myristate;Phosphoprotein;Reference proteome;Transmembrane;Transmembrane helix;Zinc;Zinc-finger,Evidence at protein level,425
Q7TQD2,Tppp,"SUBCELLULAR LOCATION: Golgi outpost {ECO:0000250|UniProtKB:D3ZQL7}. Cytoplasm, cytoskeleton, microtubule organizing center {ECO:0000250|UniProtKB:D3ZQL7}. Cytoplasm, cytoskeleton {ECO:0000269|PubMed:18028908}. Nucleus {ECO:0000269|PubMed:18028908}. Cytoplasm, cytoskeleton, spindle {ECO:0000250|UniProtKB:O94811}. Note=Specifically localizes to the postsynaptic Golgi apparatus region, also named Golgi outpost, which shapes dendrite morphology by functioning as sites of acentrosomal microtubule nucleation (By similarity). Mainly localizes to the cytoskeleton (PubMed:18028908). Also found in the nucleus; however, nuclear localization is unclear and requires additional evidence (PubMed:18028908). Localizes to glial Lewy bodies in the brains of individuals with synucleinopathies. During mitosis, colocalizes with LIMK2 at the mitotic spindle (By similarity). {ECO:0000250|UniProtKB:D3ZQL7, ECO:0000250|UniProtKB:O94811, ECO:0000269|PubMed:18028908}.",NA,NA,Cell cycle;Cell division;Cytoplasm;Cytoskeleton;Direct protein sequencing;Glycoprotein;Golgi apparatus;Hydrolase;Magnesium;Metal-binding;Microtubule;Mitosis;Nucleus;Phosphoprotein;Reference proteome;Zinc,Evidence at protein level,218
Q7TQK5,Ccdc93,SUBCELLULAR LOCATION: Early endosome {ECO:0000250|UniProtKB:Q567U6}.,NA,NA,Coiled coil;Endosome;Phosphoprotein;Protein transport;Reference proteome;Transport,Evidence at protein level,629
Q80U63,Mfn2,SUBCELLULAR LOCATION: Mitochondrion outer membrane {ECO:0000250|UniProtKB:O95140}; Multi-pass membrane protein {ECO:0000250|UniProtKB:O95140}. Note=Colocalizes with BAX during apoptosis. {ECO:0000250|UniProtKB:O95140}.,NA,NA,Alternative splicing;Apoptosis;Autophagy;Coiled coil;Developmental protein;Direct protein sequencing;GTP-binding;Hydrolase;Membrane;Mitochondrion;Mitochondrion outer membrane;Nucleotide-binding;Phosphoprotein;Reference proteome;Transmembrane;Transmembrane helix;Ubl conjugation;Unfolded protein response,Evidence at protein level,757
Q80UM7,Mogs,SUBCELLULAR LOCATION: Endoplasmic reticulum membrane {ECO:0000250|UniProtKB:Q13724}; Single-pass type II membrane protein {ECO:0000250|UniProtKB:O88941}.,NA,NA,3D-structure;Endoplasmic reticulum;Glycoprotein;Glycosidase;Hydrolase;Membrane;Reference proteome;Signal-anchor;Transmembrane;Transmembrane helix,Evidence at protein level,834
Q6QD59,Bnip1,SUBCELLULAR LOCATION: Endoplasmic reticulum membrane {ECO:0000250|UniProtKB:Q12981}; Single-pass type IV membrane protein {ECO:0000255}. Mitochondrion membrane {ECO:0000250|UniProtKB:Q12981}; Single-pass type IV membrane protein {ECO:0000255}. Note=Localization to the mitochondrion is regulated by RNF186. {ECO:0000250|UniProtKB:Q12981}.,NA,NA,Apoptosis;Coiled coil;Endoplasmic reticulum;ER-Golgi transport;Membrane;Mitochondrion;Protein transport;Reference proteome;Transmembrane;Transmembrane helix;Transport;Ubl conjugation,Evidence at protein level,228
Q6RUT7,Uqcc4,SUBCELLULAR LOCATION: Mitochondrion inner membrane {ECO:0000269|PubMed:35977508}; Single-pass membrane protein {ECO:0000305}.,NA,"SIGNAL 1..15; /evidence=""ECO:0000255""",Electron transport;Membrane;Mitochondrion;Mitochondrion inner membrane;Reference proteome;Respiratory chain;Signal;Transmembrane;Transmembrane helix;Transport,Evidence at protein level,136
Q6ZQ38,Cand1,SUBCELLULAR LOCATION: Cytoplasm {ECO:0000250|UniProtKB:Q86VP6}. Nucleus {ECO:0000250|UniProtKB:Q86VP6}. Note=Predominantly cytoplasmic. {ECO:0000250|UniProtKB:Q86VP6}.,NA,NA,Acetylation;Cytoplasm;Nucleus;Phosphoprotein;Reference proteome;Repeat;Ubl conjugation pathway,Evidence at protein level,1230
Q6ZQ73,Cand2,SUBCELLULAR LOCATION: Nucleus {ECO:0000250}.,NA,NA,Acetylation;Nucleus;Reference proteome;Repeat;Ubl conjugation;Ubl conjugation pathway,Evidence at protein level,1235
Q78ZA7,Nap1l4,"SUBCELLULAR LOCATION: Nucleus {ECO:0000269|PubMed:21333655}. Chromosome {ECO:0000269|PubMed:21333655}. Cytoplasm {ECO:0000269|PubMed:21333655}. Note=Present in the cytoplasm and excluded from the nucleus during G0/G1 phase, then relocates to the nucleus by the time cells are in S phase. Phosphorylated form localizes in the cytoplasm during the G0/G1 transition, whereas dephosphorylation leads to relocalization into the nucleus at the G1/S-boundary. {ECO:0000250|UniProtKB:Q99733}.",NA,NA,Acetylation;Chaperone;Chromosome;Cytoplasm;Nucleus;Phosphoprotein;Reference proteome,Evidence at protein level,375
Q7TMF3,Ndufa12,SUBCELLULAR LOCATION: Mitochondrion inner membrane {ECO:0000269|PubMed:38575788}; Peripheral membrane protein {ECO:0000269|PubMed:38575788}; Matrix side {ECO:0000269|PubMed:38575788}.,NA,NA,3D-structure;Acetylation;Electron transport;Membrane;Mitochondrion;Mitochondrion inner membrane;Reference proteome;Respiratory chain;Transport,Evidence at protein level,145
Q80SZ7,Gng5,SUBCELLULAR LOCATION: Cell membrane {ECO:0000305}; Lipid-anchor {ECO:0000305}; Cytoplasmic side {ECO:0000305}.,NA,NA,Acetylation;Cell membrane;Lipoprotein;Membrane;Methylation;Phosphoprotein;Prenylation;Reference proteome;Transducer,Evidence at protein level,68
Q6ZQI3,Mlec,SUBCELLULAR LOCATION: Endoplasmic reticulum membrane {ECO:0000250}; Single-pass type I membrane protein {ECO:0000250}.,NA,"SIGNAL 1..30; /evidence=""ECO:0000255""",Carbohydrate metabolism;Endoplasmic reticulum;Glycoprotein;Membrane;Reference proteome;Signal;Transmembrane;Transmembrane helix,Evidence at protein level,291
Q78IK2,Atp5mk,SUBCELLULAR LOCATION: Mitochondrion membrane {ECO:0000250|UniProtKB:Q96IX5}; Single-pass membrane protein {ECO:0000255}.,NA,NA,Acetylation;Membrane;Mitochondrion;Reference proteome;Transmembrane;Transmembrane helix,Evidence at protein level,58
Q78IK4,Apool,SUBCELLULAR LOCATION: Mitochondrion inner membrane {ECO:0000250|UniProtKB:Q6UXV4}; Multi-pass membrane protein {ECO:0000250|UniProtKB:Q6UXV4}. Mitochondrion {ECO:0000250|UniProtKB:Q6UXV4}.,"TRANSIT 1..27; /note=""Mitochondrion""; /evidence=""ECO:0000255""",NA,Membrane;Mitochondrion;Mitochondrion inner membrane;Phosphoprotein;Reference proteome;Transit peptide;Transmembrane;Transmembrane helix,Evidence at protein level,265
Q78XF5,Ostc,SUBCELLULAR LOCATION: Endoplasmic reticulum {ECO:0000250|UniProtKB:Q9NRP0}. Membrane {ECO:0000305}; Multi-pass membrane protein {ECO:0000305}.,NA,NA,Endoplasmic reticulum;Membrane;Reference proteome;Transmembrane;Transmembrane helix,Evidence at protein level,149
Q7TNS2,Micos10,"SUBCELLULAR LOCATION: Mitochondrion inner membrane {ECO:0000250|UniProtKB:Q5TGZ0}; Single-pass membrane protein {ECO:0000250|UniProtKB:Q5TGZ0}. Note=The C-terminus is located in the intermembrane space, while the location of the N-terminus has not been determined yet. As some programs predict the presence of 2 closely apposed membrane domains, it has been proposed that the protein may cross the membrane twice and that both termini may face the intermembrane space. {ECO:0000250|UniProtKB:Q5TGZ0}.",NA,NA,Acetylation;Membrane;Mitochondrion;Mitochondrion inner membrane;Reference proteome;Transmembrane;Transmembrane helix,Evidence at protein level,76
Q7TQ48,Srl,"SUBCELLULAR LOCATION: Sarcoplasmic reticulum lumen {ECO:0000250|UniProtKB:P13666}. Sarcoplasmic reticulum membrane {ECO:0000250|UniProtKB:P13666}; Peripheral membrane protein {ECO:0000250|UniProtKB:P13666}. Note=May associate with the sarcoplasmic reticulum membrane, via a calcium-dependent mechanism. {ECO:0000250|UniProtKB:P13666}.",NA,"SIGNAL 1..20; /evidence=""ECO:0000255""",Alternative splicing;Glycoprotein;Membrane;Phosphoprotein;Reference proteome;Sarcoplasmic reticulum;Signal,Evidence at protein level,472
Q80TB8,Vat1l,NA,NA,NA,NADP;Oxidoreductase;Phosphoprotein;Reference proteome,Evidence at protein level,417
Q6XPS7,Tha1,NA,NA,"SIGNAL 1..17; /evidence=""ECO:0000256|SAM:SignalP""",3D-structure;Lyase;Pyridoxal phosphate;Signal,Evidence at protein level,400
Q7TSQ8,Pdpr,SUBCELLULAR LOCATION: Mitochondrion matrix {ECO:0000250}.,"TRANSIT 1..93; /note=""Mitochondrion""; /evidence=""ECO:0000255""",NA,Mitochondrion;Reference proteome;Transit peptide,Evidence at protein level,878
Q80UE5,Epb41l2,"SUBCELLULAR LOCATION: Cytoplasm, cytoskeleton {ECO:0000256|ARBA:ARBA00004245}.",NA,NA,Actin-binding;Cytoplasm;Cytoskeleton;Phosphoprotein,Evidence at protein level,918
Q80UU9,Pgrmc2,SUBCELLULAR LOCATION: Membrane {ECO:0000305}; Single-pass membrane protein {ECO:0000305}. Nucleus envelope {ECO:0000250|UniProtKB:O15173}. Endoplasmic reticulum {ECO:0000250|UniProtKB:O15173}. Secreted {ECO:0000250|UniProtKB:O15173}.,NA,NA,Endoplasmic reticulum;Glycoprotein;Lipid-binding;Membrane;Nucleus;Phosphoprotein;Proteoglycan;Receptor;Reference proteome;Secreted;Steroid-binding;Transmembrane;Transmembrane helix,Evidence at protein level,217
Q80V26,Bpnt2,"SUBCELLULAR LOCATION: Golgi apparatus {ECO:0000269|PubMed:18695242}. Golgi apparatus, trans-Golgi network membrane {ECO:0000269|PubMed:18695242}; Single-pass type II membrane protein {ECO:0000250|UniProtKB:Q9NX62}. Note=The catalytic core is predicted to reside within the Golgi lumen. {ECO:0000250|UniProtKB:Q9NX62}.",NA,NA,Acetylation;Glycoprotein;Golgi apparatus;Hydrolase;Magnesium;Membrane;Metal-binding;Reference proteome;Signal-anchor;Transmembrane;Transmembrane helix,Evidence at protein level,356
Q80VL1,Tdrkh,"SUBCELLULAR LOCATION: Cytoplasm. Mitochondrion. Note=Probable component of the meiotic nuage, also named P granule, a germ-cell-specific organelle required to repress transposon activity during meiosis. Colocalizes with pi- and piP-bodies, a subset of the nuage which contains secondary piRNAs. Associated with mitochondria in the germline.",NA,NA,3D-structure;Cytoplasm;Differentiation;Isopeptide bond;Mitochondrion;Phosphoprotein;Reference proteome;Repeat;RNA-binding;RNA-mediated gene silencing;Spermatogenesis;Ubl conjugation,Evidence at protein level,560
Q80W54,Zmpste24,SUBCELLULAR LOCATION: Endoplasmic reticulum membrane {ECO:0000250|UniProtKB:O75844}; Multi-pass membrane protein {ECO:0000255}. Nucleus inner membrane {ECO:0000250|UniProtKB:O75844}; Multi-pass membrane protein {ECO:0000255}. Early endosome membrane {ECO:0000250|UniProtKB:O75844}; Multi-pass membrane protein {ECO:0000255}. Late endosome membrane {ECO:0000250|UniProtKB:O75844}; Multi-pass membrane protein {ECO:0000255}.,NA,NA,Antiviral protein;Endoplasmic reticulum;Endosome;Hydrolase;Membrane;Metal-binding;Metalloprotease;Nucleus;Protease;Reference proteome;Transmembrane;Transmembrane helix;Zinc,Evidence at protein level,475
Q80WJ7,Mtdh,"SUBCELLULAR LOCATION: Endoplasmic reticulum membrane {ECO:0000250}; Single-pass membrane protein {ECO:0000250}. Nucleus membrane {ECO:0000250}; Single-pass membrane protein {ECO:0000250}. Cell junction, tight junction {ECO:0000250}. Nucleus, nucleolus {ECO:0000250}. Cytoplasm, perinuclear region {ECO:0000250}. Note=In epithelial cells, recruited to tight junctions (TJ) during the maturation of the TJ complexes. A nucleolar staining may be due to nuclear targeting of an isoform lacking the transmembrane domain. TNF causes translocation from the cytoplasm to the nucleus (By similarity). {ECO:0000250}.",NA,NA,Acetylation;Cell junction;Cytoplasm;Endoplasmic reticulum;Membrane;Nucleus;Phosphoprotein;Reference proteome;Tight junction;Transmembrane;Transmembrane helix,Evidence at protein level,579
Q80WW9,Ddrgk1,SUBCELLULAR LOCATION: Endoplasmic reticulum membrane {ECO:0000269|PubMed:37795761}; Single-pass membrane protein {ECO:0000250|UniProtKB:Q96HY6}.,NA,NA,3D-structure;Endoplasmic reticulum;Isopeptide bond;Membrane;Phosphoprotein;Reference proteome;Transmembrane;Transmembrane helix;Ubl conjugation;Ubl conjugation pathway,Evidence at protein level,315
Q80X19,Col14a1,"SUBCELLULAR LOCATION: Secreted, extracellular space, extracellular matrix {ECO:0000250|UniProtKB:P32018}.",NA,"SIGNAL 1..28; /evidence=""ECO:0000255""",Alternative splicing;Cell adhesion;Collagen;Disulfide bond;Extracellular matrix;Glycoprotein;Hydroxylation;Reference proteome;Repeat;Secreted;Signal,Evidence at protein level,1797
Q80X90,Flnb,"SUBCELLULAR LOCATION: Cytoplasm, cell cortex. Cytoplasm, cytoskeleton. Cytoplasm, cytoskeleton, stress fiber {ECO:0000250|UniProtKB:O75369}. Cytoplasm, myofibril, sarcomere, Z line {ECO:0000269|PubMed:26343497}.",NA,NA,Acetylation;Actin-binding;Cytoplasm;Cytoskeleton;Isopeptide bond;Phosphoprotein;Reference proteome;Repeat;Ubl conjugation,Evidence at protein level,2602
Q80XB4,Nrap,"SUBCELLULAR LOCATION: Note=Localized at the myotendinous junction in skeletal muscle and at the intercalated disk in cardiac muscle. {ECO:0000269|PubMed:11732910, ECO:0000269|PubMed:15765519, ECO:0000269|PubMed:9295142}.",NA,NA,Actin-binding;Alternative splicing;LIM domain;Metal-binding;Phosphoprotein;Reference proteome;Repeat;Zinc,Evidence at protein level,1728
Q80XI4,Pip4k2b,SUBCELLULAR LOCATION: Endoplasmic reticulum membrane {ECO:0000250}; Peripheral membrane protein {ECO:0000250}. Cell membrane {ECO:0000250}; Peripheral membrane protein {ECO:0000250}. Nucleus {ECO:0000250}. Cytoplasm {ECO:0000250}. Note=Associated with the plasma membrane and the endoplasmic reticulum. {ECO:0000250}.,NA,NA,Acetylation;ATP-binding;Cell membrane;Cytoplasm;Direct protein sequencing;Endoplasmic reticulum;GTP-binding;Kinase;Lipid metabolism;Membrane;Nucleotide-binding;Nucleus;Phosphoprotein;Reference proteome;Transferase;Ubl conjugation,Evidence at protein level,416
Q80XL6,Acad11,SUBCELLULAR LOCATION: Peroxisome {ECO:0000269|PubMed:17768142}. Mitochondrion membrane {ECO:0000250|UniProtKB:Q709F0}.,NA,NA,3D-structure;Acetylation;FAD;Fatty acid metabolism;Flavoprotein;Lipid metabolism;Membrane;Mitochondrion;Oxidoreductase;Peroxisome;Phosphoprotein;Reference proteome,Evidence at protein level,779
Q80XU3,Nucks1,SUBCELLULAR LOCATION: Nucleus {ECO:0000250|UniProtKB:Q9H1E3}. Chromosome {ECO:0000250|UniProtKB:Q9H1E3}.,NA,NA,Chromosome;DNA damage;DNA repair;Nucleus;Phosphoprotein;Reference proteome,Evidence at protein level,234
Q80YD1,Supv3l1,"SUBCELLULAR LOCATION: Nucleus {ECO:0000250|UniProtKB:Q8IYB8}. Mitochondrion matrix {ECO:0000250|UniProtKB:Q8IYB8}. Mitochondrion matrix, mitochondrion nucleoid {ECO:0000250|UniProtKB:Q8IYB8}.","TRANSIT 1..40; /note=""Mitochondrion""; /evidence=""ECO:0000255""",NA,Acetylation;ATP-binding;Helicase;Hydrolase;Mitochondrion;Mitochondrion nucleoid;Nucleotide-binding;Nucleus;Phosphoprotein;Reference proteome;Transit peptide,Evidence at protein level,779
Q811D0,Dlg1,"SUBCELLULAR LOCATION: Cell membrane {ECO:0000250|UniProtKB:Q62696}; Peripheral membrane protein {ECO:0000250|UniProtKB:Q12959}. Basolateral cell membrane {ECO:0000250|UniProtKB:Q62696}. Endoplasmic reticulum membrane {ECO:0000250|UniProtKB:Q62696}. Postsynaptic density {ECO:0000250|UniProtKB:Q62696}. Synapse {ECO:0000250|UniProtKB:Q62696}. Cell membrane, sarcolemma {ECO:0000250|UniProtKB:Q62696}. Cell junction {ECO:0000250|UniProtKB:Q12959}. Cytoplasm {ECO:0000250|UniProtKB:Q12959}. Apical cell membrane {ECO:0000250|UniProtKB:Q12959}. Note=Colocalizes with EPB41 at regions of intercellular contacts. Basolateral in epithelial cells. May also associate with endoplasmic reticulum membranes. Mainly found in neurons soma, moderately found at postsynaptic densities. {ECO:0000250|UniProtKB:Q12959, ECO:0000250|UniProtKB:Q62696}.",NA,NA,3D-structure;Alternative splicing;Cell junction;Cell membrane;Cytoplasm;Endoplasmic reticulum;Membrane;Phosphoprotein;Reference proteome;Repeat;SH3 domain;Synapse;Ubl conjugation,Evidence at protein level,905
Q811U4,Mfn1,SUBCELLULAR LOCATION: Mitochondrion outer membrane {ECO:0000269|PubMed:12759376}; Multi-pass membrane protein {ECO:0000305}.,NA,NA,3D-structure;Coiled coil;Developmental protein;GTP-binding;Hydrolase;Membrane;Mitochondrion;Mitochondrion outer membrane;Nucleotide-binding;Reference proteome;Transmembrane;Transmembrane helix;Ubl conjugation,Evidence at protein level,741
Q8BFR5,Tufm,SUBCELLULAR LOCATION: Mitochondrion matrix {ECO:0000250|UniProtKB:P49411}.,"TRANSIT 1..43; /note=""Mitochondrion""; /evidence=""ECO:0000250|UniProtKB:P49411""",NA,Acetylation;Alternative splicing;Direct protein sequencing;Elongation factor;GTP-binding;Hydrolase;Magnesium;Metal-binding;Mitochondrion;Nucleotide-binding;Phosphoprotein;Protein biosynthesis;Reference proteome;Transit peptide,Evidence at protein level,452
Q8BG32,Psmd11,NA,NA,NA,Acetylation;Direct protein sequencing;Isopeptide bond;Phosphoprotein;Proteasome;Reference proteome;Ubl conjugation,Evidence at protein level,422
Q8BG51,Rhot1,SUBCELLULAR LOCATION: Mitochondrion outer membrane {ECO:0000250|UniProtKB:Q8IXI2}; Single-pass type IV membrane protein {ECO:0000250|UniProtKB:Q8IXI2}. Note=Colocalizes with MGARP and RHOT2 at the mitochondria. {ECO:0000250|UniProtKB:Q8IXI2}.,NA,NA,Acetylation;Alternative splicing;Calcium;GTP-binding;Hydrolase;Isopeptide bond;Magnesium;Membrane;Metal-binding;Mitochondrion;Mitochondrion outer membrane;Nucleotide-binding;Reference proteome;Repeat;Transmembrane;Transmembrane helix;Ubl conjugation,Evidence at protein level,631
Q8BGC4,Ptgr3,SUBCELLULAR LOCATION: Peroxisome {ECO:0000269|PubMed:19091015}.,NA,NA,Acetylation;Lipid metabolism;NADP;Oxidoreductase;Peroxisome;Phosphoprotein;Reference proteome,Evidence at protein level,377
Q8BGS7,Cept1,SUBCELLULAR LOCATION: Endoplasmic reticulum membrane {ECO:0000250|UniProtKB:Q9Y6K0}; Multi-pass membrane protein {ECO:0000250|UniProtKB:Q9Y6K0}. Nucleus membrane {ECO:0000250|UniProtKB:Q9Y6K0}; Multi-pass membrane protein {ECO:0000250|UniProtKB:Q9Y6K0}.,NA,NA,Alternative splicing;Endoplasmic reticulum;Glycoprotein;Lipid biosynthesis;Lipid metabolism;Magnesium;Manganese;Membrane;Metal-binding;Nucleus;Phospholipid biosynthesis;Phospholipid metabolism;Phosphoprotein;Reference proteome;Transferase;Transmembrane;Transmembrane helix,Evidence at protein level,416
Q8BGT5,Gpt2,NA,NA,NA,Acetylation;Aminotransferase;Pyridoxal phosphate;Reference proteome;Transferase,Evidence at protein level,522
Q8BGY7,Mims1,"SUBCELLULAR LOCATION: Mitochondrion inner membrane {ECO:0000269|PubMed:37816711, ECO:0000305|PubMed:29618611}; Single-pass membrane protein {ECO:0000255}. Cytoplasm {ECO:0000269|PubMed:29618611}.",NA,NA,Coiled coil;Cytoplasm;Membrane;Mitochondrion;Mitochondrion inner membrane;Reference proteome;Transmembrane;Transmembrane helix,Evidence at protein level,273
Q8BH59,Slc25a12,SUBCELLULAR LOCATION: Mitochondrion inner membrane {ECO:0000250|UniProtKB:O75746}; Multi-pass membrane protein {ECO:0000250|UniProtKB:O75746}.,NA,NA,Acetylation;Calcium;Direct protein sequencing;Membrane;Metal-binding;Mitochondrion;Mitochondrion inner membrane;Reference proteome;Repeat;Transmembrane;Transmembrane helix;Transport,Evidence at protein level,677
Q8BH61,F13a1,"SUBCELLULAR LOCATION: Cytoplasm {ECO:0000250|UniProtKB:P00488}. Secreted {ECO:0000250|UniProtKB:P00488}. Note=Secreted into the blood plasma. Cytoplasmic in most tissues, but also secreted in the blood plasma. {ECO:0000250|UniProtKB:P00488}.",NA,NA,Acetylation;Acyltransferase;Blood coagulation;Calcium;Cytoplasm;Glycoprotein;Hemostasis;Metal-binding;Reference proteome;Secreted;Transferase;Zymogen,Evidence at protein level,732
Q8BH64,Ehd2,"SUBCELLULAR LOCATION: Cell membrane {ECO:0000269|PubMed:14676205}; Peripheral membrane protein {ECO:0000269|PubMed:14676205}; Cytoplasmic side {ECO:0000269|PubMed:14676205}. Membrane, caveola {ECO:0000269|PubMed:24508342}; Peripheral membrane protein {ECO:0000269|PubMed:24508342}; Cytoplasmic side {ECO:0000269|PubMed:24508342}. Endosome membrane {ECO:0000250|UniProtKB:Q4V8H8}; Peripheral membrane protein {ECO:0000250|UniProtKB:Q4V8H8}; Cytoplasmic side {ECO:0000250|UniProtKB:Q4V8H8}. Cytoplasm, cytosol {ECO:0000269|PubMed:14676205}. Note=Colocalizes with GLUT4 in intracellular tubulovesicular structures that are associated with cortical F-actin (PubMed:14676205). Colocalizes with FER1L5 at plasma membrane in myoblasts and myotubes (PubMed:18502764). {ECO:0000269|PubMed:14676205, ECO:0000269|PubMed:18502764}.",NA,NA,3D-structure;ATP-binding;Calcium;Cell membrane;Cytoplasm;Endosome;Hydrolase;Membrane;Metal-binding;Nucleotide-binding;Phosphoprotein;Reference proteome,Evidence at protein level,543
Q8BH95,Echs1,SUBCELLULAR LOCATION: Mitochondrion matrix {ECO:0000250|UniProtKB:P14604}.,"TRANSIT 1..27; /note=""Mitochondrion""; /evidence=""ECO:0000250""",NA,Acetylation;Direct protein sequencing;Fatty acid metabolism;Isomerase;Lipid metabolism;Lyase;Mitochondrion;Phosphoprotein;Reference proteome;Transit peptide,Evidence at protein level,290
Q8BHN3,Ganab,SUBCELLULAR LOCATION: Endoplasmic reticulum {ECO:0000250|UniProtKB:Q14697}. Golgi apparatus {ECO:0000250|UniProtKB:P79403}. Melanosome {ECO:0000250|UniProtKB:Q14697}.,NA,"SIGNAL 1..32; /evidence=""ECO:0000269|PubMed:9148925""",3D-structure;Alternative splicing;Direct protein sequencing;Disulfide bond;Endoplasmic reticulum;Glycoprotein;Glycosidase;Golgi apparatus;Hydrolase;Phosphoprotein;Reference proteome;Signal,Evidence at protein level,944
Q80XN0,Bdh1,SUBCELLULAR LOCATION: Mitochondrion inner membrane {ECO:0000250|UniProtKB:Q02337}. Mitochondrion matrix {ECO:0000250|UniProtKB:Q02337}.,"TRANSIT 1..46; /note=""Mitochondrion""; /evidence=""ECO:0000250""",NA,Acetylation;Allosteric enzyme;Direct protein sequencing;Glycoprotein;Lipid metabolism;Membrane;Mitochondrion;Mitochondrion inner membrane;NAD;Oxidoreductase;Phosphoprotein;Reference proteome;Transit peptide,Evidence at protein level,343
Q80Y14,Glrx5,SUBCELLULAR LOCATION: Mitochondrion matrix {ECO:0000250|UniProtKB:Q86SX6}.,"TRANSIT 1..31; /note=""Mitochondrion""; /evidence=""ECO:0000255""",NA,2Fe-2S;Iron;Iron-sulfur;Metal-binding;Mitochondrion;Phosphoprotein;Redox-active center;Reference proteome;Transit peptide,Evidence at protein level,152
Q80YN3,Bcas1,SUBCELLULAR LOCATION: Cytoplasm {ECO:0000250|UniProtKB:Q3ZB98}.,NA,NA,Cytoplasm;Phosphoprotein;Reference proteome,Evidence at protein level,633
Q8BFR4,Gns,SUBCELLULAR LOCATION: Lysosome {ECO:0000250}.,NA,"SIGNAL 1..35; /evidence=""ECO:0000255""",Calcium;Glycoprotein;Hydrolase;Lysosome;Metal-binding;Phosphoprotein;Reference proteome;Signal,Evidence at protein level,544
Q8BFZ3,Actbl2,"SUBCELLULAR LOCATION: Cytoplasm, cytoskeleton {ECO:0000250}.",NA,NA,ATP-binding;Cytoplasm;Cytoskeleton;Nucleotide-binding;Oxidation;Reference proteome,Evidence at protein level,376
Q8BFZ9,Erlin2,SUBCELLULAR LOCATION: Endoplasmic reticulum membrane {ECO:0000250}; Single-pass type II membrane protein {ECO:0000250}. Note=Associated with lipid raft-like domains of the endoplasmic reticulum membrane. {ECO:0000250}.,NA,NA,Acetylation;Cholesterol metabolism;Endoplasmic reticulum;Glycoprotein;Lipid metabolism;Membrane;Reference proteome;Signal-anchor;Steroid metabolism;Sterol metabolism;Transmembrane;Transmembrane helix,Evidence at protein level,340
Q8BG28,B3galnt2,SUBCELLULAR LOCATION: Golgi apparatus membrane {ECO:0000250}; Single-pass type II membrane protein {ECO:0000250}. Endoplasmic reticulum {ECO:0000250}.,NA,NA,Alternative splicing;Endoplasmic reticulum;Glycoprotein;Glycosyltransferase;Golgi apparatus;Membrane;Reference proteome;Signal-anchor;Transferase;Transmembrane;Transmembrane helix,Evidence at protein level,504
Q8BGA9,Oxa1l,SUBCELLULAR LOCATION: Mitochondrion inner membrane {ECO:0000250|UniProtKB:Q15070}; Multi-pass membrane protein {ECO:0000250|UniProtKB:Q15070}.,"TRANSIT 1..?; /note=""Mitochondrion""; /evidence=""ECO:0000255""",NA,Membrane;Mitochondrion;Mitochondrion inner membrane;Phosphoprotein;Reference proteome;Transit peptide;Transmembrane;Transmembrane helix,Evidence at protein level,433
Q8BGB8,Coq4,SUBCELLULAR LOCATION: Mitochondrion inner membrane {ECO:0000255|HAMAP-Rule:MF_03111}; Peripheral membrane protein {ECO:0000255|HAMAP-Rule:MF_03111}; Matrix side {ECO:0000255|HAMAP-Rule:MF_03111}.,"TRANSIT 1..30; /note=""Mitochondrion""; /evidence=""ECO:0000255|HAMAP-Rule:MF_03111""",NA,Lyase;Membrane;Metal-binding;Mitochondrion;Mitochondrion inner membrane;Phosphoprotein;Reference proteome;Transit peptide;Ubiquinone biosynthesis;Zinc,Evidence at protein level,266
Q8BH40,Stx7,SUBCELLULAR LOCATION: Early endosome membrane {ECO:0000256|ARBA:ARBA00037832}; Single-pass type IV membrane protein {ECO:0000256|ARBA:ARBA00037832}.,NA,NA,Acetylation;Coiled coil;Endosome;Membrane;Phosphoprotein;Proteomics identification;Reference proteome;Transmembrane;Transmembrane helix,Evidence at protein level,261
Q8BH79,Ano10,SUBCELLULAR LOCATION: Cell membrane {ECO:0000250}; Multi-pass membrane protein {ECO:0000250}. Note=Shows predominantly an intracellular localization with a weak expression in the cell membrane. {ECO:0000250}.,NA,NA,Alternative splicing;Cell membrane;Membrane;Reference proteome;Transmembrane;Transmembrane helix,Evidence at protein level,659
Q8BH86,Dglucy,SUBCELLULAR LOCATION: Mitochondrion matrix {ECO:0000269|PubMed:28266638}.,"TRANSIT 1..26; /note=""Mitochondrion""; /evidence=""ECO:0000255""",NA,Acetylation;Alternative splicing;Lyase;Mitochondrion;Reference proteome;Transit peptide,Evidence at protein level,617
Q80X85,Mrps7,SUBCELLULAR LOCATION: Mitochondrion {ECO:0000250|UniProtKB:Q3T040}.,"TRANSIT 1..37; /note=""Mitochondrion""; /evidence=""ECO:0000255""",NA,3D-structure;Acetylation;Mitochondrion;Reference proteome;Ribonucleoprotein;Ribosomal protein;Transit peptide,Evidence at protein level,242
Q8BGD8,Coa6,SUBCELLULAR LOCATION: Mitochondrion {ECO:0000269|PubMed:18614015}. Mitochondrion intermembrane space {ECO:0000250|UniProtKB:Q5JTJ3}.,NA,NA,Disulfide bond;Mitochondrion;Reference proteome,Evidence at protein level,79
Q8BGD9,Eif4b,NA,NA,NA,Acetylation;Initiation factor;Isopeptide bond;Phosphoprotein;Protein biosynthesis;Reference proteome;RNA-binding;Ubl conjugation,Evidence at protein level,611
Q8BGH2,Samm50,SUBCELLULAR LOCATION: Mitochondrion outer membrane {ECO:0000250|UniProtKB:Q9Y512}; Multi-pass membrane protein {ECO:0000250}. Cytoplasm {ECO:0000250|UniProtKB:Q6AXV4}. Mitochondrion {ECO:0000250|UniProtKB:Q9Y512}.,NA,NA,Cytoplasm;Direct protein sequencing;Membrane;Methylation;Mitochondrion;Mitochondrion outer membrane;Reference proteome;Transmembrane;Transmembrane beta strand,Evidence at protein level,469
Q8BGX2,Timm29,SUBCELLULAR LOCATION: Mitochondrion inner membrane {ECO:0000250|UniProtKB:Q9BSF4}; Single-pass membrane protein {ECO:0000250|UniProtKB:Q9BSF4}; Intermembrane side {ECO:0000250|UniProtKB:Q9BSF4}.,"TRANSIT 1..37; /note=""Mitochondrion""; /evidence=""ECO:0000255""",NA,Membrane;Mitochondrion;Mitochondrion inner membrane;Protein transport;Reference proteome;Transit peptide;Translocation;Transmembrane;Transmembrane helix;Transport,Evidence at protein level,266
Q8BH80,Vapb,SUBCELLULAR LOCATION: Endoplasmic reticulum membrane {ECO:0000256|ARBA:ARBA00004163}; Single-pass type IV membrane protein {ECO:0000256|ARBA:ARBA00004163}.,NA,NA,Acetylation;Coiled coil;Endoplasmic reticulum;Isopeptide bond;Membrane;Phosphoprotein;Transmembrane;Transmembrane helix;Ubl conjugation;Unfolded protein response,Evidence at protein level,243
Q8BHE8,Maip1,SUBCELLULAR LOCATION: Mitochondrion matrix {ECO:0000250|UniProtKB:Q8WWC4}.,"TRANSIT 1..96; /note=""Mitochondrion""; /evidence=""ECO:0000255""",NA,Mitochondrion;Reference proteome;Transit peptide,Evidence at protein level,291
Q80ZS3,Mrps26,SUBCELLULAR LOCATION: Mitochondrion {ECO:0000250|UniProtKB:Q3SZ86}.,"TRANSIT 1..27; /note=""Mitochondrion""; /evidence=""ECO:0000250""",NA,3D-structure;Acetylation;Mitochondrion;Reference proteome;Ribonucleoprotein;Ribosomal protein;Transit peptide,Evidence at protein level,200
Q80ZW2,Them6,SUBCELLULAR LOCATION: Secreted {ECO:0000305}.,NA,"SIGNAL 1..21; /evidence=""ECO:0000255""",Glycoprotein;Phosphoprotein;Reference proteome;Secreted;Signal,Evidence at protein level,207
Q8BGF6,Elmod2,NA,NA,NA,GTPase activation;Reference proteome,Evidence at protein level,293
Q8BHC4,Dcakd,NA,NA,NA,ATP-binding;Nucleotide-binding;Reference proteome,Evidence at protein level,231
Q8BI84,Mia3,"SUBCELLULAR LOCATION: Endoplasmic reticulum membrane {ECO:0000250|UniProtKB:Q5JRA6}; Single-pass membrane protein {ECO:0000250|UniProtKB:Q5JRA6}. Note=Localizes at endoplasmic reticulum exit sites (ERES), also known as transitional endoplasmic reticulum (tER). SEC16A is required for its proper localization to ERES. After loading of COL7A1 into transport carriers, it is not incorporated into COPII carriers and remains in the endoplasmic reticulum membrane. {ECO:0000250|UniProtKB:Q5JRA6}.",NA,"SIGNAL 1..24; /evidence=""ECO:0000255""",Alternative splicing;Coiled coil;Endoplasmic reticulum;ER-Golgi transport;Exocytosis;Glycoprotein;Membrane;Methylation;Phosphoprotein;Protein transport;Reference proteome;SH3 domain;Signal;Transmembrane;Transmembrane helix;Transport,Evidence at protein level,1930
Q8BIW1,Prune1,"SUBCELLULAR LOCATION: Cytoplasm {ECO:0000250}. Nucleus {ECO:0000250}. Cell junction, focal adhesion {ECO:0000250}.",NA,NA,Acetylation;Cell junction;Cytoplasm;Hydrolase;Manganese;Metal-binding;Nucleus;Phosphoprotein;Reference proteome,Evidence at protein level,454
Q8BJS4,Sun2,"SUBCELLULAR LOCATION: Nucleus inner membrane {ECO:0000269|PubMed:19933576}; Single-pass type II membrane protein {ECO:0000250|UniProtKB:Q9UH99}. Nucleus envelope {ECO:0000269|PubMed:17132086, ECO:0000269|PubMed:19843581, ECO:0000269|PubMed:19874786, ECO:0000269|PubMed:19933576}. Endosome membrane {ECO:0000250|UniProtKB:Q9UH99}; Single-pass type II membrane protein {ECO:0000250|UniProtKB:Q9UH99}. Note=Colocalizes with KASH5 at sites of telomere attachment in meiocytes. {ECO:0000269|PubMed:24586178}.",NA,NA,3D-structure;Alternative splicing;Coiled coil;Disulfide bond;Endosome;Glycoprotein;Meiosis;Membrane;Nucleus;Phosphoprotein;Reference proteome;Signal-anchor;Transmembrane;Transmembrane helix,Evidence at protein level,731
Q8BJU0,Sgta,SUBCELLULAR LOCATION: Cytoplasm {ECO:0000250|UniProtKB:O43765}. Nucleus {ECO:0000250|UniProtKB:O43765}. Note=Co-localizes with HSP90AB1 in the cytoplasm. Increased nuclear accumulation seen during cell apoptosis. {ECO:0000250|UniProtKB:O43765}.,NA,NA,Acetylation;Alternative splicing;Chaperone;Cytoplasm;Nucleus;Phosphoprotein;Reference proteome;Repeat;TPR repeat,Evidence at protein level,315
Q8BJW6,Eif2a,NA,NA,NA,Acetylation;Alternative splicing;Coiled coil;Initiation factor;Phosphoprotein;Protein biosynthesis;Reference proteome;Repeat;Translation regulation;WD repeat,Evidence at protein level,581
Q8BK84,Dusp29,"SUBCELLULAR LOCATION: Cytoplasm {ECO:0000269|PubMed:30201684, ECO:0000269|PubMed:32639872}. Nucleus {ECO:0000269|PubMed:32639872}.",NA,NA,Cytoplasm;Hydrolase;Nucleus;Protein phosphatase;Reference proteome,Evidence at protein level,215
Q8BKC5,Ipo5,SUBCELLULAR LOCATION: Cytoplasm {ECO:0000269|PubMed:17143267}. Nucleus {ECO:0000269|PubMed:17143267}.,NA,NA,Acetylation;Alternative splicing;Cytoplasm;Nucleus;Phosphoprotein;Protein transport;Reference proteome;Repeat;Transport,Evidence at protein level,1097
Q8BL65,Ablim2,"SUBCELLULAR LOCATION: Cytoplasm {ECO:0000269|PubMed:17194709}. Note=In skeletal muscle, sarcomeric or cosarcomeric localization.",NA,NA,Alternative splicing;Cytoplasm;LIM domain;Metal-binding;Phosphoprotein;Reference proteome;Repeat;Zinc,Evidence at protein level,612
Q8BL97,Srsf7,SUBCELLULAR LOCATION: Nucleus {ECO:0000250|UniProtKB:Q16629}. Cytoplasm {ECO:0000250|UniProtKB:Q16629}.,NA,NA,Acetylation;Alternative splicing;Cytoplasm;Isopeptide bond;Metal-binding;mRNA processing;mRNA splicing;mRNA transport;Nucleus;Phosphoprotein;Reference proteome;Repeat;Repressor;RNA-binding;Transport;Ubl conjugation;Zinc;Zinc-finger,Evidence at protein level,267
Q8BLF1,Nceh1,SUBCELLULAR LOCATION: Cell membrane {ECO:0000250|UniProtKB:Q6PIU2}; Single-pass type II membrane protein {ECO:0000250|UniProtKB:Q6PIU2}. Microsome {ECO:0000269|PubMed:18782767}.,NA,NA,Cell membrane;Endoplasmic reticulum;Glycoprotein;Hydrolase;Lipid degradation;Lipid metabolism;Membrane;Microsome;Reference proteome;Signal-anchor;Transmembrane;Transmembrane helix,Evidence at protein level,408
Q8BMD8,Slc25a24,SUBCELLULAR LOCATION: Mitochondrion inner membrane {ECO:0000305|PubMed:15054102}; Multi-pass membrane protein {ECO:0000255}.,NA,NA,Acetylation;Antiport;Calcium;Membrane;Metal-binding;Mitochondrion;Mitochondrion inner membrane;Reference proteome;Repeat;Transmembrane;Transmembrane helix;Transport,Evidence at protein level,475
Q8BMF3,Me3,SUBCELLULAR LOCATION: Mitochondrion matrix {ECO:0000250}.,"TRANSIT 1..?; /note=""Mitochondrion""; /evidence=""ECO:0000255""",NA,Direct protein sequencing;Metal-binding;Mitochondrion;NADP;Oxidoreductase;Phosphoprotein;Reference proteome;Transit peptide,Evidence at protein level,604
Q8BMF4,Dlat,SUBCELLULAR LOCATION: Mitochondrion matrix {ECO:0000250|UniProtKB:P08461}.,"TRANSIT 1..85; /note=""Mitochondrion""; /evidence=""ECO:0000250""",NA,Acetylation;Acyltransferase;Carbohydrate metabolism;Direct protein sequencing;Glucose metabolism;Lipoyl;Mitochondrion;Phosphoprotein;Reference proteome;Repeat;Transferase;Transit peptide;Tricarboxylic acid cycle,Evidence at protein level,642
Q8BMK4,Ckap4,"SUBCELLULAR LOCATION: Endoplasmic reticulum membrane {ECO:0000269|PubMed:32075961}; Single-pass type II membrane protein {ECO:0000305}. Cell membrane {ECO:0000250|UniProtKB:Q07065}; Single-pass type II membrane protein {ECO:0000305}. Cytoplasm, cytoskeleton. Cytoplasm, perinuclear region. Note=Translocates to the perinuclear region upon APF-stimulation. {ECO:0000250}.",NA,NA,Acetylation;Cell membrane;Coiled coil;Cytoplasm;Cytoskeleton;Endoplasmic reticulum;Lipoprotein;Membrane;Palmitate;Phosphoprotein;Reference proteome;Signal-anchor;Transmembrane;Transmembrane helix,Evidence at protein level,575
Q8BMS1,Hadha,SUBCELLULAR LOCATION: Mitochondrion {ECO:0000250|UniProtKB:P40939}. Mitochondrion inner membrane {ECO:0000250|UniProtKB:P40939}. Note=Protein stability and association with mitochondrion inner membrane do not require HADHB. {ECO:0000250|UniProtKB:P40939}.,"TRANSIT 1..36; /note=""Mitochondrion""; /evidence=""ECO:0000255""",NA,Acetylation;Fatty acid metabolism;Lipid metabolism;Lyase;Membrane;Methylation;Mitochondrion;Mitochondrion inner membrane;Multifunctional enzyme;NAD;Oxidoreductase;Phosphoprotein;Reference proteome;Transferase;Transit peptide,Evidence at protein level,763
Q8BMS4,Coq3,SUBCELLULAR LOCATION: Mitochondrion inner membrane {ECO:0000255|HAMAP-Rule:MF_03190}; Peripheral membrane protein {ECO:0000255|HAMAP-Rule:MF_03190}; Matrix side {ECO:0000255|HAMAP-Rule:MF_03190}.,"TRANSIT 1..86; /note=""Mitochondrion""; /evidence=""ECO:0000255|HAMAP-Rule:MF_03190""",NA,Acetylation;Magnesium;Membrane;Metal-binding;Methyltransferase;Mitochondrion;Mitochondrion inner membrane;Reference proteome;S-adenosyl-L-methionine;Transferase;Transit peptide;Ubiquinone biosynthesis,Evidence at protein level,370
Q8BP48,Metap1,SUBCELLULAR LOCATION: Cytoplasm {ECO:0000255|HAMAP-Rule:MF_03174}.,NA,NA,3D-structure;Acetylation;Aminopeptidase;Cytoplasm;Hydrolase;Metal-binding;Protease;Reference proteome;Zinc;Zinc-finger,Evidence at protein level,386
Q8BP67,Rpl24,SUBCELLULAR LOCATION: Cytoplasm {ECO:0000269|PubMed:36517592}.,NA,NA,3D-structure;Acetylation;ADP-ribosylation;Cytoplasm;Isopeptide bond;Phosphoprotein;Reference proteome;Ribonucleoprotein;Ribosomal protein;Ubl conjugation,Evidence at protein level,157
Q8BRK8,Prkaa2,"SUBCELLULAR LOCATION: Cytoplasm {ECO:0000269|PubMed:30201684}. Nucleus {ECO:0000250|UniProtKB:P54646}. Late endosome {ECO:0000269|PubMed:25002183}. Note=In response to stress, recruited by p53/TP53 to specific promoters (By similarity). Translocates to late endosomes in response to calorie restriction (PubMed:25002183). {ECO:0000250|UniProtKB:P54646, ECO:0000269|PubMed:25002183}.",NA,NA,ATP-binding;Autophagy;Biological rhythms;Cholesterol biosynthesis;Cholesterol metabolism;Chromatin regulator;Cytoplasm;Endosome;Fatty acid biosynthesis;Fatty acid metabolism;Kinase;Lipid biosynthesis;Lipid metabolism;Magnesium;Metal-binding;Nucleotide-binding;Nucleus;Phosphoprotein;Reference proteome;Serine/threonine-protein kinase;Steroid biosynthesis;Steroid metabolism;Sterol biosynthesis;Sterol metabolism;Transcription;Transcription regulation;Transferase;Ubl conjugation;Wnt signaling pathway,Evidence at protein level,552
Q8BRK9,Man2a2,SUBCELLULAR LOCATION: Golgi apparatus membrane {ECO:0000250}; Single-pass type II membrane protein {ECO:0000250}.,NA,NA,Alternative splicing;Coiled coil;Disulfide bond;Glycoprotein;Glycosidase;Golgi apparatus;Hydrolase;Membrane;Metal-binding;Reference proteome;Signal-anchor;Transmembrane;Transmembrane helix;Zinc,Evidence at protein level,1152
Q8BSM7,Slc43a1,"SUBCELLULAR LOCATION: Cell membrane {ECO:0000269|PubMed:17322374}; Multi-pass membrane protein {ECO:0000255}. Apical cell membrane {ECO:0000250|UniProtKB:O75387}; Multi-pass membrane protein {ECO:0000255}. Endoplasmic reticulum membrane {ECO:0000269|PubMed:17322374}; Multi-pass membrane protein {ECO:0000255}. Note=Located in the apical plasma membrane of the podocyte foot processes (By similarity). Located in the plasma membrane of liver and skeletal muscle, and in the endoplasmic reticulum and in crystalline inclusions in pancreatic acinar cells (PubMed:17322374). {ECO:0000250|UniProtKB:O75387, ECO:0000269|PubMed:17322374}.",NA,NA,Amino-acid transport;Cell membrane;Endoplasmic reticulum;Glycoprotein;Membrane;Phosphoprotein;Reference proteome;Transmembrane;Transmembrane helix;Transport,Evidence at protein level,564
Q8BT35,Mtln,"SUBCELLULAR LOCATION: Mitochondrion inner membrane {ECO:0000269|PubMed:29949755, ECO:0000269|PubMed:29949756, ECO:0000269|PubMed:30796188, ECO:0000269|PubMed:31296841, ECO:0000269|PubMed:32393776}; Single-pass membrane protein {ECO:0000305}. Note=Preferentially binds to cardiolipin relative to other common cell membrane lipids. {ECO:0000269|PubMed:29949756}.",NA,NA,Direct protein sequencing;Membrane;Mitochondrion;Mitochondrion inner membrane;Reference proteome;Transmembrane;Transmembrane helix,Evidence at protein level,56
Q8BT60,Cpne3,"SUBCELLULAR LOCATION: Nucleus {ECO:0000250|UniProtKB:O75131}. Cytoplasm {ECO:0000250|UniProtKB:O75131}. Cell membrane {ECO:0000250|UniProtKB:O75131}. Cell junction {ECO:0000250|UniProtKB:O75131}. Cell junction, focal adhesion {ECO:0000250|UniProtKB:O75131}. Note=Associates to the membrane in a calcium-dependent manner. Translocates to the cell membrane and the nucleus in a calcium- or growth factor heregulin-dependent manner. Colocalizes with the tyrosine phosphorylated ERBB2 form at cell membrane and focal adhesions in a calcium- or growth factor heregulin-dependent manner. {ECO:0000250|UniProtKB:O75131}.",NA,NA,Calcium;Cell junction;Cell membrane;Cytoplasm;Membrane;Metal-binding;Nucleus;Phosphoprotein;Reference proteome;Repeat,Evidence at protein level,533
Q8BTI8,Srrm2,SUBCELLULAR LOCATION: Nucleus {ECO:0000250|UniProtKB:Q9UQ35}. Nucleus speckle {ECO:0000250|UniProtKB:Q9UQ35}.,NA,NA,Acetylation;Alternative splicing;Coiled coil;Direct protein sequencing;Isopeptide bond;Methylation;mRNA processing;mRNA splicing;Nucleus;Phosphoprotein;Reference proteome;Spliceosome;Ubl conjugation,Evidence at protein level,2703
Q8BTM8,Flna,"SUBCELLULAR LOCATION: Cytoplasm, cell cortex {ECO:0000250}. Cytoplasm, cytoskeleton {ECO:0000269|PubMed:25358863}. Perikaryon {ECO:0000269|PubMed:25358863}. Cell projection, growth cone {ECO:0000269|PubMed:25358863}. Cell projection, podosome {ECO:0000269|PubMed:23525008}. Note=Colocalizes with CPMR1 in the central region of DRG neuron growth cone (PubMed:25358863). Following SEMA3A stimulation of DRG neurons, colocalizes with F-actin (PubMed:25358863). Localized to the core of myotube podosomes (PubMed:23525008). {ECO:0000269|PubMed:23525008, ECO:0000269|PubMed:25358863}.",NA,NA,Acetylation;Actin-binding;Alternative splicing;Cell junction;Cell projection;Cilium biogenesis/degradation;Cytoplasm;Cytoskeleton;Isopeptide bond;Phosphoprotein;Reference proteome;Repeat;Ubl conjugation,Evidence at protein level,2647
Q8BUK6,Hook3,"SUBCELLULAR LOCATION: Cytoplasm, cytoskeleton {ECO:0000269|PubMed:15075236, ECO:0000269|PubMed:28003339}. Golgi apparatus {ECO:0000269|PubMed:15075236}. Note=Enriched at the cis-face of the Golgi complex (By similarity). Localizes to microtubule asters in prophase (By similarity). Localizes to the manchette in elongating spermatids (PubMed:28003339). {ECO:0000250|UniProtKB:Q86VS8, ECO:0000269|PubMed:28003339}.",NA,NA,Acetylation;Coiled coil;Cytoplasm;Cytoskeleton;Golgi apparatus;Microtubule;Phosphoprotein;Protein transport;Reference proteome;Transport,Evidence at protein level,718
Q8BV57,Ssc5d,SUBCELLULAR LOCATION: Secreted {ECO:0000269|PubMed:21217009}. Cytoplasm {ECO:0000269|PubMed:21217009}.,NA,"SIGNAL 1..16; /evidence=""ECO:0000255""",Cytoplasm;Developmental protein;Disulfide bond;Glycoprotein;Immunity;Innate immunity;Receptor;Reference proteome;Repeat;Secreted;Signal,Evidence at protein level,1371
Q8BVP5,Csnk1g2,"SUBCELLULAR LOCATION: Cytoplasm, cell cortex {ECO:0000250|UniProtKB:P78368}. Cytoplasm {ECO:0000250|UniProtKB:P78368}.",NA,NA,ATP-binding;Cytoplasm;Kinase;Nucleotide-binding;Phosphoprotein;Reference proteome;Serine/threonine-protein kinase;Transferase;Wnt signaling pathway,Evidence at protein level,415
Q8BW41,Pomgnt2,SUBCELLULAR LOCATION: Endoplasmic reticulum membrane {ECO:0000250|UniProtKB:Q8NAT1}; Single-pass type II membrane protein {ECO:0000250|UniProtKB:Q8NAT1}.,NA,NA,Endoplasmic reticulum;Glycoprotein;Glycosyltransferase;Membrane;Reference proteome;Signal-anchor;Transferase;Transmembrane;Transmembrane helix,Evidence at protein level,580
Q8BW75,Maob,SUBCELLULAR LOCATION: Mitochondrion outer membrane {ECO:0000250}; Single-pass type IV membrane protein {ECO:0000250}; Cytoplasmic side {ECO:0000250}.,NA,NA,Acetylation;FAD;Flavoprotein;Membrane;Mitochondrion;Mitochondrion outer membrane;Oxidoreductase;Reference proteome;Transmembrane;Transmembrane helix,Evidence at protein level,520
Q8BWF0,Aldh5a1,SUBCELLULAR LOCATION: Mitochondrion {ECO:0000250}.,"TRANSIT 1..35; /note=""Mitochondrion""; /evidence=""ECO:0000250""",NA,Acetylation;Direct protein sequencing;Disulfide bond;Mitochondrion;NAD;Oxidoreductase;Phosphoprotein;Reference proteome;Transit peptide,Evidence at protein level,523
Q8BWG9,Orai1,SUBCELLULAR LOCATION: Cell membrane {ECO:0000250|UniProtKB:Q96D31}; Multi-pass membrane protein {ECO:0000250|UniProtKB:Q96D31}. Basolateral cell membrane {ECO:0000269|PubMed:23840669}; Multi-pass membrane protein {ECO:0000250|UniProtKB:Q96D31}. Note=Colocalizes with STIM1 in membrane punctate structures at ER-PM junctions. {ECO:0000250|UniProtKB:Q96D31}.,NA,NA,Adaptive immunity;Calcium;Calcium channel;Calcium transport;Calmodulin-binding;Cell membrane;Glycoprotein;Immunity;Ion channel;Ion transport;Membrane;Phosphoprotein;Reference proteome;Transmembrane;Transmembrane helix;Transport;Ubl conjugation,Evidence at protein level,304
Q8BWM0,Ptges2,"SUBCELLULAR LOCATION: Golgi apparatus membrane {ECO:0000250|UniProtKB:Q9H7Z7}; Single-pass membrane protein {ECO:0000250|UniProtKB:Q9H7Z7}. Nucleus {ECO:0000269|PubMed:12050152}. Note=According to PubMed:12050152, some fraction may be nuclear. {ECO:0000269|PubMed:12050152}.; SUBCELLULAR LOCATION: [Prostaglandin E synthase 2 truncated form]: Cytoplasm {ECO:0000250|UniProtKB:Q9H7Z7}. Note=Synthesized as a Golgi membrane-bound protein, which is further cleaved into the predominant soluble truncated form. {ECO:0000250|UniProtKB:Q9H7Z7}.",NA,NA,Cytoplasm;Fatty acid biosynthesis;Fatty acid metabolism;Golgi apparatus;Isomerase;Lipid biosynthesis;Lipid metabolism;Membrane;Nucleus;Prostaglandin biosynthesis;Prostaglandin metabolism;Reference proteome;Transmembrane;Transmembrane helix,Evidence at protein level,384
Q8BK30,Ndufv3,SUBCELLULAR LOCATION: Mitochondrion inner membrane {ECO:0000269|PubMed:38575788}; Peripheral membrane protein {ECO:0000269|PubMed:38575788}; Matrix side {ECO:0000269|PubMed:38575788}.,"TRANSIT 1..35; /note=""Mitochondrion""; /evidence=""ECO:0000250""",NA,3D-structure;Electron transport;Membrane;Mitochondrion;Mitochondrion inner membrane;Phosphoprotein;Reference proteome;Respiratory chain;Transit peptide;Transport,Evidence at protein level,104
Q8BK72,Mrps27,SUBCELLULAR LOCATION: Cytoplasm {ECO:0000250|UniProtKB:Q92552}. Mitochondrion {ECO:0000250|UniProtKB:Q92552}.,"TRANSIT 1..17; /note=""Mitochondrion""; /evidence=""ECO:0000255""",NA,3D-structure;Coiled coil;Cytoplasm;Mitochondrion;Reference proteome;Repeat;Ribonucleoprotein;Ribosomal protein;RNA-binding;rRNA-binding;Transit peptide;Translation regulation;tRNA-binding,Evidence at protein level,415
Q8BKZ9,Pdhx,SUBCELLULAR LOCATION: Mitochondrion matrix {ECO:0000250}.,"TRANSIT 1..53; /note=""Mitochondrion""; /evidence=""ECO:0000250""",NA,Acetylation;Lipoyl;Mitochondrion;Phosphoprotein;Reference proteome;Transit peptide,Evidence at protein level,501
Q8BP40,Acp6,SUBCELLULAR LOCATION: Mitochondrion {ECO:0000269|PubMed:12010880}.,"TRANSIT 1..25; /note=""Mitochondrion""; /evidence=""ECO:0000250""",NA,Alternative splicing;Hydrolase;Lipid metabolism;Mitochondrion;Phospholipid metabolism;Reference proteome;Transit peptide,Evidence at protein level,418
Q8BPB0,Mob1b,SUBCELLULAR LOCATION: Cytoplasm {ECO:0000250}. Nucleus {ECO:0000250}.,NA,NA,3D-structure;Acetylation;Cytoplasm;Metal-binding;Nucleus;Phosphoprotein;Reference proteome;Zinc,Evidence at protein level,216
Q8BRF7,Scfd1,"SUBCELLULAR LOCATION: Cytoplasm {ECO:0000250}. Endoplasmic reticulum membrane {ECO:0000250}; Peripheral membrane protein {ECO:0000250}. Golgi apparatus, Golgi stack membrane {ECO:0000250}; Peripheral membrane protein {ECO:0000250}.",NA,NA,Alternative splicing;Cytoplasm;Endoplasmic reticulum;ER-Golgi transport;Golgi apparatus;Membrane;Phosphoprotein;Protein transport;Reference proteome;Transport,Evidence at protein level,639
Q8BWB1,Synpo2l,"SUBCELLULAR LOCATION: Cytoplasm, cytoskeleton {ECO:0000250}.",NA,NA,Actin-binding;Cytoplasm;Cytoskeleton;Methylation;Phosphoprotein;Reference proteome,Evidence at protein level,975
Q8BIJ6,Iars2,SUBCELLULAR LOCATION: Mitochondrion matrix {ECO:0000305}.,"TRANSIT 1..48; /note=""Mitochondrion""; /evidence=""ECO:0000255""",NA,Acetylation;Aminoacyl-tRNA synthetase;ATP-binding;Ligase;Mitochondrion;Nucleotide-binding;Protein biosynthesis;Reference proteome;Transit peptide,Evidence at protein level,1012
Q8BJY1,Psmd5,NA,NA,NA,Acetylation;Chaperone;Reference proteome,Evidence at protein level,504
Q8BTY8,Scfd2,NA,NA,NA,Alternative splicing;Protein transport;Reference proteome;Transport,Evidence at protein level,684
Q8BU14,Sec62,SUBCELLULAR LOCATION: Endoplasmic reticulum membrane {ECO:0000250}; Multi-pass membrane protein {ECO:0000250}.,NA,NA,Endoplasmic reticulum;Membrane;Phosphoprotein;Protein transport;Reference proteome;Translocation;Transmembrane;Transmembrane helix;Transport,Evidence at protein level,398
Q8BUY5,Timmdc1,SUBCELLULAR LOCATION: Mitochondrion membrane {ECO:0000250}; Multi-pass membrane protein {ECO:0000250}.,NA,NA,Chaperone;Membrane;Mitochondrion;Phosphoprotein;Reference proteome;Transmembrane;Transmembrane helix,Evidence at protein level,285
Q8BVI4,Qdpr,NA,NA,NA,Direct protein sequencing;NADP;Oxidoreductase;Reference proteome;Tetrahydrobiopterin biosynthesis,Evidence at protein level,241
Q8BK08,Tmem11,SUBCELLULAR LOCATION: Mitochondrion inner membrane {ECO:0000250|UniProtKB:P17152}; Multi-pass membrane protein {ECO:0000250|UniProtKB:P17152}.,NA,NA,Membrane;Mitochondrion;Mitochondrion inner membrane;Reference proteome;Transmembrane;Transmembrane helix,Evidence at protein level,190
Q8BK99,Opa1,NA,NA,NA,Coiled coil;GTP-binding;Nucleotide-binding,Evidence at transcript level,567
Q8BPE4,Tmem177,SUBCELLULAR LOCATION: Mitochondrion inner membrane {ECO:0000250|UniProtKB:Q53S58}; Multi-pass membrane protein {ECO:0000255}.,NA,NA,Membrane;Mitochondrion;Mitochondrion inner membrane;Reference proteome;Transmembrane;Transmembrane helix,Evidence at protein level,311
Q8BVJ7,Pdlim7,"SUBCELLULAR LOCATION: Cytoplasm, cytoskeleton {ECO:0000256|ARBA:ARBA00004245}.",NA,NA,Cytoplasm;Cytoskeleton;LIM domain;Metal-binding;Repeat;Zinc,Evidence at transcript level,222
Q8BWP8,B4gat1,SUBCELLULAR LOCATION: Golgi apparatus membrane {ECO:0000269|PubMed:23217742}; Single-pass type II membrane protein. Note=Localizes near the trans-Golgi apparatus. {ECO:0000250|UniProtKB:O43505}.,NA,NA,Alternative splicing;Glycoprotein;Glycosyltransferase;Golgi apparatus;Manganese;Membrane;Metal-binding;Reference proteome;Signal-anchor;Transferase;Transmembrane;Transmembrane helix,Evidence at protein level,415
Q8BWT1,Acaa2,SUBCELLULAR LOCATION: Mitochondrion {ECO:0000250|UniProtKB:P42765}.,"TRANSIT 1..16; /note=""Mitochondrion; not cleaved""; /evidence=""ECO:0000250""",NA,Acetylation;Acyltransferase;Fatty acid metabolism;Hydrolase;Lipid metabolism;Mitochondrion;Phosphoprotein;Reference proteome;Transferase;Transit peptide;Ubl conjugation,Evidence at protein level,397
Q8BWY3,Etf1,SUBCELLULAR LOCATION: Cytoplasm {ECO:0000250|UniProtKB:P62495}.,NA,NA,3D-structure;Acetylation;Cytoplasm;Host-virus interaction;Hydroxylation;Isopeptide bond;Methylation;Nonsense-mediated mRNA decay;Phosphoprotein;Protein biosynthesis;Reference proteome;Ubl conjugation,Evidence at protein level,437
Q8BX10,Pgam5,SUBCELLULAR LOCATION: Mitochondrion outer membrane {ECO:0000250|UniProtKB:Q96HS1}; Single-pass membrane protein {ECO:0000255}. Mitochondrion inner membrane {ECO:0000250|UniProtKB:Q96HS1}; Single-pass membrane protein {ECO:0000255}.,NA,NA,Acetylation;Alternative splicing;Hydrolase;Membrane;Mitochondrion;Mitochondrion inner membrane;Mitochondrion outer membrane;Necrosis;Phosphoprotein;Reference proteome;Transmembrane;Transmembrane helix;Ubl conjugation,Evidence at protein level,288
Q8BY89,Slc44a2,SUBCELLULAR LOCATION: Cell membrane {ECO:0000250|UniProtKB:Q8IWA5}; Multi-pass membrane protein {ECO:0000255}. Mitochondrion outer membrane {ECO:0000250|UniProtKB:Q8IWA5}; Multi-pass membrane protein {ECO:0000255}. Note=Mainly expressed in mitochondria. {ECO:0000250|UniProtKB:B4F795}.,NA,NA,Alternative promoter usage;Antiport;Cell membrane;Glycoprotein;Membrane;Mitochondrion;Mitochondrion outer membrane;Phosphoprotein;Reference proteome;Transmembrane;Transmembrane helix;Transport,Evidence at protein level,706
Q8BYM8,Cars2,SUBCELLULAR LOCATION: Mitochondrion {ECO:0000269|PubMed:29079736}.,"TRANSIT 1..?; /note=""Mitochondrion""; /evidence=""ECO:0000255""",NA,Aminoacyl-tRNA synthetase;ATP-binding;Ligase;Metal-binding;Mitochondrion;Nucleotide-binding;Protein biosynthesis;Reference proteome;Transit peptide;Zinc,Evidence at protein level,551
Q8BZ71,Stac3,"SUBCELLULAR LOCATION: Cytoplasm {ECO:0000269|PubMed:28112192, ECO:0000269|PubMed:29467163}. Cell membrane, sarcolemma {ECO:0000269|PubMed:23818578, ECO:0000269|PubMed:28112192, ECO:0000269|PubMed:29363593, ECO:0000269|PubMed:29467163, ECO:0000305|PubMed:25548159}; Peripheral membrane protein {ECO:0000269|PubMed:29363593, ECO:0000269|PubMed:29467163, ECO:0000305|PubMed:25548159}; Cytoplasmic side {ECO:0000269|PubMed:29363593, ECO:0000269|PubMed:29467163, ECO:0000305|PubMed:25548159}. Cell membrane, sarcolemma, T-tubule {ECO:0000269|PubMed:23818578, ECO:0000269|PubMed:28112192, ECO:0000269|PubMed:29363593}. Note=Co-localizes with CACNA1S and CACNA1C on T-tubules. {ECO:0000269|PubMed:23818578, ECO:0000269|PubMed:28112192, ECO:0000269|PubMed:29363593}.",NA,NA,Cell membrane;Cytoplasm;Membrane;Metal-binding;Reference proteome;Repeat;SH3 domain;Zinc;Zinc-finger,Evidence at protein level,360
Q8BZA9,Tigar,"SUBCELLULAR LOCATION: Cytoplasm {ECO:0000269|PubMed:24872551}. Nucleus {ECO:0000250|UniProtKB:Q9NQ88}. Mitochondrion {ECO:0000269|PubMed:24872551}. Note=Translocated to the mitochondria during hypoxia in a HIF1A-dependent manner. Colocalizes with HK2 in the mitochondria during hypoxia. Translocated to the nucleus during hypoxia and/or genome stress-induced DNA damage responses in cancer cells (By similarity). Translocation to the mitochondria is enhanced in ischemic cortex after reperfusion and/or during oxygen and glucose deprivation (OGD)/reoxygenation insult in primary neurons (PubMed:24872551). {ECO:0000250|UniProtKB:Q9NQ88, ECO:0000269|PubMed:24872551}.",NA,NA,Apoptosis;Autophagy;Cytoplasm;Hydrolase;Mitochondrion;Nucleus;Reference proteome,Evidence at protein level,269
Q8C025,Chpt1,SUBCELLULAR LOCATION: Golgi apparatus membrane {ECO:0000250|UniProtKB:Q8WUD6}; Multi-pass membrane protein {ECO:0000250|UniProtKB:Q8WUD6}.,NA,NA,Acetylation;Alternative splicing;Golgi apparatus;Lipid biosynthesis;Lipid metabolism;Magnesium;Manganese;Membrane;Metal-binding;Phospholipid biosynthesis;Phospholipid metabolism;Reference proteome;Transferase;Transmembrane;Transmembrane helix,Evidence at protein level,398
Q8C0I1,Agps,SUBCELLULAR LOCATION: Peroxisome membrane {ECO:0000250|UniProtKB:P97275}. Peroxisome {ECO:0000250|UniProtKB:P97275}.,"TRANSIT 1..45; /note=""Peroxisome""; /evidence=""ECO:0000250""",NA,Acetylation;FAD;Flavoprotein;Lipid biosynthesis;Lipid metabolism;Membrane;Peroxisome;Phosphoprotein;Reference proteome;Transferase;Transit peptide,Evidence at protein level,645
Q8C1Q6,Uqcc5,SUBCELLULAR LOCATION: Mitochondrion inner membrane {ECO:0000269|PubMed:35977508}; Single-pass membrane protein {ECO:0000255}.,NA,NA,Alternative splicing;Membrane;Mitochondrion;Mitochondrion inner membrane;Reference proteome;Transmembrane;Transmembrane helix,Evidence at protein level,80
Q8C5H8,Nadk2,SUBCELLULAR LOCATION: Mitochondrion {ECO:0000250}.,"TRANSIT 1..50; /note=""Mitochondrion""; /evidence=""ECO:0000255""",NA,Acetylation;Alternative splicing;ATP-binding;Kinase;Mitochondrion;NAD;NADP;Nucleotide-binding;Phosphoprotein;Reference proteome;Transferase;Transit peptide,Evidence at protein level,452
Q8C7E7,Stbd1,"SUBCELLULAR LOCATION: Preautophagosomal structure membrane {ECO:0000250|UniProtKB:Q5FVN1, ECO:0000305|PubMed:20810658}; Single-pass type III membrane protein {ECO:0000250|UniProtKB:O95210}. Endoplasmic reticulum membrane {ECO:0000250|UniProtKB:O95210}; Single-pass type III membrane protein {ECO:0000250|UniProtKB:O95210}. Cell membrane, sarcolemma, T-tubule {ECO:0000250|UniProtKB:O95210}. Note=Also detected near the junctional sarcoplasmic reticulum (By similarity). Concentrates at perinuclear structures (PubMed:20810658). {ECO:0000250|UniProtKB:O95210, ECO:0000269|PubMed:20810658}.",NA,NA,Autophagy;Carbohydrate metabolism;Cell membrane;Endoplasmic reticulum;Glycogen metabolism;Membrane;Phosphoprotein;Reference proteome;Signal-anchor;Transmembrane;Transmembrane helix;Ubl conjugation,Evidence at protein level,338
Q8C7V8,Ccdc134,SUBCELLULAR LOCATION: Endoplasmic reticulum lumen {ECO:0000250|UniProtKB:Q9H6E4}. Secreted {ECO:0000250|UniProtKB:Q9H6E4}. Cytoplasm {ECO:0000250|UniProtKB:Q9H6E4}. Nucleus {ECO:0000250|UniProtKB:Q9H6E4}. Note=Mainly localizes to the endoplasmic reticulum. Accumulates in the nucleus in response to UV irradiation. {ECO:0000250|UniProtKB:Q9H6E4}.,NA,"SIGNAL 1..22; /evidence=""ECO:0000250|UniProtKB:Q9H6E4""",Alternative splicing;Coiled coil;Cytoplasm;Endoplasmic reticulum;Glycoprotein;Nucleus;Reference proteome;Secreted;Signal,Evidence at protein level,229
Q8CAQ8,Immt,SUBCELLULAR LOCATION: Mitochondrion inner membrane {ECO:0000250|UniProtKB:Q16891}; Single-pass membrane protein {ECO:0000255}. Mitochondrion {ECO:0000250|UniProtKB:Q16891}.,"TRANSIT 1..33; /note=""Mitochondrion""; /evidence=""ECO:0000255""",NA,Acetylation;Alternative splicing;Coiled coil;Direct protein sequencing;Membrane;Mitochondrion;Mitochondrion inner membrane;Phosphoprotein;Reference proteome;Transit peptide;Transmembrane;Transmembrane helix,Evidence at protein level,757
Q8CC88,Vwa8,SUBCELLULAR LOCATION: Mitochondrion {ECO:0000269|PubMed:28414126}.,"TRANSIT 1..45; /note=""Mitochondrion""; /evidence=""ECO:0000255""",NA,Alternative splicing;ATP-binding;Mitochondrion;Nucleotide-binding;Reference proteome;Transit peptide,Evidence at protein level,1905
Q8CCJ3,Ufl1,"SUBCELLULAR LOCATION: Endoplasmic reticulum membrane {ECO:0000269|PubMed:37795761}. Cytoplasm, cytosol {ECO:0000250|UniProtKB:O94874}. Nucleus {ECO:0000250|UniProtKB:O94874}. Chromosome {ECO:0000250|UniProtKB:O94874}. Note=Recruited to double-strand breaks by the MRE11-RAD50-NBN (MRN) complex following DNA damage. {ECO:0000250|UniProtKB:O94874}.",NA,NA,Acetylation;Alternative splicing;Chromosome;Cytoplasm;DNA damage;DNA repair;Endoplasmic reticulum;Membrane;Methylation;Nucleus;Phosphoprotein;Reference proteome;Transferase;Ubl conjugation;Ubl conjugation pathway,Evidence at protein level,793
Q8CD10,Micu2,SUBCELLULAR LOCATION: Mitochondrion intermembrane space {ECO:0000269|PubMed:23409044}. Mitochondrion inner membrane {ECO:0000250|UniProtKB:Q8IYU8}. Note=Recruited to the mitochondrial inner membrane via its association with the uniplex complex. {ECO:0000250|UniProtKB:Q8IYU8}.,"TRANSIT 1..22; /note=""Mitochondrion""; /evidence=""ECO:0000255""",NA,3D-structure;Calcium;Disulfide bond;Membrane;Metal-binding;Mitochondrion;Mitochondrion inner membrane;Phosphoprotein;Reference proteome;Repeat;Transit peptide,Evidence at protein level,432
Q8CD91,Smoc2,"SUBCELLULAR LOCATION: Secreted, extracellular space, extracellular matrix, basement membrane {ECO:0000269|PubMed:18757743}.",NA,"SIGNAL 1..21; /evidence=""ECO:0000255""",Alternative splicing;Basement membrane;Calcium;Disulfide bond;Extracellular matrix;Glycoprotein;Metal-binding;Reference proteome;Repeat;Secreted;Signal,Evidence at protein level,447
Q8CFX1,H6pd,SUBCELLULAR LOCATION: Endoplasmic reticulum lumen {ECO:0000305|PubMed:12831846}.,NA,"SIGNAL 1..16; /evidence=""ECO:0000250|UniProtKB:P56201""",Carbohydrate metabolism;Endoplasmic reticulum;Glucose metabolism;Glycoprotein;Hydrolase;Multifunctional enzyme;NAD;NADP;Oxidoreductase;Pyrrolidone carboxylic acid;Reference proteome;Signal,Evidence at protein level,789
Q8CG76,Akr7a2,SUBCELLULAR LOCATION: Mitochondrion {ECO:0000255}. Golgi apparatus {ECO:0000250|UniProtKB:Q8CG45}. Cytoplasm {ECO:0000250|UniProtKB:O43488}.,"TRANSIT 1..46; /note=""Mitochondrion""; /evidence=""ECO:0000255""",NA,3D-structure;Acetylation;Cytoplasm;Golgi apparatus;Lipid metabolism;Mitochondrion;NADP;Oxidoreductase;Phosphoprotein;Reference proteome;Transit peptide,Evidence at protein level,367
Q8CGC7,Eprs1,"SUBCELLULAR LOCATION: Cytoplasm, cytosol {ECO:0000250|UniProtKB:P07814}. Membrane {ECO:0000269|PubMed:28178239}; Peripheral membrane protein {ECO:0000305|PubMed:28178239}. Note=Translocates from cytosol to membranes upon phosphorylation at Ser-999. {ECO:0000305|PubMed:28178239}.",NA,NA,Acetylation;Aminoacyl-tRNA synthetase;ATP-binding;Cytoplasm;Ligase;Magnesium;Membrane;Metal-binding;Methylation;Multifunctional enzyme;Nucleotide-binding;Phosphoprotein;Protein biosynthesis;Reference proteome;Repeat;RNA-binding;Translation regulation;Zinc,Evidence at protein level,1512
Q8CGK3,Lonp1,"SUBCELLULAR LOCATION: Mitochondrion matrix {ECO:0000255|HAMAP-Rule:MF_03120, ECO:0000269|PubMed:12657466}.","TRANSIT 1..65; /note=""Mitochondrion""; /evidence=""ECO:0000255|HAMAP-Rule:MF_03120""",NA,ATP-binding;Chaperone;Direct protein sequencing;DNA-binding;Hydrolase;Magnesium;Metal-binding;Mitochondrion;Nucleotide-binding;Phosphoprotein;Protease;Reference proteome;Serine protease;Transit peptide,Evidence at protein level,949
Q8CGN5,Plin1,"SUBCELLULAR LOCATION: Endoplasmic reticulum {ECO:0000250|UniProtKB:O60240}. Lipid droplet {ECO:0000269|PubMed:23481402, ECO:0000269|PubMed:24945349}. Note=Lipid droplet surface-associated. {ECO:0000250|UniProtKB:O60240}.",NA,NA,Alternative splicing;Endoplasmic reticulum;Lipid droplet;Lipid metabolism;Phosphoprotein;Reference proteome,Evidence at protein level,517
Q8CHP8,Pgp,NA,NA,NA,3D-structure;Carbohydrate metabolism;Disulfide bond;Hydrolase;Magnesium;Metal-binding;Protein phosphatase;Reference proteome,Evidence at protein level,321
Q8BXZ1,Tmx3,SUBCELLULAR LOCATION: Endoplasmic reticulum membrane {ECO:0000250|UniProtKB:Q96JJ7}; Single-pass membrane protein {ECO:0000250|UniProtKB:Q96JJ7}.,NA,"SIGNAL 1..29; /evidence=""ECO:0000255""",Direct protein sequencing;Disulfide bond;Endoplasmic reticulum;Glycoprotein;Isomerase;Membrane;Redox-active center;Reference proteome;Signal;Transmembrane;Transmembrane helix,Evidence at protein level,456
Q8BYU6,Tor1aip2,SUBCELLULAR LOCATION: Endoplasmic reticulum membrane {ECO:0000250}; Single-pass membrane protein {ECO:0000250}. Nucleus envelope {ECO:0000250}.,NA,NA,Alternative splicing;Endoplasmic reticulum;Glycoprotein;Membrane;Nucleus;Phosphoprotein;Reference proteome;Transmembrane;Transmembrane helix,Evidence at protein level,502
Q8BZJ7,Dcun1d2,SUBCELLULAR LOCATION: Cytoplasm {ECO:0000250|UniProtKB:Q6PH85}. Nucleus {ECO:0000250|UniProtKB:Q6PH85}.,NA,NA,Alternative splicing;Cytoplasm;Nucleus;Phosphoprotein;Reference proteome;Ubl conjugation pathway,Evidence at protein level,259
Q8C0M9,Asrgl1,"SUBCELLULAR LOCATION: Cytoplasm {ECO:0000250|UniProtKB:Q7L266}. Note=Midpiece of sperm tail. In retina localizes in photoreceptor inner segment (PubMed:27106100). {ECO:0000250|UniProtKB:Q7L266, ECO:0000269|PubMed:27106100}.",NA,NA,Autocatalytic cleavage;Cytoplasm;Direct protein sequencing;Hydrolase;Protease;Reference proteome,Evidence at protein level,326
Q8C5Q4,Grsf1,SUBCELLULAR LOCATION: Mitochondrion matrix {ECO:0000250|UniProtKB:Q12849}. Note=Localizes to mitochondrial RNA granules found in close proximity to the mitochondrial nucleoids. {ECO:0000250|UniProtKB:Q12849}.,"TRANSIT 1..116; /note=""Mitochondrion""; /evidence=""ECO:0000255""",NA,Mitochondrion;mRNA processing;Phosphoprotein;Reference proteome;Repeat;RNA-binding;Transit peptide;tRNA processing,Evidence at protein level,479
Q8C7X2,Emc1,SUBCELLULAR LOCATION: Endoplasmic reticulum membrane {ECO:0000250|UniProtKB:Q8N766}; Single-pass type I membrane protein {ECO:0000250|UniProtKB:Q8N766}.,NA,"SIGNAL 1..23; /evidence=""ECO:0000250|UniProtKB:Q8N766""",Alternative splicing;Disulfide bond;Endoplasmic reticulum;Glycoprotein;Membrane;Reference proteome;Signal;Transmembrane;Transmembrane helix,Evidence at protein level,997
Q8CEE7,Rdh13,SUBCELLULAR LOCATION: Mitochondrion inner membrane {ECO:0000250|UniProtKB:Q8NBN7}; Peripheral membrane protein {ECO:0000250|UniProtKB:Q8NBN7}. Note=Localized on the outer side of the inner mitochondrial membrane. {ECO:0000250|UniProtKB:Q8NBN7}.,NA,NA,Acetylation;Lipid metabolism;Membrane;Mitochondrion;Mitochondrion inner membrane;NADP;Oxidoreductase;Reference proteome,Evidence at protein level,334
Q8CEI1,Bola3,SUBCELLULAR LOCATION: Mitochondrion {ECO:0000250|UniProtKB:Q53S33}.,NA,NA,Mitochondrion;Reference proteome,Evidence at protein level,110
Q8CF66,Lamtor4,SUBCELLULAR LOCATION: Lysosome {ECO:0000250|UniProtKB:Q0VGL1}.,NA,NA,Acetylation;Lysosome;Phosphoprotein;Reference proteome,Evidence at protein level,99
Q8CGY6,Unc45b,"SUBCELLULAR LOCATION: Cytoplasm, myofibril, sarcomere, Z line {ECO:0000250|UniProtKB:Q6DGE9}. Cytoplasm, myofibril, sarcomere, A band {ECO:0000250|UniProtKB:Q8IWX7}. Cytoplasm, perinuclear region {ECO:0000250|UniProtKB:Q6DGE9}. Cytoplasm, cytosol {ECO:0000269|PubMed:18478096}. Note=Expressed at the Z line and in the perinuclear region of myofibrils. Translocates to the A band in response to stress conditions and fibril damage. {ECO:0000250|UniProtKB:Q6DGE9}.",NA,NA,Alternative splicing;Chaperone;Cytoplasm;Developmental protein;Differentiation;Myogenesis;Reference proteome;Repeat;TPR repeat,Evidence at protein level,931
Q8CHP5,Pym1,"SUBCELLULAR LOCATION: Cytoplasm {ECO:0000250|UniProtKB:Q9BRP8}. Nucleus, nucleolus {ECO:0000250|UniProtKB:Q9BRP8}. Nucleus, nucleoplasm {ECO:0000250|UniProtKB:Q9BRP8}. Note=Shuttles between the nucleus and the cytoplasm. Nuclear export is mediated by XPO1/CRM1. {ECO:0000250|UniProtKB:Q9BRP8}.",NA,NA,Acetylation;Alternative splicing;Coiled coil;Cytoplasm;Nonsense-mediated mRNA decay;Nucleus;Phosphoprotein;Reference proteome;Translation regulation,Evidence at protein level,203
Q8BYH7,Tbc1d17,"SUBCELLULAR LOCATION: Cytoplasmic vesicle, autophagosome {ECO:0000250|UniProtKB:Q9HA65}. Cytoplasm {ECO:0000250|UniProtKB:Q9HA65}. Recycling endosome {ECO:0000250|UniProtKB:Q9HA65}. Note=In the presence of optineurin/OPTN, may be recruited to recycling endosomes. {ECO:0000250|UniProtKB:Q9HA65}.",NA,NA,Autophagy;Cytoplasm;Cytoplasmic vesicle;Endosome;GTPase activation;Phosphoprotein;Protein transport;Reference proteome;Transport,Evidence at protein level,645
Q8BZ52,Fsd2,"SUBCELLULAR LOCATION: Nucleus {ECO:0000250|UniProtKB:H0UZ81}. Sarcoplasmic reticulum {ECO:0000250|UniProtKB:H0UZ81}. Cytoplasm, perinuclear region {ECO:0000250|UniProtKB:H0UZ81}. Note=In skeletal muscles and striated muscles flanks Z-disks. Partially colocalizes with RYR2 in the sarcoplasmic reticulum. {ECO:0000250|UniProtKB:H0UZ81}.",NA,NA,Coiled coil;Cytoplasm;Nucleus;Reference proteome;Repeat;Sarcoplasmic reticulum,Evidence at protein level,716
Q8C0C7,Farsa,SUBCELLULAR LOCATION: Cytoplasm {ECO:0000250|UniProtKB:Q505J8}.,NA,NA,Acetylation;Aminoacyl-tRNA synthetase;ATP-binding;Cytoplasm;Ligase;Magnesium;Metal-binding;Nucleotide-binding;Phosphoprotein;Protein biosynthesis;Reference proteome,Evidence at protein level,508
Q8C0Z1,Fam234a,SUBCELLULAR LOCATION: Membrane {ECO:0000305}; Single-pass type II membrane protein {ECO:0000305}.,NA,NA,Glycoprotein;Membrane;Phosphoprotein;Reference proteome;Signal-anchor;Transmembrane;Transmembrane helix,Evidence at protein level,555
Q8CBY0,Gatc,"SUBCELLULAR LOCATION: Mitochondrion {ECO:0000255|HAMAP-Rule:MF_03149, ECO:0000269|PubMed:24579914}.","TRANSIT 1..20; /note=""Mitochondrion""; /evidence=""ECO:0000255|HAMAP-Rule:MF_03149""",NA,Mitochondrion;Protein biosynthesis;Reference proteome;Transit peptide,Evidence at protein level,155
Q8CC36,Cdnf,SUBCELLULAR LOCATION: Secreted {ECO:0000269|PubMed:17611540}.,NA,"SIGNAL 1..24; /evidence=""ECO:0000255""",Disulfide bond;Growth factor;Reference proteome;Secreted;Signal,Evidence at protein level,187
Q8CCM6,Timm21,SUBCELLULAR LOCATION: Mitochondrion membrane {ECO:0000305}; Single-pass membrane protein {ECO:0000305}.,"TRANSIT 1..18; /note=""Mitochondrion""; /evidence=""ECO:0000255""",NA,Alternative splicing;Membrane;Mitochondrion;Protein transport;Reference proteome;Transit peptide;Translocation;Transmembrane;Transmembrane helix;Transport,Evidence at protein level,244
Q8CDN6,Txnl1,SUBCELLULAR LOCATION: Cytoplasm {ECO:0000250}. Nucleus {ECO:0000250}. Note=At least 85% of the cellular TXNL1 is proteasome-associated. {ECO:0000250}.,NA,NA,Cytoplasm;Disulfide bond;Electron transport;Nucleus;Phosphoprotein;Proteasome;Redox-active center;Reference proteome;Transport,Evidence at protein level,289
Q8CGF5,Tlcd4,SUBCELLULAR LOCATION: Membrane {ECO:0000305}; Multi-pass membrane protein {ECO:0000305}.,NA,NA,Acetylation;Alternative splicing;Membrane;Reference proteome;Transmembrane;Transmembrane helix,Evidence at transcript level,276
Q8C2Q8,Atp5f1c,SUBCELLULAR LOCATION: Mitochondrion inner membrane {ECO:0000256|ARBA:ARBA00004443}; Peripheral membrane protein {ECO:0000256|ARBA:ARBA00004443}; Matrix side {ECO:0000256|ARBA:ARBA00004443}.,NA,NA,Acetylation;ATP synthesis;CF(1);Hydrogen ion transport;Ion transport;Membrane;Mitochondrion;Mitochondrion inner membrane;Phosphoprotein;Transport,Evidence at protein level,274
Q8C3X2,Ccdc90b,SUBCELLULAR LOCATION: Mitochondrion membrane {ECO:0000250|UniProtKB:Q9GZT6}; Single-pass membrane protein {ECO:0000255}.,"TRANSIT 1..42; /note=""Mitochondrion""; /evidence=""ECO:0000255""",NA,Alternative splicing;Coiled coil;Membrane;Mitochondrion;Reference proteome;Transit peptide;Transmembrane;Transmembrane helix,Evidence at protein level,256
Q8CA71,Shisa4,SUBCELLULAR LOCATION: Membrane {ECO:0000305}; Single-pass type I membrane protein {ECO:0000305}.,NA,"SIGNAL 1..27; /evidence=""ECO:0000255""",Membrane;Reference proteome;Signal;Transmembrane;Transmembrane helix,Evidence at protein level,197
Q8CAK1,Iba57,SUBCELLULAR LOCATION: Mitochondrion {ECO:0000250|UniProtKB:Q5T440}.,"TRANSIT 1..94; /note=""Mitochondrion""; /evidence=""ECO:0000255""",NA,Acetylation;Heme biosynthesis;Mitochondrion;Reference proteome;Transit peptide,Evidence at protein level,358
Q8CEY5,Mtch1,SUBCELLULAR LOCATION: Mitochondrion outer membrane {ECO:0000256|ARBA:ARBA00004374}; Multi-pass membrane protein {ECO:0000256|ARBA:ARBA00004374}.,NA,NA,Membrane;Mitochondrion;Mitochondrion outer membrane;Repeat;Transmembrane;Transmembrane helix;Transport,Evidence at transcript level,374
Q8CHS7,Dhrs7c,"SUBCELLULAR LOCATION: Sarcoplasmic reticulum membrane {ECO:0000305|PubMed:21995425, ECO:0000305|PubMed:22143674, ECO:0000305|PubMed:27806939}. Note=The N-terminus region encompasses a short hydrophobic sequence bound to the sarcoplasmic reticulum membrane, whereas the C-terminus catalytic domain faces the myoplasm. In skeletal muscle, enriched in the longitudinal sarcoplasmic reticulum (PubMed:21995425). {ECO:0000269|PubMed:21995425, ECO:0000305|PubMed:21995425}.",NA,"SIGNAL 1..18; /evidence=""ECO:0000255""",Membrane;NAD;NADP;Oxidoreductase;Reference proteome;Sarcoplasmic reticulum;Signal,Evidence at protein level,311
Q8CHT0,Aldh4a1,SUBCELLULAR LOCATION: Mitochondrion matrix {ECO:0000250}.,"TRANSIT 1..23; /note=""Mitochondrion""; /evidence=""ECO:0000250""",NA,3D-structure;Acetylation;Mitochondrion;NAD;Oxidoreductase;Phosphoprotein;Proline metabolism;Reference proteome;Transit peptide,Evidence at protein level,562
Q8CHU3,Epn2,SUBCELLULAR LOCATION: Cytoplasm {ECO:0000250}. Note=In punctate structures throughout the cell and particularly concentrated in the region of the Golgi complex. {ECO:0000250}.,NA,NA,Alternative splicing;Cytoplasm;Direct protein sequencing;Endocytosis;Lipid-binding;Methylation;Phosphoprotein;Reference proteome;Repeat;Ubl conjugation,Evidence at protein level,595
Q8CI08,Slain2,"SUBCELLULAR LOCATION: Cytoplasm, cytoskeleton {ECO:0000250}. Note=Colocalizes with microtubules. Detected at the plus end of growing microtubules (By similarity). {ECO:0000250}.",NA,NA,Acetylation;Alternative splicing;Coiled coil;Cytoplasm;Cytoskeleton;Methylation;Phosphoprotein;Reference proteome,Evidence at protein level,581
Q8CI59,Steap3,"SUBCELLULAR LOCATION: Endosome membrane {ECO:0000269|PubMed:16227996, ECO:0000269|PubMed:18955558}; Multi-pass membrane protein {ECO:0000255}.",NA,NA,Alternative splicing;Apoptosis;Cell cycle;Copper;Endosome;FAD;Flavoprotein;Glycoprotein;Heme;Ion transport;Iron;Iron transport;Membrane;Metal-binding;NADP;Oxidoreductase;Phosphoprotein;Reference proteome;Transmembrane;Transmembrane helix;Transport,Evidence at protein level,488
Q8CIB5,Fermt2,"SUBCELLULAR LOCATION: Cytoplasm {ECO:0000250}. Cytoplasm, cell cortex {ECO:0000250}. Cytoplasm, cytoskeleton {ECO:0000250}. Cytoplasm, cytoskeleton, stress fiber {ECO:0000250}. Cell junction, focal adhesion {ECO:0000250}. Membrane {ECO:0000250}; Peripheral membrane protein {ECO:0000250}; Cytoplasmic side {ECO:0000250}. Cell projection, lamellipodium membrane {ECO:0000250}; Peripheral membrane protein {ECO:0000250}; Cytoplasmic side {ECO:0000250}. Nucleus {ECO:0000250}. Cytoplasm, myofibril, sarcomere, I band. Cell surface. Note=Colocalizes with actin stress fibers at cell-ECM focal adhesion sites. Colocalizes with ITGB3 at lamellipodia at the leading edge of spreading cells. Binds to membranes that contain phosphatidylinositides (By similarity). {ECO:0000250}.",NA,NA,3D-structure;Cell adhesion;Cell junction;Cell membrane;Cell projection;Cell shape;Cytoplasm;Cytoskeleton;Lipid-binding;Membrane;Nucleus;Phosphoprotein;Reference proteome;Wnt signaling pathway,Evidence at protein level,680
Q8CIE6,Copa,"SUBCELLULAR LOCATION: Cytoplasm {ECO:0000250}. Golgi apparatus membrane {ECO:0000250}; Peripheral membrane protein {ECO:0000250}; Cytoplasmic side {ECO:0000250}. Cytoplasmic vesicle, COPI-coated vesicle membrane {ECO:0000250}; Peripheral membrane protein {ECO:0000250}; Cytoplasmic side {ECO:0000250}. Note=The coatomer is cytoplasmic or polymerized on the cytoplasmic side of the Golgi, as well as on the vesicles/buds originating from it. {ECO:0000250}.; SUBCELLULAR LOCATION: [Xenin]: Secreted {ECO:0000250}.",NA,NA,3D-structure;Cytoplasm;Cytoplasmic vesicle;ER-Golgi transport;Golgi apparatus;Hormone;Membrane;Methylation;Phosphoprotein;Protein transport;Reference proteome;Repeat;Secreted;Transport;WD repeat,Evidence at protein level,1224
Q8CIV2,Tmem259,SUBCELLULAR LOCATION: Endoplasmic reticulum membrane {ECO:0000269|PubMed:25977983}; Multi-pass membrane protein {ECO:0000255}.,NA,NA,Acetylation;Alternative splicing;Endoplasmic reticulum;Glycoprotein;Membrane;Reference proteome;Transmembrane;Transmembrane helix,Evidence at protein level,574
Q8CIZ8,Vwf,"SUBCELLULAR LOCATION: Secreted {ECO:0000250}. Secreted, extracellular space, extracellular matrix {ECO:0000250}. Note=Localized to storage granules. {ECO:0000250}.",NA,"SIGNAL 1..22; /evidence=""ECO:0000250|UniProtKB:P04275""",3D-structure;Alternative splicing;Blood coagulation;Cell adhesion;Cleavage on pair of basic residues;Disulfide bond;Extracellular matrix;Glycoprotein;Hemostasis;Reference proteome;Repeat;Secreted;Signal,Evidence at protein level,2813
Q8CJ53,Trip10,"SUBCELLULAR LOCATION: Cytoplasm, cytoskeleton. Cytoplasm, cell cortex. Lysosome. Golgi apparatus {ECO:0000250}. Cell membrane. Cell projection, phagocytic cup {ECO:0000250}. Note=Localizes to cortical regions coincident with F-actin, to lysosomes and to sites of phagocytosis in macrophages. Also localizes to the Golgi, and this requires AKAP9 (By similarity). Translocates to the plasma membrane in response to insulin stimulation, and this may require active RHOQ. {ECO:0000250}.",NA,NA,Alternative splicing;Cell membrane;Cell projection;Coiled coil;Cytoplasm;Cytoskeleton;Direct protein sequencing;Endocytosis;Golgi apparatus;Lipid-binding;Lysosome;Membrane;Phosphoprotein;Reference proteome;SH3 domain,Evidence at protein level,603
Q8CJG0,Ago2,"SUBCELLULAR LOCATION: Cytoplasm, P-body {ECO:0000255|HAMAP-Rule:MF_03031}. Nucleus {ECO:0000255|HAMAP-Rule:MF_03031}. Note=Translational repression of mRNAs results in their recruitment to P-bodies. Translocation to the nucleus requires IMP8. {ECO:0000255|HAMAP-Rule:MF_03031}.",NA,NA,Cytoplasm;Developmental protein;Differentiation;Endonuclease;Hydrolase;Hydroxylation;Magnesium;Manganese;Metal-binding;Nitration;Nuclease;Nucleus;Phosphoprotein;Reference proteome;Repressor;Ribonucleoprotein;RNA-binding;RNA-mediated gene silencing;Transcription;Transcription regulation;Translation regulation;Ubl conjugation,Evidence at protein level,860
Q8JZN5,Acad9,SUBCELLULAR LOCATION: Mitochondrion inner membrane {ECO:0000250|UniProtKB:Q9H845}; Peripheral membrane protein {ECO:0000250|UniProtKB:Q9H845}; Matrix side {ECO:0000250|UniProtKB:Q9H845}. Note=Essentially associated with membranes. {ECO:0000250|UniProtKB:Q9H845}.,"TRANSIT 1..41; /note=""Mitochondrion""; /evidence=""ECO:0000255""",NA,Acetylation;FAD;Flavoprotein;Membrane;Mitochondrion;Mitochondrion inner membrane;Oxidoreductase;Phosphoprotein;Reference proteome;Transit peptide,Evidence at protein level,625
Q8JZN7,Rhot2,SUBCELLULAR LOCATION: Mitochondrion outer membrane {ECO:0000250|UniProtKB:Q8IXI1}; Single-pass type IV membrane protein {ECO:0000250|UniProtKB:Q8IXI1}. Note=Colocalizes with MGARP and RHOT2 at the mitochondria. {ECO:0000250|UniProtKB:Q8IXI1}.,NA,NA,Calcium;GTP-binding;Hydrolase;Isopeptide bond;Magnesium;Membrane;Metal-binding;Mitochondrion;Mitochondrion outer membrane;Nucleotide-binding;Reference proteome;Repeat;Transmembrane;Transmembrane helix;Ubl conjugation,Evidence at protein level,620
Q8JZQ2,Afg3l2,"SUBCELLULAR LOCATION: Mitochondrion inner membrane {ECO:0000269|PubMed:19656850, ECO:0000269|PubMed:24856930}; Multi-pass membrane protein {ECO:0000255}.","TRANSIT 1..38; /note=""Mitochondrion""; /evidence=""ECO:0000269|PubMed:19656850""",NA,ATP-binding;Direct protein sequencing;Disease variant;Hydrolase;Membrane;Metal-binding;Metalloprotease;Mitochondrion;Mitochondrion inner membrane;Nucleotide-binding;Protease;Reference proteome;Transit peptide;Transmembrane;Transmembrane helix;Zinc,Evidence at protein level,802
Q8JZU2,Slc25a1,"SUBCELLULAR LOCATION: Mitochondrion inner membrane {ECO:0000269|PubMed:12865426, ECO:0000269|PubMed:18775783}; Multi-pass membrane protein {ECO:0000255}.",NA,NA,Antiport;Membrane;Mitochondrion;Mitochondrion inner membrane;Phosphoprotein;Reference proteome;Repeat;Transit peptide;Transmembrane;Transmembrane helix;Transport,Evidence at protein level,311
Q8K009,Aldh1l2,SUBCELLULAR LOCATION: Mitochondrion {ECO:0000305|PubMed:33168096}.,"TRANSIT 1..19; /note=""Mitochondrion; not cleaved""; /evidence=""ECO:0000250|UniProtKB:Q3SY69""",NA,Acetylation;Mitochondrion;NADP;One-carbon metabolism;Oxidoreductase;Phosphopantetheine;Phosphoprotein;Reference proteome;Transit peptide,Evidence at protein level,923
Q8K0E8,Fgb,SUBCELLULAR LOCATION: Secreted {ECO:0000250|UniProtKB:P02675}.,NA,"SIGNAL 1..19; /evidence=""ECO:0000250""",Adaptive immunity;Blood coagulation;Coiled coil;Disulfide bond;Glycoprotein;Hemostasis;Immunity;Innate immunity;Reference proteome;Secreted;Signal,Evidence at protein level,481
Q8K1A5,Tmem41b,SUBCELLULAR LOCATION: Endoplasmic reticulum membrane {ECO:0000269|PubMed:30352685}; Multi-pass membrane protein {ECO:0000255}. Endomembrane system {ECO:0000250|UniProtKB:Q5BJD5}. Note=Localized to specific membrane structures termed mitochondria-associated membranes (MAMs) which connect the endoplasmic reticulum (ER) and the mitochondria. {ECO:0000269|PubMed:30352685}.,NA,NA,Alternative splicing;Autophagy;Endoplasmic reticulum;Lipid transport;Membrane;Neurogenesis;Phosphoprotein;Reference proteome;Transmembrane;Transmembrane helix;Transport,Evidence at protein level,291
Q8K1M6,Dnm1l,"SUBCELLULAR LOCATION: Cytoplasm, cytosol {ECO:0000269|PubMed:30059978}. Golgi apparatus {ECO:0000250|UniProtKB:O00429}. Endomembrane system {ECO:0000250|UniProtKB:O00429}. Mitochondrion outer membrane {ECO:0000269|PubMed:30059978, ECO:0000305|PubMed:29853636}; Peripheral membrane protein. Peroxisome {ECO:0000269|PubMed:29853636}. Membrane, clathrin-coated pit {ECO:0000250|UniProtKB:O35303}. Cytoplasmic vesicle, secretory vesicle, synaptic vesicle membrane {ECO:0000250|UniProtKB:O35303}. Note=Mainly cytosolic. Recruited by RALA and RALBP1 to mitochondrion during mitosis (By similarity). Translocated to the mitochondrial membrane through O-GlcNAcylation and interaction with FIS1. Colocalized with MARCHF5 at mitochondrial membrane. Localizes to mitochondria at sites of division. Localizes to mitochondria following necrosis induction. Recruited to the mitochondrial outer membrane by interaction with MIEF1. Mitochondrial recruitment is inhibited by C11orf65/MFI (PubMed:30059978). Associated with peroxisomal membranes, partly recruited there by PEX11B. May also be associated with endoplasmic reticulum tubules and cytoplasmic vesicles and found to be perinuclear. In some cell types, localizes to the Golgi complex (By similarity). Binds to phospholipid membranes. {ECO:0000250, ECO:0000250|UniProtKB:O00429, ECO:0000269|PubMed:30059978}.; SUBCELLULAR LOCATION: [Isoform 14]: Lysosome {ECO:0000269|PubMed:29853636}. Late endosome {ECO:0000269|PubMed:29853636}. Cell membrane {ECO:0000269|PubMed:29853636}; Peripheral membrane protein. Mitochondrion outer membrane {ECO:0000269|PubMed:29853636}; Peripheral membrane protein. Postsynaptic density {ECO:0000269|PubMed:31603426}. Note=Is recruited to existing interorganelle interfaces between mitochondria and lysosomes/ late endosomes (PubMed:29853636). GTP hydrolysis and oligomerization are required for its localization to lysosomes/late endosomes and the cell membrane (PubMed:29853636). {ECO:0000269|PubMed:29853636}.",NA,NA,Acetylation;Alternative splicing;Biological rhythms;Cell membrane;Coated pit;Cytoplasm;Cytoplasmic vesicle;Direct protein sequencing;Endocytosis;Endosome;Glycoprotein;Golgi apparatus;GTP-binding;Hydrolase;Isopeptide bond;Lipid-binding;Lysosome;Membrane;Mitochondrion;Mitochondrion outer membrane;Necrosis;Nucleotide-binding;Peroxisome;Phosphoprotein;Reference proteome;S-nitrosylation;Synapse;Ubl conjugation,Evidence at protein level,736
Q8K1R3,Pnpt1,SUBCELLULAR LOCATION: Cytoplasm {ECO:0000250|UniProtKB:Q8TCS8}. Mitochondrion matrix {ECO:0000250|UniProtKB:Q8TCS8}. Mitochondrion intermembrane space {ECO:0000269|PubMed:16966381}; Peripheral membrane protein {ECO:0000269|PubMed:16966381}.,"TRANSIT 1..45; /note=""Mitochondrion""; /evidence=""ECO:0000255""",NA,3D-structure;Acetylation;Alternative splicing;Cytoplasm;Exonuclease;Hydrolase;Membrane;Mitochondrion;mRNA processing;Nuclease;Nucleotidyltransferase;Phosphoprotein;Reference proteome;RNA-binding;Transferase;Transit peptide;Transport,Evidence at protein level,783
Q8K1Z0,Coq9,SUBCELLULAR LOCATION: Mitochondrion {ECO:0000269|PubMed:18614015}. Note=Associates with cardiolipin-rich membranes which leads to the lipid bilayer deformation and then accessing to membrane-bound lipids. {ECO:0000250|UniProtKB:O75208}.,"TRANSIT 1..45; /note=""Mitochondrion""; /evidence=""ECO:0000255""",NA,Acetylation;Lipid-binding;Mitochondrion;Phosphoprotein;Reference proteome;Transit peptide;Ubiquinone biosynthesis;Ubl conjugation,Evidence at protein level,313
Q8K273,Mmgt1,SUBCELLULAR LOCATION: Endoplasmic reticulum membrane {ECO:0000250|UniProtKB:Q8N4V1}; Multi-pass membrane protein {ECO:0000250|UniProtKB:Q8N4V1}. Golgi apparatus membrane {ECO:0000269|PubMed:18057121}; Multi-pass membrane protein {ECO:0000250|UniProtKB:Q8N4V1}. Early endosome membrane {ECO:0000269|PubMed:18057121}; Multi-pass membrane protein {ECO:0000250|UniProtKB:Q8N4V1}.,NA,NA,Endoplasmic reticulum;Endosome;Golgi apparatus;Magnesium;Membrane;Phosphoprotein;Reference proteome;Transmembrane;Transmembrane helix;Transport,Evidence at protein level,131
Q8K2B3,Sdha,SUBCELLULAR LOCATION: Mitochondrion inner membrane {ECO:0000250|UniProtKB:Q0QF01}; Peripheral membrane protein {ECO:0000250|UniProtKB:Q0QF01}; Matrix side {ECO:0000250|UniProtKB:Q0QF01}.,"TRANSIT 1..42; /note=""Mitochondrion""; /evidence=""ECO:0000250|UniProtKB:Q0QF01""",NA,Acetylation;Direct protein sequencing;Electron transport;FAD;Flavoprotein;Membrane;Mitochondrion;Mitochondrion inner membrane;Oxidoreductase;Phosphoprotein;Reference proteome;Transit peptide;Transport;Tricarboxylic acid cycle;Tumor suppressor,Evidence at protein level,664
Q8K2C6,Sirt5,"SUBCELLULAR LOCATION: Mitochondrion. Cytoplasm, cytosol. Nucleus. Note=Mainly mitochondrial. Also present extramitochondrially, with a fraction present in the cytosol and very small amounts also detected in the nucleus.","TRANSIT 1..36; /note=""Mitochondrion""; /evidence=""ECO:0000255|HAMAP-Rule:MF_03160, ECO:0000269|PubMed:19410549""",NA,Cytoplasm;Direct protein sequencing;Metal-binding;Mitochondrion;NAD;Nucleus;Reference proteome;Transferase;Transit peptide;Zinc,Evidence at protein level,310
Q8K2I3,Fmo2,SUBCELLULAR LOCATION: Microsome membrane {ECO:0000250|UniProtKB:P17635}; Single-pass membrane protein {ECO:0000250|UniProtKB:P17635}. Endoplasmic reticulum membrane {ECO:0000250|UniProtKB:P17635}; Single-pass membrane protein {ECO:0000250|UniProtKB:P17635}.,NA,NA,Acetylation;Endoplasmic reticulum;FAD;Flavoprotein;Isopeptide bond;Magnesium;Membrane;Microsome;Monooxygenase;NADP;Oxidoreductase;Reference proteome;Transmembrane;Transmembrane helix;Ubl conjugation,Evidence at protein level,535
Q8K3H0,Appl1,"SUBCELLULAR LOCATION: Early endosome membrane {ECO:0000269|PubMed:21849472}; Peripheral membrane protein {ECO:0000250|UniProtKB:Q9UKG1}. Nucleus {ECO:0000250|UniProtKB:Q9UKG1}. Cytoplasm {ECO:0000250|UniProtKB:Q9UKG1}. Endosome {ECO:0000269|PubMed:25568335, ECO:0000269|PubMed:27219021}. Cell projection, ruffle {ECO:0000269|PubMed:25568335}. Cytoplasmic vesicle, phagosome {ECO:0000269|PubMed:25568335}. Note=Early endosomal membrane-bound and nuclear. Translocated into the nucleus upon release from endosomal membranes following internalization of EGF. {ECO:0000250|UniProtKB:Q9UKG1}.",NA,NA,Cell cycle;Cell projection;Coiled coil;Cytoplasm;Cytoplasmic vesicle;Endosome;Membrane;Nucleus;Phosphoprotein;Reference proteome,Evidence at protein level,707
Q8K3J1,Ndufs8,SUBCELLULAR LOCATION: Mitochondrion inner membrane {ECO:0000269|PubMed:38575788}; Peripheral membrane protein {ECO:0000269|PubMed:38575788}; Matrix side {ECO:0000269|PubMed:38575788}.,"TRANSIT 1..34; /note=""Mitochondrion""; /evidence=""ECO:0000255""",NA,3D-structure;4Fe-4S;Direct protein sequencing;Electron transport;Iron;Iron-sulfur;Membrane;Metal-binding;Mitochondrion;Mitochondrion inner membrane;NAD;Oxidoreductase;Reference proteome;Repeat;Respiratory chain;Transit peptide;Translocase;Transport;Ubiquinone,Evidence at protein level,212
Q8K411,Pitrm1,SUBCELLULAR LOCATION: Mitochondrion matrix {ECO:0000250|UniProtKB:Q5JRX3}.,"TRANSIT 1..15; /note=""Mitochondrion""; /evidence=""ECO:0000250""",NA,Acetylation;Alternative splicing;Disulfide bond;Hydrolase;Metal-binding;Metalloprotease;Mitochondrion;Protease;Reference proteome;Transit peptide;Zinc,Evidence at protein level,1036
Q8K4F5,Abhd11,SUBCELLULAR LOCATION: Mitochondrion {ECO:0000269|PubMed:32579589}. Mitochondrion matrix {ECO:0000250|UniProtKB:Q8NFV4}.,"TRANSIT 1..34; /note=""Mitochondrion""; /evidence=""ECO:0000255""",NA,Hydrolase;Mitochondrion;Reference proteome;Transit peptide,Evidence at protein level,307
Q8K4G5,Ablim1,"SUBCELLULAR LOCATION: Cytoplasm {ECO:0000269|PubMed:9245787}. Cytoplasm, cytoskeleton {ECO:0000269|PubMed:9245787}. Note=In a striped pattern along the myofibril axis in cardiac myocytes. Associated with the cytoskeleton.",NA,NA,Actin-binding;Alternative splicing;Coiled coil;Cytoplasm;Cytoskeleton;Isopeptide bond;LIM domain;Metal-binding;Phosphoprotein;Reference proteome;Repeat;Ubl conjugation;Zinc,Evidence at protein level,861
Q8K4Z3,Naxe,"SUBCELLULAR LOCATION: Mitochondrion {ECO:0000255|HAMAP-Rule:MF_03159}. Secreted {ECO:0000255|HAMAP-Rule:MF_03159, ECO:0000269|PubMed:18202122, ECO:0000269|PubMed:18614015}. Note=In sperm, secretion gradually increases during capacitation.","TRANSIT 1..53; /note=""Mitochondrion""; /evidence=""ECO:0000255|HAMAP-Rule:MF_03159""",NA,3D-structure;Isomerase;Lipid transport;Metal-binding;Mitochondrion;NAD;NADP;Nucleotide-binding;Phosphoprotein;Potassium;Reference proteome;Secreted;Transit peptide;Transport,Evidence at protein level,282
Q8N7N5,Dcaf8,SUBCELLULAR LOCATION: Nucleus {ECO:0000250|UniProtKB:Q5TAQ9}. Cytoplasm {ECO:0000250|UniProtKB:Q5TAQ9}. Note=It shuttles between the nucleus and the cytoplasm. Nuclear import is mediated by KPNA1 and KPNB1 under the regulation of nuclear GTPase RAN. Nuclear export to the cytoplasm is XPO1 dependent. {ECO:0000250|UniProtKB:Q5TAQ9}.,NA,NA,Alternative splicing;Cytoplasm;Methylation;Nucleus;Phosphoprotein;Reference proteome;Repeat;Ubl conjugation pathway;WD repeat,Evidence at protein level,591
Q8QZR5,Gpt,SUBCELLULAR LOCATION: Cytoplasm {ECO:0000250|UniProtKB:P24298}.,NA,NA,Acetylation;Aminotransferase;Cytoplasm;Phosphoprotein;Pyridoxal phosphate;Reference proteome;Transferase,Evidence at protein level,496
Q8CIB6,Tmem230,"SUBCELLULAR LOCATION: Membrane {ECO:0000305}; Multi-pass membrane protein {ECO:0000305}. Cytoplasmic vesicle, secretory vesicle, synaptic vesicle {ECO:0000269|PubMed:27270108}. Golgi apparatus, trans-Golgi network {ECO:0000250|UniProtKB:Q96A57}. Early endosome {ECO:0000250|UniProtKB:Q96A57}. Recycling endosome {ECO:0000250|UniProtKB:Q96A57}. Late endosome {ECO:0000250|UniProtKB:Q96A57}. Cytoplasmic vesicle, autophagosome {ECO:0000250|UniProtKB:Q96A57}.",NA,NA,Cytoplasmic vesicle;Endosome;Golgi apparatus;Membrane;Phosphoprotein;Reference proteome;Synapse;Transmembrane;Transmembrane helix,Evidence at protein level,120
Q8CJ70,Il19,SUBCELLULAR LOCATION: Secreted.,NA,"SIGNAL 1..24; /evidence=""ECO:0000255""",Apoptosis;Cytokine;Disulfide bond;Glycoprotein;Reference proteome;Secreted;Signal,Evidence at transcript level,176
Q8K0D5,Gfm1,SUBCELLULAR LOCATION: Mitochondrion.,"TRANSIT 1..37; /note=""Mitochondrion""; /evidence=""ECO:0000255|HAMAP-Rule:MF_03061""",NA,Acetylation;Elongation factor;GTP-binding;Hydrolase;Mitochondrion;Nucleotide-binding;Phosphoprotein;Protein biosynthesis;Reference proteome;Transit peptide,Evidence at protein level,751
Q8K0Z7,Taco1,SUBCELLULAR LOCATION: Mitochondrion {ECO:0000250}.,NA,NA,3D-structure;Acetylation;Activator;Coiled coil;Mitochondrion;Reference proteome;Translation regulation,Evidence at protein level,294
Q8K190,Saysd1,SUBCELLULAR LOCATION: Endoplasmic reticulum membrane {ECO:0000269|PubMed:37419030}. Cytoplasmic vesicle membrane {ECO:0000250|UniProtKB:Q9NPB0}.,NA,NA,Cytoplasmic vesicle;Endoplasmic reticulum;Membrane;Reference proteome,Evidence at protein level,188
Q8K297,Colgalt1,SUBCELLULAR LOCATION: Endoplasmic reticulum lumen {ECO:0000255|PROSITE-ProRule:PRU10138}. Note=Colocalized with PLOD3 and mannose binding lectin. {ECO:0000250|UniProtKB:Q8NBJ5}.,NA,"SIGNAL 1..31; /evidence=""ECO:0000255""",Endoplasmic reticulum;Glycoprotein;Glycosyltransferase;Reference proteome;Signal;Transferase,Evidence at protein level,617
Q8K2H2,Otud6b,NA,NA,NA,Acetylation;Hydrolase;Protease;Reference proteome;Thiol protease;Ubl conjugation pathway,Evidence at protein level,294
Q8K426,Retnlg,"SUBCELLULAR LOCATION: Secreted {ECO:0000269|PubMed:14733912, ECO:0000269|PubMed:15064728, ECO:0000269|PubMed:15834545}.",NA,"SIGNAL 1..29; /evidence=""ECO:0000255""",Disulfide bond;Hormone;Reference proteome;Secreted;Signal,Evidence at protein level,117
Q8K2M0,Mrpl38,SUBCELLULAR LOCATION: Mitochondrion {ECO:0000250|UniProtKB:Q96DV4}.,"TRANSIT 1..26; /note=""Mitochondrion""; /evidence=""ECO:0000255""",NA,3D-structure;Alternative splicing;Coiled coil;Mitochondrion;Reference proteome;Ribonucleoprotein;Ribosomal protein;Transit peptide,Evidence at protein level,380
Q8K2Y7,Mrpl47,SUBCELLULAR LOCATION: Mitochondrion {ECO:0000250|UniProtKB:Q9HD33}.,"TRANSIT 1..?; /note=""Mitochondrion""; /evidence=""ECO:0000255""",NA,3D-structure;Acetylation;Mitochondrion;Reference proteome;Ribonucleoprotein;Ribosomal protein;Transit peptide,Evidence at protein level,252
Q8K370,Acad10,NA,NA,NA,Acetylation;FAD;Flavoprotein;Oxidoreductase;Reference proteome,Evidence at protein level,1069
Q8QZS1,Hibch,SUBCELLULAR LOCATION: Mitochondrion {ECO:0000250}.,"TRANSIT 1..32; /note=""Mitochondrion""; /evidence=""ECO:0000250""",NA,Acetylation;Branched-chain amino acid catabolism;Direct protein sequencing;Hydrolase;Mitochondrion;Phosphoprotein;Reference proteome;Transit peptide,Evidence at protein level,385
Q8CI12,Smtnl2,NA,NA,NA,Coiled coil;Phosphoprotein;Reference proteome,Evidence at protein level,456
Q8K003,Tma7,NA,NA,NA,ADP-ribosylation;Coiled coil;Reference proteome,Inferred from homology,64
Q8K199,Cmc2,SUBCELLULAR LOCATION: Mitochondrion {ECO:0000250}.,NA,NA,Disulfide bond;Mitochondrion;Reference proteome,Inferred from homology,79
Q8K2Q5,Chchd7,SUBCELLULAR LOCATION: Mitochondrion intermembrane space {ECO:0000305}.,NA,NA,Disulfide bond;Mitochondrion;Reference proteome,Evidence at protein level,85
Q8CI70,Lrrc20,NA,NA,NA,Leucine-rich repeat;Phosphoprotein;Reference proteome;Repeat,Evidence at protein level,184
Q8QZT1,Acat1,SUBCELLULAR LOCATION: Mitochondrion {ECO:0000250|UniProtKB:P24752}.,"TRANSIT 1..30; /note=""Mitochondrion""; /evidence=""ECO:0000250|UniProtKB:P17764""",NA,Acetylation;Acyltransferase;Direct protein sequencing;Fatty acid metabolism;Lipid metabolism;Metal-binding;Mitochondrion;Phosphoprotein;Potassium;Reference proteome;Transferase;Transit peptide,Evidence at protein level,424
Q8R035,Mrpl58,SUBCELLULAR LOCATION: Mitochondrion {ECO:0000250|UniProtKB:Q14197}.,"TRANSIT 1..29; /note=""Mitochondrion""; /evidence=""ECO:0000255""",NA,3D-structure;Alternative splicing;Hydrolase;Methylation;Mitochondrion;Protein biosynthesis;Reference proteome;Ribonucleoprotein;Ribosomal protein;Transit peptide,Evidence at protein level,206
Q8R081,Hnrnpl,"SUBCELLULAR LOCATION: Nucleus, nucleoplasm {ECO:0000250|UniProtKB:P14866, ECO:0000305|PubMed:36537238}. Cytoplasm {ECO:0000250|UniProtKB:P14866}. Note=Localized in cytoplasmic mRNP granules containing untranslated mRNAs. These granules are not identical with P bodies or stress granules. {ECO:0000250|UniProtKB:P14866}.",NA,NA,3D-structure;Acetylation;Cytoplasm;Direct protein sequencing;Isopeptide bond;Methylation;Nucleus;Phosphoprotein;Reference proteome;Repeat;Ribonucleoprotein;RNA-binding;Ubl conjugation,Evidence at protein level,586
Q8R0F8,Fahd1,"SUBCELLULAR LOCATION: Mitochondrion {ECO:0000250|UniProtKB:Q6P587}. Cytoplasm, cytosol {ECO:0000250|UniProtKB:Q6P587}.","TRANSIT 1..24; /note=""Mitochondrion""; /evidence=""ECO:0000255""",NA,3D-structure;Acetylation;Cytoplasm;Hydrolase;Isomerase;Lyase;Magnesium;Manganese;Metal-binding;Mitochondrion;Phosphoprotein;Reference proteome;Transit peptide,Evidence at protein level,221
Q8R0G7,Spns1,SUBCELLULAR LOCATION: Lysosome membrane {ECO:0000269|PubMed:36161949}; Multi-pass membrane protein {ECO:0000250}.,NA,NA,Acetylation;Lipid transport;Lysosome;Membrane;Phosphoprotein;Reference proteome;Transmembrane;Transmembrane helix;Transport,Evidence at transcript level,528
Q8R0X7,Sgpl1,"SUBCELLULAR LOCATION: Endoplasmic reticulum membrane {ECO:0000269|PubMed:15522238, ECO:0000269|PubMed:28165339}; Single-pass type III membrane protein {ECO:0000269|PubMed:15522238}; Cytoplasmic side {ECO:0000269|PubMed:15522238}.",NA,NA,Acetylation;Apoptosis;Endoplasmic reticulum;Lipid metabolism;Lyase;Membrane;Nitration;Phosphoprotein;Pyridoxal phosphate;Reference proteome;Signal-anchor;Sphingolipid metabolism;Transmembrane;Transmembrane helix,Evidence at protein level,568
Q8R1B4,Eif3c,SUBCELLULAR LOCATION: Cytoplasm {ECO:0000255|HAMAP-Rule:MF_03002}.,NA,NA,Acetylation;Cytoplasm;Initiation factor;Phosphoprotein;Protein biosynthesis;Reference proteome,Evidence at protein level,911
Q8R1I1,Uqcr10,"SUBCELLULAR LOCATION: Mitochondrion inner membrane {ECO:0000269|PubMed:34616041, ECO:0000269|PubMed:38575788}; Single-pass membrane protein {ECO:0000269|PubMed:34616041, ECO:0000269|PubMed:38575788}.",NA,NA,3D-structure;Direct protein sequencing;Electron transport;Membrane;Mitochondrion;Mitochondrion inner membrane;Reference proteome;Respiratory chain;Transmembrane;Transmembrane helix;Transport,Evidence at protein level,64
Q8R1R3,Stard7,"SUBCELLULAR LOCATION: [StAR-related lipid transfer protein 7, mitochondrial]: Mitochondrion outer membrane {ECO:0000269|PubMed:32071354}; Single-pass membrane protein {ECO:0000250|UniProtKB:Q9NQZ5}; Cytoplasmic side {ECO:0000250|UniProtKB:Q9NQZ5}.; SUBCELLULAR LOCATION: [StAR-related lipid transfer protein 7, mature]: Mitochondrion intermembrane space {ECO:0000269|PubMed:32071354}. Cytoplasm, cytosol {ECO:0000269|PubMed:32071354}. Note=Precursor form is imported into mitochondria via the TOM and TIM23 complexes. After sequential cleavages by YME1L1 and PARL, mature form is released from the inner membrane and dynamically localizes to the cytosol and mitochondrial intermembrane space, where it associates transiently with the outer mitochondrial membrane to mediate phosphatidylcholine (PC) transfer between mitochondrial membranes. {ECO:0000250|UniProtKB:Q9NQZ5}.","TRANSIT 1..61; /note=""Mitochondrion""; /evidence=""ECO:0000255""",NA,Coiled coil;Cytoplasm;Membrane;Mitochondrion;Mitochondrion outer membrane;Reference proteome;Transit peptide;Transmembrane;Transmembrane helix,Evidence at protein level,373
Q8R1S0,Coq6,"SUBCELLULAR LOCATION: Mitochondrion inner membrane {ECO:0000255|HAMAP-Rule:MF_03193}; Peripheral membrane protein {ECO:0000255|HAMAP-Rule:MF_03193}; Matrix side {ECO:0000255|HAMAP-Rule:MF_03193}. Golgi apparatus {ECO:0000255|HAMAP-Rule:MF_03193, ECO:0000269|PubMed:21540551}. Cell projection {ECO:0000255|HAMAP-Rule:MF_03193}. Note=Localizes to cell processes and Golgi apparatus in podocytes. {ECO:0000255|HAMAP-Rule:MF_03193}.","TRANSIT 1..35; /note=""Mitochondrion""; /evidence=""ECO:0000255|HAMAP-Rule:MF_03193""",NA,Cell projection;FAD;Flavoprotein;Golgi apparatus;Membrane;Mitochondrion;Mitochondrion inner membrane;Monooxygenase;Oxidoreductase;Reference proteome;Transit peptide;Ubiquinone biosynthesis,Evidence at protein level,476
Q8R429,Atp2a1,SUBCELLULAR LOCATION: Endoplasmic reticulum membrane {ECO:0000250|UniProtKB:P04191}; Multi-pass membrane protein {ECO:0000250|UniProtKB:P04191}. Sarcoplasmic reticulum membrane {ECO:0000269|PubMed:26816378}; Multi-pass membrane protein {ECO:0000250|UniProtKB:P04191}.,NA,NA,ATP-binding;Calcium;Calcium transport;Disulfide bond;Endoplasmic reticulum;Ion transport;Magnesium;Membrane;Metal-binding;Nucleotide-binding;Phosphoprotein;Reference proteome;Sarcoplasmic reticulum;Translocase;Transmembrane;Transmembrane helix;Transport,Evidence at protein level,994
Q8R464,Cadm4,SUBCELLULAR LOCATION: Cell membrane {ECO:0000269|PubMed:39327467}; Single-pass type I membrane protein {ECO:0000255}. Golgi apparatus membrane {ECO:0000269|PubMed:39327467}; Single-pass type I membrane protein {ECO:0000255}.,NA,"SIGNAL 1..20; /evidence=""ECO:0000255""",3D-structure;Cell adhesion;Cell membrane;Disulfide bond;Glycoprotein;Golgi apparatus;Immunoglobulin domain;Lipoprotein;Membrane;Palmitate;Phosphoprotein;Reference proteome;Repeat;Signal;Transmembrane;Transmembrane helix;Tumor suppressor,Evidence at protein level,388
Q8R4N0,Clybl,SUBCELLULAR LOCATION: Mitochondrion {ECO:0000269|PubMed:18614015}.,"TRANSIT 1..20; /note=""Mitochondrion""; /evidence=""ECO:0000255""",NA,Acetylation;Hydrolase;Lyase;Magnesium;Metal-binding;Mitochondrion;Reference proteome;Transferase;Transit peptide,Evidence at protein level,338
Q8R5J9,Arl6ip5,"SUBCELLULAR LOCATION: Endoplasmic reticulum membrane {ECO:0000269|PubMed:12438930}; Multi-pass membrane protein {ECO:0000255}. Cell membrane {ECO:0000250|UniProtKB:Q9ES40}; Multi-pass membrane protein {ECO:0000255}. Cytoplasm {ECO:0000269|PubMed:12438930}. Cytoplasm, cytoskeleton {ECO:0000269|PubMed:12438930}. Note=Also exists as a soluble form in the cytoplasm. Associated with microtubules. {ECO:0000269|PubMed:12438930}.",NA,NA,Acetylation;Cell membrane;Cytoplasm;Cytoskeleton;Direct protein sequencing;Endoplasmic reticulum;Membrane;Reference proteome;Transmembrane;Transmembrane helix,Evidence at protein level,188
Q8R5L1,C1qbp,"SUBCELLULAR LOCATION: Cell membrane {ECO:0000256|ARBA:ARBA00004296}; Peripheral membrane protein {ECO:0000256|ARBA:ARBA00004296}; Extracellular side {ECO:0000256|ARBA:ARBA00004296}. Cytoplasm {ECO:0000256|ARBA:ARBA00004496}. Mitochondrion matrix {ECO:0000256|ARBA:ARBA00004305}. Nucleus, nucleolus {ECO:0000256|ARBA:ARBA00004604}. Secreted {ECO:0000256|ARBA:ARBA00004613}.",NA,NA,Acetylation;Adaptive immunity;Apoptosis;Cell membrane;Complement pathway;Cytoplasm;DNA damage;Immunity;Innate immunity;Membrane;Mitochondrion;mRNA processing;mRNA splicing;Nucleus;Phosphoprotein;Ribosome biogenesis;Secreted;Transcription;Transcription regulation;Transit peptide,Evidence at protein level,279
Q8VBT0,Tmx1,SUBCELLULAR LOCATION: Endoplasmic reticulum membrane {ECO:0000250|UniProtKB:Q9H3N1}; Single-pass type I membrane protein {ECO:0000255}. Mitochondrion membrane {ECO:0000250|UniProtKB:Q9H3N1}; Single-pass type I membrane protein {ECO:0000255}. Secreted {ECO:0000250|UniProtKB:Q9H3N1}. Note=Predominantly found in the endoplasmic reticulum. Secreted in the extracellular space following thrombin stimulation. Localizes to mitochondria-associated endoplasmic reticulum membrane (MAM); palmitoylation is required for MAM localization. {ECO:0000250|UniProtKB:Q9H3N1}.,NA,"SIGNAL 1..26; /evidence=""ECO:0000255""",Disulfide bond;Electron transport;Endoplasmic reticulum;Isomerase;Lipoprotein;Membrane;Mitochondrion;Palmitate;Phosphoprotein;Redox-active center;Reference proteome;Secreted;Signal;Transmembrane;Transmembrane helix;Transport,Evidence at protein level,278
Q8VBT9,Aspscr1,SUBCELLULAR LOCATION: Endomembrane system {ECO:0000269|PubMed:14562105}; Peripheral membrane protein {ECO:0000269|PubMed:14562105}. Endoplasmic reticulum-Golgi intermediate compartment membrane {ECO:0000250|UniProtKB:Q9BZE9}; Peripheral membrane protein. Cytoplasm {ECO:0000250}. Nucleus {ECO:0000250}.,NA,NA,3D-structure;Acetylation;Alternative splicing;Cytoplasm;Membrane;Nucleus;Phosphoprotein;Reference proteome,Evidence at protein level,550
Q8VBZ3,Clptm1,SUBCELLULAR LOCATION: Membrane {ECO:0000305}; Multi-pass membrane protein {ECO:0000305|PubMed:9828125}.,NA,NA,Acetylation;Developmental protein;Differentiation;Glycoprotein;Membrane;Phosphoprotein;Reference proteome;Transmembrane;Transmembrane helix,Evidence at protein level,664
Q8VCF0,Mavs,SUBCELLULAR LOCATION: Mitochondrion outer membrane {ECO:0000250|UniProtKB:Q7Z434}; Single-pass membrane protein {ECO:0000250|UniProtKB:Q7Z434}. Mitochondrion {ECO:0000269|PubMed:23582325}. Peroxisome {ECO:0000250|UniProtKB:Q7Z434}.,NA,NA,3D-structure;Antiviral defense;Host-virus interaction;Immunity;Innate immunity;Isopeptide bond;Lipoprotein;Membrane;Methylation;Mitochondrion;Mitochondrion outer membrane;Palmitate;Peroxisome;Phosphoprotein;Reference proteome;Transmembrane;Transmembrane helix;Ubl conjugation,Evidence at protein level,503
Q8VCL2,Sco2,SUBCELLULAR LOCATION: Mitochondrion inner membrane {ECO:0000250|UniProtKB:O43819}; Single-pass membrane protein {ECO:0000255}.,"TRANSIT 1..41; /note=""Mitochondrion""; /evidence=""ECO:0000255""",NA,Chaperone;Copper;Cytochrome c-type biogenesis;Disulfide bond;Membrane;Metal-binding;Mitochondrion;Mitochondrion inner membrane;Reference proteome;Transit peptide;Transmembrane;Transmembrane helix,Evidence at protein level,255
Q8VCM5,Mul1,SUBCELLULAR LOCATION: Mitochondrion outer membrane {ECO:0000250|UniProtKB:Q969V5}; Multi-pass membrane protein {ECO:0000255}. Peroxisome {ECO:0000250|UniProtKB:Q969V5}. Note=Transported in mitochondrion-derived vesicles from the mitochondrion to the peroxisome. {ECO:0000250|UniProtKB:Q969V5}.,NA,NA,Alternative splicing;Apoptosis;Isopeptide bond;Membrane;Metal-binding;Mitochondrion;Mitochondrion outer membrane;Peroxisome;Reference proteome;Transferase;Transmembrane;Transmembrane helix;Ubl conjugation;Ubl conjugation pathway;Zinc;Zinc-finger,Evidence at protein level,352
Q8VCM7,Fgg,SUBCELLULAR LOCATION: Secreted {ECO:0000250|UniProtKB:P02679}.,NA,"SIGNAL 1..25; /evidence=""ECO:0000250""",Adaptive immunity;Blood coagulation;Calcium;Coiled coil;Disulfide bond;Glycoprotein;Hemostasis;Immunity;Innate immunity;Isopeptide bond;Metal-binding;Phosphoprotein;Reference proteome;Secreted;Signal,Evidence at protein level,436
Q8VCN6,Cd99,SUBCELLULAR LOCATION: Membrane {ECO:0000305}; Single-pass type I membrane protein {ECO:0000305}.,NA,"SIGNAL 1..28; /evidence=""ECO:0000255""",Membrane;Reference proteome;Signal;Transmembrane;Transmembrane helix,Evidence at protein level,175
Q8VCR8,Mylk2,SUBCELLULAR LOCATION: Cytoplasm {ECO:0000250}. Note=Colocalizes with phosphorylated myosin light chain (RLCP) at filaments of the myofibrils. {ECO:0000250}.,NA,NA,ATP-binding;Calmodulin-binding;Cytoplasm;Kinase;Nucleotide-binding;Phosphoprotein;Reference proteome;Serine/threonine-protein kinase;Transferase,Evidence at protein level,613
Q8VCT4,Ces1d,"SUBCELLULAR LOCATION: Endoplasmic reticulum lumen {ECO:0000269|PubMed:15220344}. Cytoplasm, cytosol {ECO:0000269|PubMed:15220344}. Lipid droplet {ECO:0000269|PubMed:15220344}. Microsome {ECO:0000250|UniProtKB:P16303}.",NA,"SIGNAL 1..18; /evidence=""ECO:0000269|PubMed:15269189""",Cytoplasm;Direct protein sequencing;Disulfide bond;Endoplasmic reticulum;Glycoprotein;Hydrolase;Lipid degradation;Lipid droplet;Lipid metabolism;Microsome;Reference proteome;Serine esterase;Signal,Evidence at protein level,565
Q8VCX5,Micu1,SUBCELLULAR LOCATION: Mitochondrion intermembrane space {ECO:0000269|PubMed:30504268}. Mitochondrion inner membrane {ECO:0000269|PubMed:30504268}. Note=Recruited to the mitochondrial inner membrane by EMRE/SMDT1 (By similarity). Also localizes to mitochondrial cristae junctions (By similarity). {ECO:0000250|UniProtKB:Q9BPX6}.; SUBCELLULAR LOCATION: [Isoform 3]: Mitochondrion intermembrane space {ECO:0000305|PubMed:27818145}. Mitochondrion inner membrane {ECO:0000305|PubMed:27818145}.,"TRANSIT 1..33; /note=""Mitochondrion""; /evidence=""ECO:0000255""",NA,Alternative splicing;Calcium;Calcium transport;Disulfide bond;Ion transport;Membrane;Metal-binding;Methylation;Mitochondrion;Mitochondrion inner membrane;Phosphoprotein;Reference proteome;Repeat;Transit peptide;Transport,Evidence at protein level,477
Q8R086,Suox,SUBCELLULAR LOCATION: Mitochondrion intermembrane space {ECO:0000250|UniProtKB:Q07116}.,"TRANSIT 1..80; /note=""Mitochondrion""; /evidence=""ECO:0000250|UniProtKB:Q07116""",NA,Heme;Iron;Metal-binding;Mitochondrion;Molybdenum;Oxidoreductase;Phosphoprotein;Reference proteome;Transit peptide,Evidence at protein level,546
Q8R0N6,Adhfe1,SUBCELLULAR LOCATION: Mitochondrion {ECO:0000269|PubMed:17559793}.,"TRANSIT 1..?; /note=""Mitochondrion""; /evidence=""ECO:0000255""",NA,Acetylation;Alternative splicing;Lipid metabolism;Mitochondrion;Oxidoreductase;Phosphoprotein;Reference proteome;Transit peptide,Evidence at protein level,465
Q8R0P4,Aamdc,SUBCELLULAR LOCATION: Cytoplasm {ECO:0000269|PubMed:21622130}. Note=Diffuse distribution with some highly concentrated spots around the nucleus.,NA,NA,Alternative splicing;Cytoplasm;Reference proteome,Evidence at protein level,122
Q8R0Y8,Slc25a42,SUBCELLULAR LOCATION: Mitochondrion inner membrane {ECO:0000250|UniProtKB:Q86VD7}; Multi-pass membrane protein {ECO:0000255}.,NA,NA,Membrane;Mitochondrion;Mitochondrion inner membrane;Reference proteome;Repeat;Transmembrane;Transmembrane helix;Transport,Evidence at protein level,318
Q8R164,Bphl,SUBCELLULAR LOCATION: Mitochondrion {ECO:0000250|UniProtKB:Q86WA6}.,NA,"SIGNAL 1..37; /evidence=""ECO:0000250""",Acetylation;Hydrolase;Magnesium;Metal-binding;Mitochondrion;Reference proteome;Signal,Evidence at protein level,291
Q8R1V4,Tmed4,SUBCELLULAR LOCATION: Endoplasmic reticulum membrane {ECO:0000269|PubMed:18326488}; Single-pass type I membrane protein {ECO:0000269|PubMed:18326488}.,NA,"SIGNAL 1..29; /evidence=""ECO:0000255""",Coiled coil;Endoplasmic reticulum;Glycoprotein;Membrane;Protein transport;Reference proteome;Signal;Transmembrane;Transmembrane helix;Transport,Evidence at protein level,227
Q8R2G4,Art3,"SUBCELLULAR LOCATION: Cell membrane {ECO:0000250}; Lipid-anchor, GPI-anchor {ECO:0000250}.",NA,"SIGNAL 1..26; /evidence=""ECO:0000255""",Alternative splicing;Cell membrane;Disulfide bond;Glycoprotein;Glycosyltransferase;GPI-anchor;Lipoprotein;Membrane;NAD;NADP;Nucleotidyltransferase;Reference proteome;Signal;Transferase,Evidence at protein level,371
Q8R3F5,Mcat,SUBCELLULAR LOCATION: Mitochondrion {ECO:0000250|UniProtKB:Q8IVS2}.,"TRANSIT 1..?; /note=""Mitochondrion""; /evidence=""ECO:0000255""",NA,Fatty acid biosynthesis;Fatty acid metabolism;Lipid biosynthesis;Lipid metabolism;Mitochondrion;Reference proteome;Transferase;Transit peptide,Evidence at protein level,381
Q8R3G9,Tspan8,SUBCELLULAR LOCATION: Cell membrane {ECO:0000250|UniProtKB:P19075}; Multi-pass membrane protein {ECO:0000250|UniProtKB:P19075}.,NA,NA,Cell membrane;Glycoprotein;Membrane;Reference proteome;Transmembrane;Transmembrane helix,Evidence at protein level,235
Q8R4S0,Ppp1r14c,SUBCELLULAR LOCATION: Endomembrane system {ECO:0000269|PubMed:11812771}; Peripheral membrane protein {ECO:0000269|PubMed:11812771}.,NA,NA,Acetylation;Membrane;Methylation;Phosphoprotein;Protein phosphatase inhibitor;Reference proteome,Evidence at protein level,164
Q8VBV7,Cops8,SUBCELLULAR LOCATION: Cytoplasm {ECO:0000250}. Nucleus {ECO:0000250}.,NA,NA,Cytoplasm;Nucleus;Phosphoprotein;Reference proteome;Signalosome,Evidence at protein level,209
Q8VCM8,Ncln,SUBCELLULAR LOCATION: Endoplasmic reticulum membrane {ECO:0000250|UniProtKB:Q969V3}; Single-pass membrane protein {ECO:0000250|UniProtKB:Q969V3}.,NA,"SIGNAL 1..42; /evidence=""ECO:0000255""",Endoplasmic reticulum;Glycoprotein;Membrane;Reference proteome;Signal;Transmembrane;Transmembrane helix,Evidence at protein level,563
Q8R1G2,Cmbl,"SUBCELLULAR LOCATION: Cytoplasm, cytosol {ECO:0000250|UniProtKB:Q96DG6}.",NA,NA,Acetylation;Cytoplasm;Hydrolase;Phosphoprotein;Reference proteome,Evidence at protein level,245
Q8R2Q4,Gfm2,SUBCELLULAR LOCATION: Mitochondrion {ECO:0000255|HAMAP-Rule:MF_03059}.,NA,NA,Alternative splicing;GTP-binding;Hydrolase;Mitochondrion;Nucleotide-binding;Protein biosynthesis;Reference proteome,Evidence at protein level,779
Q8R2Y8,Ptrh2,SUBCELLULAR LOCATION: Mitochondrion outer membrane {ECO:0000250|UniProtKB:Q9Y3E5}; Single-pass membrane protein {ECO:0000255}.,NA,NA,Hydrolase;Isopeptide bond;Membrane;Mitochondrion;Mitochondrion outer membrane;Reference proteome;Transmembrane;Transmembrane helix;Ubl conjugation,Evidence at protein level,181
Q8R3Q0,Saraf,SUBCELLULAR LOCATION: Endoplasmic reticulum membrane {ECO:0000250}; Single-pass type I membrane protein {ECO:0000250}. Note=Translocates to the endoplasmic reticulum-plasma membrane (ER-PM) region in a STIM1-dependent manner following cytosolic Ca(2+) elevation. {ECO:0000250}.,NA,"SIGNAL 1..31; /evidence=""ECO:0000255""",Calcium;Calcium transport;Endoplasmic reticulum;Ion transport;Membrane;Reference proteome;Signal;Transmembrane;Transmembrane helix;Transport,Evidence at protein level,334
Q8R404,Micos13,SUBCELLULAR LOCATION: Mitochondrion inner membrane {ECO:0000250|UniProtKB:Q5XKP0}; Single-pass membrane protein {ECO:0000255}. Note=Enriched at crista junctions. {ECO:0000250|UniProtKB:Q5XKP0}.,NA,NA,Membrane;Mitochondrion;Mitochondrion inner membrane;Reference proteome;Transmembrane;Transmembrane helix,Evidence at protein level,119
Q8R4E4,Myoz3,"SUBCELLULAR LOCATION: Cytoplasm, myofibril, sarcomere, Z line {ECO:0000269|PubMed:11842093}. Note=Localized at the Z-line of skeletal muscle.",NA,NA,Cytoplasm;Phosphoprotein;Reference proteome,Evidence at protein level,245
Q8VCA6,Tmem161a,SUBCELLULAR LOCATION: Membrane {ECO:0000305}; Multi-pass membrane protein {ECO:0000305}.,NA,"SIGNAL 1..28; /evidence=""ECO:0000255""",Alternative splicing;Glycoprotein;Membrane;Reference proteome;Signal;Transmembrane;Transmembrane helix,Evidence at transcript level,480
Q8VDC0,Lars2,SUBCELLULAR LOCATION: Mitochondrion matrix {ECO:0000250}.,"TRANSIT 1..?; /note=""Mitochondrion""; /evidence=""ECO:0000255""",NA,Acetylation;Aminoacyl-tRNA synthetase;ATP-binding;Ligase;Mitochondrion;Nucleotide-binding;Protein biosynthesis;Reference proteome;Transit peptide,Evidence at protein level,902
Q8R127,Sccpdh,NA,NA,NA,Acetylation;Oxidoreductase;Phosphoprotein;Reference proteome,Evidence at protein level,429
Q8R3V6,Cuedc1,NA,NA,NA,Reference proteome,Evidence at transcript level,388
Q8VCE1,Dnajc28,NA,NA,NA,Chaperone;Coiled coil;Reference proteome,Evidence at protein level,385
Q8VD26,Tmem143,SUBCELLULAR LOCATION: Membrane {ECO:0000305}; Multi-pass membrane protein {ECO:0000305}.,NA,NA,Alternative splicing;Membrane;Phosphoprotein;Reference proteome;Transmembrane;Transmembrane helix,Evidence at protein level,458
Q8VDD5,Myh9,"SUBCELLULAR LOCATION: Cytoplasm, cytoskeleton {ECO:0000269|PubMed:19401332}. Cytoplasm, cell cortex {ECO:0000269|PubMed:19401332, ECO:0000269|PubMed:31118423}. Cytoplasmic vesicle, secretory vesicle, Cortical granule {ECO:0000269|PubMed:31118423}. Note=Colocalizes with actin filaments at lamellipodia margins and at the leading edge of migrating cells (By similarity). In retinal pigment epithelial cells, predominantly localized to stress fiber-like structures with some localization to cytoplasmic puncta (By similarity). {ECO:0000250|UniProtKB:P35579}.",NA,NA,Acetylation;Actin-binding;ATP-binding;Calmodulin-binding;Cell adhesion;Cell shape;Coiled coil;Cytoplasm;Cytoplasmic vesicle;Cytoskeleton;Direct protein sequencing;Methylation;Motor protein;Myosin;Nucleotide-binding;Phosphoprotein;Reference proteome;Ubl conjugation,Evidence at protein level,1960
Q8VDK1,Nit1,"SUBCELLULAR LOCATION: [Isoform 1]: Mitochondrion {ECO:0000269|PubMed:19479888, ECO:0000269|PubMed:28373563}.; SUBCELLULAR LOCATION: [Isoform 2]: Cytoplasm {ECO:0000269|PubMed:19479888, ECO:0000269|PubMed:28373563}.","TRANSIT 1..33; /note=""Mitochondrion""; /evidence=""ECO:0000255""",NA,Alternative splicing;Cytoplasm;Hydrolase;Mitochondrion;Reference proteome;Transit peptide,Evidence at protein level,323
Q8VDL4,Adpgk,SUBCELLULAR LOCATION: Secreted {ECO:0000305}.,NA,"SIGNAL 1..22; /evidence=""ECO:0000255""",3D-structure;Alternative splicing;Glycolysis;Kinase;Magnesium;Metal-binding;Reference proteome;Secreted;Signal;Transferase,Evidence at protein level,496
Q8VDM4,Psmd2,NA,NA,NA,Acetylation;Phosphoprotein;Proteasome;Reference proteome;Repeat,Evidence at protein level,908
Q8VDN2,Atp1a1,"SUBCELLULAR LOCATION: Cell membrane {ECO:0000269|PubMed:17408578}; Multi-pass membrane protein {ECO:0000250|UniProtKB:P05023}. Basolateral cell membrane {ECO:0000250|UniProtKB:P06685}; Multi-pass membrane protein {ECO:0000250|UniProtKB:P05023}. Cell membrane, sarcolemma {ECO:0000250|UniProtKB:P05023}; Multi-pass membrane protein {ECO:0000250|UniProtKB:P05023}. Cell projection, axon {ECO:0000250|UniProtKB:P06685}. Melanosome {ECO:0000250|UniProtKB:P05023}.",NA,NA,Acetylation;ATP-binding;Cell membrane;Cell projection;Direct protein sequencing;Ion transport;Magnesium;Membrane;Metal-binding;Nucleotide-binding;Phosphoprotein;Potassium;Potassium transport;Reference proteome;Sodium;Sodium transport;Sodium/potassium transport;Translocase;Transmembrane;Transmembrane helix;Transport,Evidence at protein level,1023
Q8VDQ8,Sirt2,"SUBCELLULAR LOCATION: Nucleus {ECO:0000269|PubMed:19037106, ECO:0000269|PubMed:24334550, ECO:0000269|PubMed:24460154}. Cytoplasm {ECO:0000269|PubMed:11056054, ECO:0000269|PubMed:17521387, ECO:0000269|PubMed:17681146, ECO:0000269|PubMed:19037106, ECO:0000269|PubMed:24334550, ECO:0000269|PubMed:24460154}. Cytoplasm, perinuclear region {ECO:0000269|PubMed:16933150}. Perikaryon {ECO:0000269|PubMed:16933150}. Cytoplasm, cytoskeleton {ECO:0000250|UniProtKB:Q8IXJ6}. Cell projection {ECO:0000269|PubMed:16933150}. Cell projection, growth cone {ECO:0000269|PubMed:18332217}. Myelin membrane {ECO:0000269|PubMed:16933150}. Cytoplasm, cytoskeleton, microtubule organizing center, centrosome {ECO:0000250|UniProtKB:Q8IXJ6}. Cytoplasm, cytoskeleton, spindle {ECO:0000269|PubMed:24334550}. Chromosome {ECO:0000250|UniProtKB:Q8IXJ6}. Midbody {ECO:0000269|PubMed:24334550}. Cytoplasm, cytoskeleton, microtubule organizing center, centrosome, centriole {ECO:0000250|UniProtKB:Q8IXJ6}. Note=Localizes in the cytoplasm during most of the cell cycle except in the G2/M transition and during mitosis, where it is localized in association with chromatin and induces deacetylation of histone at 'Lys-16' (H4K16ac). Colocalizes with KMT5A at mitotic foci. Colocalizes with CDK1 at centrosome during prophase and splindle fibers during metaphase. Colocalizes with Aurora kinase AURKA at centrosome during early prophase and in the centrioles and growing mitotic spindle throughout metaphase. Colocalizes with Aurora kinase AURKB during cytokinesis with the midbody. Colocalizes with microtubules (By similarity). Deacetylates FOXO3 in the cytoplasm (PubMed:17521387). Colocalizes with PLP1 in internodal regions of myelin sheat, at paranodal axoglial junction and Schmidt-Lanterman incisures (PubMed:16933150). Colocalizes with CDK5R1 in the perikaryon, neurites and growth cone of hippocampal neurons (PubMed:16933150). Colocalizes with alpha-tubulin in neuronal growth cone (PubMed:18332217). Localizes in the cytoplasm and nucleus of germinal vesicle (GV) stage oocytes (PubMed:24334550). Colocalizes with alpha-tubulin on the meiotic spindle as the oocytes enter into metaphase, and also during meiotic anaphase and telophase, especially with the midbody (PubMed:24334550). {ECO:0000250|UniProtKB:Q8IXJ6, ECO:0000269|PubMed:16933150, ECO:0000269|PubMed:17521387, ECO:0000269|PubMed:18332217, ECO:0000269|PubMed:24334550}.",NA,NA,Acetylation;Alternative splicing;Autophagy;Cell cycle;Cell division;Cell membrane;Cell projection;Chromosome;Cytoplasm;Cytoskeleton;Differentiation;Direct protein sequencing;Meiosis;Membrane;Metal-binding;Microtubule;Mitosis;NAD;Neurogenesis;Nucleus;Phosphoprotein;Reference proteome;Transcription;Transcription regulation;Transferase;Ubl conjugation;Zinc,Evidence at protein level,389
Q8VE91,Retreg1,"SUBCELLULAR LOCATION: Golgi apparatus, cis-Golgi network membrane {ECO:0000269|PubMed:19838196}; Multi-pass membrane protein {ECO:0000255}. Endoplasmic reticulum membrane {ECO:0000250|UniProtKB:Q9H6L5}; Multi-pass membrane protein {ECO:0000255}.",NA,NA,Alternative splicing;Autophagy;Endoplasmic reticulum;Golgi apparatus;Membrane;Phosphoprotein;Reference proteome;Transmembrane;Transmembrane helix,Evidence at protein level,480
Q8VEA4,Chchd4,SUBCELLULAR LOCATION: Mitochondrion intermembrane space {ECO:0000250|UniProtKB:Q8N4Q1}.,NA,NA,3D-structure;Disulfide bond;Mitochondrion;Oxidoreductase;Protein transport;Redox-active center;Reference proteome;Translocation;Transport,Evidence at protein level,139
Q8VEE1,Lmcd1,SUBCELLULAR LOCATION: Cytoplasm {ECO:0000269|PubMed:16199866}. Nucleus {ECO:0000269|PubMed:16199866}. Note=May shuttle between the cytoplasm and the nucleus.,NA,NA,Cytoplasm;LIM domain;Metal-binding;Nucleus;Phosphoprotein;Reference proteome;Repeat;Repressor;Transcription;Transcription regulation;Zinc,Evidence at protein level,365
Q8VEK0,Cdc50a,"SUBCELLULAR LOCATION: Membrane {ECO:0000269|PubMed:22253360}; Multi-pass membrane protein {ECO:0000269|PubMed:22253360}. Cell membrane {ECO:0000250}. Golgi apparatus {ECO:0000269|PubMed:22253360}. Cytoplasmic vesicle, secretory vesicle membrane {ECO:0000269|PubMed:22253360}. Apical cell membrane {ECO:0000269|PubMed:22253360}.",NA,NA,Acetylation;Cell membrane;Cytoplasmic vesicle;Disulfide bond;Glycoprotein;Golgi apparatus;Lipid transport;Membrane;Reference proteome;Transmembrane;Transmembrane helix;Transport,Evidence at protein level,364
Q8VEK3,Hnrnpu,"SUBCELLULAR LOCATION: Nucleus {ECO:0000269|PubMed:18332112, ECO:0000269|PubMed:22162999}. Nucleus matrix {ECO:0000250|UniProtKB:Q00839}. Chromosome {ECO:0000269|PubMed:20833368}. Nucleus speckle {ECO:0000250|UniProtKB:Q00839}. Cytoplasm, cytoskeleton, microtubule organizing center, centrosome {ECO:0000250|UniProtKB:Q00839}. Chromosome, centromere, kinetochore {ECO:0000250|UniProtKB:Q00839}. Cytoplasm, cytoskeleton, spindle {ECO:0000250|UniProtKB:Q00839}. Cytoplasm, cytoskeleton, spindle pole {ECO:0000250|UniProtKB:Q00839}. Midbody {ECO:0000250|UniProtKB:Q00839}. Cytoplasm {ECO:0000250|UniProtKB:Q00839}. Cell surface {ECO:0000250|UniProtKB:Q00839}. Cytoplasmic granule {ECO:0000250|UniProtKB:Q00839}. Note=Localizes at inactive X chromosome (Xi) regions (PubMed:20833368). Localizes in the nucleus during interphase. At metaphase, localizes with mitotic spindle microtubules (MTs). At anaphase, localizes in the mitotic spindle midzone. Localizes in spindle MTs proximal to spindle poles in a TPX2- and AURKA-dependent manner. The Ser-58 phosphorylated form localizes to centrosomes during prophase and metaphase, to mitotic spindles in anaphase and to the midbody during cytokinesis (By similarity). Colocalizes with SMARCA4 in the nucleus (PubMed:22162999). Colocalizes with CBX5 in the nucleus. Colocalizes with NR3C1 in nuclear speckles. Localized in cytoplasmic ribonucleoprotein (RNP) granules containing untranslated mRNAs (By similarity). {ECO:0000250|UniProtKB:Q00839, ECO:0000269|PubMed:20833368, ECO:0000269|PubMed:22162999}.",NA,NA,Acetylation;Activator;ADP-ribosylation;Alternative splicing;ATP-binding;Biological rhythms;Cell cycle;Cell division;Centromere;Chromatin regulator;Chromosome;Citrullination;Coiled coil;Cytoplasm;Cytoskeleton;Developmental protein;Differentiation;DNA-binding;Isopeptide bond;Kinetochore;Methylation;Mitosis;mRNA processing;mRNA splicing;Nucleotide-binding;Nucleus;Phosphoprotein;Reference proteome;Repressor;Ribonucleoprotein;RNA-binding;Spliceosome;Transcription;Transcription regulation;Ubl conjugation,Evidence at protein level,800
Q8VHE0,Sec63,SUBCELLULAR LOCATION: Endoplasmic reticulum membrane; Multi-pass membrane protein.,NA,NA,Chaperone;Coiled coil;Endoplasmic reticulum;Membrane;Phosphoprotein;Protein transport;Reference proteome;Repeat;Transmembrane;Transmembrane helix;Transport,Evidence at protein level,760
Q8VHX6,Flnc,"SUBCELLULAR LOCATION: Cytoplasm {ECO:0000250}. Membrane {ECO:0000250}; Peripheral membrane protein {ECO:0000250}. Cytoplasm, cytoskeleton {ECO:0000250}. Cytoplasm, myofibril, sarcomere, Z line {ECO:0000250}. Note=A small amount localizes at membranes. In striated muscle cells, it predominantly localizes in myofibrillar Z lines, while a minor fraction localizes with subsarcolemme (By similarity). Targeting to developing and mature Z lines is mediated by the intradomain insert (By similarity). {ECO:0000250}.",NA,NA,Actin-binding;Alternative splicing;Cytoplasm;Cytoskeleton;Membrane;Methylation;Phosphoprotein;Reference proteome;Repeat;Ubl conjugation,Evidence at protein level,2726
Q8VIJ6,Sfpq,SUBCELLULAR LOCATION: Nucleus speckle {ECO:0000250|UniProtKB:P23246}. Nucleus matrix {ECO:0000269|PubMed:21680841}. Cytoplasm {ECO:0000250|UniProtKB:P23246}. Note=Predominantly in nuclear matrix. {ECO:0000250|UniProtKB:P23246}.,NA,NA,Acetylation;Activator;Biological rhythms;Coiled coil;Cytoplasm;Direct protein sequencing;DNA damage;DNA repair;DNA-binding;Immunity;Innate immunity;Isopeptide bond;Methylation;mRNA processing;mRNA splicing;Nucleus;Phosphoprotein;Reference proteome;Repeat;Repressor;RNA-binding;Transcription;Transcription regulation;Ubl conjugation,Evidence at protein level,699
Q91V01,Lpcat3,SUBCELLULAR LOCATION: Endoplasmic reticulum membrane {ECO:0000269|PubMed:18287005}; Multi-pass membrane protein {ECO:0000255}.,NA,NA,Acetylation;Acyltransferase;Endoplasmic reticulum;Glycoprotein;Lipid biosynthesis;Lipid metabolism;Membrane;Phospholipid biosynthesis;Phospholipid metabolism;Reference proteome;Transferase;Transmembrane;Transmembrane helix,Evidence at protein level,487
Q91V41,Rab14,"SUBCELLULAR LOCATION: Recycling endosome {ECO:0000250|UniProtKB:P61106}. Early endosome membrane {ECO:0000250|UniProtKB:P61106}; Lipid-anchor {ECO:0000250|UniProtKB:P61106}; Cytoplasmic side {ECO:0000250|UniProtKB:P61106}. Golgi apparatus membrane {ECO:0000250|UniProtKB:P61106}; Lipid-anchor {ECO:0000250|UniProtKB:P61106}; Cytoplasmic side {ECO:0000250|UniProtKB:P61106}. Golgi apparatus, trans-Golgi network membrane {ECO:0000250|UniProtKB:P61106}; Lipid-anchor {ECO:0000250|UniProtKB:P61106}; Cytoplasmic side {ECO:0000250|UniProtKB:P61106}. Cytoplasmic vesicle, phagosome {ECO:0000250|UniProtKB:P61106}. Note=Recruited to recycling endosomes by DENND6A. {ECO:0000250|UniProtKB:P61106}.",NA,NA,Acetylation;Cytoplasmic vesicle;Direct protein sequencing;Endosome;Golgi apparatus;GTP-binding;Hydrolase;Lipoprotein;Magnesium;Membrane;Metal-binding;Methylation;Nucleotide-binding;Prenylation;Protein transport;Reference proteome;Transport,Evidence at protein level,215
Q91V79,Fitm1,"SUBCELLULAR LOCATION: Endoplasmic reticulum membrane {ECO:0000255|HAMAP-Rule:MF_03229, ECO:0000269|PubMed:18160536, ECO:0000269|PubMed:22106267}; Multi-pass membrane protein {ECO:0000255|HAMAP-Rule:MF_03229}.",NA,NA,Endoplasmic reticulum;Lipid metabolism;Membrane;Reference proteome;Transmembrane;Transmembrane helix,Evidence at protein level,292
Q91VC3,Eif4a3,SUBCELLULAR LOCATION: Nucleus {ECO:0000250|UniProtKB:Q3B8Q2}. Nucleus speckle {ECO:0000250|UniProtKB:P38919}. Cytoplasm {ECO:0000250|UniProtKB:Q3B8Q2}. Note=Nucleocytoplasmic shuttling protein. Travels to the cytoplasm as part of the exon junction complex (EJC) bound to mRNA. Detected in dendritic layer as well as the nuclear and cytoplasmic (somatic) compartments of neurons. Colocalizes with STAU1 and FMR1 in dendrites. {ECO:0000250|UniProtKB:Q3B8Q2}.,NA,NA,Acetylation;ATP-binding;Cytoplasm;Helicase;Hydrolase;Isopeptide bond;mRNA processing;mRNA splicing;mRNA transport;Nonsense-mediated mRNA decay;Nucleotide-binding;Nucleus;Phosphoprotein;Reference proteome;RNA-binding;rRNA processing;Spliceosome;Translation regulation;Transport;Ubl conjugation,Evidence at protein level,411
Q91VC9,Ghitm,SUBCELLULAR LOCATION: Mitochondrion inner membrane {ECO:0000250|UniProtKB:Q9H3K2}; Multi-pass membrane protein {ECO:0000255}.,"TRANSIT 1..45; /note=""Mitochondrion""; /evidence=""ECO:0000305""",NA,Apoptosis;Membrane;Mitochondrion;Mitochondrion inner membrane;Reference proteome;Transit peptide;Transmembrane;Transmembrane helix,Evidence at protein level,346
Q91VD9,Ndufs1,SUBCELLULAR LOCATION: Mitochondrion inner membrane {ECO:0000269|PubMed:38575788}; Peripheral membrane protein {ECO:0000269|PubMed:38575788}; Matrix side {ECO:0000269|PubMed:38575788}.,"TRANSIT 1..23; /note=""Mitochondrion""; /evidence=""ECO:0000250|UniProtKB:P15690""",NA,2Fe-2S;3D-structure;4Fe-4S;Acetylation;Direct protein sequencing;Electron transport;Iron;Iron-sulfur;Membrane;Metal-binding;Mitochondrion;Mitochondrion inner membrane;NAD;Oxidoreductase;Phosphoprotein;Reference proteome;Respiratory chain;Transit peptide;Translocase;Transport;Ubiquinone,Evidence at protein level,727
Q91VJ2,Cavin3,"SUBCELLULAR LOCATION: Cytoplasm {ECO:0000269|PubMed:23079727}. Cytoplasm, cytosol {ECO:0000269|PubMed:19546242}. Membrane, caveola {ECO:0000269|PubMed:19546242, ECO:0000269|PubMed:25588833}. Note=Localizes in the caveolae in a caveolin-dependent manner. {ECO:0000269|PubMed:19546242, ECO:0000269|PubMed:25588833}.",NA,NA,Biological rhythms;Cytoplasm;Isopeptide bond;Membrane;Phosphoprotein;Reference proteome;Tumor suppressor;Ubl conjugation,Evidence at protein level,260
Q91VT4,Cbr4,SUBCELLULAR LOCATION: Mitochondrion matrix {ECO:0000250|UniProtKB:Q8N4T8}.,NA,NA,Acetylation;Fatty acid biosynthesis;Fatty acid metabolism;Lipid biosynthesis;Lipid metabolism;Mitochondrion;NAD;NADP;Oxidoreductase;Reference proteome,Evidence at protein level,236
Q91VU0,Fam3c,SUBCELLULAR LOCATION: Secreted {ECO:0000269|PubMed:20059962}. Cytoplasmic vesicle {ECO:0000250}.,NA,"SIGNAL 1..24; /evidence=""ECO:0000255""",3D-structure;Cytoplasmic vesicle;Developmental protein;Direct protein sequencing;Disulfide bond;Lectin;Oncogene;Reference proteome;Secreted;Signal,Evidence at protein level,227
Q91W90,Txndc5,"SUBCELLULAR LOCATION: Endoplasmic reticulum lumen {ECO:0000255|PROSITE-ProRule:PRU10138, ECO:0000269|PubMed:12930873}.",NA,"SIGNAL 1..33; /evidence=""ECO:0000255""",Direct protein sequencing;Disulfide bond;Endoplasmic reticulum;Isomerase;Oxidoreductase;Redox-active center;Reference proteome;Repeat;Signal,Evidence at protein level,417
Q91WB2,Plpp7,SUBCELLULAR LOCATION: Nucleus envelope. Endoplasmic reticulum membrane. Membrane; Multi-pass membrane protein. Note=Both the N- and C-terminal are exposed to the cytoplasm/nucleoplasm.,NA,NA,Endoplasmic reticulum;Membrane;Nucleus;Phosphoprotein;Reference proteome;Transmembrane;Transmembrane helix,Evidence at protein level,271
Q91WC3,Acsl6,SUBCELLULAR LOCATION: Mitochondrion outer membrane {ECO:0000250}; Single-pass type III membrane protein {ECO:0000250}. Peroxisome membrane {ECO:0000250}; Single-pass type III membrane protein {ECO:0000250}. Microsome membrane {ECO:0000250}; Single-pass type III membrane protein {ECO:0000250}. Endoplasmic reticulum membrane {ECO:0000250|UniProtKB:Q9UKU0}; Single-pass type III membrane protein {ECO:0000250}.,NA,NA,Alternative splicing;ATP-binding;Endoplasmic reticulum;Fatty acid metabolism;Ligase;Lipid metabolism;Magnesium;Membrane;Microsome;Mitochondrion;Mitochondrion outer membrane;Nucleotide-binding;Peroxisome;Reference proteome;Signal-anchor;Transmembrane;Transmembrane helix,Evidence at protein level,697
Q91WD5,Ndufs2,SUBCELLULAR LOCATION: Mitochondrion inner membrane {ECO:0000269|PubMed:38575788}; Peripheral membrane protein {ECO:0000269|PubMed:38575788}; Matrix side {ECO:0000269|PubMed:38575788}.,"TRANSIT 1..33; /note=""Mitochondrion""; /evidence=""ECO:0000255""",NA,3D-structure;4Fe-4S;Acetylation;Direct protein sequencing;Electron transport;Iron;Iron-sulfur;Membrane;Metal-binding;Methylation;Mitochondrion;Mitochondrion inner membrane;NAD;Oxidoreductase;Reference proteome;Respiratory chain;Transit peptide;Translocase;Transport;Ubiquinone,Evidence at protein level,463
Q8VDC1,Fyco1,"SUBCELLULAR LOCATION: Cytoplasmic vesicle, autophagosome {ECO:0000250}. Endosome {ECO:0000250}. Lysosome {ECO:0000250}. Note=Localizes to the external but not to the internal membrane of autophagosomes, and upon autophagosome/late endosome/lysosome fusion, it stays on the external surface of autolysosomes. {ECO:0000250}.",NA,NA,3D-structure;Acetylation;Coiled coil;Cytoplasmic vesicle;Endosome;Lysosome;Metal-binding;Phosphoprotein;Reference proteome;Zinc;Zinc-finger,Evidence at protein level,1437
Q8VDI7,Ubac1,SUBCELLULAR LOCATION: Cytoplasm {ECO:0000250|UniProtKB:Q9BSL1}.,NA,NA,Acetylation;Cytoplasm;Reference proteome;Repeat;Ubl conjugation pathway,Evidence at protein level,409
Q8VDI9,Alg9,SUBCELLULAR LOCATION: Endoplasmic reticulum membrane {ECO:0000250|UniProtKB:Q9H6U8}; Multi-pass membrane protein {ECO:0000250|UniProtKB:P53868}.,NA,NA,Endoplasmic reticulum;Glycoprotein;Glycosyltransferase;Membrane;Reference proteome;Transferase;Transmembrane;Transmembrane helix,Evidence at transcript level,611
Q8VDP6,Cdipt,SUBCELLULAR LOCATION: Endoplasmic reticulum membrane {ECO:0000250|UniProtKB:O14735}; Multi-pass membrane protein {ECO:0000255}. Cell membrane {ECO:0000250|UniProtKB:O14735}; Multi-pass membrane protein {ECO:0000255}.,NA,NA,Cell membrane;Direct protein sequencing;Endoplasmic reticulum;Lipid biosynthesis;Lipid metabolism;Magnesium;Manganese;Membrane;Metal-binding;Phospholipid biosynthesis;Phospholipid metabolism;Reference proteome;Transferase;Transmembrane;Transmembrane helix,Evidence at protein level,213
Q8VEH3,Arl8a,"SUBCELLULAR LOCATION: Late endosome membrane {ECO:0000250|UniProtKB:Q9NVJ2}. Lysosome membrane {ECO:0000250|UniProtKB:Q9CQW2}. Cytoplasm, cytoskeleton, spindle {ECO:0000250|UniProtKB:Q9NVJ2}. Cell projection, axon {ECO:0000250|UniProtKB:Q9CQW2}. Synapse {ECO:0000250|UniProtKB:Q9CQW2}. Note=Localizes with microtubules at the spindle mid-zone during mitosis. {ECO:0000250|UniProtKB:Q9NVJ2}.",NA,NA,Cell cycle;Cell division;Cell projection;Chromosome partition;Cytoplasm;Cytoskeleton;Endosome;GTP-binding;Lysosome;Membrane;Mitosis;Nucleotide-binding;Protein transport;Reference proteome;Synapse;Transport,Evidence at protein level,186
Q8VEL0,Mospd1,SUBCELLULAR LOCATION: Endoplasmic reticulum membrane {ECO:0000305|PubMed:21792907}; Multi-pass membrane protein {ECO:0000255}. Golgi apparatus membrane {ECO:0000305|PubMed:21792907}; Multi-pass membrane protein {ECO:0000255}.,NA,NA,Alternative splicing;Differentiation;Endoplasmic reticulum;Golgi apparatus;Membrane;Reference proteome;Transmembrane;Transmembrane helix,Evidence at protein level,213
Q8VIB3,St3gal6,SUBCELLULAR LOCATION: Golgi apparatus membrane {ECO:0000305}; Single-pass type II membrane protein {ECO:0000305}.,NA,NA,Glycoprotein;Glycosyltransferase;Golgi apparatus;Membrane;Reference proteome;Signal-anchor;Transferase;Transmembrane;Transmembrane helix,Evidence at transcript level,329
Q91VA6,Poldip2,SUBCELLULAR LOCATION: Mitochondrion matrix {ECO:0000250|UniProtKB:Q9Y2S7}. Nucleus {ECO:0000250|UniProtKB:Q9Y2S7}. Note=Mainly localizes to the mitochondrial matrix; a small fraction localizes in the nucleus. {ECO:0000250|UniProtKB:Q9Y2S7}.,"TRANSIT 1..21; /note=""Mitochondrion""; /evidence=""ECO:0000255""",NA,DNA damage;DNA repair;Mitochondrion;Nucleus;Phosphoprotein;Reference proteome;Transit peptide,Evidence at protein level,368
Q91VI7,Rnh1,SUBCELLULAR LOCATION: Cytoplasm {ECO:0000250|UniProtKB:P13489}. Nucleus {ECO:0000250|UniProtKB:P13489}. Note=Localizes in the cytoplasm in absence of stress; translocates to the nucleus in response to stress. {ECO:0000250|UniProtKB:P13489}.,NA,NA,3D-structure;Acetylation;Cytoplasm;Leucine-rich repeat;Nucleus;Phosphoprotein;Reference proteome;Repeat,Evidence at protein level,456
Q91VM9,Ppa2,SUBCELLULAR LOCATION: Mitochondrion {ECO:0000250|UniProtKB:Q9H2U2}.,"TRANSIT 1..27; /note=""Mitochondrion""; /evidence=""ECO:0000250""",NA,Acetylation;Alternative splicing;Hydrolase;Magnesium;Metal-binding;Mitochondrion;Reference proteome;Transit peptide,Evidence at protein level,330
Q91VN4,Chchd6,SUBCELLULAR LOCATION: Mitochondrion inner membrane {ECO:0000250|UniProtKB:Q9BRQ6}; Lipid-anchor {ECO:0000250|UniProtKB:Q9BRQ6}. Mitochondrion {ECO:0000250|UniProtKB:Q9BRQ6}.,NA,NA,Coiled coil;Disulfide bond;Lipoprotein;Membrane;Mitochondrion;Mitochondrion inner membrane;Myristate;Phosphoprotein;Reference proteome,Evidence at protein level,273
Q91W18,Tdrd3,SUBCELLULAR LOCATION: Cytoplasm {ECO:0000250|UniProtKB:Q9H7E2}. Nucleus {ECO:0000250|UniProtKB:Q9H7E2}. Note=Predominantly cytoplasmic. Associated with actively translating polyribosomes. Component of stress granules. {ECO:0000250|UniProtKB:Q9H7E2}.,NA,NA,3D-structure;Alternative splicing;Chromatin regulator;Cytoplasm;Isopeptide bond;Nucleus;Phosphoprotein;Reference proteome;Ubl conjugation,Evidence at protein level,743
Q8VDJ3,Hdlbp,SUBCELLULAR LOCATION: Cytoplasm {ECO:0000250}. Nucleus {ECO:0000250}.,NA,NA,Acetylation;Cholesterol metabolism;Cytoplasm;HDL;Lipid metabolism;Lipid transport;Nucleus;Phosphoprotein;Reference proteome;Repeat;RNA-binding;Steroid metabolism;Sterol metabolism;Transport,Evidence at protein level,1268
Q8VE22,Mrps23,SUBCELLULAR LOCATION: Mitochondrion {ECO:0000250|UniProtKB:Q2NL27}.,NA,NA,3D-structure;Acetylation;Mitochondrion;Reference proteome;Ribonucleoprotein;Ribosomal protein,Evidence at protein level,177
Q8VHW3,Cacng6,SUBCELLULAR LOCATION: Cell membrane {ECO:0000250|UniProtKB:Q9BXT2}; Multi-pass membrane protein {ECO:0000250|UniProtKB:Q9BXT2}.,NA,NA,Calcium;Calcium channel;Calcium transport;Cell membrane;Ion channel;Ion transport;Membrane;Reference proteome;Transmembrane;Transmembrane helix;Transport;Voltage-gated channel,Evidence at protein level,260
Q91V61,Sfxn3,SUBCELLULAR LOCATION: Mitochondrion membrane {ECO:0000250|UniProtKB:Q9BWM7}; Multi-pass membrane protein {ECO:0000255}.,NA,NA,Acetylation;Alternative splicing;Amino-acid transport;Direct protein sequencing;Membrane;Mitochondrion;One-carbon metabolism;Reference proteome;Transmembrane;Transmembrane helix;Transport,Evidence at protein level,321
Q91VW3,Sh3bgrl3,"SUBCELLULAR LOCATION: Cytoplasm, cytosol {ECO:0000250|UniProtKB:Q9H299}. Cell projection, ruffle membrane {ECO:0000250|UniProtKB:Q9H299}. Nucleus {ECO:0000250|UniProtKB:Q9H299}.",NA,NA,3D-structure;Acetylation;Cell membrane;Cell projection;Cytoplasm;Direct protein sequencing;Glycoprotein;Membrane;Nucleus;Reference proteome,Evidence at protein level,93
Q91VX2,Ubap2,SUBCELLULAR LOCATION: Nucleus {ECO:0000250|UniProtKB:Q5T6F2}. Chromosome {ECO:0000250|UniProtKB:Q5T6F2}. Cytoplasm {ECO:0000250|UniProtKB:Q5T6F2}. Note=Associates with nuclear chromatin. {ECO:0000250|UniProtKB:Q5T6F2}.,NA,NA,Chromosome;Cytoplasm;Methylation;Nucleus;Phosphoprotein;Reference proteome,Evidence at protein level,1132
Q8VDT9,Mrpl50,SUBCELLULAR LOCATION: Mitochondrion {ECO:0000250|UniProtKB:Q8N5N7}.,NA,NA,3D-structure;Mitochondrion;Reference proteome;Ribonucleoprotein;Ribosomal protein,Evidence at protein level,159
Q91VA7,Idh3b,"SUBCELLULAR LOCATION: Mitochondrion {ECO:0000256|ARBA:ARBA00004173, ECO:0000256|RuleBase:RU361266}.",NA,NA,Mitochondrion;Transit peptide;Tricarboxylic acid cycle,Evidence at protein level,384
Q91VK1,Bzw2,SUBCELLULAR LOCATION: Cytoplasm {ECO:0000250|UniProtKB:Q9Y6E2}.,NA,NA,Acetylation;Cytoplasm;Phosphoprotein;Reference proteome;Translation regulation,Evidence at protein level,419
Q91W52,Tmem19,SUBCELLULAR LOCATION: Membrane {ECO:0000305}; Multi-pass membrane protein {ECO:0000305}.,NA,NA,Alternative splicing;Membrane;Reference proteome;Transmembrane;Transmembrane helix,Evidence at protein level,336
Q8VE95,NA,NA,NA,NA,Reference proteome,Evidence at protein level,218
Q91WQ3,Yars1,SUBCELLULAR LOCATION: Cytoplasm {ECO:0000250|UniProtKB:P54577}. Nucleus {ECO:0000250|UniProtKB:P54577}. Note=Cytoplasmic in normal conditions. Resveratrol-binding in response to serum starvation promotes relocalization to the nucleus. {ECO:0000250|UniProtKB:P54577}.,NA,NA,Acetylation;Aminoacyl-tRNA synthetase;ATP-binding;Cytoplasm;Ligase;Nucleotide-binding;Nucleus;Phosphoprotein;Protein biosynthesis;Reference proteome;RNA-binding;tRNA-binding,Evidence at protein level,528
Q91WS0,Cisd1,SUBCELLULAR LOCATION: Mitochondrion outer membrane {ECO:0000269|PubMed:17376863}; Single-pass type III membrane protein {ECO:0000269|PubMed:17376863}.,NA,NA,2Fe-2S;Acetylation;Direct protein sequencing;Iron;Iron-sulfur;Isopeptide bond;Membrane;Metal-binding;Mitochondrion;Mitochondrion outer membrane;Reference proteome;Schiff base;Signal-anchor;Transferase;Transmembrane;Transmembrane helix;Ubl conjugation,Evidence at protein level,108
Q91X72,Hpx,SUBCELLULAR LOCATION: Secreted.,NA,"SIGNAL 1..23; /evidence=""ECO:0000255""",Disulfide bond;Glycoprotein;Heme;Iron;Metal-binding;Reference proteome;Repeat;Secreted;Signal;Transport,Evidence at protein level,460
Q91XD7,Creld1,SUBCELLULAR LOCATION: Membrane {ECO:0000305}; Multi-pass membrane protein {ECO:0000305}.,NA,"SIGNAL 1..29; /evidence=""ECO:0000255""",Calcium;Disulfide bond;EGF-like domain;Glycoprotein;Isomerase;Membrane;Redox-active center;Reference proteome;Repeat;Signal;Transmembrane;Transmembrane helix,Evidence at protein level,420
Q91YE8,Synpo2,"SUBCELLULAR LOCATION: Nucleus {ECO:0000269|PubMed:11673475, ECO:0000269|PubMed:16309678, ECO:0000269|PubMed:17923693}. Cytoplasm {ECO:0000269|PubMed:11673475, ECO:0000269|PubMed:17923693}. Cytoplasm, myofibril, sarcomere, Z line {ECO:0000269|PubMed:11673475}. Cell junction, focal adhesion {ECO:0000250|UniProtKB:Q9UMS6}. Note=Shuttles between the nucleus and the cytoplasm in a differentiation-dependent and stress-induced fashion. In undifferentiated myoblasts strongly expressed in the nucleus, after induction of myotube differentiation is located to both nucleus and cytoplasm along acting filaments, and in differentiated myotubes is located at the Z lines. Upon stress redistributes from cytoplasm of myoblasts and myotubes to the nucleus. Nuclear import is KPNA2-dependent and promoted by phosphorylation by PKA and/or CaMK2, and inhibition of calcineurin. The nuclear export is XPO1-dependent (PubMed:11673475, PubMed:15883195, PubMed:17923693). {ECO:0000250|UniProtKB:Q9UMS6, ECO:0000269|PubMed:11673475, ECO:0000269|PubMed:17923693}.",NA,NA,Actin-binding;Alternative splicing;Cell junction;Cytoplasm;Muscle protein;Nucleus;Phosphoprotein;Reference proteome;Tumor suppressor,Evidence at protein level,1087
Q91YH5,Atl3,"SUBCELLULAR LOCATION: Endoplasmic reticulum membrane {ECO:0000269|PubMed:32075961}; Multi-pass membrane protein {ECO:0000250|UniProtKB:Q6DD88}. Note=Localizes to endoplasmic reticulum tubules and accumulates in punctuate structures corresponding to 3-way junctions, which represent crossing-points at which the tubules build a polygonal network. {ECO:0000250|UniProtKB:Q6DD88}.",NA,NA,Acetylation;Alternative splicing;Endoplasmic reticulum;GTP-binding;Hydrolase;Magnesium;Membrane;Metal-binding;Nucleotide-binding;Reference proteome;Transmembrane;Transmembrane helix,Evidence at protein level,541
Q91YN9,Bag2,NA,NA,NA,3D-structure;Acetylation;Chaperone;Coiled coil;Phosphoprotein;Reference proteome,Evidence at protein level,210
Q91YQ5,Rpn1,SUBCELLULAR LOCATION: Endoplasmic reticulum membrane {ECO:0000250|UniProtKB:E2RQ08}; Single-pass type I membrane protein {ECO:0000250|UniProtKB:E2RQ08}.,NA,"SIGNAL 1..25; /evidence=""ECO:0000250""",Acetylation;Endoplasmic reticulum;Glycoprotein;Isopeptide bond;Membrane;Reference proteome;Signal;Transmembrane;Transmembrane helix;Ubl conjugation,Evidence at protein level,608
Q91YT0,Ndufv1,SUBCELLULAR LOCATION: Mitochondrion inner membrane {ECO:0000269|PubMed:38575788}; Peripheral membrane protein {ECO:0000269|PubMed:38575788}; Matrix side {ECO:0000269|PubMed:38575788}.,"TRANSIT 1..20; /note=""Mitochondrion""; /evidence=""ECO:0000269|PubMed:10870971""",NA,3D-structure;4Fe-4S;Acetylation;Direct protein sequencing;Electron transport;Flavoprotein;FMN;Iron;Iron-sulfur;Membrane;Metal-binding;Methylation;Mitochondrion;Mitochondrion inner membrane;NAD;Oxidoreductase;Reference proteome;Respiratory chain;Transit peptide;Translocase;Transport;Ubiquinone,Evidence at protein level,464
Q91YT2,Rnf185,SUBCELLULAR LOCATION: Mitochondrion outer membrane {ECO:0000250|UniProtKB:Q96GF1}; Multi-pass membrane protein {ECO:0000250|UniProtKB:Q96GF1}. Endoplasmic reticulum membrane {ECO:0000250|UniProtKB:Q96GF1}; Multi-pass membrane protein {ECO:0000250|UniProtKB:Q96GF1}.,NA,NA,Alternative splicing;Autophagy;Endoplasmic reticulum;Immunity;Innate immunity;Membrane;Metal-binding;Mitochondrion;Mitochondrion outer membrane;Reference proteome;Transferase;Transmembrane;Transmembrane helix;Ubl conjugation pathway;Zinc;Zinc-finger,Evidence at transcript level,192
Q91YW3,Dnajc3,SUBCELLULAR LOCATION: Endoplasmic reticulum {ECO:0000269|PubMed:12446838}.,NA,"SIGNAL 1..31; /evidence=""ECO:0000255""",3D-structure;Chaperone;Disulfide bond;Endoplasmic reticulum;Phosphoprotein;Reference proteome;Repeat;Repressor;Signal;Stress response;TPR repeat;Translation regulation;Unfolded protein response,Evidence at protein level,504
Q91Z83,Myh7,"SUBCELLULAR LOCATION: Cytoplasm, myofibril {ECO:0000269|PubMed:28752107}. Cytoplasm, myofibril, sarcomere {ECO:0000250|UniProtKB:P02564}. Note=Thick filaments of the myofibrils. {ECO:0000250|UniProtKB:P02564}.",NA,NA,3D-structure;Actin-binding;ATP-binding;Calmodulin-binding;Coiled coil;Cytoplasm;Methylation;Motor protein;Muscle protein;Myosin;Nucleotide-binding;Phosphoprotein;Reference proteome;Thick filament,Evidence at protein level,1935
Q91ZA3,Pcca,SUBCELLULAR LOCATION: Mitochondrion matrix {ECO:0000250|UniProtKB:P05165}.,"TRANSIT 1..48; /note=""Mitochondrion""; /evidence=""ECO:0000250""",NA,Acetylation;ATP-binding;Biotin;Ligase;Lipid degradation;Lipid metabolism;Magnesium;Manganese;Metal-binding;Mitochondrion;Nucleotide-binding;Phosphoprotein;Reference proteome;Transit peptide,Evidence at protein level,724
Q91ZJ5,Ugp2,SUBCELLULAR LOCATION: Cytoplasm {ECO:0000250|UniProtKB:Q16851}.,NA,NA,Acetylation;Alternative splicing;Cytoplasm;Magnesium;Metal-binding;Nucleotidyltransferase;Phosphoprotein;Reference proteome;Transferase,Evidence at protein level,508
Q91ZV0,Mia2,"SUBCELLULAR LOCATION: Endoplasmic reticulum membrane {ECO:0000269|PubMed:21807889}; Single-pass membrane protein {ECO:0000305|PubMed:21807889}. Note=Localizes to endoplasmic reticulum exit sites (ERES), also known as transitional endoplasmic reticulum (tER). {ECO:0000269|PubMed:21807889}.",NA,"SIGNAL 1..22; /evidence=""ECO:0000255""",Alternative splicing;Coiled coil;Endoplasmic reticulum;Glycoprotein;Membrane;Reference proteome;SH3 domain;Signal;Transmembrane;Transmembrane helix,Evidence at protein level,1396
Q91ZX7,Lrp1,"SUBCELLULAR LOCATION: [Low-density lipoprotein receptor-related protein 1 85 kDa subunit]: Cell membrane {ECO:0000250|UniProtKB:Q07954}; Single-pass type I membrane protein {ECO:0000250|UniProtKB:Q07954}. Membrane, coated pit {ECO:0000250|UniProtKB:Q07954}.; SUBCELLULAR LOCATION: [Low-density lipoprotein receptor-related protein 1 515 kDa subunit]: Cell membrane {ECO:0000250|UniProtKB:Q07954}; Peripheral membrane protein {ECO:0000250|UniProtKB:Q07954}; Extracellular side {ECO:0000250|UniProtKB:Q07954}. Membrane, coated pit {ECO:0000250|UniProtKB:Q07954}.; SUBCELLULAR LOCATION: Golgi outpost {ECO:0000250|UniProtKB:G3V928}. Cytoplasm, cytoskeleton, microtubule organizing center {ECO:0000250|UniProtKB:G3V928}. Note=Localizes to the postsynaptic Golgi apparatus region, also named Golgi outpost, which shapes dendrite morphology by functioning as sites of acentrosomal microtubule nucleation. {ECO:0000250|UniProtKB:G3V928}.; SUBCELLULAR LOCATION: [Low-density lipoprotein receptor-related protein 1 intracellular domain]: Cytoplasm {ECO:0000250|UniProtKB:Q07954}. Nucleus {ECO:0000250|UniProtKB:Q07954}. Note=After cleavage, the intracellular domain (LRPICD) is detected both in the cytoplasm and in the nucleus. {ECO:0000250|UniProtKB:Q07954}.",NA,"SIGNAL 1..19; /evidence=""ECO:0000255""",Acetylation;Calcium;Cell membrane;Coated pit;Cytoplasm;Cytoskeleton;Developmental protein;Disulfide bond;EGF-like domain;Endocytosis;Glycoprotein;Golgi apparatus;Membrane;Metal-binding;Nucleus;Phosphoprotein;Receptor;Reference proteome;Repeat;Signal;Transmembrane;Transmembrane helix,Evidence at protein level,4545
Q920A7,Afg3l1,"SUBCELLULAR LOCATION: Mitochondrion inner membrane {ECO:0000269|PubMed:11549317, ECO:0000269|PubMed:19656850}; Multi-pass membrane protein {ECO:0000255}.","TRANSIT 1..70; /note=""Mitochondrion""; /evidence=""ECO:0000269|PubMed:19656850""",NA,Alternative splicing;ATP-binding;Direct protein sequencing;Hydrolase;Membrane;Metal-binding;Metalloprotease;Mitochondrion;Mitochondrion inner membrane;Nucleotide-binding;Protease;Reference proteome;Transit peptide;Transmembrane;Transmembrane helix;Zinc,Evidence at protein level,789
Q920Q4,Vps16,"SUBCELLULAR LOCATION: Late endosome membrane {ECO:0000250|UniProtKB:Q9H269}; Peripheral membrane protein {ECO:0000250|UniProtKB:Q9H269}; Cytoplasmic side {ECO:0000250|UniProtKB:Q9H269}. Lysosome membrane {ECO:0000250|UniProtKB:Q9H269}; Peripheral membrane protein {ECO:0000250|UniProtKB:Q9H269}; Cytoplasmic side {ECO:0000250|UniProtKB:Q9H269}. Early endosome {ECO:0000250|UniProtKB:Q9H269, ECO:0000269|PubMed:21411634}. Cytoplasmic vesicle, clathrin-coated vesicle {ECO:0000269|PubMed:21411634}. Cytoplasmic vesicle, autophagosome {ECO:0000250|UniProtKB:Q9H269}. Note=Colocalizes with AP-3, clathrin, Rab5 and Rab7b (PubMed:21411634). Cytoplasmic, peripheral membrane protein associated with early endosomes and late endosomes/lysosomes. {ECO:0000250|UniProtKB:Q9H269, ECO:0000269|PubMed:21411634}.",NA,NA,Alternative splicing;Autophagy;Cytoplasmic vesicle;Endosome;Lysosome;Membrane;Nitration;Protein transport;Reference proteome;Transport,Evidence at protein level,839
Q921F2,Tardbp,"SUBCELLULAR LOCATION: Nucleus {ECO:0000250|UniProtKB:Q13148}. Cytoplasm {ECO:0000269|PubMed:30464263}. Cytoplasm, Stress granule {ECO:0000250|UniProtKB:Q13148}. Mitochondrion {ECO:0000250|UniProtKB:Q13148}. Note=Continuously travels in and out of the nucleus. Localizes to stress granules in response to oxidative stress. A small subset localizes in mitochondria. {ECO:0000250|UniProtKB:Q13148}.",NA,NA,3D-structure;Biological rhythms;Cytoplasm;Direct protein sequencing;DNA-binding;Isopeptide bond;Methylation;Mitochondrion;mRNA processing;mRNA splicing;Nucleus;Phosphoprotein;Reference proteome;Repeat;Repressor;RNA-binding;Transcription;Transcription regulation;Ubl conjugation,Evidence at protein level,414
Q921G7,Etfdh,SUBCELLULAR LOCATION: Mitochondrion inner membrane {ECO:0000250|UniProtKB:Q16134}.,"TRANSIT 1..32; /note=""Mitochondrion""; /evidence=""ECO:0000255""",NA,4Fe-4S;Acetylation;Direct protein sequencing;Electron transport;FAD;Flavoprotein;Iron;Iron-sulfur;Lipid degradation;Lipid metabolism;Membrane;Metal-binding;Mitochondrion;Mitochondrion inner membrane;Oxidoreductase;Phosphoprotein;Reference proteome;Transit peptide;Transport;Ubiquinone,Evidence at protein level,616
Q921H8,Acaa1a,SUBCELLULAR LOCATION: Peroxisome {ECO:0000250|UniProtKB:P09110}. Note=Transported into peroxisomes following association with PEX7. {ECO:0000250|UniProtKB:P09110}.,"TRANSIT 1..26; /note=""Peroxisome""; /evidence=""ECO:0000250|UniProtKB:P09110""",NA,Acetylation;Acyltransferase;Fatty acid metabolism;Lipid metabolism;Peroxisome;Reference proteome;Transferase;Transit peptide,Evidence at protein level,424
Q921I1,Tf,SUBCELLULAR LOCATION: Secreted.,NA,"SIGNAL 1..19; /evidence=""ECO:0000250""",Direct protein sequencing;Disulfide bond;Glycoprotein;Ion transport;Iron;Iron transport;Metal-binding;Methylation;Phosphoprotein;Reference proteome;Repeat;Secreted;Signal;Transport,Evidence at protein level,697
Q921J2,Rheb,"SUBCELLULAR LOCATION: Endomembrane system {ECO:0000269|PubMed:16631613}; Lipid-anchor {ECO:0000269|PubMed:16631613}; Cytoplasmic side {ECO:0000269|PubMed:16631613}. Lysosome membrane {ECO:0000269|PubMed:16631613}; Lipid-anchor {ECO:0000269|PubMed:16631613}; Cytoplasmic side {ECO:0000269|PubMed:16631613}. Golgi apparatus membrane {ECO:0000269|PubMed:16631613}; Lipid-anchor {ECO:0000269|PubMed:16631613}; Cytoplasmic side {ECO:0000269|PubMed:16631613}. Endoplasmic reticulum membrane {ECO:0000250|UniProtKB:Q15382}; Lipid-anchor {ECO:0000250|UniProtKB:Q15382}; Cytoplasmic side {ECO:0000250|UniProtKB:Q15382}. Cytoplasm, cytosol {ECO:0000250|UniProtKB:Q15382}. Note=Farnesylation is required for localization to endomembrane system. {ECO:0000269|PubMed:16631613}.",NA,NA,3D-structure;Cytoplasm;Endoplasmic reticulum;Golgi apparatus;GTP-binding;Hydrolase;Isopeptide bond;Lipoprotein;Lysosome;Magnesium;Membrane;Metal-binding;Methylation;Nucleotide-binding;Phosphoprotein;Prenylation;Reference proteome;Ubl conjugation,Evidence at protein level,184
Q921L3,Tmco1,SUBCELLULAR LOCATION: Endoplasmic reticulum membrane {ECO:0000250|UniProtKB:Q9UM00}; Multi-pass membrane protein {ECO:0000250|UniProtKB:Q9UM00}. Golgi apparatus membrane {ECO:0000250|UniProtKB:Q9UM00}; Multi-pass membrane protein {ECO:0000250|UniProtKB:Q9UM00}. Mitochondrion membrane {ECO:0000250|UniProtKB:C5HGF3}; Multi-pass membrane protein {ECO:0000250|UniProtKB:Q9UM00}. Note=The first transmembrane region is required for localization to the endoplasmic reticulum. {ECO:0000250|UniProtKB:Q9UM00}.,NA,NA,Calcium;Calcium channel;Calcium transport;Coiled coil;Endoplasmic reticulum;Golgi apparatus;Ion channel;Ion transport;Membrane;Mitochondrion;Phosphoprotein;Reference proteome;Transmembrane;Transmembrane helix;Transport,Evidence at protein level,188
Q921M4,Golga2,"SUBCELLULAR LOCATION: Golgi apparatus, cis-Golgi network membrane {ECO:0000250|UniProtKB:Q08379}; Peripheral membrane protein {ECO:0000250|UniProtKB:Q08379}; Cytoplasmic side {ECO:0000250|UniProtKB:Q08379}. Endoplasmic reticulum-Golgi intermediate compartment membrane {ECO:0000250|UniProtKB:Q08379}; Peripheral membrane protein {ECO:0000250|UniProtKB:Q08379}; Cytoplasmic side {ECO:0000250|UniProtKB:Q08379}. Cytoplasm, cytoskeleton, spindle pole {ECO:0000250|UniProtKB:Q08379}. Note=Associates with the mitotic spindle during mitosis. {ECO:0000250|UniProtKB:Q08379, ECO:0000250|UniProtKB:Q62839}.",NA,NA,Alternative splicing;Cell cycle;Cell division;Coiled coil;Cytoplasm;Cytoskeleton;Golgi apparatus;Membrane;Methylation;Microtubule;Mitosis;Phosphoprotein;Protein transport;Reference proteome;Transport,Evidence at protein level,999
Q921M7,Cyrib,SUBCELLULAR LOCATION: Membrane {ECO:0000250|UniProtKB:Q9NUQ9}; Lipid-anchor {ECO:0000250|UniProtKB:Q9NUQ9}. Mitochondrion {ECO:0000250|UniProtKB:Q9NUQ9}.,NA,NA,3D-structure;Isopeptide bond;Lipoprotein;Membrane;Mitochondrion;Myristate;Reference proteome;Ubl conjugation,Evidence at protein level,324
Q921T2,Tor1aip1,SUBCELLULAR LOCATION: Nucleus inner membrane {ECO:0000250}; Single-pass membrane protein {ECO:0000250}.,NA,NA,Alternative splicing;Coiled coil;Glycoprotein;Isopeptide bond;Membrane;Nucleus;Phosphoprotein;Reference proteome;Transmembrane;Transmembrane helix;Ubl conjugation,Evidence at protein level,595
Q922B1,Macrod1,"SUBCELLULAR LOCATION: Nucleus {ECO:0000250|UniProtKB:Q9BQ69}. Note=Recruited to DNA lesions, probably via mono-APD-ribosylated proteins. {ECO:0000250|UniProtKB:Q9BQ69}.",NA,NA,Acetylation;DNA damage;Hydrolase;Isopeptide bond;Nucleus;Reference proteome;Ubl conjugation,Evidence at protein level,323
Q922D8,Mthfd1,SUBCELLULAR LOCATION: Cytoplasm {ECO:0000305|PubMed:15611115}.,NA,NA,Acetylation;Amino-acid biosynthesis;ATP-binding;Cytoplasm;Direct protein sequencing;Histidine biosynthesis;Hydrolase;Ligase;Methionine biosynthesis;Multifunctional enzyme;NADP;Nucleotide-binding;One-carbon metabolism;Oxidoreductase;Phosphoprotein;Purine biosynthesis;Reference proteome,Evidence at protein level,935
Q922J3,Clip1,"SUBCELLULAR LOCATION: Cytoplasm {ECO:0000250|UniProtKB:P30622}. Cytoplasm, cytoskeleton {ECO:0000269|PubMed:16954346}. Cytoplasmic vesicle membrane {ECO:0000250|UniProtKB:P30622}; Peripheral membrane protein {ECO:0000250}; Cytoplasmic side {ECO:0000250}. Cell projection, ruffle {ECO:0000250|UniProtKB:P30622}. Note=Localizes to microtubule plus ends. Localizes preferentially to the ends of tyrosinated microtubules (PubMed:16954346). Accumulates in plasma membrane regions with ruffling and protrusions. Associates with the membranes of intermediate macropinocytic vesicles (By similarity). {ECO:0000250|UniProtKB:P30622, ECO:0000269|PubMed:16954346}.",NA,NA,3D-structure;Alternative splicing;Cell projection;Coiled coil;Cytoplasm;Cytoplasmic vesicle;Cytoskeleton;Membrane;Metal-binding;Microtubule;Phosphoprotein;Reference proteome;Repeat;Transport;Zinc;Zinc-finger,Evidence at protein level,1391
Q922J9,Far1,SUBCELLULAR LOCATION: Peroxisome membrane {ECO:0000269|PubMed:15220348}; Single-pass membrane protein {ECO:0000250|UniProtKB:Q8WVX9}.,NA,NA,Alternative splicing;Lipid biosynthesis;Lipid metabolism;Membrane;NADP;Oxidoreductase;Peroxisome;Reference proteome;Transmembrane;Transmembrane helix,Evidence at protein level,515
Q923B6,Steap4,"SUBCELLULAR LOCATION: Cell membrane {ECO:0000269|PubMed:11443137, ECO:0000269|PubMed:16609065}; Multi-pass membrane protein {ECO:0000250|UniProtKB:Q687X5}. Golgi apparatus membrane {ECO:0000305|PubMed:11443137}; Multi-pass membrane protein {ECO:0000250|UniProtKB:Q687X5}. Early endosome membrane {ECO:0000269|PubMed:16609065}; Multi-pass membrane protein {ECO:0000250|UniProtKB:Q687X5}.",NA,NA,Cell membrane;Copper;Endosome;FAD;Flavoprotein;Golgi apparatus;Heme;Ion transport;Iron;Iron transport;Membrane;Metal-binding;NADP;Oxidoreductase;Reference proteome;Transmembrane;Transmembrane helix;Transport,Evidence at protein level,470
Q923T9,Camk2g,SUBCELLULAR LOCATION: Sarcoplasmic reticulum membrane {ECO:0000305}; Peripheral membrane protein {ECO:0000305}; Cytoplasmic side {ECO:0000305}.,NA,NA,Alternative splicing;ATP-binding;Calmodulin-binding;Developmental protein;Differentiation;Kinase;Membrane;Neurogenesis;Nucleotide-binding;Phosphoprotein;Reference proteome;Sarcoplasmic reticulum;Serine/threonine-protein kinase;Transferase,Evidence at protein level,529
Q923X4,Glrx2,SUBCELLULAR LOCATION: [Isoform 1]: Mitochondrion.; SUBCELLULAR LOCATION: [Isoform 2]: Nucleus.,"TRANSIT 1..19; /note=""Mitochondrion""; /evidence=""ECO:0000255""",NA,2Fe-2S;Alternative splicing;Disulfide bond;Electron transport;Glutathionylation;Iron;Iron-sulfur;Metal-binding;Mitochondrion;Nucleus;Redox-active center;Reference proteome;Transit peptide;Transport,Evidence at protein level,156
Q924D0,Rtn4ip1,SUBCELLULAR LOCATION: Mitochondrion matrix {ECO:0000305|PubMed:12067236}. Mitochondrion outer membrane {ECO:0000250|UniProtKB:Q8WWV3}. Note=Mainly localizes to the mitochondrial matrix. Also colocalizes with the endoplasmic reticulum HSPA5 at spots corresponding to contacts with mitochondria. {ECO:0000250|UniProtKB:Q8WWV3}.,"TRANSIT 1..40; /note=""Mitochondrion""; /evidence=""ECO:0000255""",NA,Membrane;Mitochondrion;Mitochondrion outer membrane;NADP;Neurogenesis;Nucleotide-binding;Oxidoreductase;Reference proteome;Transit peptide;Ubiquinone biosynthesis,Evidence at protein level,396
Q924M7,Mpi,SUBCELLULAR LOCATION: Cytoplasm {ECO:0000269|PubMed:12122025}.,NA,NA,Acetylation;Cytoplasm;Isomerase;Metal-binding;Phosphoprotein;Reference proteome;Zinc,Evidence at protein level,423
Q91Z53,Grhpr,NA,NA,NA,Direct protein sequencing;NADP;Oxidoreductase;Phosphoprotein;Reference proteome,Evidence at protein level,328
Q922B2,Dars1,SUBCELLULAR LOCATION: Cytoplasm.,NA,NA,Acetylation;Aminoacyl-tRNA synthetase;ATP-binding;Cytoplasm;Ligase;Nucleotide-binding;Phosphoprotein;Protein biosynthesis;Reference proteome,Evidence at protein level,501
Q922Q1,Mtarc2,SUBCELLULAR LOCATION: Mitochondrion outer membrane {ECO:0000250|UniProtKB:P0C2C3}; Peripheral membrane protein {ECO:0000250|UniProtKB:P0C2C3}. Peroxisome {ECO:0000269|PubMed:17768142}.,"TRANSIT 1..35; /note=""Mitochondrion""; /evidence=""ECO:0000255""",NA,Acetylation;Isopeptide bond;Membrane;Mitochondrion;Mitochondrion outer membrane;Molybdenum;Oxidoreductase;Peroxisome;Reference proteome;Transit peptide;Ubl conjugation,Evidence at protein level,338
Q91WK5,Gcsh,SUBCELLULAR LOCATION: Mitochondrion {ECO:0000250|UniProtKB:P23434}.,"TRANSIT 1..45; /note=""Mitochondrion""; /evidence=""ECO:0000250""",NA,3D-structure;Lipoyl;Mitochondrion;Reference proteome;Transit peptide,Evidence at protein level,170
Q91XB7,Yif1a,SUBCELLULAR LOCATION: Endoplasmic reticulum membrane {ECO:0000250|UniProtKB:O95070}; Multi-pass membrane protein {ECO:0000255}. Golgi apparatus membrane {ECO:0000250|UniProtKB:O95070}; Multi-pass membrane protein {ECO:0000255}. Endoplasmic reticulum-Golgi intermediate compartment membrane {ECO:0000250|UniProtKB:O95070}; Multi-pass membrane protein {ECO:0000255}. Note=Cycles between the endoplasmic reticulum and the endoplasmic reticulum-Golgi intermediate compartment. {ECO:0000250|UniProtKB:O95070}.,NA,NA,Acetylation;Endoplasmic reticulum;ER-Golgi transport;Golgi apparatus;Membrane;Phosphoprotein;Protein transport;Reference proteome;Transmembrane;Transmembrane helix;Transport,Evidence at protein level,293
Q91YP0,L2hgdh,SUBCELLULAR LOCATION: Mitochondrion {ECO:0000250|UniProtKB:Q9H9P8}.,"TRANSIT 1..52; /note=""Mitochondrion""; /evidence=""ECO:0000255""",NA,Acetylation;FAD;Flavoprotein;Mitochondrion;Oxidoreductase;Reference proteome;Transit peptide,Evidence at protein level,464
Q91Z38,Ttc1,NA,NA,NA,Phosphoprotein;Reference proteome;Repeat;TPR repeat,Evidence at protein level,292
Q921H9,Coa7,SUBCELLULAR LOCATION: Mitochondrion intermembrane space {ECO:0000250|UniProtKB:Q96BR5}. Note=The import in the mitochondrion intermembrane space is mediated by CHCHD4/MIA40. {ECO:0000250|UniProtKB:Q96BR5}.,NA,NA,Acetylation;Mitochondrion;Reference proteome;Repeat,Evidence at protein level,231
Q921R8,Slc41a3,SUBCELLULAR LOCATION: Mitochondrion inner membrane {ECO:0000250|UniProtKB:Q96GZ6}; Multi-pass membrane protein {ECO:0000255}.,NA,NA,Alternative splicing;Ion transport;Magnesium;Membrane;Mitochondrion;Mitochondrion inner membrane;Reference proteome;Transmembrane;Transmembrane helix;Transport,Evidence at protein level,488
Q922Q8,Lrrc59,"SUBCELLULAR LOCATION: Microsome membrane {ECO:0000250}; Single-pass type II membrane protein {ECO:0000250}. Endoplasmic reticulum membrane {ECO:0000250}; Single-pass type II membrane protein {ECO:0000250}. Nucleus envelope {ECO:0000250}. Note=Localization in the nuclear envelope depends upon the nuclear import machinery, including KPNB1. {ECO:0000250}.",NA,NA,Acetylation;Coiled coil;Endoplasmic reticulum;Leucine-rich repeat;Membrane;Microsome;Nucleus;Phosphoprotein;Reference proteome;Repeat;Signal-anchor;Transmembrane;Transmembrane helix,Evidence at protein level,307
Q922Q9,Chid1,SUBCELLULAR LOCATION: Secreted. Lysosome {ECO:0000250}.,NA,"SIGNAL 1..19; /evidence=""ECO:0000255""",Alternative splicing;Immunity;Innate immunity;Lysosome;Reference proteome;Secreted;Signal,Evidence at protein level,393
Q91WK1,Spryd4,NA,NA,NA,Acetylation;Reference proteome,Evidence at protein level,207
Q91XE8,Tmem205,SUBCELLULAR LOCATION: Membrane {ECO:0000305}; Multi-pass membrane protein {ECO:0000305}.,NA,NA,Membrane;Reference proteome;Transmembrane;Transmembrane helix,Evidence at protein level,189
Q921S7,Mrpl37,SUBCELLULAR LOCATION: Mitochondrion {ECO:0000250|UniProtKB:Q9BZE1}.,"TRANSIT 1..29; /note=""Mitochondrion""; /evidence=""ECO:0000250""",NA,3D-structure;Mitochondrion;Reference proteome;Ribonucleoprotein;Ribosomal protein;Transit peptide,Evidence at protein level,423
Q925I1,Atad3a,"SUBCELLULAR LOCATION: Mitochondrion inner membrane {ECO:0000250|UniProtKB:Q9NVI7}; Single-pass membrane protein {ECO:0000250|UniProtKB:Q9NVI7}. Mitochondrion matrix, mitochondrion nucleoid {ECO:0000250|UniProtKB:Q9NVI7}. Note=In the mitochondrial inner membrane, enriched in sites with the potential to form contacts with the outer membrane. The N-terminal domain interacts with the inner surface of the mitochondrial outer membrane and the C-terminal domain localizes in a specific matrix compartment, where it is associated with nucleoids. Also present at mitochondria-endoplasmic reticulum contact sites; where it interacts with EIF2AK3/PERK. {ECO:0000250|UniProtKB:Q9NVI7}.",NA,NA,Acetylation;Alternative splicing;ATP-binding;Coiled coil;Direct protein sequencing;Hydrolase;Membrane;Mitochondrion;Mitochondrion inner membrane;Mitochondrion nucleoid;Nucleotide-binding;Reference proteome;Transmembrane;Transmembrane helix,Evidence at protein level,591
Q93092,Taldo1,SUBCELLULAR LOCATION: [Isoform 1]: Nucleus {ECO:0000269|PubMed:27703206}. Cytoplasm {ECO:0000269|PubMed:27703206}. Note=Shuttles between the nucleus and the cytoplasm. Actively transported into the nucleus in an importin alpha/beta-dependent manner (PubMed:27703206). Exported into the cytoplasm by CRM1 (PubMed:27703206). {ECO:0000269|PubMed:27703206}.; SUBCELLULAR LOCATION: [Isoform 2]: Cytoplasm {ECO:0000269|PubMed:27703206}. Note=Imported into the nucleus when incorporated in isoform 1/isoform 2 homodimer. {ECO:0000269|PubMed:27703206}.,NA,NA,3D-structure;Acetylation;Alternative initiation;Cytoplasm;Direct protein sequencing;Nucleus;Pentose shunt;Phosphoprotein;Reference proteome;Schiff base;Transferase,Evidence at protein level,337
Q99020,Hnrnpab,SUBCELLULAR LOCATION: Nucleus {ECO:0000305}. Cytoplasm {ECO:0000250}. Note=Localized in cytoplasmic mRNP granules containing untranslated mRNAs. {ECO:0000250}.,NA,NA,Acetylation;Cytoplasm;Direct protein sequencing;DNA-binding;Isopeptide bond;Methylation;Nucleus;Phosphoprotein;Reference proteome;Repeat;Repressor;RNA-binding;Transcription;Transcription regulation;Ubl conjugation,Evidence at protein level,285
Q99J39,Mlycd,SUBCELLULAR LOCATION: Cytoplasm {ECO:0000250|UniProtKB:O95822}. Mitochondrion matrix {ECO:0000269|PubMed:23746352}. Peroxisome {ECO:0000250|UniProtKB:O95822}. Peroxisome matrix {ECO:0000250|UniProtKB:Q920F5}. Note=Enzymatically active in all three subcellular compartments. {ECO:0000250|UniProtKB:Q920F5}.,"TRANSIT 1..38; /note=""Mitochondrion""; /evidence=""ECO:0000255""",NA,Acetylation;Alternative initiation;Cytoplasm;Decarboxylase;Disulfide bond;Fatty acid biosynthesis;Fatty acid metabolism;Lipid biosynthesis;Lipid metabolism;Lyase;Mitochondrion;Peroxisome;Reference proteome;Transit peptide,Evidence at protein level,492
Q99J47,Dhrs7b,"SUBCELLULAR LOCATION: Peroxisome membrane {ECO:0000269|PubMed:22863804, ECO:0000269|PubMed:28930673}; Single-pass type II membrane protein {ECO:0000255}. Endoplasmic reticulum membrane {ECO:0000250|UniProtKB:Q5RJY4}; Single-pass type II membrane protein {ECO:0000255}. Nucleus {ECO:0000269|PubMed:28930673}.",NA,NA,Alternative splicing;Endoplasmic reticulum;Membrane;NAD;NADP;Nucleus;Oxidoreductase;Peroxisome;Reference proteome;Signal-anchor;Transmembrane;Transmembrane helix,Evidence at protein level,323
Q99J56,Derl1,SUBCELLULAR LOCATION: Endoplasmic reticulum membrane {ECO:0000250|UniProtKB:Q9BUN8}; Multi-pass membrane protein {ECO:0000250|UniProtKB:Q9BUN8}.,NA,NA,Acetylation;Endoplasmic reticulum;Membrane;Phosphoprotein;Protein transport;Reference proteome;Transmembrane;Transmembrane helix;Transport,Evidence at protein level,251
Q99J99,Mpst,"SUBCELLULAR LOCATION: Cytoplasm {ECO:0000250|UniProtKB:P97532}. Mitochondrion {ECO:0000269|PubMed:18855522}. Synapse, synaptosome {ECO:0000269|PubMed:18855522}.",NA,NA,3D-structure;Acetylation;Cytoplasm;Direct protein sequencing;Disulfide bond;Mitochondrion;Phosphoprotein;Redox-active center;Reference proteome;Repeat;Synapse;Synaptosome;Transferase,Evidence at protein level,297
Q99JB2,Stoml2,"SUBCELLULAR LOCATION: Cell membrane {ECO:0000269|PubMed:22623988}; Peripheral membrane protein {ECO:0000250|UniProtKB:Q9UJZ1}. Mitochondrion {ECO:0000269|PubMed:22623988}. Mitochondrion inner membrane {ECO:0000250|UniProtKB:Q9UJZ1}; Lipid-anchor {ECO:0000250|UniProtKB:Q9UJZ1}. Mitochondrion intermembrane space {ECO:0000250|UniProtKB:Q9UJZ1}. Membrane raft {ECO:0000250|UniProtKB:Q9UJZ1}. Cytoplasm, cytoskeleton {ECO:0000250|UniProtKB:Q9UJZ1}. Note=Behaves as an integral membrane protein of the mitochondrion despite the absence of a detectable transmembrane domain. Also associates with the actin cytoskeleton and membrane rafts in activated T-cells. A minor pool is associated with the plasma membrane and is enriched at the immunological synapse in activated T-cells. {ECO:0000250|UniProtKB:Q9UJZ1}.","TRANSIT 1..28; /note=""Mitochondrion""; /evidence=""ECO:0000255""",NA,Acetylation;Cell membrane;Coiled coil;Cytoplasm;Cytoskeleton;Lipid-binding;Lipoprotein;Membrane;Mitochondrion;Mitochondrion inner membrane;Phosphoprotein;Reference proteome;Transit peptide,Evidence at protein level,353
Q99JB8,Pacsin3,SUBCELLULAR LOCATION: Cytoplasm {ECO:0000269|PubMed:11082044}. Cell membrane {ECO:0000269|PubMed:11082044}; Peripheral membrane protein {ECO:0000269|PubMed:11082044}; Cytoplasmic side {ECO:0000269|PubMed:11082044}. Note=Detected at the inner aspect of the plasma membrane in myotubes.,NA,NA,3D-structure;Cell membrane;Coiled coil;Cytoplasm;Endocytosis;Lipid-binding;Membrane;Phosphoprotein;Reference proteome;SH3 domain,Evidence at protein level,424
Q99JI1,Mustn1,"SUBCELLULAR LOCATION: Nucleus {ECO:0000269|PubMed:20130207, ECO:0000269|PubMed:38458566}. Cytoplasm {ECO:0000269|PubMed:38458566}. Secreted, extracellular space {ECO:0000269|PubMed:38458566}. Note=Secreted from smooth muscle cells into the muscle extracellular space. {ECO:0000269|PubMed:38458566}.",NA,NA,Chondrogenesis;Cytoplasm;Myogenesis;Nucleus;Phosphoprotein;Reference proteome;Secreted,Evidence at protein level,82
Q99JI6,Rap1b,"SUBCELLULAR LOCATION: Cell membrane {ECO:0000250|UniProtKB:P61224}. Cytoplasm, cytosol {ECO:0000250|UniProtKB:P61224}. Cell junction {ECO:0000250|UniProtKB:P61224}. Note=May shuttle between plasma membrane and cytosol (By similarity). Presence of KRIT1 and CDH5 is required for its localization to the cell junction (By similarity). {ECO:0000250|UniProtKB:P61224}.",NA,NA,ADP-ribosylation;Cell junction;Cell membrane;Cytoplasm;GTP-binding;Hydrolase;Lipoprotein;Membrane;Methylation;Nucleotide-binding;Phosphoprotein;Prenylation;Reference proteome,Evidence at protein level,184
Q99JR1,Sfxn1,SUBCELLULAR LOCATION: Mitochondrion inner membrane {ECO:0000305|PubMed:11274051}; Multi-pass membrane protein {ECO:0000255}.,NA,NA,Acetylation;Amino-acid transport;Direct protein sequencing;Membrane;Mitochondrion;Mitochondrion inner membrane;One-carbon metabolism;Reference proteome;Transmembrane;Transmembrane helix;Transport,Evidence at protein level,322
Q99JY0,Hadhb,SUBCELLULAR LOCATION: Mitochondrion {ECO:0000250|UniProtKB:P55084}. Mitochondrion inner membrane {ECO:0000250|UniProtKB:P55084}. Mitochondrion outer membrane {ECO:0000250|UniProtKB:P55084}. Endoplasmic reticulum {ECO:0000250|UniProtKB:P55084}. Note=Protein stability and association with membranes require HADHA. {ECO:0000250|UniProtKB:P55084}.,"TRANSIT 1..34; /note=""Mitochondrion""; /evidence=""ECO:0000250""",NA,Acetylation;Acyltransferase;Endoplasmic reticulum;Fatty acid metabolism;Lipid metabolism;Membrane;Mitochondrion;Mitochondrion inner membrane;Mitochondrion outer membrane;Reference proteome;Transferase;Transit peptide,Evidence at protein level,475
Q99JY8,Plpp3,"SUBCELLULAR LOCATION: Cell membrane {ECO:0000269|PubMed:16099422, ECO:0000269|PubMed:21319224}; Multi-pass membrane protein {ECO:0000250|UniProtKB:P97544}. Basolateral cell membrane {ECO:0000250|UniProtKB:O14495}; Multi-pass membrane protein {ECO:0000250|UniProtKB:P97544}. Endoplasmic reticulum membrane {ECO:0000250|UniProtKB:O14495}; Multi-pass membrane protein {ECO:0000250|UniProtKB:P97544}. Endoplasmic reticulum-Golgi intermediate compartment membrane {ECO:0000250|UniProtKB:O14495}; Multi-pass membrane protein {ECO:0000250|UniProtKB:P97544}. Golgi apparatus membrane {ECO:0000250|UniProtKB:O14495}; Multi-pass membrane protein {ECO:0000250|UniProtKB:P97544}. Golgi apparatus, trans-Golgi network membrane {ECO:0000250|UniProtKB:O14495}; Multi-pass membrane protein {ECO:0000250|UniProtKB:P97544}. Membrane raft {ECO:0000250|UniProtKB:O14495}; Multi-pass membrane protein {ECO:0000250|UniProtKB:P97544}. Note=Cycles between the endoplasmic reticulum and the Golgi. {ECO:0000250|UniProtKB:O14495}.",NA,NA,Cell membrane;Developmental protein;Direct protein sequencing;Endoplasmic reticulum;Glycoprotein;Golgi apparatus;Hydrolase;Lipid metabolism;Membrane;Phosphoprotein;Reference proteome;Transmembrane;Transmembrane helix,Evidence at protein level,312
Q99JY9,Actr3,"SUBCELLULAR LOCATION: Cytoplasm, cytoskeleton {ECO:0000250|UniProtKB:P61158}. Cell projection {ECO:0000250|UniProtKB:P61158}. Nucleus {ECO:0000250|UniProtKB:P61158}. Note=In pre-apoptotic cells, colocalizes with MEFV in large specks (pyroptosomes). {ECO:0000250|UniProtKB:P61158}.",NA,NA,3D-structure;Acetylation;Actin-binding;ATP-binding;Cell projection;Cilium biogenesis/degradation;Cytoplasm;Cytoskeleton;Direct protein sequencing;Nucleotide-binding;Nucleus;Reference proteome,Evidence at protein level,418
Q99K23,Ufsp2,SUBCELLULAR LOCATION: Endoplasmic reticulum {ECO:0000269|PubMed:21228277}. Cytoplasm {ECO:0000269|PubMed:21228277}. Nucleus {ECO:0000269|PubMed:21228277}.,NA,NA,3D-structure;Cytoplasm;Endoplasmic reticulum;Hydrolase;Nucleus;Protease;Reference proteome;Thiol protease;Ubl conjugation pathway,Evidence at protein level,461
Q99K48,Nono,"SUBCELLULAR LOCATION: Nucleus {ECO:0000269|PubMed:15860628, ECO:0000269|PubMed:26571461}. Nucleus, nucleolus {ECO:0000250|UniProtKB:Q15233}. Nucleus speckle {ECO:0000250|UniProtKB:Q15233}. Chromosome {ECO:0000269|PubMed:32286661}. Note=Detected in punctate subnuclear structures often located adjacent to splicing speckles, called paraspeckles. {ECO:0000250|UniProtKB:Q15233}.",NA,NA,3D-structure;Acetylation;Activator;Alternative splicing;Biological rhythms;Chromosome;Coiled coil;Direct protein sequencing;DNA damage;DNA recombination;DNA repair;DNA-binding;Immunity;Innate immunity;Isopeptide bond;Methylation;mRNA processing;mRNA splicing;Nucleus;Phosphoprotein;Reference proteome;Repeat;Repressor;RNA-binding;Transcription;Transcription regulation;Ubl conjugation,Evidence at protein level,473
Q99KB8,Hagh,SUBCELLULAR LOCATION: [Isoform 1]: Mitochondrion matrix {ECO:0000250|UniProtKB:Q16775}.; SUBCELLULAR LOCATION: [Isoform 2]: Cytoplasm {ECO:0000250|UniProtKB:Q16775}.,"TRANSIT 1..24; /note=""Mitochondrion""; /evidence=""ECO:0000255""",NA,Acetylation;Alternative initiation;Alternative splicing;Cytoplasm;Hydrolase;Metal-binding;Mitochondrion;Reference proteome;Transit peptide;Zinc,Evidence at protein level,309
Q99KF1,Tmed9,"SUBCELLULAR LOCATION: Endoplasmic reticulum membrane {ECO:0000250}; Single-pass type I membrane protein {ECO:0000250}. Golgi apparatus, cis-Golgi network membrane {ECO:0000250}; Single-pass type I membrane protein {ECO:0000250}. Endoplasmic reticulum-Golgi intermediate compartment membrane {ECO:0000250}; Single-pass type I membrane protein {ECO:0000250}. Golgi apparatus, trans-Golgi network membrane {ECO:0000250}; Single-pass type I membrane protein {ECO:0000250}. Note=Cycles between compartments of the early secretatory pathway. {ECO:0000250}.",NA,"SIGNAL 1..37; /evidence=""ECO:0000250""",Acetylation;Coiled coil;Endoplasmic reticulum;Glycoprotein;Golgi apparatus;Membrane;Protein transport;Reference proteome;Signal;Transmembrane;Transmembrane helix;Transport,Evidence at protein level,235
Q99KI0,Aco2,SUBCELLULAR LOCATION: Mitochondrion {ECO:0000250|UniProtKB:P16276}.,"TRANSIT 1..27; /note=""Mitochondrion""; /evidence=""ECO:0000250""",NA,4Fe-4S;Acetylation;Direct protein sequencing;Iron;Iron-sulfur;Lyase;Metal-binding;Mitochondrion;Phosphoprotein;Reference proteome;Transit peptide;Tricarboxylic acid cycle,Evidence at protein level,780
Q99KJ8,Dctn2,"SUBCELLULAR LOCATION: Cytoplasm, cytoskeleton, microtubule organizing center, centrosome {ECO:0000269|PubMed:14983524, ECO:0000269|PubMed:9144527}. Membrane {ECO:0000250}; Peripheral membrane protein {ECO:0000250}.",NA,NA,Acetylation;Coiled coil;Cytoplasm;Cytoskeleton;Direct protein sequencing;Dynein;Membrane;Microtubule;Phosphoprotein;Reference proteome,Evidence at protein level,402
Q99KK2,Cmas,"SUBCELLULAR LOCATION: Nucleus {ECO:0000269|PubMed:11893746, ECO:0000269|PubMed:9689047}.",NA,NA,3D-structure;Acetylation;Alternative splicing;Methylation;Nucleotidyltransferase;Nucleus;Reference proteome;Transferase,Evidence at protein level,432
Q99KQ4,Nampt,"SUBCELLULAR LOCATION: Nucleus {ECO:0000250|UniProtKB:P43490}. Cytoplasm {ECO:0000269|PubMed:12555668}. Secreted {ECO:0000250|UniProtKB:P43490}. Note=Under non-inflammatory conditions, visfatin predominantly exhibits a granular pattern within the nucleus. Secreted by endothelial cells upon IL-1beta stimulation. Abundantly secreted in milk, reaching 100-fold higher concentrations compared to maternal serum. {ECO:0000250|UniProtKB:P43490}.",NA,NA,3D-structure;Acetylation;Biological rhythms;Cytokine;Cytoplasm;Glycosyltransferase;Nucleus;Phosphoprotein;Pyridine nucleotide biosynthesis;Reference proteome;Secreted;Transferase,Evidence at protein level,491
Q99KR7,Ppif,SUBCELLULAR LOCATION: Mitochondrion matrix {ECO:0000250|UniProtKB:P29117}.,"TRANSIT 1..29; /note=""Mitochondrion""; /evidence=""ECO:0000250""",NA,Acetylation;Apoptosis;Isomerase;Mitochondrion;Necrosis;Reference proteome;Rotamase;S-nitrosylation;Transit peptide,Evidence at protein level,206
Q99KV1,Dnajb11,SUBCELLULAR LOCATION: Endoplasmic reticulum lumen {ECO:0000269|PubMed:15525676}.,NA,"SIGNAL 1..22; /evidence=""ECO:0000250""",Chaperone;Disulfide bond;Endoplasmic reticulum;Glycoprotein;Phosphoprotein;Reference proteome;Signal,Evidence at protein level,358
Q99L45,Eif2s2,"SUBCELLULAR LOCATION: Cytoplasm, cytosol {ECO:0000250|UniProtKB:P56329}.",NA,NA,Acetylation;Cytoplasm;Initiation factor;Isopeptide bond;Metal-binding;Phosphoprotein;Protein biosynthesis;Reference proteome;Ubl conjugation;Zinc;Zinc-finger,Evidence at protein level,331
Q99L88,Sntb1,"SUBCELLULAR LOCATION: Cell membrane, sarcolemma {ECO:0000269|PubMed:9214383}; Peripheral membrane protein {ECO:0000269|PubMed:9214383}; Cytoplasmic side {ECO:0000269|PubMed:9214383}. Cell junction {ECO:0000269|PubMed:9214383}. Cytoplasm, cytoskeleton {ECO:0000269|PubMed:9214383}. Note=In skeletal muscle, it localizes at the cytoplasmic side of the sarcolemmal membrane and at neuromuscular junctions.",NA,NA,Acetylation;Actin-binding;Alternative splicing;Calcium;Calmodulin-binding;Cell junction;Cell membrane;Cytoplasm;Cytoskeleton;Membrane;Phosphoprotein;Reference proteome;Repeat,Evidence at protein level,537
Q99LB2,Dhrs4,SUBCELLULAR LOCATION: Peroxisome {ECO:0000250|UniProtKB:Q8WNV7}.,NA,NA,Acetylation;NADP;Oxidoreductase;Peroxisome;Phosphoprotein;Reference proteome,Evidence at protein level,279
Q99LC3,Ndufa10,SUBCELLULAR LOCATION: Mitochondrion matrix {ECO:0000269|PubMed:38575788}.,"TRANSIT 1..35; /note=""Mitochondrion""; /evidence=""ECO:0000250|UniProtKB:P34942""",NA,3D-structure;Acetylation;Direct protein sequencing;Electron transport;FAD;Flavoprotein;Mitochondrion;Phosphoprotein;Reference proteome;Respiratory chain;Transit peptide;Transport,Evidence at protein level,355
Q99LD4,Gps1,SUBCELLULAR LOCATION: Cytoplasm {ECO:0000269|PubMed:17276034}. Nucleus {ECO:0000269|PubMed:17276034}.,NA,NA,Alternative splicing;Cytoplasm;Nucleus;Phosphoprotein;Reference proteome;Signalosome,Evidence at protein level,471
Q99LF4,Rtcb,SUBCELLULAR LOCATION: Nucleus {ECO:0000250|UniProtKB:Q9Y3I0}. Cytoplasm {ECO:0000269|PubMed:18508721}. Note=Enters into the nucleus in case of active transcription while it accumulates in cytosol when transcription level is low. {ECO:0000250|UniProtKB:Q9Y3I0}.,NA,NA,Cytoplasm;GTP-binding;Isopeptide bond;Ligase;Manganese;Metal-binding;Nucleotide-binding;Nucleus;Phosphoprotein;Reference proteome;tRNA processing;Ubl conjugation,Evidence at protein level,505
Q99LM2,Cdk5rap3,"SUBCELLULAR LOCATION: Endoplasmic reticulum membrane {ECO:0000250|UniProtKB:Q96JB5}. Cytoplasm {ECO:0000269|PubMed:30635284}. Nucleus {ECO:0000250|UniProtKB:Q96JB5}. Cytoplasm, cytoskeleton, microtubule organizing center, centrosome {ECO:0000250|UniProtKB:Q96JB5}. Cytoplasm, cytoskeleton {ECO:0000250|UniProtKB:Q96JB5}. Note=Tethered to the endoplasmic reticulum membrane as part of the UFM1 ribosome E3 ligase (UREL) complex. Colocalizes and associates with microtubules. {ECO:0000250|UniProtKB:Q96JB5}.",NA,NA,Cytoplasm;Cytoskeleton;Endoplasmic reticulum;Isopeptide bond;Membrane;Nucleus;Phosphoprotein;Reference proteome;Ubl conjugation;Ubl conjugation pathway,Evidence at protein level,503
Q99LR1,Abhd12,SUBCELLULAR LOCATION: Endoplasmic reticulum membrane {ECO:0000269|PubMed:30237167}; Single-pass membrane protein {ECO:0000255}. Mitochondrion {ECO:0000269|PubMed:20657592}.,NA,NA,Alternative splicing;Endoplasmic reticulum;Glycoprotein;Hydrolase;Lipid metabolism;Membrane;Mitochondrion;Reference proteome;Transmembrane;Transmembrane helix,Evidence at protein level,398
Q99LX0,Park7,"SUBCELLULAR LOCATION: Cell membrane {ECO:0000269|PubMed:23847046}; Lipid-anchor {ECO:0000269|PubMed:23847046}. Cytoplasm {ECO:0000269|PubMed:22555455}. Membrane raft {ECO:0000269|PubMed:23847046}. Nucleus {ECO:0000269|PubMed:22555455}. Mitochondrion {ECO:0000269|PubMed:31536960}. Endoplasmic reticulum {ECO:0000269|PubMed:31536960}. Note=Under normal conditions, located predominantly in the cytoplasm and, to a lesser extent, in the nucleus and mitochondrion. Translocates to the mitochondrion and subsequently to the nucleus in response to oxidative stress and exerts an increased cytoprotective effect against oxidative damage (By similarity). Membrane raft localization in astrocytes and neuronal cells requires palmitoylation (PubMed:23847046). {ECO:0000250|UniProtKB:Q99497, ECO:0000269|PubMed:23847046}.",NA,NA,Acetylation;Autophagy;Cell membrane;Chaperone;Copper;Cytoplasm;Direct protein sequencing;DNA damage;DNA repair;Endoplasmic reticulum;Fertilization;Hydrolase;Inflammatory response;Isopeptide bond;Lipoprotein;Membrane;Mitochondrion;Nucleus;Oxidation;Palmitate;Phosphoprotein;Protease;Reference proteome;RNA-binding;Stress response;Tumor suppressor;Ubl conjugation;Zymogen,Evidence at protein level,189
Q99LY9,Ndufs5,SUBCELLULAR LOCATION: Mitochondrion inner membrane {ECO:0000269|PubMed:38575788}; Peripheral membrane protein {ECO:0000269|PubMed:38575788}. Mitochondrion intermembrane space {ECO:0000269|PubMed:38575788}.,NA,NA,3D-structure;Direct protein sequencing;Disulfide bond;Electron transport;Membrane;Mitochondrion;Mitochondrion inner membrane;Reference proteome;Respiratory chain;Transport,Evidence at protein level,106
Q924X2,Cpt1b,SUBCELLULAR LOCATION: Mitochondrion outer membrane {ECO:0000250|UniProtKB:Q92523}; Multi-pass membrane protein {ECO:0000255}.,NA,NA,Acyltransferase;Fatty acid metabolism;Lipid metabolism;Membrane;Mitochondrion;Mitochondrion outer membrane;Reference proteome;Transferase;Transmembrane;Transmembrane helix;Transport,Evidence at protein level,772
Q99K28,Arfgap2,SUBCELLULAR LOCATION: Golgi apparatus membrane {ECO:0000250|UniProtKB:Q8N6H7}; Peripheral membrane protein {ECO:0000250|UniProtKB:Q8N6H7}; Cytoplasmic side {ECO:0000250|UniProtKB:Q8N6H7}. Cytoplasm {ECO:0000250|UniProtKB:Q8N6H7}. Note=Also found on peripheral punctate structures likely to be endoplasmic reticulum-Golgi intermediate compartment. {ECO:0000250|UniProtKB:Q8N6H7}.,NA,NA,Acetylation;Alternative splicing;Coiled coil;Cytoplasm;ER-Golgi transport;Golgi apparatus;GTPase activation;Membrane;Metal-binding;Phosphoprotein;Protein transport;Reference proteome;Transport;Zinc;Zinc-finger,Evidence at protein level,520
Q99L04,Dhrs1,SUBCELLULAR LOCATION: Endoplasmic reticulum {ECO:0000250|UniProtKB:Q96LJ7}. Note=May be attached to the ER membrane by its C-terminus segment. {ECO:0000250|UniProtKB:Q96LJ7}.,NA,NA,Endoplasmic reticulum;Methylation;NAD;Oxidoreductase;Reference proteome,Evidence at protein level,313
Q99L13,Hibadh,SUBCELLULAR LOCATION: Mitochondrion {ECO:0000250}.,"TRANSIT 1..35; /note=""Mitochondrion""; /evidence=""ECO:0000250""",NA,Acetylation;Branched-chain amino acid catabolism;Mitochondrion;NAD;Oxidoreductase;Reference proteome;Transit peptide,Evidence at protein level,335
Q99L47,St13,SUBCELLULAR LOCATION: Cytoplasm {ECO:0000250}.,NA,NA,Acetylation;Chaperone;Cytoplasm;Phosphoprotein;Reference proteome;Repeat;TPR repeat,Evidence at protein level,371
Q99LC5,Etfa,SUBCELLULAR LOCATION: Mitochondrion matrix {ECO:0000250|UniProtKB:P13804}.,"TRANSIT 1..19; /note=""Mitochondrion""; /evidence=""ECO:0000255""",NA,Acetylation;Direct protein sequencing;Electron transport;FAD;Flavoprotein;Lipid degradation;Lipid metabolism;Mitochondrion;Phosphoprotein;Reference proteome;Transit peptide;Transport,Evidence at protein level,333
Q99LD8,Ddah2,SUBCELLULAR LOCATION: Cytoplasm {ECO:0000269|PubMed:33850055}. Mitochondrion {ECO:0000269|PubMed:33850055}. Note=Translocates from cytosol to mitochondrion upon IL1B stimulation in chondrocytes. {ECO:0000250|UniProtKB:O95865}.; SUBCELLULAR LOCATION: Mitochondrion {ECO:0000269|PubMed:33850055}. Note=(Microbial infection) Translocates to the mitochondrion upon Sendai viral infection. {ECO:0000269|PubMed:33850055}.,NA,NA,Cytoplasm;Direct protein sequencing;Hydrolase;Mitochondrion;Reference proteome,Evidence at protein level,285
Q99LP6,Grpel1,SUBCELLULAR LOCATION: Mitochondrion matrix {ECO:0000250|UniProtKB:Q9HAV7}.,"TRANSIT 1..27; /note=""Mitochondrion""; /evidence=""ECO:0000250""",NA,Acetylation;Chaperone;Mitochondrion;Reference proteome;Transit peptide,Evidence at protein level,217
Q924T2,Mrps2,SUBCELLULAR LOCATION: Mitochondrion {ECO:0000250|UniProtKB:Q9Y399}.,NA,NA,3D-structure;Mitochondrion;Reference proteome;Ribonucleoprotein;Ribosomal protein,Evidence at protein level,291
Q99JI4,Psmd6,NA,NA,NA,Proteasome;Reference proteome,Evidence at protein level,389
Q99JY4,Trabd,SUBCELLULAR LOCATION: Mitochondrion outer membrane {ECO:0000250|UniProtKB:Q9H4I3}; Single-pass membrane protein {ECO:0000305}.,NA,NA,Acetylation;Membrane;Mitochondrion;Mitochondrion outer membrane;Phosphoprotein;Reference proteome;Transmembrane;Transmembrane helix,Evidence at protein level,376
Q99KI3,Emc3,SUBCELLULAR LOCATION: Endoplasmic reticulum membrane {ECO:0000250|UniProtKB:Q9P0I2}; Multi-pass membrane protein {ECO:0000250|UniProtKB:Q9P0I2}.,NA,NA,Endoplasmic reticulum;Membrane;Reference proteome;Transmembrane;Transmembrane helix,Evidence at protein level,261
Q99LE6,Abcf2,NA,NA,NA,Acetylation;ATP-binding;Nucleotide-binding;Phosphoprotein;Reference proteome;Repeat,Evidence at protein level,628
Q99JW6,Pgm1,NA,NA,NA,Carbohydrate metabolism;Glucose metabolism;Isomerase;Magnesium;Metal-binding,Evidence at transcript level,88
Q99KC8,Vwa5a,NA,NA,NA,Phosphoprotein;Reference proteome;Tumor suppressor,Evidence at protein level,793
Q99M87,Dnaja3,"SUBCELLULAR LOCATION: Mitochondrion matrix {ECO:0000250}. Cytoplasm, cytosol {ECO:0000269|PubMed:19038220}. Postsynaptic cell membrane {ECO:0000269|PubMed:19038220}; Peripheral membrane protein {ECO:0000269|PubMed:19038220}. Note=Recruited to the postsynaptic cell membrane of the neuromuscular junction through interaction with MUSK.","TRANSIT 1..?; /note=""Mitochondrion""; /evidence=""ECO:0000255""",NA,Acetylation;Alternative splicing;Apoptosis;Cell membrane;Chaperone;Cytoplasm;Membrane;Metal-binding;Methylation;Mitochondrion;Phosphoprotein;Postsynaptic cell membrane;Reference proteome;Repeat;Synapse;Transit peptide;Zinc;Zinc-finger,Evidence at protein level,480
Q99MN1,Kars1,"SUBCELLULAR LOCATION: Cytoplasm, cytosol {ECO:0000250|UniProtKB:Q15046}. Cytoplasm {ECO:0000250|UniProtKB:Q15046}. Nucleus {ECO:0000250|UniProtKB:Q15046}. Cell membrane {ECO:0000250|UniProtKB:Q15046}; Peripheral membrane protein {ECO:0000250|UniProtKB:Q15046}. Secreted {ECO:0000250|UniProtKB:Q15046}. Note=Secretion is induced by TNF. Cytosolic in quiescent mast cells. Translocates into the nucleus in response to mast cell activation by immunoglobulin E. {ECO:0000250|UniProtKB:Q15046}.",NA,NA,Acetylation;Aminoacyl-tRNA synthetase;ATP-binding;Cell membrane;Cytoplasm;Ligase;Membrane;Nucleotide-binding;Nucleus;Phosphoprotein;Protein biosynthesis;Reference proteome;Secreted;Transferase,Evidence at protein level,595
Q99MQ4,Aspn,"SUBCELLULAR LOCATION: Secreted, extracellular space, extracellular matrix {ECO:0000250}.",NA,"SIGNAL 1..15; /evidence=""ECO:0000255""",Biomineralization;Calcium;Disulfide bond;Extracellular matrix;Glycoprotein;Leucine-rich repeat;Reference proteome;Repeat;Secreted;Signal,Evidence at protein level,373
Q99MR8,Mccc1,SUBCELLULAR LOCATION: Mitochondrion matrix {ECO:0000250|UniProtKB:Q96RQ3}.,"TRANSIT 1..38; /note=""Mitochondrion""; /evidence=""ECO:0000250|UniProtKB:Q96RQ3""",NA,Acetylation;ATP-binding;Biotin;Ligase;Mitochondrion;Nucleotide-binding;Reference proteome;Transit peptide,Evidence at protein level,717
Q99MS7,Ehbp1l1,SUBCELLULAR LOCATION: Endosome {ECO:0000250|UniProtKB:Q8N3D4}. Recycling endosome {ECO:0000269|PubMed:26833786}.,NA,NA,Alternative splicing;Coiled coil;Endosome;Phosphoprotein;Reference proteome,Evidence at protein level,1716
Q99N15,Hsd17b10,"SUBCELLULAR LOCATION: Mitochondrion matrix, mitochondrion nucleoid {ECO:0000256|ARBA:ARBA00004436}.",NA,NA,Mitochondrion;Mitochondrion nucleoid;NAD;Oxidoreductase;tRNA processing,Evidence at protein level,261
Q99NB1,Acss1,SUBCELLULAR LOCATION: Mitochondrion matrix {ECO:0000269|PubMed:11150295}.,"TRANSIT 1..38; /note=""Mitochondrion""; /evidence=""ECO:0000255""",NA,Acetylation;ATP-binding;Ligase;Lipid metabolism;Mitochondrion;Nucleotide-binding;Reference proteome;Transit peptide,Evidence at protein level,682
Q99P72,Rtn4,"SUBCELLULAR LOCATION: [Isoform A]: Endoplasmic reticulum membrane {ECO:0000269|PubMed:27786289, ECO:0000269|PubMed:32075961}; Multi-pass membrane protein {ECO:0000255}. Cell membrane {ECO:0000250|UniProtKB:Q9NQC3}; Multi-pass membrane protein {ECO:0000255}; Cytoplasmic side {ECO:0000250|UniProtKB:Q9NQC3}. Synapse {ECO:0000269|PubMed:35771867}. Note=Anchored to the membrane of the endoplasmic reticulum (ER) through 2 putative transmembrane domains. Localizes throughout the ER tubular network. Co-localizes with TMEM33 at the ER sheets. {ECO:0000250|UniProtKB:Q9NQC3}.; SUBCELLULAR LOCATION: [Isoform B]: Endoplasmic reticulum membrane {ECO:0000269|PubMed:25917084, ECO:0000269|PubMed:27786289, ECO:0000269|PubMed:32075961}; Multi-pass membrane protein {ECO:0000255}. Cell membrane {ECO:0000250|UniProtKB:Q9NQC3}; Multi-pass membrane protein {ECO:0000255}; Extracellular side {ECO:0000250|UniProtKB:Q9NQC3}. Cell junction {ECO:0000250|UniProtKB:Q9NQC3}. Note=Mainly located on endoplasmic reticulum tubules and sheet edges (PubMed:27786289). Upon ICAM1 engagement, redistributed toward endothelial junctions where interacts with CDH5 (By similarity). {ECO:0000250|UniProtKB:Q9NQC3, ECO:0000269|PubMed:27786289}.; SUBCELLULAR LOCATION: [Isoform C]: Endoplasmic reticulum membrane {ECO:0000250|UniProtKB:Q9NQC3}; Multi-pass membrane protein {ECO:0000255}.",NA,NA,3D-structure;Acetylation;Alternative splicing;Cell junction;Cell membrane;Direct protein sequencing;Endoplasmic reticulum;Membrane;Neurogenesis;Phosphoprotein;Reference proteome;Synapse;Transmembrane;Transmembrane helix,Evidence at protein level,1162
Q99PL5,Rrbp1,SUBCELLULAR LOCATION: Endoplasmic reticulum membrane {ECO:0000250}; Single-pass type III membrane protein {ECO:0000250}.,NA,NA,Acetylation;Alternative splicing;Endoplasmic reticulum;Isopeptide bond;Membrane;Phosphoprotein;Protein transport;Reference proteome;Repeat;Translocation;Transmembrane;Transmembrane helix;Transport;Ubl conjugation,Evidence at protein level,1605
Q99PT1,Arhgdia,SUBCELLULAR LOCATION: Cytoplasm {ECO:0000269|PubMed:23434736}.,NA,NA,3D-structure;Acetylation;Cytoplasm;Direct protein sequencing;GTPase activation;Isopeptide bond;Phosphoprotein;Reference proteome;Ubl conjugation,Evidence at protein level,204
Q9BCZ4,Selenos,SUBCELLULAR LOCATION: Endoplasmic reticulum membrane {ECO:0000250}; Single-pass membrane protein {ECO:0000250}. Cytoplasm {ECO:0000250}.,NA,NA,Cytoplasm;Endoplasmic reticulum;Membrane;Reference proteome;Selenocysteine;Transmembrane;Transmembrane helix;Ubl conjugation,Evidence at protein level,190
Q9CPP6,Ndufa5,SUBCELLULAR LOCATION: Mitochondrion inner membrane {ECO:0000269|PubMed:38575788}; Peripheral membrane protein {ECO:0000269|PubMed:38575788}; Matrix side {ECO:0000269|PubMed:38575788}.,NA,NA,3D-structure;Acetylation;Direct protein sequencing;Electron transport;Membrane;Mitochondrion;Mitochondrion inner membrane;Phosphoprotein;Reference proteome;Respiratory chain;Transport,Evidence at protein level,116
Q9CPQ1,Cox6c,"SUBCELLULAR LOCATION: Mitochondrion inner membrane {ECO:0000269|PubMed:34616041, ECO:0000269|PubMed:38575788}; Single-pass membrane protein {ECO:0000269|PubMed:34616041}.",NA,NA,3D-structure;Acetylation;Direct protein sequencing;Membrane;Mitochondrion;Mitochondrion inner membrane;Reference proteome;Transmembrane;Transmembrane helix,Evidence at protein level,76
Q9CPR4,Rpl17,SUBCELLULAR LOCATION: Cytoplasm {ECO:0000269|PubMed:36517592}.,NA,NA,3D-structure;Cytoplasm;Reference proteome;Ribonucleoprotein;Ribosomal protein,Evidence at protein level,184
Q9CPU0,Glo1,NA,NA,NA,3D-structure;Acetylation;Disulfide bond;Glutathionylation;Lyase;Metal-binding;Phosphoprotein;Reference proteome;Zinc,Evidence at protein level,184
Q9CPU4,Mgst3,SUBCELLULAR LOCATION: Mitochondrion outer membrane {ECO:0000250|UniProtKB:O14880}; Multi-pass membrane protein {ECO:0000255}.,NA,NA,Direct protein sequencing;Lipid metabolism;Lipoprotein;Lyase;Membrane;Mitochondrion;Mitochondrion outer membrane;Oxidoreductase;Palmitate;Reference proteome;Transferase;Transmembrane;Transmembrane helix,Evidence at protein level,153
Q9CPY7,Lap3,SUBCELLULAR LOCATION: Cytoplasm {ECO:0000250|UniProtKB:Q68FS4}.,NA,NA,Acetylation;Alternative initiation;Aminopeptidase;Cytoplasm;Direct protein sequencing;Hydrolase;Magnesium;Manganese;Metal-binding;Phosphoprotein;Protease;Reference proteome;Zinc,Evidence at protein level,519
Q9CQ19,Myl9,"SUBCELLULAR LOCATION: Cytoplasm, cytoskeleton {ECO:0000269|PubMed:29799007}. Cytoplasm, cell cortex {ECO:0000269|PubMed:29799007}. Note=Colocalizes with F-actin, MYH9 and PIEZO1 at the actomyosin cortex in myoblasts. {ECO:0000269|PubMed:29799007}.",NA,NA,Acetylation;Calcium;Cytoplasm;Cytoskeleton;Metal-binding;Motor protein;Muscle protein;Myosin;Phosphoprotein;Reference proteome;Repeat,Evidence at protein level,172
Q9CQ22,Lamtor1,SUBCELLULAR LOCATION: Lysosome membrane {ECO:0000269|PubMed:30020076}; Lipid-anchor {ECO:0000269|PubMed:30020076}; Cytoplasmic side {ECO:0000269|PubMed:30020076}. Late endosome membrane {ECO:0000269|PubMed:19177150}; Lipid-anchor {ECO:0000250|UniProtKB:Q6IAA8}; Cytoplasmic side {ECO:0000250|UniProtKB:Q6IAA8}. Note=Recruited to lysosome and endosome membranes through N-terminal myristoylation and palmitoylation. {ECO:0000269|PubMed:30020076}.,NA,NA,Endosome;Isopeptide bond;Lipoprotein;Lysosome;Membrane;Myristate;Palmitate;Phosphoprotein;Reference proteome;Ubl conjugation,Evidence at protein level,161
Q9CQ62,Decr1,SUBCELLULAR LOCATION: Mitochondrion {ECO:0000250|UniProtKB:Q16698}.,"TRANSIT 1..34; /note=""Mitochondrion""; /evidence=""ECO:0000250""",NA,3D-structure;Acetylation;Fatty acid metabolism;Lipid metabolism;Mitochondrion;NADP;Oxidoreductase;Phosphoprotein;Reference proteome;Transit peptide,Evidence at protein level,335
Q9CQ69,Uqcrq,"SUBCELLULAR LOCATION: Mitochondrion inner membrane {ECO:0000269|PubMed:34616041, ECO:0000269|PubMed:38575788}; Single-pass membrane protein {ECO:0000269|PubMed:34616041, ECO:0000269|PubMed:38575788}.",NA,NA,3D-structure;Acetylation;Direct protein sequencing;Electron transport;Membrane;Mitochondrion;Mitochondrion inner membrane;Phosphoprotein;Reference proteome;Respiratory chain;Transmembrane;Transmembrane helix;Transport,Evidence at protein level,82
Q9CQ75,Ndufa2,SUBCELLULAR LOCATION: Mitochondrion inner membrane {ECO:0000269|PubMed:38575788}; Peripheral membrane protein {ECO:0000269|PubMed:38575788}; Matrix side {ECO:0000269|PubMed:38575788}.,NA,NA,3D-structure;Acetylation;Direct protein sequencing;Disulfide bond;Electron transport;Membrane;Mitochondrion;Mitochondrion inner membrane;Reference proteome;Respiratory chain;Transport,Evidence at protein level,99
Q99M08,Arln,SUBCELLULAR LOCATION: Endoplasmic reticulum membrane {ECO:0000269|PubMed:27923914}; Single-pass membrane protein {ECO:0000255}.,NA,NA,Acetylation;Endoplasmic reticulum;Membrane;Phosphoprotein;Reference proteome;Transmembrane;Transmembrane helix,Evidence at protein level,65
Q99M71,Epdr1,SUBCELLULAR LOCATION: Lysosome lumen {ECO:0000269|PubMed:16954209}. Secreted {ECO:0000250|UniProtKB:Q9UM22}. Note=Lysosomal and also secreted. {ECO:0000250|UniProtKB:Q9UM22}.,NA,"SIGNAL 1..37; /evidence=""ECO:0000255""",3D-structure;Alternative splicing;Disulfide bond;Glycoprotein;Lipid-binding;Lysosome;Reference proteome;Secreted;Signal,Evidence at protein level,224
Q99MN9,Pccb,SUBCELLULAR LOCATION: Mitochondrion matrix {ECO:0000250|UniProtKB:P05166}.,"TRANSIT 1..28; /note=""Mitochondrion""; /evidence=""ECO:0000250""",NA,Acetylation;ATP-binding;Ligase;Mitochondrion;Nucleotide-binding;Phosphoprotein;Reference proteome;Transit peptide,Evidence at protein level,541
Q99MR9,Ppp1r3a,SUBCELLULAR LOCATION: Membrane {ECO:0000250}; Single-pass membrane protein {ECO:0000250}.,NA,NA,Carbohydrate metabolism;Direct protein sequencing;Glycogen metabolism;Membrane;Phosphoprotein;Reference proteome;Transmembrane;Transmembrane helix,Evidence at protein level,1089
Q99MZ7,Pecr,SUBCELLULAR LOCATION: Peroxisome {ECO:0000250|UniProtKB:Q9JIF5}.,NA,NA,Acetylation;Fatty acid biosynthesis;Fatty acid metabolism;Lipid biosynthesis;Lipid metabolism;NADP;Oxidoreductase;Peroxisome;Phosphoprotein;Reference proteome,Evidence at protein level,303
Q9CPQ3,Tomm22,SUBCELLULAR LOCATION: Mitochondrion outer membrane {ECO:0000250|UniProtKB:Q9NS69}; Single-pass membrane protein {ECO:0000250|UniProtKB:Q9NS69}.,NA,NA,Acetylation;Membrane;Mitochondrion;Mitochondrion outer membrane;Phosphoprotein;Protein transport;Receptor;Reference proteome;Translocation;Transmembrane;Transmembrane helix;Transport,Evidence at protein level,142
Q9CPS6,Hint3,SUBCELLULAR LOCATION: Cytoplasm {ECO:0000250|UniProtKB:Q9NQE9}. Nucleus {ECO:0000250|UniProtKB:Q9NQE9}.,NA,NA,Acetylation;Cytoplasm;Hydrolase;Nucleotide-binding;Nucleus;Reference proteome,Evidence at protein level,165
Q9CPU2,Ndufb2,SUBCELLULAR LOCATION: Mitochondrion inner membrane {ECO:0000269|PubMed:38575788}; Peripheral membrane protein {ECO:0000269|PubMed:38575788}; Matrix side {ECO:0000269|PubMed:38575788}.,"TRANSIT 1..33; /note=""Mitochondrion""; /evidence=""ECO:0000250""",NA,3D-structure;Electron transport;Membrane;Mitochondrion;Mitochondrion inner membrane;Reference proteome;Respiratory chain;Transit peptide;Transport,Evidence at protein level,105
Q9CPW2,Fdx2,SUBCELLULAR LOCATION: Mitochondrion {ECO:0000250|UniProtKB:Q9H1K1}. Mitochondrion matrix {ECO:0000250|UniProtKB:P10109}.,"TRANSIT 1..43; /note=""Mitochondrion""; /evidence=""ECO:0000255""",NA,2Fe-2S;Alternative splicing;Electron transport;Iron;Iron-sulfur;Metal-binding;Mitochondrion;Reference proteome;Transit peptide;Transport,Evidence at protein level,174
Q9CPZ6,Ormdl3,SUBCELLULAR LOCATION: Endoplasmic reticulum membrane {ECO:0000250|UniProtKB:Q8N138}; Multi-pass membrane protein {ECO:0000250|UniProtKB:Q8N138}.,NA,NA,Endoplasmic reticulum;Hydroxylation;Membrane;Reference proteome;Transmembrane;Transmembrane helix;Ubl conjugation,Evidence at transcript level,153
Q9CQ54,Ndufc2,SUBCELLULAR LOCATION: Mitochondrion inner membrane {ECO:0000269|PubMed:38575788}; Single-pass membrane protein {ECO:0000255}; Matrix side {ECO:0000269|PubMed:38575788}.,NA,NA,3D-structure;Direct protein sequencing;Electron transport;Membrane;Mitochondrion;Mitochondrion inner membrane;Reference proteome;Respiratory chain;Transmembrane;Transmembrane helix;Transport,Evidence at protein level,120
Q99N84,Mrps18b,SUBCELLULAR LOCATION: Mitochondrion {ECO:0000250|UniProtKB:Q9Y676}.,"TRANSIT 1..33; /note=""Mitochondrion""; /evidence=""ECO:0000250|UniProtKB:P82918""",NA,3D-structure;Alternative splicing;Mitochondrion;Phosphoprotein;Reference proteome;Ribonucleoprotein;Ribosomal protein;Transit peptide,Evidence at protein level,254
Q99N85,Mrps18a,SUBCELLULAR LOCATION: Mitochondrion {ECO:0000250|UniProtKB:P82919}.,"TRANSIT 1..34; /note=""Mitochondrion""; /evidence=""ECO:0000255""",NA,3D-structure;Mitochondrion;Reference proteome;Ribonucleoprotein;Ribosomal protein;Transit peptide,Evidence at protein level,196
Q99N87,Mrps5,SUBCELLULAR LOCATION: Mitochondrion {ECO:0000250|UniProtKB:P82675}.,NA,NA,3D-structure;Mitochondrion;Reference proteome;Ribonucleoprotein;Ribosomal protein,Evidence at protein level,432
Q99N91,Mrpl34,SUBCELLULAR LOCATION: Mitochondrion {ECO:0000250|UniProtKB:Q9BQ48}.,"TRANSIT 1..46; /note=""Mitochondrion""; /evidence=""ECO:0000250|UniProtKB:A8NN94""",NA,3D-structure;Mitochondrion;Phosphoprotein;Reference proteome;Ribonucleoprotein;Ribosomal protein;Transit peptide,Evidence at protein level,92
Q99N92,Mrpl27,SUBCELLULAR LOCATION: Mitochondrion {ECO:0000269|PubMed:11279069}.,"TRANSIT 1..30; /note=""Mitochondrion""; /evidence=""ECO:0000250|UniProtKB:Q32PC3""",NA,3D-structure;Mitochondrion;Reference proteome;Ribonucleoprotein;Ribosomal protein;Transit peptide,Evidence at protein level,148
Q99N96,Mrpl1,SUBCELLULAR LOCATION: Mitochondrion {ECO:0000250}.,"TRANSIT 1..50; /note=""Mitochondrion""; /evidence=""ECO:0000255""",NA,Mitochondrion;Phosphoprotein;Reference proteome;Ribonucleoprotein;Ribosomal protein;Transit peptide,Evidence at protein level,336
Q99PR8,Hspb2,SUBCELLULAR LOCATION: Cytoplasm {ECO:0000250}. Nucleus {ECO:0000250}. Note=Localizes to nuclear foci. {ECO:0000250}.,NA,NA,Alternative splicing;Cytoplasm;Nucleus;Reference proteome;Stress response,Evidence at protein level,182
Q9CPQ8,Atp5mg,SUBCELLULAR LOCATION: Mitochondrion. Mitochondrion inner membrane.,NA,NA,Acetylation;ATP synthesis;CF(0);Direct protein sequencing;Hydrogen ion transport;Ion transport;Membrane;Mitochondrion;Mitochondrion inner membrane;Reference proteome;Transport,Evidence at protein level,103
Q9CPR5,Mrpl15,SUBCELLULAR LOCATION: Mitochondrion {ECO:0000250|UniProtKB:Q9P015}.,"TRANSIT 1..20; /note=""Mitochondrion""; /evidence=""ECO:0000250|UniProtKB:Q0VC21""",NA,3D-structure;Alternative splicing;Mitochondrion;Reference proteome;Ribonucleoprotein;Ribosomal protein;Transit peptide,Evidence at protein level,295
Q9CPZ8,Cmc1,SUBCELLULAR LOCATION: Mitochondrion {ECO:0000250|UniProtKB:Q7Z7K0}. Note=Colocalizes with MT-CO1. {ECO:0000250|UniProtKB:Q7Z7K0}.,NA,NA,Acetylation;Copper;Disulfide bond;Metal-binding;Mitochondrion;Reference proteome,Evidence at protein level,106
Q9CQ06,Mrpl24,SUBCELLULAR LOCATION: Mitochondrion {ECO:0000250|UniProtKB:Q96A35}.,"TRANSIT 1..9; /note=""Mitochondrion""; /evidence=""ECO:0000250""",NA,3D-structure;Mitochondrion;Phosphoprotein;Reference proteome;Ribonucleoprotein;Ribosomal protein;Transit peptide,Evidence at protein level,216
Q9CQ60,Pgls,SUBCELLULAR LOCATION: Cytoplasm {ECO:0000250}.,NA,NA,Acetylation;Cytoplasm;Hydrolase;Phosphoprotein;Reference proteome,Evidence at protein level,257
Q99N94,Mrpl9,SUBCELLULAR LOCATION: Mitochondrion {ECO:0000250|UniProtKB:Q9BYD2}.,"TRANSIT 1..49; /note=""Mitochondrion""; /evidence=""ECO:0000250|UniProtKB:Q2TBK2""",NA,3D-structure;Mitochondrion;Reference proteome;Ribonucleoprotein;Ribosomal protein;Transit peptide,Evidence at protein level,265
Q99N95,Mrpl3,SUBCELLULAR LOCATION: Mitochondrion {ECO:0000250|UniProtKB:P09001}.,"TRANSIT 1..40; /note=""Mitochondrion""; /evidence=""ECO:0000250|UniProtKB:Q3ZBX6""",NA,3D-structure;Mitochondrion;Reference proteome;Ribonucleoprotein;Ribosomal protein;Transit peptide,Evidence at protein level,348
Q9CPV4,Glod4,SUBCELLULAR LOCATION: Mitochondrion {ECO:0000250}.,NA,NA,Alternative splicing;Mitochondrion;Phosphoprotein;Reference proteome;Repeat,Evidence at protein level,298
Q9CQ00,Dmac1,SUBCELLULAR LOCATION: Mitochondrion inner membrane {ECO:0000250|UniProtKB:Q96GE9}; Multi-pass membrane protein {ECO:0000250|UniProtKB:Q96GE9}.,NA,NA,Membrane;Mitochondrion;Mitochondrion inner membrane;Reference proteome;Transmembrane;Transmembrane helix,Evidence at protein level,111
Q9CQ40,Mrpl49,SUBCELLULAR LOCATION: Mitochondrion {ECO:0000250|UniProtKB:Q13405}.,NA,NA,3D-structure;Mitochondrion;Reference proteome;Ribonucleoprotein;Ribosomal protein,Evidence at protein level,166
Q9CQ92,Fis1,SUBCELLULAR LOCATION: Mitochondrion outer membrane {ECO:0000250|UniProtKB:Q9Y3D6}; Single-pass membrane protein {ECO:0000250|UniProtKB:Q9Y3D6}. Peroxisome membrane {ECO:0000250|UniProtKB:Q9Y3D6}; Single-pass membrane protein {ECO:0000250|UniProtKB:Q9Y3D6}.,NA,NA,3D-structure;Acetylation;Apoptosis;Direct protein sequencing;Membrane;Mitochondrion;Mitochondrion outer membrane;Peroxisome;Phosphoprotein;Reference proteome;TPR repeat;Transmembrane;Transmembrane helix;Ubl conjugation,Evidence at protein level,152
Q9CQA3,Sdhb,SUBCELLULAR LOCATION: Mitochondrion inner membrane {ECO:0000250|UniProtKB:Q9YHT2}; Peripheral membrane protein {ECO:0000250|UniProtKB:Q9YHT2}; Matrix side {ECO:0000250|UniProtKB:Q9YHT2}.,"TRANSIT 1..30; /note=""Mitochondrion""; /evidence=""ECO:0000250|UniProtKB:P21912""",NA,2Fe-2S;3Fe-4S;4Fe-4S;Acetylation;Direct protein sequencing;Electron transport;Iron;Iron-sulfur;Membrane;Metal-binding;Mitochondrion;Mitochondrion inner membrane;Oxidoreductase;Reference proteome;Transit peptide;Transport;Tricarboxylic acid cycle,Evidence at protein level,282
Q9CQB5,Cisd2,"SUBCELLULAR LOCATION: Endoplasmic reticulum membrane {ECO:0000269|PubMed:19451219}; Single-pass membrane protein {ECO:0000269|PubMed:19451219}. Mitochondrion outer membrane {ECO:0000269|PubMed:19451219}; Single-pass membrane protein {ECO:0000269|PubMed:19451219}. Note=According to PubMed:19451219, it mainly localizes to the mitochondrion outer membrane and localizes only at low level to the endoplasmic reticulum. However, inverse results are observed in human cells.",NA,NA,2Fe-2S;Autophagy;Endoplasmic reticulum;Iron;Iron-sulfur;Membrane;Metal-binding;Mitochondrion;Mitochondrion outer membrane;Reference proteome;Transmembrane;Transmembrane helix,Evidence at protein level,135
Q9CQC9,Sar1b,"SUBCELLULAR LOCATION: Endoplasmic reticulum membrane {ECO:0000269|PubMed:11422940}; Peripheral membrane protein {ECO:0000269|PubMed:11422940}. Golgi apparatus, Golgi stack membrane {ECO:0000269|PubMed:11422940}; Peripheral membrane protein {ECO:0000269|PubMed:11422940}. Cytoplasm, cytosol {ECO:0000250|UniProtKB:Q9Y6B6}. Lysosome membrane {ECO:0000250|UniProtKB:Q9Y6B6}. Note=Active at endoplasmic reticulum exit sites (ERES) where it inserts into the membrane and recruits the remainder of the coat protein complex II/COPII. Upon leucine deprivation, associates with lysosomal membranes to repress TORC1 signaling. {ECO:0000250|UniProtKB:Q9Y6B6}.",NA,NA,Cytoplasm;Endoplasmic reticulum;ER-Golgi transport;Golgi apparatus;GTP-binding;Hydrolase;Lysosome;Magnesium;Membrane;Metal-binding;Nucleotide-binding;Phosphoprotein;Protein transport;Reference proteome;Transport,Evidence at protein level,198
Q9CQD1,Rab5a,"SUBCELLULAR LOCATION: Cell membrane {ECO:0000250|UniProtKB:P20339}; Lipid-anchor {ECO:0000250|UniProtKB:P20339}; Cytoplasmic side {ECO:0000250|UniProtKB:P18066}. Early endosome membrane {ECO:0000250|UniProtKB:P20339}; Lipid-anchor {ECO:0000250|UniProtKB:P20339}. Melanosome {ECO:0000269|PubMed:25869668}. Cytoplasmic vesicle {ECO:0000250|UniProtKB:P20339}. Cell projection, ruffle {ECO:0000250|UniProtKB:P18066}. Membrane {ECO:0000250|UniProtKB:P20339}. Cytoplasm, cytosol {ECO:0000250|UniProtKB:P20339}. Cytoplasmic vesicle, phagosome membrane {ECO:0000269|PubMed:18425118}. Endosome membrane {ECO:0000250|UniProtKB:P20339}. Note=Enriched in stage I melanosomes. Alternates between membrane-bound and cytosolic forms. {ECO:0000250|UniProtKB:P20339}.",NA,NA,Cell membrane;Cell projection;Cytoplasm;Cytoplasmic vesicle;Direct protein sequencing;Endocytosis;Endosome;GTP-binding;Hydrolase;Lipoprotein;Magnesium;Membrane;Metal-binding;Nucleotide-binding;Phagocytosis;Phosphoprotein;Prenylation;Protein transport;Reference proteome;Transport,Evidence at protein level,215
Q9CQF9,Pcyox1,SUBCELLULAR LOCATION: Lysosome {ECO:0000250|UniProtKB:Q9UHG3}.,NA,"SIGNAL 1..28; /evidence=""ECO:0000255""",Direct protein sequencing;FAD;Flavoprotein;Glycoprotein;Lysosome;Oxidoreductase;Reference proteome;Signal,Evidence at protein level,505
Q9CQM9,Glrx3,"SUBCELLULAR LOCATION: Cytoplasm, cytosol {ECO:0000250|UniProtKB:O76003}. Cytoplasm, cell cortex {ECO:0000269|PubMed:18258855}. Cytoplasm, myofibril, sarcomere, Z line {ECO:0000269|PubMed:18258855}. Note=Under the plasma membrane (PubMed:18258855). After PMA stimulation, GLRX3 and PRKCQ/PKC-theta translocate to a more extended submembrane area (PubMed:18258855). In the Z line, found associated with CSRP3 (PubMed:18258855). {ECO:0000269|PubMed:18258855}.",NA,NA,3D-structure;Acetylation;Cytoplasm;Direct protein sequencing;Iron;Iron-sulfur;Metal-binding;Phosphoprotein;Reference proteome;Repeat,Evidence at protein level,337
Q9CQR2,Rps21,"SUBCELLULAR LOCATION: Cytoplasm, cytosol {ECO:0000250|UniProtKB:P63220}. Cytoplasm {ECO:0000269|PubMed:36517592}. Rough endoplasmic reticulum {ECO:0000250|UniProtKB:P63221}. Note=Detected on cytosolic polysomes (By similarity). Detected in ribosomes that are associated with the rough endoplasmic reticulum (By similarity). {ECO:0000250|UniProtKB:P63220, ECO:0000250|UniProtKB:P63221}.",NA,NA,3D-structure;Acetylation;Cytoplasm;Endoplasmic reticulum;Reference proteome;Ribonucleoprotein;Ribosomal protein,Evidence at protein level,83
Q9CQR4,Acot13,"SUBCELLULAR LOCATION: Cytoplasm, cytosol {ECO:0000269|PubMed:17045243, ECO:0000269|PubMed:17704541, ECO:0000269|PubMed:19405909}. Mitochondrion {ECO:0000269|PubMed:19405909}. Nucleus {ECO:0000269|PubMed:17045243, ECO:0000269|PubMed:17704541}. Cytoplasm, cytoskeleton, spindle {ECO:0000269|PubMed:17045243}. Note=During interphase, found both in the nucleus and in the cytoplasm. At mitosis, localizes to the spindle. Colocalizes with tubulin. {ECO:0000269|PubMed:17045243}.",NA,NA,3D-structure;Acetylation;Cytoplasm;Cytoskeleton;Hydrolase;Lipid metabolism;Mitochondrion;Nucleus;Reference proteome,Evidence at protein level,140
Q9CQS4,Slc25a46,SUBCELLULAR LOCATION: Mitochondrion outer membrane {ECO:0000250|UniProtKB:Q96AG3}; Multi-pass membrane protein {ECO:0000255}.,NA,NA,Membrane;Mitochondrion;Mitochondrion outer membrane;Phosphoprotein;Reference proteome;Repeat;Transmembrane;Transmembrane helix;Transport,Evidence at protein level,418
Q9CQS8,Sec61b,SUBCELLULAR LOCATION: Endoplasmic reticulum membrane {ECO:0000250|UniProtKB:P60468}; Single-pass membrane protein {ECO:0000255}.,NA,NA,Acetylation;Direct protein sequencing;Endoplasmic reticulum;Lipoprotein;Membrane;Palmitate;Phosphoprotein;Protein transport;Reference proteome;Translocation;Transmembrane;Transmembrane helix;Transport,Evidence at protein level,96
Q9CQV7,Dnajc19,SUBCELLULAR LOCATION: Mitochondrion inner membrane {ECO:0000269|PubMed:24856930}; Single-pass membrane protein {ECO:0000255}; Matrix side {ECO:0000269|PubMed:24856930}.,NA,NA,Acetylation;Alternative splicing;Chaperone;Membrane;Mitochondrion;Mitochondrion inner membrane;Phosphoprotein;Protein transport;Reference proteome;Translocation;Transmembrane;Transmembrane helix;Transport,Evidence at protein level,116
Q9CQV8,Ywhab,SUBCELLULAR LOCATION: Cytoplasm {ECO:0000250|UniProtKB:P31946}. Melanosome {ECO:0000250|UniProtKB:P31946}.,NA,NA,3D-structure;Acetylation;Alternative initiation;Cytoplasm;Direct protein sequencing;Isopeptide bond;Nitration;Phosphoprotein;Reference proteome;Ubl conjugation,Evidence at protein level,246
Q9CQW2,Arl8b,"SUBCELLULAR LOCATION: Late endosome membrane {ECO:0000250|UniProtKB:Q9NVJ2}. Lysosome membrane {ECO:0000269|PubMed:21802320, ECO:0000269|PubMed:25637027, ECO:0000269|PubMed:30174114, ECO:0000269|PubMed:33157038}. Cytoplasm, cytoskeleton, spindle {ECO:0000250|UniProtKB:Q9NVJ2}. Cell projection, axon {ECO:0000269|PubMed:30174114}. Synapse {ECO:0000269|PubMed:30174114}. Cytolytic granule membrane {ECO:0000250|UniProtKB:Q9NVJ2}. Early endosome membrane {ECO:0000250|UniProtKB:Q9NVJ2}. Note=GTP-bound form resides on lysosomal membranes, whereas GDP-bound form is likely associated with microtubular structures. Localizes with microtubules at the spindle mid-zone during mitosis (By similarity). In dendritic cells, localizes to MHC II+ compartments (PubMed:25637027). {ECO:0000250|UniProtKB:Q9NVJ2, ECO:0000269|PubMed:25637027}.",NA,NA,Cell cycle;Cell division;Cell projection;Chromosome partition;Cytoplasm;Cytoskeleton;Endosome;GTP-binding;Hydrolase;Isopeptide bond;Lysosome;Membrane;Mitosis;Nucleotide-binding;Protein transport;Reference proteome;Synapse;Transport;Ubl conjugation,Evidence at protein level,186
Q9CQW9,Ifitm3,"SUBCELLULAR LOCATION: Cell membrane {ECO:0000250|UniProtKB:Q01628}; Single-pass type II membrane protein {ECO:0000250|UniProtKB:Q01628}. Late endosome membrane {ECO:0000269|PubMed:33270927}; Single-pass type II membrane protein {ECO:0000250|UniProtKB:Q01628}. Early endosome membrane {ECO:0000269|PubMed:33270927}; Single-pass type II membrane protein {ECO:0000250|UniProtKB:Q01628}. Lysosome membrane {ECO:0000269|PubMed:33270927}; Single-pass type II membrane protein {ECO:0000250|UniProtKB:Q01628}. Cytoplasm, perinuclear region {ECO:0000250|UniProtKB:Q01628}. Note=Co-localizes with BRI3 isoform 1 at the perinuclear region. {ECO:0000250|UniProtKB:Q01628}.",NA,NA,Antiviral defense;Cell membrane;Cytoplasm;Endosome;Immunity;Innate immunity;Isopeptide bond;Lipoprotein;Lysosome;Membrane;Palmitate;Phosphoprotein;Reference proteome;Signal-anchor;Transmembrane;Transmembrane helix;Ubl conjugation,Evidence at protein level,137
Q9CQY5,Magt1,SUBCELLULAR LOCATION: Cell membrane {ECO:0000250|UniProtKB:Q9H0U3}; Multi-pass membrane protein {ECO:0000250|UniProtKB:Q9H0U3}. Endoplasmic reticulum {ECO:0000250|UniProtKB:Q9H0U3}. Endoplasmic reticulum membrane {ECO:0000250}; Multi-pass membrane protein {ECO:0000250}.,NA,"SIGNAL 1..29; /evidence=""ECO:0000255""",Alternative splicing;Cell membrane;Disulfide bond;Endoplasmic reticulum;Glycoprotein;Magnesium;Membrane;Reference proteome;Signal;Transmembrane;Transmembrane helix;Transport,Evidence at protein level,335
Q9CQY6,Uqcc2,"SUBCELLULAR LOCATION: Mitochondrion matrix, mitochondrion nucleoid {ECO:0000250}. Mitochondrion {ECO:0000269|PubMed:22363741}. Mitochondrion intermembrane space {ECO:0000269|PubMed:22363741}. Mitochondrion matrix {ECO:0000269|PubMed:22363741}. Mitochondrion inner membrane {ECO:0000269|PubMed:22363741}. Note=Predominantly expressed in the mitochondrial inner membrane.","TRANSIT 1..13; /note=""Mitochondrion""; /evidence=""ECO:0000269|PubMed:22363741""",NA,Membrane;Mitochondrion;Mitochondrion inner membrane;Mitochondrion nucleoid;Reference proteome;Transit peptide,Evidence at protein level,136
Q9CR24,Nudt8,SUBCELLULAR LOCATION: Mitochondrion {ECO:0000269|PubMed:31004344}.,NA,NA,Hydrolase;Magnesium;Manganese;Metal-binding;Mitochondrion;Reference proteome,Evidence at protein level,210
Q9CR57,Rpl14,SUBCELLULAR LOCATION: Cytoplasm {ECO:0000269|PubMed:36517592}.,NA,NA,3D-structure;Acetylation;Cytoplasm;Isopeptide bond;Phosphoprotein;Reference proteome;Repeat;Ribonucleoprotein;Ribosomal protein;Ubl conjugation,Evidence at protein level,217
Q9CQ91,Ndufa3,SUBCELLULAR LOCATION: Mitochondrion inner membrane {ECO:0000269|PubMed:38575788}; Single-pass membrane protein {ECO:0000255}.,NA,NA,3D-structure;Acetylation;Direct protein sequencing;Electron transport;Membrane;Mitochondrion;Mitochondrion inner membrane;Reference proteome;Respiratory chain;Transmembrane;Transmembrane helix;Transport,Evidence at protein level,84
Q9CQC7,Ndufb4,SUBCELLULAR LOCATION: Mitochondrion inner membrane {ECO:0000269|PubMed:38575788}; Single-pass membrane protein {ECO:0000255}; Matrix side {ECO:0000250|UniProtKB:O95168}.,NA,NA,3D-structure;Acetylation;Direct protein sequencing;Electron transport;Membrane;Mitochondrion;Mitochondrion inner membrane;Phosphoprotein;Reference proteome;Respiratory chain;Transmembrane;Transmembrane helix;Transport,Evidence at protein level,129
Q9CQH3,Ndufb5,SUBCELLULAR LOCATION: Mitochondrion inner membrane {ECO:0000269|PubMed:38575788}; Single-pass membrane protein {ECO:0000250|UniProtKB:O43674}; Matrix side {ECO:0000250|UniProtKB:O43674}.,"TRANSIT 1..46; /note=""Mitochondrion""; /evidence=""ECO:0000250""",NA,3D-structure;Direct protein sequencing;Electron transport;Membrane;Mitochondrion;Mitochondrion inner membrane;Reference proteome;Respiratory chain;Transit peptide;Transmembrane;Transmembrane helix;Transport,Evidence at protein level,189
Q9CQJ8,Ndufb9,SUBCELLULAR LOCATION: Mitochondrion inner membrane {ECO:0000269|PubMed:38575788}; Peripheral membrane protein {ECO:0000269|PubMed:38575788}; Matrix side {ECO:0000269|PubMed:38575788}.,NA,NA,3D-structure;Acetylation;Direct protein sequencing;Electron transport;Membrane;Mitochondrion;Mitochondrion inner membrane;Phosphoprotein;Reference proteome;Respiratory chain;Transport,Evidence at protein level,179
Q9CQM5,Txndc17,SUBCELLULAR LOCATION: Cytoplasm {ECO:0000250}.,NA,NA,3D-structure;Acetylation;Cytoplasm;Disulfide bond;Redox-active center;Reference proteome,Evidence at protein level,123
Q9CQN1,Trap1,SUBCELLULAR LOCATION: Mitochondrion {ECO:0000250}. Mitochondrion inner membrane {ECO:0000250}. Mitochondrion matrix {ECO:0000250}.,"TRANSIT 1..60; /note=""Mitochondrion""; /evidence=""ECO:0000250""",NA,Acetylation;ATP-binding;Chaperone;Direct protein sequencing;Membrane;Mitochondrion;Mitochondrion inner membrane;Nucleotide-binding;Phosphoprotein;Reference proteome;Transit peptide,Evidence at protein level,706
Q9CQV1,Pam16,SUBCELLULAR LOCATION: Mitochondrion inner membrane {ECO:0000250|UniProtKB:Q9Y3D7}; Peripheral membrane protein {ECO:0000250|UniProtKB:Q9Y3D7}; Matrix side {ECO:0000250|UniProtKB:Q9Y3D7}.,NA,NA,Membrane;Mitochondrion;Mitochondrion inner membrane;Phosphoprotein;Protein transport;Reference proteome;Translocation;Transport,Evidence at protein level,125
Q9CQX2,Cyb5b,SUBCELLULAR LOCATION: Mitochondrion outer membrane {ECO:0000250|UniProtKB:P04166}.,NA,NA,Acetylation;Electron transport;Heme;Iron;Membrane;Metal-binding;Mitochondrion;Mitochondrion outer membrane;Phosphoprotein;Reference proteome;Transmembrane;Transmembrane helix;Transport,Evidence at protein level,146
Q9CQX8,Kgd4,"SUBCELLULAR LOCATION: Mitochondrion {ECO:0000269|PubMed:36854377, ECO:0000305|PubMed:25165143}.",NA,NA,Acetylation;Mitochondrion;Phosphoprotein;Reference proteome;Tricarboxylic acid cycle,Evidence at protein level,102
Q9CQZ5,Ndufa6,SUBCELLULAR LOCATION: Mitochondrion inner membrane {ECO:0000269|PubMed:38575788}; Peripheral membrane protein {ECO:0000269|PubMed:38575788}; Matrix side {ECO:0000269|PubMed:38575788}.,NA,NA,3D-structure;Direct protein sequencing;Electron transport;Membrane;Mitochondrion;Mitochondrion inner membrane;Reference proteome;Respiratory chain;Transport,Evidence at protein level,131
Q9CQZ6,Ndufb3,SUBCELLULAR LOCATION: Mitochondrion inner membrane {ECO:0000269|PubMed:38575788}; Single-pass membrane protein {ECO:0000250|UniProtKB:O43676}; Matrix side {ECO:0000250|UniProtKB:O43676}.,NA,NA,3D-structure;Acetylation;Direct protein sequencing;Electron transport;Membrane;Methylation;Mitochondrion;Mitochondrion inner membrane;Reference proteome;Respiratory chain;Transmembrane;Transmembrane helix;Transport,Evidence at protein level,104
Q9CR09,Ufc1,NA,NA,NA,Isopeptide bond;Reference proteome;Ubl conjugation;Ubl conjugation pathway,Evidence at protein level,167
Q9CQ85,Timm22,SUBCELLULAR LOCATION: Mitochondrion inner membrane {ECO:0000250|UniProtKB:Q9Y584}; Multi-pass membrane protein {ECO:0000255}.,NA,NA,Disulfide bond;Membrane;Mitochondrion;Mitochondrion inner membrane;Protein transport;Reference proteome;Translocation;Transmembrane;Transmembrane helix;Transport,Evidence at protein level,194
Q9CQA6,Chchd1,SUBCELLULAR LOCATION: Mitochondrion {ECO:0000250|UniProtKB:Q96BP2}. Nucleus {ECO:0000250|UniProtKB:Q96BP2}.,NA,NA,3D-structure;Disulfide bond;Mitochondrion;Nucleus;Reference proteome;Ribonucleoprotein;Ribosomal protein,Evidence at protein level,118
Q9CQF0,Mrpl11,SUBCELLULAR LOCATION: Mitochondrion {ECO:0000269|PubMed:11279069}.,"TRANSIT 1..?; /note=""Mitochondrion""; /evidence=""ECO:0000255""",NA,3D-structure;Mitochondrion;Reference proteome;Ribonucleoprotein;Ribosomal protein;Transit peptide,Evidence at protein level,192
Q9CQF4,Mtres1,SUBCELLULAR LOCATION: Mitochondrion matrix {ECO:0000250|UniProtKB:Q9P0P8}.,"TRANSIT 1..83; /note=""Mitochondrion""; /evidence=""ECO:0000250|UniProtKB:Q9P0P8""",NA,Mitochondrion;Phosphoprotein;Reference proteome;Transcription;Transcription regulation;Transit peptide,Evidence at protein level,240
Q9CQF8,Mrpl57,SUBCELLULAR LOCATION: Mitochondrion {ECO:0000250}.,NA,NA,3D-structure;Mitochondrion;Reference proteome;Ribonucleoprotein;Ribosomal protein,Evidence at protein level,102
Q9CQJ6,Denr,SUBCELLULAR LOCATION: Cytoplasm {ECO:0000250|UniProtKB:O43583}.,NA,NA,Acetylation;Cytoplasm;Initiation factor;Phosphoprotein;Protein biosynthesis;Reference proteome,Evidence at protein level,198
Q9CQL5,Mrpl18,SUBCELLULAR LOCATION: Mitochondrion {ECO:0000250|UniProtKB:Q9H0U6}.,"TRANSIT 1..?; /note=""Mitochondrion""; /evidence=""ECO:0000255""",NA,3D-structure;Chaperone;Mitochondrion;Reference proteome;Ribonucleoprotein;Ribosomal protein;RNA-binding;Transit peptide;Transport,Evidence at protein level,180
Q9CQN6,Tmem14c,SUBCELLULAR LOCATION: Mitochondrion membrane {ECO:0000250}; Multi-pass membrane protein {ECO:0000250}.,NA,NA,Direct protein sequencing;Heme biosynthesis;Membrane;Mitochondrion;Reference proteome;Transmembrane;Transmembrane helix,Evidence at protein level,114
Q9CQN7,Mrpl41,SUBCELLULAR LOCATION: Mitochondrion {ECO:0000250|UniProtKB:Q8IXM3}.,"TRANSIT 1..13; /note=""Mitochondrion""; /evidence=""ECO:0000250""",NA,3D-structure;Apoptosis;Cell cycle;Mitochondrion;Reference proteome;Ribonucleoprotein;Ribosomal protein;Transit peptide,Evidence at protein level,135
Q9CQQ7,Atp5pb,SUBCELLULAR LOCATION: Mitochondrion. Mitochondrion inner membrane.,"TRANSIT 1..42; /note=""Mitochondrion""; /evidence=""ECO:0000250""",NA,Acetylation;CF(0);Direct protein sequencing;Hydrogen ion transport;Ion transport;Membrane;Mitochondrion;Mitochondrion inner membrane;Reference proteome;Transit peptide;Transport,Evidence at protein level,256
Q9CQU0,Txndc12,"SUBCELLULAR LOCATION: Endoplasmic reticulum lumen {ECO:0000255|PROSITE-ProRule:PRU10138, ECO:0000269|PubMed:12930873}.",NA,"SIGNAL 1..24; /evidence=""ECO:0000250|UniProtKB:O95881""",Disulfide bond;Endoplasmic reticulum;Glycoprotein;Oxidoreductase;Redox-active center;Reference proteome;Signal,Evidence at protein level,170
Q9CQW0,Emc6,SUBCELLULAR LOCATION: Endoplasmic reticulum membrane {ECO:0000250|UniProtKB:Q9BV81}; Multi-pass membrane protein {ECO:0000250|UniProtKB:Q9BV81}.,NA,NA,Acetylation;Endoplasmic reticulum;Membrane;Reference proteome;Transmembrane;Transmembrane helix,Evidence at protein level,110
Q9CR00,Psmd9,NA,NA,NA,Chaperone;Phosphoprotein;Reference proteome,Evidence at protein level,222
Q9CR59,Gadd45gip1,"SUBCELLULAR LOCATION: Mitochondrion {ECO:0000250|UniProtKB:Q8TAE8}. Nucleus {ECO:0000250|UniProtKB:Q8TAE8}. Note=Using N-terminally tagged constructs, has been found in the nucleus. C-terminally tagged constructs are targeted exclusively to mitochondria. This discrepancy may be explained by masking of a potential N-terminal mitochondrial targeting signal by the tag. {ECO:0000250|UniProtKB:Q8TAE8}.",NA,NA,3D-structure;Cell cycle;Coiled coil;Mitochondrion;Nucleus;Reference proteome;Ribonucleoprotein;Ribosomal protein,Evidence at protein level,222
Q9CQB4,Uqcrb,SUBCELLULAR LOCATION: Mitochondrion inner membrane {ECO:0000256|ARBA:ARBA00004443}; Peripheral membrane protein {ECO:0000256|ARBA:ARBA00004443}; Matrix side {ECO:0000256|ARBA:ARBA00004443}.,NA,NA,3D-structure;Electron transport;Membrane;Mitochondrion;Mitochondrion inner membrane;Respiratory chain;Transport,Evidence at protein level,111
Q9CQH7,Btf3l4,NA,NA,NA,Methylation;Phosphoprotein;Reference proteome,Evidence at protein level,158
Q9CQL6,Mrpl35,SUBCELLULAR LOCATION: Mitochondrion {ECO:0000250}.,"TRANSIT 1..?; /note=""Mitochondrion""; /evidence=""ECO:0000255""",NA,3D-structure;Mitochondrion;Reference proteome;Ribonucleoprotein;Ribosomal protein;Transit peptide,Evidence at protein level,188
Q9CQP3,Chchd5,SUBCELLULAR LOCATION: Mitochondrion intermembrane space {ECO:0000305}.,NA,NA,Acetylation;Disulfide bond;Mitochondrion;Reference proteome,Evidence at protein level,110
Q9CR29,Ccdc43,NA,NA,NA,Alternative splicing;Coiled coil;Isopeptide bond;Phosphoprotein;Reference proteome;Ubl conjugation,Evidence at protein level,222
Q9CR61,Ndufb7,SUBCELLULAR LOCATION: Mitochondrion inner membrane {ECO:0000269|PubMed:38575788}; Peripheral membrane protein {ECO:0000269|PubMed:38575788}. Mitochondrion intermembrane space {ECO:0000269|PubMed:38575788}.,NA,NA,3D-structure;Direct protein sequencing;Disulfide bond;Electron transport;Lipoprotein;Membrane;Mitochondrion;Mitochondrion inner membrane;Myristate;Phosphoprotein;Reference proteome;Respiratory chain;Transport,Evidence at protein level,137
Q9CR62,Slc25a11,SUBCELLULAR LOCATION: Mitochondrion inner membrane {ECO:0000250|UniProtKB:P97700}; Multi-pass membrane protein {ECO:0000255}.,NA,NA,Acetylation;Antiport;Direct protein sequencing;Membrane;Mitochondrion;Mitochondrion inner membrane;Phosphoprotein;Reference proteome;Repeat;Transmembrane;Transmembrane helix;Transport,Evidence at protein level,314
Q9CR68,Uqcrfs1,"SUBCELLULAR LOCATION: Mitochondrion inner membrane {ECO:0000269|PubMed:34616041, ECO:0000269|PubMed:38575788}; Single-pass membrane protein {ECO:0000269|PubMed:34616041, ECO:0000269|PubMed:38575788}.",NA,NA,2Fe-2S;3D-structure;Direct protein sequencing;Disulfide bond;Electron transport;Iron;Iron-sulfur;Membrane;Metal-binding;Mitochondrion;Mitochondrion inner membrane;Reference proteome;Respiratory chain;Transit peptide;Translocase;Transmembrane;Transmembrane helix;Transport,Evidence at protein level,274
Q9CRB9,Chchd3,SUBCELLULAR LOCATION: Mitochondrion inner membrane {ECO:0000269|PubMed:21081504}; Lipid-anchor {ECO:0000269|PubMed:21081504}; Intermembrane side {ECO:0000269|PubMed:21081504}. Cytoplasm {ECO:0000250|UniProtKB:Q9NX63}. Nucleus {ECO:0000250|UniProtKB:Q9NX63}. Mitochondrion {ECO:0000250|UniProtKB:Q9NX63}.,NA,NA,Acetylation;Cytoplasm;Direct protein sequencing;Disulfide bond;Lipoprotein;Membrane;Mitochondrion;Mitochondrion inner membrane;Myristate;Nucleus;Phosphoprotein;Reference proteome;Repressor;Transcription;Transcription regulation,Evidence at protein level,227
Q9CRC0,Vkorc1,SUBCELLULAR LOCATION: Endoplasmic reticulum membrane {ECO:0000250|UniProtKB:Q9BQB6}; Multi-pass membrane protein {ECO:0000250|UniProtKB:Q9BQB6}.,NA,NA,Disulfide bond;Endoplasmic reticulum;Membrane;Oxidoreductase;Quinone;Redox-active center;Reference proteome;Transmembrane;Transmembrane helix,Evidence at protein level,161
Q9CRD0,Ociad1,"SUBCELLULAR LOCATION: Endosome {ECO:0000269|PubMed:12889067, ECO:0000269|PubMed:23972987}.",NA,NA,Alternative splicing;Endosome;Phosphoprotein;Reference proteome,Evidence at protein level,247
Q9CRY7,Gdpd1,"SUBCELLULAR LOCATION: Cytoplasm {ECO:0000250|UniProtKB:Q8N9F7}. Membrane {ECO:0000269|PubMed:25596343}; Multi-pass membrane protein {ECO:0000255}. Cytoplasm, perinuclear region {ECO:0000269|PubMed:25596343}. Endoplasmic reticulum {ECO:0000250|UniProtKB:Q8N9F7}. Note=Concentrated at the perinuclear region and the cell periphery. {ECO:0000250|UniProtKB:Q8N9F7}.",NA,NA,Cytoplasm;Endoplasmic reticulum;Hydrolase;Lipid metabolism;Membrane;Metal-binding;Reference proteome;Transmembrane;Transmembrane helix,Evidence at protein level,314
Q9CTY5,Micu3,SUBCELLULAR LOCATION: Mitochondrion intermembrane space {ECO:0000305|PubMed:18614015}. Mitochondrion inner membrane {ECO:0000250|UniProtKB:Q8IYU8}. Note=Recruited to the mitochondrial inner membrane via its association with the uniplex complex. {ECO:0000250|UniProtKB:Q8IYU8}.,"TRANSIT 1..6; /note=""Mitochondrion""; /evidence=""ECO:0000255""",NA,Calcium;Disulfide bond;Membrane;Metal-binding;Mitochondrion;Mitochondrion inner membrane;Reference proteome;Repeat;Transit peptide,Evidence at protein level,523
Q9CWF2,Tubb2b,"SUBCELLULAR LOCATION: Cytoplasm, cytoskeleton {ECO:0000250|UniProtKB:Q9BVA1}.",NA,NA,3D-structure;Acetylation;Cytoplasm;Cytoskeleton;Direct protein sequencing;GTP-binding;Isopeptide bond;Magnesium;Metal-binding;Methylation;Microtubule;Neurogenesis;Nucleotide-binding;Phosphoprotein;Reference proteome;Ubl conjugation,Evidence at protein level,445
Q9CWJ9,Atic,"SUBCELLULAR LOCATION: Cytoplasm, cytosol {ECO:0000250|UniProtKB:P54113}.",NA,NA,Acetylation;Cytoplasm;Direct protein sequencing;Hydrolase;Multifunctional enzyme;Purine biosynthesis;Reference proteome;Transferase,Evidence at protein level,592
Q9CWK8,Snx2,"SUBCELLULAR LOCATION: Early endosome membrane; Peripheral membrane protein; Cytoplasmic side {ECO:0000250|UniProtKB:O60749}. Cell projection, lamellipodium. Note=Colocalized with SORT1 to tubular endosomal membrane structures called endosome-to-TGN transport carriers (ETCs) which are budding from early endosome vacuoles just before maturing into late endosome vacuoles. Colocalized with F-actin at the leading edge of lamellipodia in cells in a KALRN-dependent manner (By similarity). {ECO:0000250|UniProtKB:O60749}.",NA,NA,Acetylation;Cell projection;Endosome;Lipid-binding;Membrane;Phosphoprotein;Protein transport;Reference proteome;Transport,Evidence at protein level,519
Q9CWS0,Ddah1,NA,NA,NA,Acetylation;Direct protein sequencing;Hydrolase;Metal-binding;Phosphoprotein;Reference proteome;S-nitrosylation;Zinc,Evidence at protein level,285
Q9CWW6,Pin4,"SUBCELLULAR LOCATION: Nucleus, nucleolus {ECO:0000250}. Cytoplasm, cytoskeleton, spindle {ECO:0000250}. Cytoplasm {ECO:0000250}. Note=Colocalizes in the nucleolus during interphase and on the spindle apparatus during mitosis with NPM1. {ECO:0000250}.",NA,NA,Cytoplasm;Cytoskeleton;DNA-binding;Isomerase;Nucleus;Phosphoprotein;Reference proteome;Rotamase,Evidence at protein level,131
Q9CX30,Yif1b,"SUBCELLULAR LOCATION: Endoplasmic reticulum membrane {ECO:0000269|PubMed:33103737}; Multi-pass membrane protein {ECO:0000255}. Golgi apparatus membrane {ECO:0000269|PubMed:33103737}; Multi-pass membrane protein {ECO:0000255}. Note=Shuttles between the endoplasmic reticulum, the intermediate compartment and the Golgi apparatus. {ECO:0000250|UniProtKB:Q6PEC3}.",NA,NA,Acetylation;Alternative splicing;Endoplasmic reticulum;Golgi apparatus;Membrane;Phosphoprotein;Protein transport;Reference proteome;Transmembrane;Transmembrane helix;Transport,Evidence at protein level,311
Q9CX34,Sugt1,"SUBCELLULAR LOCATION: Cytoplasm {ECO:0000250}. Nucleus {ECO:0000250}. Note=Translocates the to nucleus upon heat shock, requiring S100A6. {ECO:0000250}.",NA,NA,Acetylation;Cytoplasm;Isopeptide bond;Nucleus;Phosphoprotein;Reference proteome;Repeat;TPR repeat;Ubl conjugation;Ubl conjugation pathway,Evidence at protein level,336
Q9CXI5,Manf,"SUBCELLULAR LOCATION: Secreted {ECO:0000269|PubMed:17507765, ECO:0000269|PubMed:23956175, ECO:0000269|PubMed:30710085}. Endoplasmic reticulum lumen {ECO:0000269|PubMed:23956175, ECO:0000269|PubMed:36739529}. Sarcoplasmic reticulum lumen {ECO:0000250|UniProtKB:P55145}. Note=Retained in the endoplasmic reticulum (ER), and sarcoplasmic reticulum (SR) under normal conditions. Up-regulated and secreted by the ER/SR in response to ER stress and hypoxia. {ECO:0000250|UniProtKB:P55145}.",NA,"SIGNAL 1..21; /evidence=""ECO:0000250""",3D-structure;Disulfide bond;Endoplasmic reticulum;Growth factor;Lipid-binding;Phosphoprotein;Reference proteome;Sarcoplasmic reticulum;Secreted;Signal;Stress response;Unfolded protein response,Evidence at protein level,179
Q9CXJ4,Abcb8,SUBCELLULAR LOCATION: Mitochondrion inner membrane {ECO:0000250|UniProtKB:Q9NUT2}; Multi-pass membrane protein {ECO:0000255|PROSITE-ProRule:PRU00441}.,"TRANSIT 1..25; /note=""Mitochondrion""; /evidence=""ECO:0000255""",NA,ATP-binding;Ion transport;Membrane;Mitochondrion;Mitochondrion inner membrane;Nucleotide-binding;Potassium;Potassium transport;Reference proteome;Transit peptide;Transmembrane;Transmembrane helix;Transport,Evidence at protein level,717
Q9CXV1,Sdhd,SUBCELLULAR LOCATION: Mitochondrion inner membrane {ECO:0000250|UniProtKB:O14521}; Multi-pass membrane protein {ECO:0000255}.,"TRANSIT 1..56; /note=""Mitochondrion""; /evidence=""ECO:0000255""",NA,Electron transport;Heme;Iron;Membrane;Metal-binding;Mitochondrion;Mitochondrion inner membrane;Reference proteome;Transit peptide;Transmembrane;Transmembrane helix;Transport;Tricarboxylic acid cycle,Evidence at protein level,159
Q9CXW4,Rpl11,"SUBCELLULAR LOCATION: Nucleus, nucleolus {ECO:0000269|PubMed:15195100, ECO:0000269|PubMed:21804542}. Cytoplasm {ECO:0000269|PubMed:21804542, ECO:0000269|PubMed:36517592}.",NA,NA,3D-structure;Acetylation;Cytoplasm;Isopeptide bond;Nucleus;Phosphoprotein;Reference proteome;Ribonucleoprotein;Ribosomal protein;RNA-binding;rRNA-binding;Ubl conjugation,Evidence at protein level,178
Q9CXZ1,Ndufs4,SUBCELLULAR LOCATION: Mitochondrion inner membrane {ECO:0000269|PubMed:38575788}; Peripheral membrane protein {ECO:0000269|PubMed:38575788}; Matrix side {ECO:0000269|PubMed:38575788}. Note=The interaction with BCAP31 mediates mitochondria localization. {ECO:0000250|UniProtKB:O43181}.,"TRANSIT 1..42; /note=""Mitochondrion""; /evidence=""ECO:0000250""",NA,3D-structure;Direct protein sequencing;Electron transport;Membrane;Mitochondrion;Mitochondrion inner membrane;Phosphoprotein;Reference proteome;Respiratory chain;Transit peptide;Transport,Evidence at protein level,175
Q9CY27,Tecr,SUBCELLULAR LOCATION: Endoplasmic reticulum membrane {ECO:0000250|UniProtKB:Q9NZ01}; Multi-pass membrane protein {ECO:0000255}.,NA,NA,Acetylation;Endoplasmic reticulum;Fatty acid biosynthesis;Fatty acid metabolism;Lipid biosynthesis;Lipid metabolism;Membrane;NADP;Oxidoreductase;Phosphoprotein;Reference proteome;Sphingolipid metabolism;Steroid biosynthesis;Transmembrane;Transmembrane helix,Evidence at protein level,308
Q9CY57,Chtop,"SUBCELLULAR LOCATION: Nucleus {ECO:0000269|PubMed:19254951}. Nucleus, nucleolus {ECO:0000269|PubMed:19254951}. Nucleus, nucleoplasm {ECO:0000269|PubMed:19858291, ECO:0000269|PubMed:22872859}. Nucleus speckle {ECO:0000269|PubMed:19858291}. Note=Mostly associated with facultative heterochromatin. Localizes to regions surrounding nuclear speckles known as perispeckles in which TREX complex assembly seems to occur (By similarity). {ECO:0000250|UniProtKB:Q9Y3Y2, ECO:0000269|PubMed:19858291}.",NA,NA,Acetylation;Alternative splicing;Isopeptide bond;Methylation;Nucleus;Phosphoprotein;Reference proteome;RNA-binding;Transcription;Transcription regulation;Ubl conjugation,Evidence at protein level,249
Q9CY58,Serbp1,"SUBCELLULAR LOCATION: Cytoplasm {ECO:0000250|UniProtKB:Q8NC51}. Nucleus {ECO:0000250|UniProtKB:Q8NC51}. Cytoplasm, perinuclear region {ECO:0000250|UniProtKB:Q8NC51}.",NA,NA,3D-structure;Acetylation;Alternative splicing;Cytoplasm;Isopeptide bond;Methylation;Nucleus;Phosphoprotein;Reference proteome;RNA-binding;Translation regulation;Ubl conjugation,Evidence at protein level,407
Q9CY64,Blvra,"SUBCELLULAR LOCATION: Cytoplasm, cytosol {ECO:0000250|UniProtKB:P53004}.",NA,NA,Acetylation;Cytoplasm;Metal-binding;NAD;NADP;Oxidoreductase;Phosphoprotein;Reference proteome;Zinc,Evidence at protein level,295
Q9CZ13,Uqcrc1,"SUBCELLULAR LOCATION: Mitochondrion inner membrane {ECO:0000269|PubMed:34616041, ECO:0000269|PubMed:38575788}; Peripheral membrane protein {ECO:0000269|PubMed:34616041, ECO:0000269|PubMed:38575788}; Matrix side {ECO:0000269|PubMed:34616041, ECO:0000269|PubMed:38575788}.","TRANSIT 1..34; /note=""Mitochondrion""; /evidence=""ECO:0000250""",NA,3D-structure;Acetylation;Direct protein sequencing;Electron transport;Membrane;Mitochondrion;Mitochondrion inner membrane;Phosphoprotein;Reference proteome;Respiratory chain;Transit peptide;Transport,Evidence at protein level,480
Q9CRB6,Tppp3,"SUBCELLULAR LOCATION: Cytoplasm {ECO:0000250|UniProtKB:Q9BW30}. Cytoplasm, cytoskeleton {ECO:0000250|UniProtKB:Q9BW30}.",NA,NA,3D-structure;Acetylation;Cytoplasm;Cytoskeleton;Microtubule;Reference proteome,Evidence at protein level,176
Q9CWZ7,Napg,SUBCELLULAR LOCATION: Membrane {ECO:0000250|UniProtKB:P81127}; Peripheral membrane protein {ECO:0000250|UniProtKB:P81127}. Golgi apparatus {ECO:0000269|PubMed:9705316}.,NA,NA,ER-Golgi transport;Golgi apparatus;Membrane;Phosphoprotein;Protein transport;Reference proteome;Transport,Evidence at protein level,312
Q9CXF4,Tbc1d15,SUBCELLULAR LOCATION: Cytoplasm {ECO:0000269|PubMed:16055087}.,NA,NA,Acetylation;Cytoplasm;GTPase activation;Phosphoprotein;Reference proteome,Evidence at protein level,671
Q9CXI0,Coq5,SUBCELLULAR LOCATION: Mitochondrion inner membrane {ECO:0000255|HAMAP-Rule:MF_03191}; Peripheral membrane protein {ECO:0000255|HAMAP-Rule:MF_03191}; Matrix side {ECO:0000255|HAMAP-Rule:MF_03191}.,"TRANSIT 1..49; /note=""Mitochondrion""; /evidence=""ECO:0000255|HAMAP-Rule:MF_03191""",NA,Membrane;Methyltransferase;Mitochondrion;Mitochondrion inner membrane;Reference proteome;S-adenosyl-L-methionine;Transferase;Transit peptide;Ubiquinone biosynthesis,Evidence at protein level,327
Q9CXT8,Pmpcb,SUBCELLULAR LOCATION: Mitochondrion matrix {ECO:0000250|UniProtKB:O75439}.,"TRANSIT 1..45; /note=""Mitochondrion""; /evidence=""ECO:0000250|UniProtKB:O75439""",NA,Hydrolase;Metal-binding;Metalloprotease;Mitochondrion;Protease;Reference proteome;Transit peptide;Zinc,Evidence at protein level,489
Q9CXY9,Pigk,SUBCELLULAR LOCATION: Endoplasmic reticulum membrane {ECO:0000250|UniProtKB:Q92643}; Single-pass type I membrane protein {ECO:0000250|UniProtKB:Q92643}.,NA,"SIGNAL 1..27; /evidence=""ECO:0000250|UniProtKB:Q92643""",Calcium;Disulfide bond;Endoplasmic reticulum;GPI-anchor biosynthesis;Membrane;Metal-binding;Reference proteome;Signal;Transferase;Transmembrane;Transmembrane helix,Evidence at protein level,395
Q9CY50,Ssr1,SUBCELLULAR LOCATION: Endoplasmic reticulum membrane {ECO:0000250}; Single-pass type I membrane protein {ECO:0000250}.,NA,"SIGNAL 1..21; /evidence=""ECO:0000255""",Calcium;Endoplasmic reticulum;Glycoprotein;Membrane;Phosphoprotein;Reference proteome;Signal;Transmembrane;Transmembrane helix,Evidence at protein level,286
Q9CYG7,Tomm34,SUBCELLULAR LOCATION: Cytoplasm {ECO:0000250}. Mitochondrion outer membrane {ECO:0000250}; Peripheral membrane protein {ECO:0000250}; Cytoplasmic side {ECO:0000250}.,NA,NA,Alternative splicing;Chaperone;Cytoplasm;Isopeptide bond;Membrane;Mitochondrion;Mitochondrion outer membrane;Phosphoprotein;Reference proteome;Repeat;TPR repeat;Ubl conjugation,Evidence at protein level,309
Q9CYR0,Ssbp1,"SUBCELLULAR LOCATION: Mitochondrion {ECO:0000269|PubMed:31298765}. Mitochondrion matrix, mitochondrion nucleoid {ECO:0000269|PubMed:31298765}.","TRANSIT 1..16; /note=""Mitochondrion""; /evidence=""ECO:0000250|UniProtKB:Q04837""",NA,Acetylation;DNA replication;DNA-binding;Mitochondrion;Mitochondrion nucleoid;Phosphoprotein;Reference proteome;Transit peptide,Evidence at protein level,152
Q9CYT6,Cap2,SUBCELLULAR LOCATION: Cell membrane {ECO:0000250}; Peripheral membrane protein {ECO:0000250}.,NA,NA,Cell membrane;Membrane;Phosphoprotein;Reference proteome,Evidence at protein level,476
Q9CR60,Golt1b,SUBCELLULAR LOCATION: Golgi apparatus membrane {ECO:0000250}; Multi-pass membrane protein {ECO:0000250}.,NA,NA,Acetylation;Golgi apparatus;Membrane;Protein transport;Reference proteome;Transmembrane;Transmembrane helix;Transport,Evidence at protein level,138
Q9CR98,Timcc,SUBCELLULAR LOCATION: Mitochondrion intermembrane space {ECO:0000250|UniProtKB:Q96C01}.,NA,NA,Acetylation;Disulfide bond;Mitochondrion;Phosphoprotein;Reference proteome,Evidence at protein level,138
Q9CRB8,Mtfp1,SUBCELLULAR LOCATION: Mitochondrion inner membrane {ECO:0000250|UniProtKB:Q9UDX5}; Multi-pass membrane protein {ECO:0000250|UniProtKB:Q9UDX5}. Note=Assembles into discrete subdomains known as small MTFP1-enriched mitochondria (SMEM). {ECO:0000250|UniProtKB:Q9UDX5}.,NA,NA,Direct protein sequencing;Membrane;Mitochondrion;Mitochondrion inner membrane;Reference proteome;Transmembrane;Transmembrane helix,Evidence at protein level,166
Q9CRD2,Emc2,SUBCELLULAR LOCATION: Endoplasmic reticulum membrane {ECO:0000250|UniProtKB:Q15006}; Peripheral membrane protein {ECO:0000250|UniProtKB:Q15006}; Cytoplasmic side {ECO:0000250|UniProtKB:Q15006}. Note=May also localize to the nuclear envelope. {ECO:0000269|PubMed:11593002}.,NA,NA,Acetylation;Endoplasmic reticulum;Membrane;Reference proteome;Repeat;TPR repeat;Ubl conjugation,Evidence at protein level,297
Q9CWE0,Mtfr1l,SUBCELLULAR LOCATION: Mitochondrion outer membrane {ECO:0000269|PubMed:36367943}; Peripheral membrane protein {ECO:0000269|PubMed:36367943}; Cytoplasmic side {ECO:0000269|PubMed:36367943}.,NA,NA,Alternative splicing;Membrane;Mitochondrion;Mitochondrion outer membrane;Phosphoprotein;Reference proteome,Evidence at protein level,289
Q9CWX2,Ndufaf1,SUBCELLULAR LOCATION: Mitochondrion {ECO:0000250|UniProtKB:Q9Y375}. Mitochondrion matrix {ECO:0000250|UniProtKB:Q9Y375}. Note=Periferally associated with the matrix face of the mitochondrial inner membrane. {ECO:0000250|UniProtKB:Q9Y375}.,"TRANSIT 1..24; /note=""Mitochondrion""; /evidence=""ECO:0000255""",NA,Chaperone;Mitochondrion;Phosphoprotein;Reference proteome;Transit peptide,Evidence at protein level,328
Q9CXE7,Tmed5,"SUBCELLULAR LOCATION: Endoplasmic reticulum membrane {ECO:0000250}; Single-pass type I membrane protein {ECO:0000250}. Golgi apparatus, cis-Golgi network membrane {ECO:0000250}; Single-pass type I membrane protein {ECO:0000250}. Endoplasmic reticulum-Golgi intermediate compartment membrane {ECO:0000250}; Single-pass type I membrane protein {ECO:0000250}. Note=Probably cycles between compartments of the early secretatory pathway. {ECO:0000250}.",NA,"SIGNAL 1..27; /evidence=""ECO:0000255""",3D-structure;Endoplasmic reticulum;Golgi apparatus;Membrane;Protein transport;Reference proteome;Signal;Transmembrane;Transmembrane helix;Transport,Evidence at protein level,229
Q9CXW2,Mrps22,SUBCELLULAR LOCATION: Mitochondrion {ECO:0000250|UniProtKB:P82649}.,NA,NA,3D-structure;Acetylation;Mitochondrion;Phosphoprotein;Reference proteome;Ribonucleoprotein;Ribosomal protein,Evidence at protein level,359
Q9CY16,Mrps28,SUBCELLULAR LOCATION: Mitochondrion {ECO:0000250|UniProtKB:P82928}.,"TRANSIT 1..70; /note=""Mitochondrion""; /evidence=""ECO:0000250""",NA,3D-structure;Acetylation;Mitochondrion;Phosphoprotein;Reference proteome;Ribonucleoprotein;Ribosomal protein;Transit peptide,Evidence at protein level,186
Q9CYH2,Prxl2a,SUBCELLULAR LOCATION: Cytoplasm {ECO:0000250|UniProtKB:Q9BRX8}. Secreted {ECO:0000269|PubMed:26438880}. Note=Secreted from mature adipocytes but not from preadipocytes. {ECO:0000250|UniProtKB:Q9BRX8}.,NA,NA,Antioxidant;Cytoplasm;Direct protein sequencing;Redox-active center;Reference proteome;Secreted,Evidence at protein level,218
Q9CYL5,Glipr2,SUBCELLULAR LOCATION: Golgi apparatus membrane; Lipid-anchor. Note=Binds lipid-enriched microdomains of Golgi membranes not only by ionic interactions but also through the myristate. {ECO:0000250|UniProtKB:Q9H4G4}.,NA,NA,Coiled coil;Golgi apparatus;Lipoprotein;Membrane;Myristate;Reference proteome,Evidence at protein level,154
Q9CYN2,Spcs2,SUBCELLULAR LOCATION: Endoplasmic reticulum membrane {ECO:0000250|UniProtKB:Q28250}; Multi-pass membrane protein {ECO:0000250|UniProtKB:Q28250}.,NA,NA,Acetylation;Endoplasmic reticulum;Membrane;Reference proteome;Transmembrane;Transmembrane helix,Evidence at protein level,226
Q9CXK3,Actc1,"SUBCELLULAR LOCATION: Cytoplasm, cytoskeleton {ECO:0000256|ARBA:ARBA00004245}.",NA,NA,ATP-binding;Cytoplasm;Cytoskeleton;Nucleotide-binding;Oxidation,Evidence at transcript level,377
Q9CYZ2,Tpd52l2,NA,NA,NA,Acetylation;Coiled coil;Phosphoprotein;Reference proteome,Evidence at protein level,220
Q9CRA2,Pdlim5,SUBCELLULAR LOCATION: Cytoplasm {ECO:0000256|ARBA:ARBA00004496}.,NA,NA,Cytoplasm;LIM domain;Metal-binding;Zinc,Evidence at protein level,214
Q9CZ28,Snf8,SUBCELLULAR LOCATION: Cytoplasm {ECO:0000250}. Endosome membrane {ECO:0000250}. Nucleus {ECO:0000305}. Late endosome membrane {ECO:0000250}. Note=Recruited to the endosome membrane to participate in vesicle formation. {ECO:0000250}.,NA,NA,Coiled coil;Cytoplasm;Endosome;Membrane;Methylation;Nucleus;Protein transport;Reference proteome;Transcription;Transcription regulation;Transport,Evidence at protein level,258
Q9CZ42,Naxd,"SUBCELLULAR LOCATION: Mitochondrion {ECO:0000255|HAMAP-Rule:MF_03157, ECO:0000269|PubMed:18614015}.","TRANSIT 1..42; /note=""Mitochondrion""; /evidence=""ECO:0000255|HAMAP-Rule:MF_03157""",NA,Acetylation;Alternative splicing;ATP-binding;Lyase;Mitochondrion;NAD;NADP;Nucleotide-binding;Phosphoprotein;Reference proteome;Transit peptide,Evidence at protein level,343
Q9CZM2,Rpl15,SUBCELLULAR LOCATION: Cytoplasm {ECO:0000269|PubMed:36517592}.,NA,NA,3D-structure;Cytoplasm;Isopeptide bond;Lipoprotein;Myristate;Phosphoprotein;Reference proteome;Ribonucleoprotein;Ribosomal protein;Ubl conjugation,Evidence at protein level,204
Q9CZN7,Shmt2,"SUBCELLULAR LOCATION: Mitochondrion {ECO:0000250|UniProtKB:P34897}. Mitochondrion matrix, mitochondrion nucleoid {ECO:0000250|UniProtKB:P34897}. Mitochondrion inner membrane {ECO:0000250|UniProtKB:P34897}. Cytoplasm {ECO:0000250|UniProtKB:P34897}. Nucleus {ECO:0000250|UniProtKB:P34897}. Note=Mainly localizes in the mitochondrion. Also found in the cytoplasm and nucleus as part of the BRISC complex. {ECO:0000250|UniProtKB:P34897}.","TRANSIT 1..29; /note=""Mitochondrion""; /evidence=""ECO:0000250|UniProtKB:P14519""",NA,Acetylation;Alternative splicing;Cytoplasm;Membrane;Mitochondrion;Mitochondrion inner membrane;Mitochondrion nucleoid;Nucleus;One-carbon metabolism;Phosphoprotein;Pyridoxal phosphate;Reference proteome;Transferase;Transit peptide,Evidence at protein level,504
Q9CZP5,Bcs1l,SUBCELLULAR LOCATION: Mitochondrion inner membrane {ECO:0000269|PubMed:21274865}; Single-pass membrane protein {ECO:0000255}.,NA,NA,3D-structure;ATP-binding;Chaperone;Direct protein sequencing;Hydrolase;Membrane;Mitochondrion;Mitochondrion inner membrane;Nucleotide-binding;Phosphoprotein;Reference proteome;Transmembrane;Transmembrane helix,Evidence at protein level,418
Q9CZU6,Cs,SUBCELLULAR LOCATION: Mitochondrion matrix {ECO:0000250|UniProtKB:P00889}.,"TRANSIT 1..27; /note=""Mitochondrion""; /evidence=""ECO:0000250""",NA,3D-structure;Acetylation;Direct protein sequencing;Methylation;Mitochondrion;Phosphoprotein;Reference proteome;Transferase;Transit peptide;Tricarboxylic acid cycle;Ubl conjugation,Evidence at protein level,464
Q9CZW4,Acsl3,SUBCELLULAR LOCATION: Mitochondrion outer membrane {ECO:0000250}; Single-pass type III membrane protein {ECO:0000250}. Peroxisome membrane {ECO:0000250}; Single-pass type III membrane protein {ECO:0000250}. Microsome membrane {ECO:0000250}; Single-pass type III membrane protein {ECO:0000250}. Endoplasmic reticulum membrane {ECO:0000250}; Single-pass type III membrane protein {ECO:0000250}.,NA,NA,ATP-binding;Endoplasmic reticulum;Fatty acid metabolism;Ligase;Lipid metabolism;Magnesium;Membrane;Microsome;Mitochondrion;Mitochondrion outer membrane;Nucleotide-binding;Peroxisome;Phosphoprotein;Reference proteome;Signal-anchor;Transmembrane;Transmembrane helix,Evidence at protein level,720
Q9CZX8,Rps19,"SUBCELLULAR LOCATION: Cytoplasm {ECO:0000269|PubMed:36517592}. Nucleus, nucleolus {ECO:0000250|UniProtKB:P39019}.",NA,NA,3D-structure;Acetylation;Cytoplasm;Methylation;Nucleus;Reference proteome;Ribonucleoprotein;Ribosomal protein,Evidence at protein level,145
Q9CZY3,Ube2v1,SUBCELLULAR LOCATION: Nucleus {ECO:0000250}. Note=Excluded from the nucleolus. {ECO:0000250}.,NA,NA,Acetylation;Alternative splicing;Nucleus;Reference proteome;Ubl conjugation pathway,Evidence at protein level,147
Q9D023,Mpc2,SUBCELLULAR LOCATION: Mitochondrion inner membrane {ECO:0000269|PubMed:22628554}; Multi-pass membrane protein {ECO:0000250|UniProtKB:O95563}.,NA,NA,Acetylation;Membrane;Mitochondrion;Mitochondrion inner membrane;Reference proteome;Transmembrane;Transmembrane helix;Transport,Evidence at protein level,127
Q9D024,Ccdc47,SUBCELLULAR LOCATION: Endoplasmic reticulum membrane {ECO:0000250|UniProtKB:Q96A33}; Single-pass type I membrane protein {ECO:0000255}. Rough endoplasmic reticulum membrane {ECO:0000269|PubMed:25009997}; Single-pass type I membrane protein {ECO:0000255}.,NA,"SIGNAL 1..20; /evidence=""ECO:0000255""",Alternative splicing;Chaperone;Coiled coil;Endoplasmic reticulum;Glycoprotein;Membrane;Reference proteome;Signal;Transmembrane;Transmembrane helix,Evidence at protein level,483
Q9D0E1,Hnrnpm,SUBCELLULAR LOCATION: Nucleus {ECO:0000250}.,NA,NA,Acetylation;Alternative splicing;Direct protein sequencing;Isopeptide bond;Methylation;mRNA processing;mRNA splicing;Nucleus;Phosphoprotein;Reference proteome;Repeat;Ribonucleoprotein;RNA-binding;Spliceosome;Ubl conjugation,Evidence at protein level,729
Q9D0F3,Lman1,SUBCELLULAR LOCATION: Endoplasmic reticulum-Golgi intermediate compartment membrane {ECO:0000250}; Single-pass type I membrane protein {ECO:0000250}. Golgi apparatus membrane {ECO:0000250}; Single-pass membrane protein {ECO:0000250}. Endoplasmic reticulum membrane {ECO:0000250}; Single-pass membrane protein {ECO:0000250}.,NA,"SIGNAL 1..30; /evidence=""ECO:0000255""",Disulfide bond;Endoplasmic reticulum;ER-Golgi transport;Golgi apparatus;Lectin;Membrane;Metal-binding;Phosphoprotein;Protein transport;Reference proteome;Signal;Transmembrane;Transmembrane helix;Transport,Evidence at protein level,517
Q9D0I4,Stx17,"SUBCELLULAR LOCATION: Endoplasmic reticulum membrane {ECO:0000250|UniProtKB:P56962}; Multi-pass membrane protein {ECO:0000255}. Smooth endoplasmic reticulum membrane {ECO:0000250|UniProtKB:Q9Z158}; Multi-pass membrane protein {ECO:0000255}. Endoplasmic reticulum-Golgi intermediate compartment membrane {ECO:0000250|UniProtKB:P56962}; Multi-pass membrane protein {ECO:0000255}. Cytoplasmic vesicle, autophagosome membrane {ECO:0000269|PubMed:27628032}; Multi-pass membrane protein {ECO:0000255}. Cytoplasmic vesicle, COPII-coated vesicle membrane {ECO:0000250|UniProtKB:Q9Z158}; Multi-pass membrane protein {ECO:0000255}. Cytoplasm, cytosol {ECO:0000250|UniProtKB:Q9Z158}. Mitochondrion membrane {ECO:0000250|UniProtKB:P56962}; Multi-pass membrane protein {ECO:0000255}. Autolysosome membrane {ECO:0000250|UniProtKB:P56962}; Multi-pass membrane protein {ECO:0000255}. Note=Has a hairpin-like insertion into membranes. Localizes to the completed autophagosome membrane upon cell starvation (By similarity). Colocalized with RAB39A and RAB39B in autolysosomes in autophagy-induced conditions (By similarity). {ECO:0000250|UniProtKB:P56962}.",NA,NA,Acetylation;Autophagy;Coiled coil;Cytoplasm;Cytoplasmic vesicle;Endoplasmic reticulum;ER-Golgi transport;Lysosome;Membrane;Mitochondrion;Phosphoprotein;Reference proteome;Transmembrane;Transmembrane helix;Transport,Evidence at protein level,301
Q9D0I9,Rars1,"SUBCELLULAR LOCATION: Cytoplasm {ECO:0000250|UniProtKB:P54136}. Cytoplasm, cytosol {ECO:0000250|UniProtKB:P54136}.",NA,NA,Acetylation;Aminoacyl-tRNA synthetase;ATP-binding;Cytoplasm;Ligase;Nucleotide-binding;Protein biosynthesis;Reference proteome,Evidence at protein level,660
Q9D0K2,Oxct1,SUBCELLULAR LOCATION: Mitochondrion {ECO:0000250|UniProtKB:B2GV06}.,"TRANSIT 1..39; /note=""Mitochondrion""; /evidence=""ECO:0000250""",NA,Direct protein sequencing;Lipid metabolism;Mitochondrion;Phosphoprotein;Reference proteome;Transferase;Transit peptide,Evidence at protein level,520
Q9D0M3,Cyc1,"SUBCELLULAR LOCATION: Mitochondrion inner membrane {ECO:0000269|PubMed:34616041, ECO:0000269|PubMed:38575788}; Single-pass membrane protein {ECO:0000269|PubMed:34616041}.","TRANSIT 1..84; /note=""Mitochondrion""; /evidence=""ECO:0000250""",NA,3D-structure;Alternative splicing;Direct protein sequencing;Electron transport;Heme;Iron;Membrane;Metal-binding;Mitochondrion;Mitochondrion inner membrane;Reference proteome;Respiratory chain;Transit peptide;Translocase;Transmembrane;Transmembrane helix;Transport,Evidence at protein level,325
Q9D0M5,Dynll2,"SUBCELLULAR LOCATION: Cytoplasm, cytoskeleton {ECO:0000269|PubMed:14561217}.",NA,NA,3D-structure;Cytoplasm;Cytoskeleton;Dynein;Microtubule;Motor protein;Reference proteome;Transport,Evidence at protein level,89
Q9D0T1,Snu13,"SUBCELLULAR LOCATION: Nucleus {ECO:0000250|UniProtKB:P55769}. Nucleus, nucleolus {ECO:0000250|UniProtKB:P55769}. Note=Concentrated in the dense fibrillar component of the nucleolus. {ECO:0000250|UniProtKB:P55769}.",NA,NA,Acetylation;mRNA processing;mRNA splicing;Nucleus;Phosphoprotein;Reference proteome;Ribonucleoprotein;RNA-binding;Spliceosome,Evidence at protein level,128
Q9D154,Serpinb1a,SUBCELLULAR LOCATION: Secreted {ECO:0000269|PubMed:26701651}. Cytoplasm {ECO:0000250|UniProtKB:P30740}. Cytolytic granule {ECO:0000250|UniProtKB:P30740}. Early endosome {ECO:0000250|UniProtKB:P30740}.,NA,NA,Cytoplasm;Direct protein sequencing;Endosome;Lysosome;Phosphoprotein;Protease inhibitor;Reference proteome;Secreted;Serine protease inhibitor,Evidence at protein level,379
Q9D1A2,Cndp2,"SUBCELLULAR LOCATION: Cytoplasm, cytosol {ECO:0000250|UniProtKB:Q96KP4}.",NA,NA,3D-structure;Carboxypeptidase;Cytoplasm;Direct protein sequencing;Hydrolase;Manganese;Metal-binding;Metalloprotease;Phosphoprotein;Protease;Reference proteome,Evidence at protein level,475
Q9D1D4,Tmed10,"SUBCELLULAR LOCATION: Endoplasmic reticulum membrane {ECO:0000250|UniProtKB:P49755}; Single-pass type I membrane protein {ECO:0000255}. Endoplasmic reticulum-Golgi intermediate compartment membrane {ECO:0000250|UniProtKB:P49755}; Single-pass type I membrane protein {ECO:0000255}. Golgi apparatus membrane {ECO:0000269|PubMed:10660306}; Single-pass type I membrane protein {ECO:0000255}. Golgi apparatus, cis-Golgi network membrane {ECO:0000269|PubMed:17101722}; Single-pass type I membrane protein {ECO:0000255}. Golgi apparatus, trans-Golgi network membrane {ECO:0000250|UniProtKB:Q63584}; Single-pass type I membrane protein {ECO:0000255}. Cytoplasmic vesicle, secretory vesicle membrane {ECO:0000250|UniProtKB:P49755}; Single-pass type I membrane protein {ECO:0000255}. Cell membrane {ECO:0000250|UniProtKB:Q63584}; Single-pass type I membrane protein {ECO:0000255}. Melanosome {ECO:0000250|UniProtKB:P49755}.",NA,"SIGNAL 1..31; /evidence=""ECO:0000250""",Alternative splicing;Cell membrane;Cytoplasmic vesicle;Endoplasmic reticulum;ER-Golgi transport;Glycoprotein;Golgi apparatus;Membrane;Methylation;Protein transport;Reference proteome;Signal;Transmembrane;Transmembrane helix;Transport,Evidence at protein level,219
Q9D1E8,Agpat5,SUBCELLULAR LOCATION: Endoplasmic reticulum membrane {ECO:0000250|UniProtKB:Q9NUQ2}; Multi-pass membrane protein {ECO:0000255}. Nucleus envelope {ECO:0000250|UniProtKB:Q9NUQ2}. Mitochondrion {ECO:0000250|UniProtKB:Q9NUQ2}.,NA,NA,Acyltransferase;Endoplasmic reticulum;Lipid biosynthesis;Lipid metabolism;Membrane;Mitochondrion;Nucleus;Phospholipid biosynthesis;Phospholipid metabolism;Reference proteome;Transferase;Transmembrane;Transmembrane helix,Evidence at protein level,365
Q9D1G1,Rab1b,"SUBCELLULAR LOCATION: Cytoplasm {ECO:0000250|UniProtKB:Q9H0U4}. Membrane {ECO:0000250|UniProtKB:Q9H0U4}; Lipid-anchor {ECO:0000250|UniProtKB:Q9H0U4}; Cytoplasmic side {ECO:0000250|UniProtKB:Q9H0U4}. Preautophagosomal structure membrane {ECO:0000250|UniProtKB:Q9H0U4}; Lipid-anchor {ECO:0000250|UniProtKB:Q9H0U4}; Cytoplasmic side {ECO:0000250|UniProtKB:Q9H0U4}. Cytoplasm, perinuclear region {ECO:0000250|UniProtKB:P10536}. Note=Targeted by REP1 to membranes of specific subcellular compartments including endoplasmic reticulum, Golgi apparatus, and intermediate vesicles between these two compartments. In the GDP-form, colocalizes with GDI in the cytoplasm (By similarity). Co-localizes with MTMR6 to the endoplasmic reticulum-Golgi intermediate compartment and to the peri-Golgi region (By similarity). {ECO:0000250|UniProtKB:P10536, ECO:0000250|UniProtKB:Q9H0U4}.",NA,NA,Acetylation;Autophagy;Cytoplasm;Direct protein sequencing;GTP-binding;Hydrolase;Lipoprotein;Magnesium;Membrane;Metal-binding;Methylation;Nucleotide-binding;Phosphoprotein;Prenylation;Protein transport;Reference proteome;Transport,Evidence at protein level,201
Q9CZB0,Sdhc,SUBCELLULAR LOCATION: Mitochondrion inner membrane {ECO:0000250|UniProtKB:Q99643}; Multi-pass membrane protein {ECO:0000250|UniProtKB:Q99643}.,"TRANSIT 1..29; /note=""Mitochondrion""; /evidence=""ECO:0000250|UniProtKB:P35720""",NA,Electron transport;Heme;Iron;Membrane;Metal-binding;Mitochondrion;Mitochondrion inner membrane;Reference proteome;Transit peptide;Transmembrane;Transmembrane helix;Transport;Tricarboxylic acid cycle,Evidence at protein level,169
Q9CZN8,Qrsl1,"SUBCELLULAR LOCATION: Mitochondrion {ECO:0000255|HAMAP-Rule:MF_03150, ECO:0000269|PubMed:24579914}.",NA,NA,Hydrolase;Mitochondrion;Protein biosynthesis;Reference proteome,Evidence at protein level,525
Q9D0F9,Pgm1,SUBCELLULAR LOCATION: Cytoplasm {ECO:0000250}.,NA,NA,Acetylation;Carbohydrate metabolism;Cytoplasm;Glucose metabolism;Isomerase;Magnesium;Metal-binding;Phosphoprotein;Reference proteome,Evidence at protein level,562
Q9D0S9,Hint2,SUBCELLULAR LOCATION: Mitochondrion {ECO:0000250|UniProtKB:Q9BX68}.,"TRANSIT 1..17; /note=""Mitochondrion""; /evidence=""ECO:0000255""",NA,Acetylation;Apoptosis;Hydrolase;Lipid biosynthesis;Lipid metabolism;Mitochondrion;Nucleotide-binding;Reference proteome;Steroid biosynthesis;Transit peptide,Evidence at protein level,163
Q9D1G3,Hhatl,SUBCELLULAR LOCATION: Endoplasmic reticulum membrane {ECO:0000269|PubMed:18081866}; Multi-pass membrane protein {ECO:0000269|PubMed:18081866}.,NA,NA,Endoplasmic reticulum;Membrane;Reference proteome;Transmembrane;Transmembrane helix,Evidence at protein level,503
Q9D1J3,Sarnp,SUBCELLULAR LOCATION: Nucleus {ECO:0000250}. Nucleus speckle {ECO:0000250}.,NA,NA,Acetylation;DNA-binding;mRNA transport;Nucleus;Phosphoprotein;Reference proteome;RNA-binding;Transcription;Transcription regulation;Translation regulation;Transport,Evidence at protein level,210
Q9CZD5,Mtif3,SUBCELLULAR LOCATION: Mitochondrion {ECO:0000305}.,"TRANSIT 1..31; /note=""Mitochondrion""; /evidence=""ECO:0000250""",NA,3D-structure;Initiation factor;Mitochondrion;Protein biosynthesis;Reference proteome;Transit peptide,Evidence at protein level,276
Q9CZR3,Tomm40l,SUBCELLULAR LOCATION: Mitochondrion outer membrane {ECO:0000250}; Multi-pass membrane protein {ECO:0000250}.,NA,NA,Ion transport;Membrane;Mitochondrion;Mitochondrion outer membrane;Porin;Protein transport;Reference proteome;Transmembrane;Transmembrane beta strand;Transport,Evidence at protein level,308
Q9CZR8,Tsfm,SUBCELLULAR LOCATION: Mitochondrion matrix {ECO:0000250|UniProtKB:P43896}.,"TRANSIT 1..44; /note=""Mitochondrion""; /evidence=""ECO:0000255|HAMAP-Rule:MF_03135""",NA,Elongation factor;Mitochondrion;Phosphoprotein;Protein biosynthesis;Reference proteome;Transit peptide,Evidence at protein level,324
Q9CZX9,Emc4,SUBCELLULAR LOCATION: Endoplasmic reticulum membrane {ECO:0000250|UniProtKB:Q5J8M3}; Multi-pass membrane protein {ECO:0000250|UniProtKB:Q5J8M3}. Note=Could also be a single-pass transmembrane protein with cytosolic N-terminus and lumenal C-terminus. {ECO:0000250|UniProtKB:Q5J8M3}.,NA,NA,Acetylation;Apoptosis;Endoplasmic reticulum;Membrane;Phosphoprotein;Reference proteome;Transmembrane;Transmembrane helix,Evidence at protein level,183
Q9D051,Pdhb,SUBCELLULAR LOCATION: Mitochondrion matrix {ECO:0000250|UniProtKB:P26284}.,"TRANSIT 1..30; /note=""Mitochondrion""; /evidence=""ECO:0000250""",NA,Acetylation;Carbohydrate metabolism;Direct protein sequencing;Glucose metabolism;Metal-binding;Mitochondrion;Oxidoreductase;Phosphoprotein;Potassium;Pyruvate;Reference proteome;Thiamine pyrophosphate;Transit peptide;Tricarboxylic acid cycle,Evidence at protein level,359
Q9D0G0,Mrps30,SUBCELLULAR LOCATION: Mitochondrion {ECO:0000250}.,NA,NA,3D-structure;Mitochondrion;Reference proteome;Ribonucleoprotein;Ribosomal protein,Evidence at protein level,442
Q9D0L4,Adck1,SUBCELLULAR LOCATION: Mitochondrion {ECO:0000250|UniProtKB:Q86TW2}.,"TRANSIT 1..?; /note=""Mitochondrion""; /evidence=""ECO:0000305""",NA,Alternative splicing;ATP-binding;Kinase;Mitochondrion;Nucleotide-binding;Reference proteome;Serine/threonine-protein kinase;Transferase;Transit peptide,Evidence at protein level,525
Q9D0L7,Armc10,SUBCELLULAR LOCATION: Endoplasmic reticulum membrane {ECO:0000250|UniProtKB:Q8N2F6}; Single-pass membrane protein {ECO:0000255}. Mitochondrion outer membrane {ECO:0000250|UniProtKB:Q8N2F6}; Single-pass membrane protein {ECO:0000255}.,NA,NA,Alternative splicing;Endoplasmic reticulum;Growth regulation;Membrane;Mitochondrion;Mitochondrion outer membrane;Phosphoprotein;Reference proteome;Transmembrane;Transmembrane helix,Evidence at protein level,306
Q9D0R8,Lsm12,SUBCELLULAR LOCATION: Cytoplasm {ECO:0000250|UniProtKB:Q3MHD2}. Note=Colocalizes with TPCN2. {ECO:0000250|UniProtKB:Q3MHD2}.,NA,NA,Acetylation;Cytoplasm;Phosphoprotein;Reference proteome,Evidence at protein level,195
Q9D0Y8,Mrpl52,SUBCELLULAR LOCATION: Mitochondrion {ECO:0000250|UniProtKB:Q86TS9}.,"TRANSIT 1..22; /note=""Mitochondrion""; /evidence=""ECO:0000255""",NA,3D-structure;Alternative splicing;Mitochondrion;Reference proteome;Ribonucleoprotein;Ribosomal protein;Transit peptide,Evidence at protein level,121
Q9D1B9,Mrpl28,SUBCELLULAR LOCATION: Mitochondrion {ECO:0000250|UniProtKB:Q13084}.,"TRANSIT 1..55; /note=""Mitochondrion""; /evidence=""ECO:0000250""",NA,3D-structure;Mitochondrion;Reference proteome;Ribonucleoprotein;Ribosomal protein;Transit peptide,Evidence at protein level,257
Q9D1I2,Card19,SUBCELLULAR LOCATION: Endoplasmic reticulum membrane {ECO:0000250}; Single-pass membrane protein {ECO:0000250}. Mitochondrion membrane {ECO:0000250}; Single-pass membrane protein.,NA,NA,Disulfide bond;Endoplasmic reticulum;Membrane;Mitochondrion;Reference proteome;Transmembrane;Transmembrane helix,Evidence at protein level,183
Q9CZJ2,Hspa12b,NA,NA,NA,ATP-binding;Direct protein sequencing;Nucleotide-binding;Phosphoprotein;Reference proteome,Evidence at protein level,685
Q9D0J8,Ptms,NA,NA,NA,Acetylation;Immunity;Phosphoprotein;Reference proteome,Evidence at protein level,101
Q9D0Q7,Mrpl45,SUBCELLULAR LOCATION: Mitochondrion {ECO:0000250|UniProtKB:Q9BRJ2}.,"TRANSIT 1..?; /note=""Mitochondrion""; /evidence=""ECO:0000255""",NA,3D-structure;Mitochondrion;Reference proteome;Ribonucleoprotein;Ribosomal protein;Transit peptide,Evidence at protein level,306
Q9D162,Ccdc167,SUBCELLULAR LOCATION: Membrane {ECO:0000305}; Single-pass membrane protein {ECO:0000305}.,NA,NA,Alternative splicing;Coiled coil;Membrane;Reference proteome;Transmembrane;Transmembrane helix,Evidence at protein level,97
Q9D172,Gatd3,SUBCELLULAR LOCATION: Mitochondrion matrix {ECO:0000250|UniProtKB:P0DPI2}.,"TRANSIT 1..39; /note=""Mitochondrion""; /evidence=""ECO:0000250|UniProtKB:P0DPI2""",NA,Acetylation;Direct protein sequencing;Mitochondrion;Reference proteome;Transit peptide,Evidence at protein level,266
Q9D1G5,Lrrc57,SUBCELLULAR LOCATION: Membrane {ECO:0000250|UniProtKB:Q8N9N7}; Lipid-anchor {ECO:0000250|UniProtKB:Q8N9N7}.,NA,NA,Leucine-rich repeat;Lipoprotein;Membrane;Myristate;Reference proteome;Repeat,Evidence at protein level,239
Q9D1H8,Mrpl53,SUBCELLULAR LOCATION: Mitochondrion {ECO:0000250|UniProtKB:Q96EL3}.,"TRANSIT 1..?; /note=""Mitochondrion""; /evidence=""ECO:0000255""",NA,3D-structure;Mitochondrion;Reference proteome;Ribonucleoprotein;Ribosomal protein;Transit peptide,Evidence at protein level,118
Q9D1I6,Mrpl14,SUBCELLULAR LOCATION: Mitochondrion {ECO:0000250|UniProtKB:Q6P1L8}.,"TRANSIT 1..30; /note=""Mitochondrion""; /evidence=""ECO:0000250""",NA,3D-structure;Mitochondrion;Reference proteome;Ribonucleoprotein;Ribosomal protein;Transit peptide,Evidence at protein level,145
Q9D1Q6,Erp44,"SUBCELLULAR LOCATION: Endoplasmic reticulum lumen {ECO:0000255|PROSITE-ProRule:PRU10138, ECO:0000269|PubMed:15652484}.",NA,"SIGNAL 1..29; /evidence=""ECO:0000250""",Chaperone;Disulfide bond;Endoplasmic reticulum;Reference proteome;Signal,Evidence at protein level,406
Q9D1R9,Rpl34,"SUBCELLULAR LOCATION: Cytoplasm, cytosol {ECO:0000250|UniProtKB:P49207}. Cytoplasm {ECO:0000269|PubMed:36517592}. Endoplasmic reticulum {ECO:0000250|UniProtKB:Q29223}. Note=Detected on cytosolic polysomes (By similarity). Detected in ribosomes that are associated with the rough endoplasmic reticulum (By similarity). {ECO:0000250|UniProtKB:P49207, ECO:0000250|UniProtKB:Q29223}.",NA,NA,3D-structure;Acetylation;Cytoplasm;Endoplasmic reticulum;Isopeptide bond;Phosphoprotein;Reference proteome;Ribonucleoprotein;Ribosomal protein;Ubl conjugation,Evidence at protein level,117
Q9D1X0,Nol3,"SUBCELLULAR LOCATION: Cytoplasm {ECO:0000250|UniProtKB:O60936, ECO:0000250|UniProtKB:Q62881}. Mitochondrion {ECO:0000250|UniProtKB:Q62881}. Sarcoplasmic reticulum {ECO:0000250|UniProtKB:Q62881}. Membrane {ECO:0000250|UniProtKB:O60936}; Lipid-anchor {ECO:0000250|UniProtKB:O60936}. Note=Phosphorylation at Thr-149 results in translocation to mitochondria. Colocalized with mitochondria in response to oxidative stress. {ECO:0000250|UniProtKB:Q62881}.",NA,NA,Calcium;Cytoplasm;Lipoprotein;Membrane;Metal-binding;Mitochondrion;mRNA processing;Myristate;Phosphoprotein;Reference proteome;Sarcoplasmic reticulum;Ubl conjugation,Evidence at protein level,220
Q9D2G2,Dlst,"SUBCELLULAR LOCATION: Mitochondrion matrix {ECO:0000250|UniProtKB:P36957}. Nucleus {ECO:0000250|UniProtKB:P36957}. Note=Mainly localizes in the mitochondrion. A small fraction localizes to the nucleus, where the 2-oxoglutarate dehydrogenase complex is required for histone succinylation. {ECO:0000250|UniProtKB:P36957}.","TRANSIT 1..68; /note=""Mitochondrion""; /evidence=""ECO:0000250""",NA,Acetylation;Acyltransferase;Alternative splicing;Direct protein sequencing;Lipoyl;Mitochondrion;Nucleus;Phosphoprotein;Reference proteome;Transferase;Transit peptide;Tricarboxylic acid cycle,Evidence at protein level,454
Q9D2M8,Ube2v2,NA,NA,NA,Acetylation;Alternative splicing;Reference proteome;Ubl conjugation pathway,Evidence at protein level,145
Q9D2N4,Dtna,"SUBCELLULAR LOCATION: Cytoplasm {ECO:0000269|PubMed:14623885}. Synapse {ECO:0000269|PubMed:14623885}. Cell membrane {ECO:0000269|PubMed:14623885}. Note=In peripheral nerves, colocalizes with MAGEE1 in the Schwann cell membrane.",NA,NA,3D-structure;Alternative splicing;Cell membrane;Coiled coil;Cytoplasm;Membrane;Metal-binding;Phosphoprotein;Reference proteome;Synapse;Zinc;Zinc-finger,Evidence at protein level,746
Q9D358,Acp1,SUBCELLULAR LOCATION: Cytoplasm {ECO:0000250}.,NA,NA,3D-structure;Acetylation;Alternative splicing;Cytoplasm;Hydrolase;Phosphoprotein;Protein phosphatase;Reference proteome,Evidence at protein level,158
Q9D517,Agpat3,SUBCELLULAR LOCATION: Endoplasmic reticulum membrane {ECO:0000269|PubMed:19114731}; Multi-pass membrane protein {ECO:0000255}. Nucleus envelope {ECO:0000250|UniProtKB:Q9NRZ7}.,NA,NA,Acyltransferase;Direct protein sequencing;Endoplasmic reticulum;Lipid biosynthesis;Lipid metabolism;Membrane;Nucleus;Phospholipid biosynthesis;Phospholipid metabolism;Reference proteome;Transferase;Transmembrane;Transmembrane helix,Evidence at protein level,376
Q9D5T0,Atad1,SUBCELLULAR LOCATION: Mitochondrion outer membrane {ECO:0000250|UniProtKB:Q8NBU5}; Single-pass membrane protein {ECO:0000255}. Peroxisome membrane {ECO:0000269|PubMed:17768142}; Single-pass membrane protein {ECO:0000255}. Postsynaptic cell membrane {ECO:0000269|PubMed:21496646}; Single-pass membrane protein {ECO:0000255}.,NA,NA,3D-structure;ATP-binding;Cell membrane;Membrane;Mitochondrion;Mitochondrion outer membrane;Nucleotide-binding;Peroxisome;Phosphoprotein;Postsynaptic cell membrane;Reference proteome;Synapse;Translocase;Transmembrane;Transmembrane helix,Evidence at protein level,361
Q9D5V5,Cul5,SUBCELLULAR LOCATION: Nucleus {ECO:0000250|UniProtKB:Q93034}. Note=Localizes to sites of DNA damage in a UBAP2 and UBAP2L-dependent manner. {ECO:0000250|UniProtKB:Q93034}.,NA,NA,3D-structure;Isopeptide bond;Nucleus;Phosphoprotein;Reference proteome;Ubl conjugation;Ubl conjugation pathway,Evidence at protein level,780
Q9D6F9,Tubb4a,"SUBCELLULAR LOCATION: Cytoplasm, cytoskeleton.",NA,NA,Cilium biogenesis/degradation;Cytoplasm;Cytoskeleton;Direct protein sequencing;GTP-binding;Isopeptide bond;Magnesium;Metal-binding;Microtubule;Nucleotide-binding;Phosphoprotein;Reference proteome,Evidence at protein level,444
Q9D6J6,Ndufv2,SUBCELLULAR LOCATION: Mitochondrion inner membrane {ECO:0000269|PubMed:38575788}; Peripheral membrane protein {ECO:0000269|PubMed:38575788}; Matrix side {ECO:0000269|PubMed:38575788}.,"TRANSIT 1..31; /note=""Mitochondrion""; /evidence=""ECO:0000255""",NA,2Fe-2S;3D-structure;Acetylation;Alternative splicing;Direct protein sequencing;Electron transport;Iron;Iron-sulfur;Membrane;Metal-binding;Mitochondrion;Mitochondrion inner membrane;NAD;Oxidoreductase;Phosphoprotein;Reference proteome;Respiratory chain;Transit peptide;Translocase;Transport;Ubiquinone,Evidence at protein level,248
Q9D6R2,Idh3a,SUBCELLULAR LOCATION: Mitochondrion {ECO:0000250}.,"TRANSIT 1..27; /note=""Mitochondrion""; /evidence=""ECO:0000250|UniProtKB:P50213""",NA,Acetylation;Alternative splicing;Direct protein sequencing;Magnesium;Manganese;Metal-binding;Mitochondrion;NAD;Oxidoreductase;Phosphoprotein;Reference proteome;Transit peptide;Tricarboxylic acid cycle,Evidence at protein level,366
Q9D6Y7,Msra,"SUBCELLULAR LOCATION: Mitochondrion {ECO:0000269|PubMed:21079812}. Cytoplasm {ECO:0000269|PubMed:21079812}.; SUBCELLULAR LOCATION: [Isoform 1]: Mitochondrion {ECO:0000269|PubMed:15924425, ECO:0000269|PubMed:20368336}. Cytoplasm {ECO:0000269|PubMed:15924425}. Nucleus {ECO:0000269|PubMed:15924425}.; SUBCELLULAR LOCATION: [Isoform 2]: Cytoplasm {ECO:0000269|PubMed:20368336}. Membrane {ECO:0000250|UniProtKB:Q9UJ68}; Lipid-anchor {ECO:0000250|UniProtKB:Q9UJ68}.","TRANSIT 1..20; /note=""Mitochondrion""; /evidence=""ECO:0000269|PubMed:20368336""",NA,3D-structure;Acetylation;Alternative initiation;Alternative splicing;Cytoplasm;Direct protein sequencing;Disulfide bond;Lipoprotein;Membrane;Mitochondrion;Myristate;Nucleus;Oxidoreductase;Redox-active center;Reference proteome;Transit peptide,Evidence at protein level,233
Q9D783,Klhl40,"SUBCELLULAR LOCATION: Cytoplasm {ECO:0000269|PubMed:25940086}. Cytoplasm, myofibril, sarcomere, A band {ECO:0000269|PubMed:24960163}. Cytoplasm, myofibril, sarcomere, I band {ECO:0000269|PubMed:24960163}.",NA,NA,Alternative splicing;Cytoplasm;Developmental protein;Kelch repeat;Reference proteome;Repeat;Ubl conjugation pathway,Evidence at protein level,621
Q9D7P6,Iscu,SUBCELLULAR LOCATION: Mitochondrion {ECO:0000250|UniProtKB:Q9H1K1}.,"TRANSIT 1..35; /note=""Mitochondrion""; /evidence=""ECO:0000255""",NA,3D-structure;Iron;Metal-binding;Mitochondrion;Phosphoprotein;Reference proteome;Transit peptide;Zinc,Evidence at protein level,168
Q9D7X3,Dusp3,"SUBCELLULAR LOCATION: Nucleus {ECO:0000269|PubMed:16845380}. Cytoplasm, cytoskeleton, flagellum axoneme {ECO:0000269|PubMed:37865089}.",NA,NA,3D-structure;Cell projection;Cilium;Cytoplasm;Cytoskeleton;Direct protein sequencing;Flagellum;Hydrolase;Nucleus;Protein phosphatase;Reference proteome,Evidence at protein level,185
Q9D823,Rpl37,SUBCELLULAR LOCATION: Cytoplasm {ECO:0000269|PubMed:36517592}.,NA,NA,3D-structure;Acetylation;Cytoplasm;Metal-binding;Phosphoprotein;Reference proteome;Ribonucleoprotein;Ribosomal protein;RNA-binding;rRNA-binding;Zinc;Zinc-finger,Evidence at protein level,97
Q9D8B3,Chmp4b,"SUBCELLULAR LOCATION: Cytoplasm, cytosol {ECO:0000250|UniProtKB:Q9H444}. Late endosome membrane {ECO:0000250|UniProtKB:Q9H444}; Peripheral membrane protein {ECO:0000250|UniProtKB:Q9H444}. Midbody {ECO:0000250|UniProtKB:Q9H444}. Nucleus envelope {ECO:0000250|UniProtKB:Q9H444}. Note=Recruited to the nuclear envelope by CHMP7 during late anaphase. Localizes transiently to the midbody arms immediately before abscission. {ECO:0000250|UniProtKB:Q9H444}.",NA,NA,Acetylation;Coiled coil;Cytoplasm;Endosome;Membrane;Nucleus;Phosphoprotein;Protein transport;Reference proteome;Transport;Ubl conjugation,Evidence at protein level,224
Q9D1L9,Lamtor5,"SUBCELLULAR LOCATION: Lysosome {ECO:0000250|UniProtKB:O43504}. Cytoplasm, cytosol {ECO:0000250|UniProtKB:O43504}.",NA,NA,Acetylation;Cytoplasm;Lysosome;Reference proteome,Evidence at protein level,91
Q9D273,Mmab,SUBCELLULAR LOCATION: Mitochondrion {ECO:0000250|UniProtKB:Q96EY8}.,"TRANSIT 1..26; /note=""Mitochondrion""; /evidence=""ECO:0000255""",NA,Acetylation;Alternative splicing;ATP-binding;Mitochondrion;Nucleotide-binding;Phosphoprotein;Reference proteome;Transferase;Transit peptide,Evidence at protein level,237
Q9D3D9,Atp5f1d,SUBCELLULAR LOCATION: Mitochondrion. Mitochondrion inner membrane.,"TRANSIT 1..22; /note=""Mitochondrion""; /evidence=""ECO:0000250""",NA,Acetylation;ATP synthesis;CF(1);Direct protein sequencing;Hydrogen ion transport;Ion transport;Membrane;Mitochondrion;Mitochondrion inner membrane;Reference proteome;Transit peptide;Transport,Evidence at protein level,168
Q9D404,Oxsm,SUBCELLULAR LOCATION: Mitochondrion {ECO:0000250}.,"TRANSIT 1..27; /note=""Mitochondrion""; /evidence=""ECO:0000255""",NA,Acetylation;Acyltransferase;Fatty acid biosynthesis;Fatty acid metabolism;Lipid biosynthesis;Lipid metabolism;Mitochondrion;Reference proteome;Transferase;Transit peptide,Evidence at protein level,459
Q9D6J5,Ndufb8,SUBCELLULAR LOCATION: Mitochondrion inner membrane {ECO:0000269|PubMed:38575788}; Single-pass membrane protein {ECO:0000255}; Matrix side {ECO:0000269|PubMed:38575788}.,"TRANSIT 1..28; /note=""Mitochondrion""; /evidence=""ECO:0000250""",NA,3D-structure;Direct protein sequencing;Electron transport;Membrane;Mitochondrion;Mitochondrion inner membrane;Reference proteome;Respiratory chain;Transit peptide;Transmembrane;Transmembrane helix;Transport,Evidence at protein level,186
Q9D6U8,Fam162a,SUBCELLULAR LOCATION: Mitochondrion membrane {ECO:0000250|UniProtKB:Q96A26}; Single-pass membrane protein {ECO:0000305}.,NA,NA,Apoptosis;Membrane;Mitochondrion;Reference proteome;Transmembrane;Transmembrane helix,Evidence at protein level,155
Q9D710,Tmx2,SUBCELLULAR LOCATION: Endoplasmic reticulum membrane {ECO:0000250|UniProtKB:Q9Y320}; Single-pass type I membrane protein {ECO:0000255}. Mitochondrion membrane {ECO:0000250|UniProtKB:Q9Y320}; Single-pass type I membrane protein {ECO:0000255}. Note=Localizes to endoplasmic reticulum mitochondria-associated membrane (MAMs) that connect the endoplasmic reticulum and the mitochondria. {ECO:0000250|UniProtKB:Q9Y320}.,NA,"SIGNAL 1..48; /evidence=""ECO:0000255""",Disulfide bond;Endoplasmic reticulum;Membrane;Mitochondrion;Phosphoprotein;Reference proteome;Signal;Transmembrane;Transmembrane helix,Evidence at protein level,295
Q9D7N9,Apmap,SUBCELLULAR LOCATION: Membrane {ECO:0000250}; Single-pass type II membrane protein {ECO:0000250}.,NA,NA,Acetylation;Direct protein sequencing;Glycoprotein;Membrane;Phosphoprotein;Reference proteome;Signal-anchor;Transmembrane;Transmembrane helix,Evidence at protein level,415
Q9D819,Ppa1,SUBCELLULAR LOCATION: Cytoplasm {ECO:0000250}.,NA,NA,Acetylation;Cytoplasm;Direct protein sequencing;Hydrolase;Magnesium;Metal-binding;Phosphoprotein;Reference proteome,Evidence at protein level,289
Q9D880,Timm50,SUBCELLULAR LOCATION: Mitochondrion inner membrane {ECO:0000250|UniProtKB:Q3ZCQ8}; Single-pass membrane protein {ECO:0000250|UniProtKB:Q3ZCQ8}.,"TRANSIT 1..21; /note=""Mitochondrion""; /evidence=""ECO:0000255""",NA,Direct protein sequencing;Membrane;Mitochondrion;Mitochondrion inner membrane;Phosphoprotein;Protein transport;Reference proteome;Transit peptide;Translocation;Transmembrane;Transmembrane helix;Transport,Evidence at protein level,353
Q9D1L0,Chchd2,SUBCELLULAR LOCATION: Nucleus {ECO:0000250|UniProtKB:Q9Y6H1}. Mitochondrion {ECO:0000250|UniProtKB:Q9Y6H1}. Mitochondrion intermembrane space {ECO:0000250|UniProtKB:Q9Y6H1}. Note=Mainly localized in the intermembrane space. {ECO:0000250|UniProtKB:Q9Y6H1}.,NA,NA,Activator;Disulfide bond;Mitochondrion;Nucleus;Reference proteome;Transcription,Evidence at transcript level,153
Q9D1N9,Mrpl21,SUBCELLULAR LOCATION: Mitochondrion {ECO:0000250|UniProtKB:Q7Z2W9}.,"TRANSIT 1..43; /note=""Mitochondrion""; /evidence=""ECO:0000255""",NA,3D-structure;Alternative splicing;Mitochondrion;Reference proteome;Ribonucleoprotein;Ribosomal protein;Transit peptide,Evidence at protein level,209
Q9D1P0,Mrpl13,SUBCELLULAR LOCATION: Mitochondrion {ECO:0000250|UniProtKB:Q9BYD1}.,NA,NA,3D-structure;Acetylation;Mitochondrion;Reference proteome;Ribonucleoprotein;Ribosomal protein,Evidence at protein level,178
Q9D2R6,Coa3,SUBCELLULAR LOCATION: Mitochondrion inner membrane {ECO:0000250}; Single-pass membrane protein {ECO:0000250}.,NA,NA,Acetylation;Coiled coil;Membrane;Mitochondrion;Mitochondrion inner membrane;Reference proteome;Transmembrane;Transmembrane helix,Evidence at protein level,108
Q9D2R8,Mrps33,SUBCELLULAR LOCATION: Mitochondrion {ECO:0000250|UniProtKB:Q9Y291}.,NA,NA,3D-structure;Acetylation;Mitochondrion;Reference proteome;Ribonucleoprotein;Ribosomal protein,Evidence at protein level,106
Q9D338,Mrpl19,SUBCELLULAR LOCATION: Mitochondrion {ECO:0000250|UniProtKB:P49406}.,"TRANSIT 1..?; /note=""Mitochondrion""; /evidence=""ECO:0000255""",NA,3D-structure;Mitochondrion;Phosphoprotein;Reference proteome;Ribonucleoprotein;Ribosomal protein;Transit peptide,Evidence at protein level,292
Q9D3P8,Plgrkt,"SUBCELLULAR LOCATION: Cell membrane {ECO:0000269|PubMed:19897580, ECO:0000269|PubMed:21795689}; Multi-pass membrane protein {ECO:0000269|PubMed:19897580, ECO:0000269|PubMed:21795689}. Note=Colocalizes on the cell surface with urokinase plasminogen activator surface receptor/Plaur.",NA,NA,Cell membrane;Chemotaxis;Inflammatory response;Membrane;Plasminogen activation;Reference proteome;Transmembrane;Transmembrane helix,Evidence at protein level,147
Q9D6K8,Fundc2,SUBCELLULAR LOCATION: Mitochondrion outer membrane {ECO:0000250|UniProtKB:Q9BWH2}; Multi-pass membrane protein {ECO:0000255}. Nucleus {ECO:0000250|UniProtKB:Q9BWH2}.,NA,NA,Membrane;Mitochondrion;Mitochondrion outer membrane;Nucleus;Phosphoprotein;Reference proteome;Transcription;Transcription regulation;Transmembrane;Transmembrane helix,Evidence at protein level,151
Q9D6M3,Slc25a22,SUBCELLULAR LOCATION: Mitochondrion inner membrane {ECO:0000250|UniProtKB:A0A0G2K5L2}; Multi-pass membrane protein {ECO:0000305}.,NA,NA,Direct protein sequencing;Membrane;Mitochondrion;Mitochondrion inner membrane;Reference proteome;Repeat;Symport;Transmembrane;Transmembrane helix;Transport,Evidence at protein level,323
Q9D6W8,Borcs6,SUBCELLULAR LOCATION: Lysosome membrane {ECO:0000250|UniProtKB:Q96GS4}.,NA,NA,Lysosome;Membrane;Phosphoprotein;Reference proteome,Evidence at protein level,360
Q9D773,Mrpl2,SUBCELLULAR LOCATION: Mitochondrion {ECO:0000250|UniProtKB:Q5T653}.,"TRANSIT 1..60; /note=""Mitochondrion""; /evidence=""ECO:0000255""",NA,3D-structure;Mitochondrion;Reference proteome;Ribonucleoprotein;Ribosomal protein;Transit peptide,Evidence at protein level,306
Q9D7J4,Cox20,SUBCELLULAR LOCATION: Mitochondrion inner membrane {ECO:0000250|UniProtKB:Q5RI15}; Multi-pass membrane protein {ECO:0000255}.,NA,NA,Acetylation;Membrane;Mitochondrion;Mitochondrion inner membrane;Reference proteome;Transmembrane;Transmembrane helix,Evidence at protein level,117
Q9D7J6,Dnase1l1,SUBCELLULAR LOCATION: Endoplasmic reticulum {ECO:0000250}.,NA,"SIGNAL 1..37; /evidence=""ECO:0000255""",Disulfide bond;Endonuclease;Endoplasmic reticulum;Glycoprotein;Hydrolase;Nuclease;Reference proteome;Signal,Evidence at transcript level,314
Q9D7N3,Mrps9,SUBCELLULAR LOCATION: Mitochondrion {ECO:0000250|UniProtKB:P82933}.,"TRANSIT 1..?; /note=""Mitochondrion""; /evidence=""ECO:0000255""",NA,3D-structure;Mitochondrion;Reference proteome;Ribonucleoprotein;Ribosomal protein;Transit peptide,Evidence at protein level,390
Q9D8B4,Ndufa11,SUBCELLULAR LOCATION: Mitochondrion inner membrane {ECO:0000250|UniProtKB:Q86Y39}; Multi-pass membrane protein {ECO:0000255}; Matrix side {ECO:0000250|UniProtKB:Q86Y39}.,NA,NA,3D-structure;Electron transport;Membrane;Mitochondrion;Mitochondrion inner membrane;Reference proteome;Respiratory chain;Transmembrane;Transmembrane helix;Transport,Evidence at protein level,141
Q9D3L3,Snap23,SUBCELLULAR LOCATION: Cell membrane {ECO:0000256|ARBA:ARBA00004193}; Lipid-anchor {ECO:0000256|ARBA:ARBA00004193}.,NA,NA,Coiled coil;Repeat,Evidence at protein level,221
Q9D6N4,Ttn,SUBCELLULAR LOCATION: Cytoplasm {ECO:0000256|ARBA:ARBA00004496}.,NA,NA,Cytoplasm;Immunoglobulin domain,Evidence at transcript level,513
Q9D6S7,Mrrf,SUBCELLULAR LOCATION: Mitochondrion {ECO:0000250|UniProtKB:Q96E11}.,"TRANSIT 1..55; /note=""Mitochondrion""; /evidence=""ECO:0000255""",NA,3D-structure;Mitochondrion;Protein biosynthesis;Reference proteome;Transit peptide,Evidence at protein level,262
Q9D6T9,Mrps36,SUBCELLULAR LOCATION: Mitochondrion {ECO:0000256|ARBA:ARBA00004173}.,NA,NA,Mitochondrion,Evidence at protein level,100
Q9D7J9,Echdc3,SUBCELLULAR LOCATION: Mitochondrion {ECO:0000305}.,"TRANSIT 1..66; /note=""Mitochondrion""; /evidence=""ECO:0000255""",NA,Fatty acid metabolism;Lipid metabolism;Mitochondrion;Reference proteome;Transit peptide,Evidence at protein level,300
Q9D7S7,Rpl22l1,NA,NA,NA,Alternative splicing;Phosphoprotein;Reference proteome;Ribonucleoprotein;Ribosomal protein,Evidence at protein level,122
Q9D8E6,Rpl4,SUBCELLULAR LOCATION: Cytoplasm {ECO:0000269|PubMed:36517592}.,NA,NA,3D-structure;Acetylation;Citrullination;Cytoplasm;Direct protein sequencing;Isopeptide bond;Methylation;Phosphoprotein;Reference proteome;Ribonucleoprotein;Ribosomal protein;Ubl conjugation,Evidence at protein level,419
Q9D8T7,Slirp,"SUBCELLULAR LOCATION: Mitochondrion {ECO:0000250}. Nucleus {ECO:0000250}. Note=Predominantly mitochondrial. Some fraction is nuclear. In the nucleus, it is recruited to nuclear receptor target promoters (By similarity). {ECO:0000250}.","TRANSIT 1..?; /note=""Mitochondrion""; /evidence=""ECO:0000255""",NA,Alternative splicing;Mitochondrion;Nucleus;Phosphoprotein;Reference proteome;Repressor;RNA-binding;Transcription;Transcription regulation;Transit peptide,Evidence at protein level,112
Q9D8U8,Snx5,"SUBCELLULAR LOCATION: Endosome {ECO:0000250|UniProtKB:Q9Y5X3}. Early endosome {ECO:0000250|UniProtKB:Q9Y5X3}. Early endosome membrane {ECO:0000250|UniProtKB:Q9Y5X3}; Peripheral membrane protein; Cytoplasmic side. Cell membrane {ECO:0000250|UniProtKB:Q9Y5X3}; Peripheral membrane protein; Cytoplasmic side {ECO:0000250|UniProtKB:Q9Y5X3}. Cytoplasmic vesicle membrane; Peripheral membrane protein; Cytoplasmic side. Cytoplasm. Cell projection, phagocytic cup. Cell projection, ruffle. Note=Recruited to the plasma membrane after EGF stimulation, which leads to increased levels of phosphatidylinositol 3,4-bisphosphate (PdtIns(3,4)P2) (By similarity). Detected on macropinosomes (PubMed:18854019). Targeted to membrane ruffles in response to EGFR stimulation (By similarity). {ECO:0000250|UniProtKB:Q9Y5X3, ECO:0000269|PubMed:18854019}.",NA,NA,3D-structure;Acetylation;Cell membrane;Cell projection;Cytoplasm;Cytoplasmic vesicle;Endocytosis;Endosome;Lipid-binding;Membrane;Phosphoprotein;Protein transport;Reference proteome;Transport,Evidence at protein level,404
Q9D967,Mdp1,NA,NA,NA,3D-structure;Hydrolase;Magnesium;Metal-binding;Protein phosphatase;Reference proteome,Evidence at protein level,164
Q9DAV9,Tmem38b,SUBCELLULAR LOCATION: Endoplasmic reticulum membrane {ECO:0000269|PubMed:17611541}; Multi-pass membrane protein {ECO:0000269|PubMed:17611541}.,NA,NA,Endoplasmic reticulum;Ion channel;Ion transport;Membrane;Potassium;Potassium channel;Potassium transport;Reference proteome;Transmembrane;Transmembrane helix;Transport,Evidence at protein level,292
Q9DB05,Napa,SUBCELLULAR LOCATION: Cell membrane {ECO:0000250|UniProtKB:P54920}; Peripheral membrane protein {ECO:0000250|UniProtKB:P54920}.,NA,NA,Acetylation;Cell membrane;Direct protein sequencing;ER-Golgi transport;Membrane;Phosphoprotein;Protein transport;Reference proteome;Transport,Evidence at protein level,295
Q9DB60,Prxl2b,"SUBCELLULAR LOCATION: Cytoplasm, cytosol {ECO:0000269|PubMed:18006499}.",NA,NA,Cytoplasm;Fatty acid biosynthesis;Fatty acid metabolism;Lipid biosynthesis;Lipid metabolism;NADP;Oxidoreductase;Phosphoprotein;Prostaglandin biosynthesis;Prostaglandin metabolism;Reference proteome,Evidence at protein level,201
Q9DB77,Uqcrc2,"SUBCELLULAR LOCATION: Mitochondrion inner membrane {ECO:0000269|PubMed:34616041, ECO:0000269|PubMed:38575788}; Peripheral membrane protein {ECO:0000269|PubMed:34616041, ECO:0000269|PubMed:38575788}; Matrix side {ECO:0000269|PubMed:34616041, ECO:0000269|PubMed:38575788}.","TRANSIT 1..14; /note=""Mitochondrion""; /evidence=""ECO:0000250""",NA,3D-structure;Acetylation;Direct protein sequencing;Electron transport;Membrane;Mitochondrion;Mitochondrion inner membrane;Phosphoprotein;Reference proteome;Respiratory chain;Transit peptide;Transport,Evidence at protein level,453
Q9DBB8,Dhdh,NA,NA,NA,NADP;Oxidoreductase;Reference proteome,Evidence at protein level,333
Q9DBC7,Prkar1a,SUBCELLULAR LOCATION: Cell membrane {ECO:0000250|UniProtKB:P10644}.,NA,NA,Acetylation;cAMP;cAMP-binding;Cell membrane;Disulfide bond;Membrane;Nucleotide-binding;Phosphoprotein;Reference proteome;Repeat,Evidence at protein level,381
Q9DBF1,Aldh7a1,"SUBCELLULAR LOCATION: [Isoform 1]: Mitochondrion {ECO:0000250|UniProtKB:P49419}.; SUBCELLULAR LOCATION: [Isoform 2]: Cytoplasm, cytosol {ECO:0000250|UniProtKB:P49419}. Cell membrane {ECO:0000250|UniProtKB:P49419}. Golgi apparatus membrane {ECO:0000250|UniProtKB:P49419}. Nucleus {ECO:0000250|UniProtKB:P49419}. Note=Translocates to membranes in response to cellular stress and phosphorylation by AMPK. {ECO:0000250|UniProtKB:P49419}.","TRANSIT 1..26; /note=""Mitochondrion""; /evidence=""ECO:0000255""",NA,Acetylation;Alternative splicing;Cell membrane;Cytoplasm;Golgi apparatus;Membrane;Mitochondrion;NAD;Nucleus;Oxidoreductase;Phosphoprotein;Reference proteome;Transit peptide,Evidence at protein level,539
Q9DBG1,Cyp27a1,"SUBCELLULAR LOCATION: Mitochondrion inner membrane {ECO:0000250|UniProtKB:P17178}; Peripheral membrane protein {ECO:0000250|UniProtKB:P17178}. Note=Post-translationally targeted to mitochondria. All three of the receptor proteins in the TOM complex, TOMM70, TOMM20 and TOMM22 are required for the translocation across the mitochondrial outer membrane. After translocation into the matrix, associates with the inner membrane as a membrane extrinsic protein. {ECO:0000250|UniProtKB:P17178}.","TRANSIT 1..32; /note=""Mitochondrion""; /evidence=""ECO:0000250""",NA,Acetylation;Cholesterol metabolism;Heme;Iron;Lipid biosynthesis;Lipid metabolism;Membrane;Metal-binding;Mitochondrion;Mitochondrion inner membrane;Monooxygenase;Oxidoreductase;Reference proteome;Steroid biosynthesis;Steroid metabolism;Sterol metabolism;Transit peptide,Evidence at protein level,533
Q9DBG3,Ap2b1,"SUBCELLULAR LOCATION: Cell membrane {ECO:0000250}. Membrane, coated pit {ECO:0000250}; Peripheral membrane protein {ECO:0000250}; Cytoplasmic side {ECO:0000250}. Note=AP-2 appears to be excluded from internalizing CCVs and to disengage from sites of endocytosis seconds before internalization of the nascent CCV. {ECO:0000250}.",NA,NA,3D-structure;Acetylation;Alternative splicing;Cell membrane;Coated pit;Endocytosis;Membrane;Phosphoprotein;Protein transport;Reference proteome;Transport,Evidence at protein level,937
Q9DBJ1,Pgam1,NA,NA,NA,Acetylation;Direct protein sequencing;Glycolysis;Hydrolase;Isomerase;Phosphoprotein;Reference proteome,Evidence at protein level,254
Q9DBL1,Acadsb,SUBCELLULAR LOCATION: Mitochondrion matrix {ECO:0000250|UniProtKB:P45954}.,"TRANSIT 1..33; /note=""Mitochondrion""; /evidence=""ECO:0000250|UniProtKB:P45954""",NA,Acetylation;Direct protein sequencing;FAD;Fatty acid metabolism;Flavoprotein;Lipid metabolism;Mitochondrion;Oxidoreductase;Phosphoprotein;Reference proteome;Transit peptide,Evidence at protein level,432
Q9DBP5,Cmpk1,SUBCELLULAR LOCATION: Nucleus {ECO:0000255|HAMAP-Rule:MF_03172}. Cytoplasm {ECO:0000255|HAMAP-Rule:MF_03172}. Note=Predominantly nuclear. {ECO:0000255|HAMAP-Rule:MF_03172}.,NA,NA,Acetylation;ATP-binding;Cytoplasm;Direct protein sequencing;Isopeptide bond;Kinase;Nucleotide-binding;Nucleus;Phosphoprotein;Pyrimidine biosynthesis;Reference proteome;Transferase;Ubl conjugation,Evidence at protein level,196
Q9DBS1,Tmem43,SUBCELLULAR LOCATION: Endoplasmic reticulum membrane {ECO:0000250|UniProtKB:Q9BTV4}. Nucleus inner membrane {ECO:0000269|PubMed:18230648}; Multi-pass membrane protein. Cell membrane {ECO:0000250|UniProtKB:Q9BTV4}. Note=Retained in the inner nuclear membrane through interaction with EMD and A- and B-lamins. The N- and C-termini are oriented towards the nucleoplasm. The majority of the hydrophilic domain resides in the endoplasmic reticulum lumen. {ECO:0000269|PubMed:18230648}.,NA,NA,Acetylation;Cell membrane;Endoplasmic reticulum;Immunity;Innate immunity;Membrane;Nucleus;Reference proteome;Transmembrane;Transmembrane helix,Evidence at protein level,400
Q9DC51,Gnai3,"SUBCELLULAR LOCATION: Cytoplasm {ECO:0000250|UniProtKB:P08754}. Cell membrane {ECO:0000250|UniProtKB:P08754}; Lipid-anchor {ECO:0000305}. Cytoplasm, cytoskeleton, microtubule organizing center, centrosome {ECO:0000250|UniProtKB:P08754}. Note=Localizes in the centrosomes of interphase and mitotic cells. Detected at the cleavage furrow and/or the midbody. {ECO:0000250|UniProtKB:P08754}.",NA,NA,3D-structure;Cell cycle;Cell division;Cell membrane;Cytoplasm;Cytoskeleton;Direct protein sequencing;GTP-binding;Lipoprotein;Magnesium;Membrane;Metal-binding;Myristate;Nucleotide-binding;Palmitate;Reference proteome;Transducer,Evidence at protein level,354
Q9DC69,Ndufa9,SUBCELLULAR LOCATION: Mitochondrion matrix {ECO:0000269|PubMed:38575788}.,"TRANSIT 1..35; /note=""Mitochondrion""; /evidence=""ECO:0000250""",NA,3D-structure;Acetylation;Direct protein sequencing;Electron transport;FAD;Flavoprotein;Mitochondrion;Reference proteome;Respiratory chain;Transit peptide;Transport,Evidence at protein level,377
Q9DC70,Ndufs7,SUBCELLULAR LOCATION: Mitochondrion inner membrane {ECO:0000269|PubMed:38575788}; Peripheral membrane protein {ECO:0000269|PubMed:38575788}; Matrix side {ECO:0000269|PubMed:38575788}.,"TRANSIT 1..35; /note=""Mitochondrion""; /evidence=""ECO:0000250|UniProtKB:P42026""",NA,3D-structure;4Fe-4S;Direct protein sequencing;Electron transport;Iron;Iron-sulfur;Membrane;Metal-binding;Mitochondrion;Mitochondrion inner membrane;NAD;Oxidoreductase;Phosphoprotein;Reference proteome;Respiratory chain;Transit peptide;Translocase;Transport;Ubiquinone,Evidence at protein level,224
Q9DCC8,Tomm20,SUBCELLULAR LOCATION: Mitochondrion outer membrane {ECO:0000250|UniProtKB:Q15388}; Single-pass membrane protein {ECO:0000250|UniProtKB:Q15388}.,NA,NA,Direct protein sequencing;Isopeptide bond;Membrane;Mitochondrion;Mitochondrion outer membrane;Phosphoprotein;Protein transport;Reference proteome;Transmembrane;Transmembrane helix;Transport;Ubl conjugation,Evidence at protein level,145
Q9DCE9,Igtp,"SUBCELLULAR LOCATION: Endoplasmic reticulum {ECO:0000269|PubMed:18765738, ECO:0000269|PubMed:9099712}. Cytoplasmic vesicle membrane {ECO:0000269|PubMed:18765738, ECO:0000269|PubMed:23785284}. Lipid droplet {ECO:0000269|PubMed:23785284}. Note=Delivered to the parasitophorous vacuole via the cell endoplasmic reticulum early after invasion (PubMed:18765738). It then condenses into vesicle-like structures on the vacuole just prior to parasitophorous vacuole disruption (PubMed:18765738). Mainly associates with lipid droplets and 'self' cytoplasmic vacuoles, while it only weakly coats 'non-self' pathogen-containing vacuoles (PubMed:23785284). {ECO:0000269|PubMed:18765738, ECO:0000269|PubMed:23785284}.",NA,NA,Autophagy;Cytoplasmic vesicle;Endoplasmic reticulum;GTP-binding;Hydrolase;Immunity;Innate immunity;Lipid droplet;Membrane;Nucleotide-binding;Reference proteome,Evidence at protein level,423
Q9DCH4,Eif3f,SUBCELLULAR LOCATION: Cytoplasm {ECO:0000255|HAMAP-Rule:MF_03005}.,NA,NA,Acetylation;Cytoplasm;Hydrolase;Initiation factor;Phosphoprotein;Protease;Protein biosynthesis;Reference proteome;Thiol protease;Ubl conjugation pathway,Evidence at protein level,361
Q9DAK9,Phpt1,SUBCELLULAR LOCATION: Cytoplasm {ECO:0000250}.,NA,NA,Cytoplasm;Hydrolase;Protein phosphatase;Reference proteome,Evidence at protein level,124
Q9DAS9,Gng12,SUBCELLULAR LOCATION: Cell membrane {ECO:0000305}; Lipid-anchor {ECO:0000305}; Cytoplasmic side {ECO:0000305}.,NA,NA,Acetylation;Cell membrane;Lipoprotein;Membrane;Methylation;Phosphoprotein;Prenylation;Reference proteome;Transducer,Evidence at protein level,72
Q9DAT5,Trmu,SUBCELLULAR LOCATION: Mitochondrion {ECO:0000269|PubMed:14746906}.,NA,NA,ATP-binding;Disulfide bond;Mitochondrion;Nucleotide-binding;Reference proteome;RNA-binding;Transferase;tRNA processing;tRNA-binding,Evidence at protein level,417
Q9DB15,Mrpl12,SUBCELLULAR LOCATION: Mitochondrion matrix {ECO:0000250|UniProtKB:P52815}.,"TRANSIT 1..38; /note=""Mitochondrion""; /evidence=""ECO:0000305|PubMed:21183079""",NA,Acetylation;Direct protein sequencing;Isopeptide bond;Mitochondrion;Reference proteome;Ribonucleoprotein;Ribosomal protein;Transit peptide;Ubl conjugation,Evidence at protein level,201
Q9DB20,Atp5po,SUBCELLULAR LOCATION: Mitochondrion {ECO:0000250}. Mitochondrion inner membrane {ECO:0000250}.,"TRANSIT 1..23; /note=""Mitochondrion""; /evidence=""ECO:0000250""",NA,Acetylation;ATP synthesis;Direct protein sequencing;Hydrogen ion transport;Ion transport;Membrane;Mitochondrion;Mitochondrion inner membrane;Reference proteome;Transit peptide;Transport;Ubl conjugation,Evidence at protein level,213
Q9DB27,Mcts1,SUBCELLULAR LOCATION: Cytoplasm {ECO:0000250|UniProtKB:Q9ULC4}. Note=Nuclear relocalization after DNA damage. {ECO:0000250|UniProtKB:Q9ULC4}.,NA,NA,Alternative splicing;Cell cycle;Cytoplasm;DNA damage;Growth regulation;Initiation factor;Phosphoprotein;Protein biosynthesis;Reference proteome;Transcription;Transcription regulation;Tumor suppressor,Evidence at protein level,181
Q9DBE8,Alg2,SUBCELLULAR LOCATION: Endoplasmic reticulum membrane {ECO:0000250|UniProtKB:Q9H553}; Single-pass membrane protein {ECO:0000250|UniProtKB:Q9H553}. Note=Active on cytoplasmic side of endoplasmic reticulum membrane. {ECO:0000250|UniProtKB:Q9H553}.,NA,NA,Endoplasmic reticulum;Glycosyltransferase;Membrane;Reference proteome;Transferase;Transmembrane;Transmembrane helix,Evidence at protein level,415
Q9DBG5,Plin3,SUBCELLULAR LOCATION: Lipid droplet {ECO:0000250|UniProtKB:O60664}. Endosome membrane {ECO:0000250|UniProtKB:O60664}; Peripheral membrane protein {ECO:0000250|UniProtKB:O60664}; Cytoplasmic side {ECO:0000250|UniProtKB:O60664}. Cytoplasm {ECO:0000250|UniProtKB:O60664}. Note=Membrane associated on endosomes. Detected in the envelope and the core of lipid bodies and in lipid sails. {ECO:0000250|UniProtKB:O60664}.,NA,NA,3D-structure;Acetylation;Coiled coil;Cytoplasm;Endosome;Isopeptide bond;Lipid droplet;Membrane;Phosphoprotein;Reference proteome;Transport;Ubl conjugation,Evidence at protein level,437
Q9DBG6,Rpn2,SUBCELLULAR LOCATION: Endoplasmic reticulum {ECO:0000250|UniProtKB:F1PCT7}. Endoplasmic reticulum membrane; Multi-pass membrane protein {ECO:0000305}.,NA,"SIGNAL 1..22; /evidence=""ECO:0000250""",3D-structure;Endoplasmic reticulum;Glycoprotein;Isopeptide bond;Membrane;Reference proteome;Signal;Transmembrane;Transmembrane helix;Ubl conjugation,Evidence at protein level,631
Q9DBG7,Srpra,"SUBCELLULAR LOCATION: Endoplasmic reticulum membrane {ECO:0000250|UniProtKB:P32916}; Peripheral membrane protein {ECO:0000250|UniProtKB:P32916}; Cytoplasmic side {ECO:0000250|UniProtKB:P32916}. Note=Thought to be anchored in the membrane through an interaction with SR-beta, which contains a bona fide transmembrane domain. {ECO:0000250|UniProtKB:P32916}.",NA,NA,Endoplasmic reticulum;GTP-binding;Membrane;Nucleotide-binding;Phosphoprotein;Receptor;Reference proteome,Evidence at protein level,636
Q9DBH5,Lman2,SUBCELLULAR LOCATION: Golgi apparatus membrane {ECO:0000250}; Single-pass type I membrane protein {ECO:0000250}.,NA,"SIGNAL 1..46; /evidence=""ECO:0000255""",Calcium;Disulfide bond;Glycoprotein;Golgi apparatus;Lectin;Membrane;Metal-binding;Protein transport;Reference proteome;Signal;Transmembrane;Transmembrane helix;Transport,Evidence at protein level,358
Q9DBZ1,Ikbip,SUBCELLULAR LOCATION: Endoplasmic reticulum membrane {ECO:0000250}; Single-pass membrane protein {ECO:0000250}.,NA,NA,Alternative splicing;Coiled coil;Endoplasmic reticulum;Glycoprotein;Membrane;Reference proteome;Transmembrane;Transmembrane helix,Evidence at protein level,373
Q9DC77,Smpx,NA,NA,NA,Phosphoprotein;Reference proteome,Evidence at protein level,85
Q9D8N0,Eef1g,NA,NA,NA,Acetylation;Direct protein sequencing;Elongation factor;Isopeptide bond;Protein biosynthesis;Reference proteome;Ubl conjugation,Evidence at protein level,437
Q9D8P4,Mrpl17,SUBCELLULAR LOCATION: Mitochondrion {ECO:0000250|UniProtKB:Q9NRX2}.,"TRANSIT 1..8; /note=""Mitochondrion""; /evidence=""ECO:0000250|UniProtKB:Q3T0L3""",NA,3D-structure;Alternative splicing;Direct protein sequencing;Mitochondrion;Reference proteome;Ribonucleoprotein;Ribosomal protein;Transit peptide,Evidence at protein level,176
Q9D8W7,Ociad2,SUBCELLULAR LOCATION: Endosome {ECO:0000250|UniProtKB:Q56VL3}. Mitochondrion {ECO:0000250|UniProtKB:Q56VL3}. Mitochondrion inner membrane {ECO:0000250|UniProtKB:Q56VL3}.,NA,NA,Acetylation;Endosome;Membrane;Mitochondrion;Mitochondrion inner membrane;Reference proteome,Evidence at protein level,154
Q9D8X2,Ccdc124,"SUBCELLULAR LOCATION: Cytoplasm, cytoskeleton, microtubule organizing center, centrosome {ECO:0000250|UniProtKB:Q96CT7}. Midbody {ECO:0000250|UniProtKB:Q96CT7}. Note=Colocalizes with gamma-tubulin at interphase, prophase, metaphase, and anaphase. Relocates from centrosome to midbody at telophase. {ECO:0000250|UniProtKB:Q96CT7}.",NA,NA,Cell cycle;Cell division;Coiled coil;Cytoplasm;Cytoskeleton;Phosphoprotein;Reference proteome,Evidence at protein level,217
Q9D8Y1,Tmem126a,SUBCELLULAR LOCATION: Mitochondrion inner membrane {ECO:0000250|UniProtKB:Q9H061}; Multi-pass membrane protein {ECO:0000250|UniProtKB:Q9H061}.,NA,NA,Membrane;Mitochondrion;Mitochondrion inner membrane;Reference proteome;Transmembrane;Transmembrane helix,Evidence at protein level,196
Q9D938,Tmem160,SUBCELLULAR LOCATION: Mitochondrion inner membrane {ECO:0000250|UniProtKB:Q9NX00}; Multi-pass membrane protein {ECO:0000255}.,"TRANSIT 1..96; /note=""Mitochondrion""; /evidence=""ECO:0000255""",NA,Membrane;Mitochondrion;Mitochondrion inner membrane;Phosphoprotein;Reference proteome;Transit peptide;Transmembrane;Transmembrane helix,Evidence at transcript level,188
Q9DB25,Alg5,SUBCELLULAR LOCATION: Endoplasmic reticulum membrane {ECO:0000250|UniProtKB:Q9Y673}; Single-pass membrane protein {ECO:0000255}.,NA,NA,Endoplasmic reticulum;Glycosyltransferase;Membrane;Reference proteome;Signal-anchor;Transferase;Transmembrane;Transmembrane helix,Evidence at protein level,324
Q9DB73,Cyb5r1,SUBCELLULAR LOCATION: Membrane {ECO:0000305}; Single-pass membrane protein {ECO:0000305}.,NA,NA,Alternative splicing;FAD;Flavoprotein;Lipid biosynthesis;Lipid metabolism;Membrane;NAD;Oxidoreductase;Reference proteome;Steroid biosynthesis;Steroid metabolism;Sterol biosynthesis;Sterol metabolism;Transmembrane;Transmembrane helix,Evidence at protein level,305
Q9DB76,Emc9,SUBCELLULAR LOCATION: Endoplasmic reticulum membrane {ECO:0000250|UniProtKB:Q9Y3B6}; Peripheral membrane protein {ECO:0000250|UniProtKB:Q9Y3B6}; Cytoplasmic side {ECO:0000250|UniProtKB:Q9Y3B6}.,NA,NA,Endoplasmic reticulum;Membrane;Reference proteome,Evidence at protein level,206
Q9DC61,Pmpca,SUBCELLULAR LOCATION: Mitochondrion matrix {ECO:0000250|UniProtKB:P20069}. Mitochondrion inner membrane {ECO:0000250|UniProtKB:Q10713}.,"TRANSIT 1..33; /note=""Mitochondrion""; /evidence=""ECO:0000250""",NA,Acetylation;Direct protein sequencing;Membrane;Mitochondrion;Mitochondrion inner membrane;Reference proteome;Transit peptide,Evidence at protein level,524
Q9DCA2,Mrps11,SUBCELLULAR LOCATION: Mitochondrion {ECO:0000250|UniProtKB:P82911}.,"TRANSIT 1..?; /note=""Mitochondrion""; /evidence=""ECO:0000255""",NA,3D-structure;Mitochondrion;Reference proteome;Ribonucleoprotein;Ribosomal protein;Transit peptide,Evidence at protein level,191
Q9DCB8,Isca2,SUBCELLULAR LOCATION: Mitochondrion {ECO:0000250|UniProtKB:Q86U28}.,"TRANSIT 1..8; /note=""Mitochondrion""; /evidence=""ECO:0000255""",NA,Iron;Iron-sulfur;Metal-binding;Mitochondrion;Reference proteome;Transit peptide,Evidence at protein level,154
Q9DCF9,Ssr3,SUBCELLULAR LOCATION: Endoplasmic reticulum membrane {ECO:0000250}; Multi-pass membrane protein {ECO:0000250}.,NA,NA,Acetylation;Alternative splicing;Endoplasmic reticulum;Membrane;Phosphoprotein;Reference proteome;Transmembrane;Transmembrane helix,Evidence at protein level,185
Q9D8S9,Bola1,SUBCELLULAR LOCATION: Mitochondrion {ECO:0000250|UniProtKB:Q9Y3E2}.,NA,NA,3D-structure;Mitochondrion;Phosphoprotein;Reference proteome,Evidence at protein level,137
Q9DCJ5,Ndufa8,SUBCELLULAR LOCATION: Mitochondrion inner membrane {ECO:0000269|PubMed:38575788}; Peripheral membrane protein {ECO:0000250|UniProtKB:P51970}. Mitochondrion intermembrane space {ECO:0000250|UniProtKB:P51970}. Mitochondrion {ECO:0000250|UniProtKB:P51970}.,NA,NA,3D-structure;Direct protein sequencing;Disulfide bond;Electron transport;Membrane;Mitochondrion;Mitochondrion inner membrane;Reference proteome;Repeat;Respiratory chain;Transport,Evidence at protein level,172
Q9DCM0,Ethe1,SUBCELLULAR LOCATION: Cytoplasm {ECO:0000250|UniProtKB:O95571}. Nucleus {ECO:0000250|UniProtKB:O95571}. Mitochondrion matrix {ECO:0000250|UniProtKB:O95571}.,"TRANSIT 1..7; /note=""Mitochondrion""; /evidence=""ECO:0000250|UniProtKB:O95571""",NA,Acetylation;Cytoplasm;Dioxygenase;Iron;Metal-binding;Mitochondrion;Nucleus;Oxidoreductase;Phosphoprotein;Reference proteome;Transit peptide,Evidence at protein level,254
Q9DCM2,Gstk1,SUBCELLULAR LOCATION: Mitochondrion {ECO:0000269|PubMed:12720545}.,NA,NA,Acetylation;Direct protein sequencing;Mitochondrion;Reference proteome;Transferase,Evidence at protein level,226
Q9DCN2,Cyb5r3,SUBCELLULAR LOCATION: Endoplasmic reticulum membrane {ECO:0000250|UniProtKB:P20070}; Lipid-anchor {ECO:0000250|UniProtKB:P20070}; Cytoplasmic side {ECO:0000250|UniProtKB:P20070}. Mitochondrion outer membrane {ECO:0000250|UniProtKB:P20070}; Lipid-anchor {ECO:0000250|UniProtKB:P20070}; Cytoplasmic side {ECO:0000250|UniProtKB:P20070}.,NA,NA,Acetylation;Alternative promoter usage;Cholesterol biosynthesis;Cholesterol metabolism;Direct protein sequencing;Endoplasmic reticulum;FAD;Flavoprotein;Lipid biosynthesis;Lipid metabolism;Lipoprotein;Membrane;Mitochondrion;Mitochondrion outer membrane;Myristate;NAD;Oxidoreductase;Phosphoprotein;Reference proteome;Steroid biosynthesis;Steroid metabolism;Sterol biosynthesis;Sterol metabolism,Evidence at protein level,301
Q9DCS3,Mecr,SUBCELLULAR LOCATION: Mitochondrion {ECO:0000250|UniProtKB:Q9BV79}.,"TRANSIT 1..53; /note=""Mitochondrion""; /evidence=""ECO:0000255""",NA,Acetylation;Fatty acid biosynthesis;Fatty acid metabolism;Lipid biosynthesis;Lipid metabolism;Mitochondrion;NADP;Oxidoreductase;Reference proteome;Transit peptide,Evidence at protein level,373
Q9DCT2,Ndufs3,SUBCELLULAR LOCATION: Mitochondrion inner membrane {ECO:0000269|PubMed:38575788}; Peripheral membrane protein {ECO:0000269|PubMed:38575788}; Matrix side {ECO:0000269|PubMed:38575788}.,"TRANSIT 1..35; /note=""Mitochondrion""; /evidence=""ECO:0000255""",NA,3D-structure;Direct protein sequencing;Electron transport;Membrane;Mitochondrion;Mitochondrion inner membrane;NAD;Oxidoreductase;Reference proteome;Respiratory chain;Transit peptide;Translocase;Transport;Ubiquinone,Evidence at protein level,263
Q9DCW4,Etfb,SUBCELLULAR LOCATION: Mitochondrion matrix {ECO:0000250|UniProtKB:P38117}.,NA,NA,Acetylation;Direct protein sequencing;Electron transport;Lipid degradation;Lipid metabolism;Methylation;Mitochondrion;Nucleotide-binding;Phosphoprotein;Reference proteome;Transport,Evidence at protein level,255
Q9DCZ4,Apoo,"SUBCELLULAR LOCATION: Mitochondrion inner membrane {ECO:0000250|UniProtKB:Q9BUR5}; Single-pass membrane protein {ECO:0000255}. Mitochondrion {ECO:0000269|PubMed:24743151}. Endoplasmic reticulum membrane {ECO:0000250|UniProtKB:Q9BUR5}. Golgi apparatus membrane {ECO:0000250|UniProtKB:Q9BUR5}. Note=Exists in three distinct forms: a glycosylated and secreted form, an ER/Golgi-resident form and a non-glycosylated mitochondrial form. {ECO:0000250|UniProtKB:Q9BUR5}.",NA,"SIGNAL 1..23; /evidence=""ECO:0000255""",Alternative splicing;Endoplasmic reticulum;Glycoprotein;Golgi apparatus;Membrane;Mitochondrion;Mitochondrion inner membrane;Reference proteome;Signal;Transmembrane;Transmembrane helix,Evidence at protein level,198
Q9DD03,Rab13,"SUBCELLULAR LOCATION: Cell membrane {ECO:0000250|UniProtKB:P51153}; Lipid-anchor {ECO:0000305}; Cytoplasmic side {ECO:0000305}. Cytoplasmic vesicle membrane {ECO:0000250|UniProtKB:P51153}; Lipid-anchor {ECO:0000305}; Cytoplasmic side {ECO:0000305}. Cell junction, tight junction {ECO:0000250|UniProtKB:P51153}. Golgi apparatus, trans-Golgi network membrane {ECO:0000250|UniProtKB:P51153}. Recycling endosome membrane {ECO:0000250|UniProtKB:P51153}. Cell projection, lamellipodium {ECO:0000269|PubMed:21543326}. Note=Tight junctions or associated with vesicles scattered throughout the cytoplasm in cells lacking tight junctions (By similarity). Relocalizes to the leading edge of lamellipodia in migrating endothelial cells (PubMed:21543326). {ECO:0000250|UniProtKB:P51153, ECO:0000269|PubMed:21543326}.",NA,NA,Cell junction;Cell membrane;Cell projection;Cytoplasmic vesicle;Endosome;Golgi apparatus;GTP-binding;Hydrolase;Isopeptide bond;Lipoprotein;Magnesium;Membrane;Metal-binding;Methylation;Nucleotide-binding;Phosphoprotein;Prenylation;Protein transport;Reference proteome;Tight junction;Transport;Ubl conjugation,Evidence at protein level,202
Q9EP69,Sacm1l,"SUBCELLULAR LOCATION: Endoplasmic reticulum membrane {ECO:0000250|UniProtKB:Q9ES21}; Multi-pass membrane protein {ECO:0000255}. Golgi apparatus membrane {ECO:0000250|UniProtKB:Q9NTJ5}; Multi-pass membrane protein {ECO:0000255}. Note=Trafficking between the ER and Golgi is regulated by nutrient status and by TMEM39A. Localizes to endoplasmic reticulum-plasma membrane contact sites (EPCS) in the presence of phosphatidylinositol-4,5-bisphosphate. {ECO:0000250|UniProtKB:Q9NTJ5}.",NA,NA,Acetylation;Endoplasmic reticulum;Golgi apparatus;Hydrolase;Lipid metabolism;Membrane;Reference proteome;Transmembrane;Transmembrane helix,Evidence at protein level,587
Q9EQ20,Aldh6a1,SUBCELLULAR LOCATION: Mitochondrion {ECO:0000250|UniProtKB:Q02253}.,"TRANSIT 1..32; /note=""Mitochondrion""; /evidence=""ECO:0000250""",NA,Acetylation;Mitochondrion;NAD;Oxidoreductase;Phosphoprotein;Reference proteome;Transit peptide,Evidence at protein level,535
Q9EQH3,Vps35,SUBCELLULAR LOCATION: Cytoplasm {ECO:0000250}. Membrane {ECO:0000250}; Peripheral membrane protein {ECO:0000250}. Endosome {ECO:0000250|UniProtKB:Q96QK1}. Early endosome {ECO:0000305}. Late endosome {ECO:0000305}.,NA,NA,3D-structure;Cytoplasm;Direct protein sequencing;Endosome;Membrane;Phosphoprotein;Protein transport;Reference proteome;Transport,Evidence at protein level,796
Q9EQK5,Mvp,"SUBCELLULAR LOCATION: Cytoplasm {ECO:0000250|UniProtKB:Q14764}. Nucleus, nuclear pore complex {ECO:0000250|UniProtKB:Q14764}. Cytoplasm, perinuclear region {ECO:0000250|UniProtKB:Q14764}.",NA,NA,3D-structure;Acetylation;Cytoplasm;Isopeptide bond;mRNA transport;Nuclear pore complex;Nucleus;Phosphoprotein;Protein transport;Reference proteome;Repeat;Ribonucleoprotein;Translocation;Transport;Ubl conjugation,Evidence at protein level,861
Q9EQP2,Ehd4,"SUBCELLULAR LOCATION: Early endosome membrane {ECO:0000250|UniProtKB:Q9H223}; Peripheral membrane protein {ECO:0000305}; Cytoplasmic side {ECO:0000305}. Recycling endosome membrane {ECO:0000250|UniProtKB:Q9H223}; Peripheral membrane protein {ECO:0000305}; Cytoplasmic side {ECO:0000305}. Cell membrane {ECO:0000269|PubMed:21177873}; Peripheral membrane protein {ECO:0000305}; Cytoplasmic side {ECO:0000305}. Cell junction, adherens junction {ECO:0000269|PubMed:33972531}.",NA,NA,3D-structure;Acetylation;ATP-binding;Calcium;Cell junction;Cell membrane;Endosome;Membrane;Metal-binding;Nucleotide-binding;Phosphoprotein;Reference proteome,Evidence at protein level,541
Q9ER00,Stx12,SUBCELLULAR LOCATION: Endosome membrane {ECO:0000250|UniProtKB:G3V7P1}; Single-pass type IV membrane protein {ECO:0000250|UniProtKB:G3V7P1}. Golgi apparatus membrane {ECO:0000250|UniProtKB:G3V7P1}; Single-pass type IV membrane protein {ECO:0000250|UniProtKB:G3V7P1}. Endomembrane system {ECO:0000250|UniProtKB:G3V7P1}; Single-pass type IV membrane protein {ECO:0000250|UniProtKB:G3V7P1}; Cytoplasmic side {ECO:0000250|UniProtKB:G3V7P1}. Early endosome membrane {ECO:0000250|UniProtKB:G3V7P1}; Single-pass type IV membrane protein {ECO:0000250|UniProtKB:G3V7P1}. Recycling endosome membrane {ECO:0000250|UniProtKB:G3V7P1}; Single-pass type IV membrane protein {ECO:0000250|UniProtKB:G3V7P1}.,NA,NA,Acetylation;Coiled coil;Endosome;Golgi apparatus;Membrane;Phosphoprotein;Protein transport;Reference proteome;Transmembrane;Transmembrane helix;Transport,Evidence at protein level,274
Q9ER41,Tor1b,SUBCELLULAR LOCATION: Endoplasmic reticulum lumen. Nucleus membrane.,NA,"SIGNAL 1..24; /evidence=""ECO:0000255""",ATP-binding;Chaperone;Endoplasmic reticulum;Glycoprotein;Hydrolase;Membrane;Nucleotide-binding;Nucleus;Reference proteome;Signal,Evidence at protein level,336
Q9ER60,Scn4a,SUBCELLULAR LOCATION: Cell membrane {ECO:0000269|PubMed:11834499}; Multi-pass membrane protein {ECO:0000250|UniProtKB:P35499}.,NA,NA,Cell membrane;Disulfide bond;Glycoprotein;Ion channel;Ion transport;Membrane;Phosphoprotein;Reference proteome;Repeat;Sodium;Sodium channel;Sodium transport;Transmembrane;Transmembrane helix;Transport;Voltage-gated channel,Evidence at protein level,1841
Q9ER88,Dap3,SUBCELLULAR LOCATION: Mitochondrion {ECO:0000250|UniProtKB:P51398}.,"TRANSIT 1..17; /note=""Mitochondrion""; /evidence=""ECO:0000250""",NA,3D-structure;Acetylation;Alternative splicing;Apoptosis;Hydrolase;Mitochondrion;Reference proteome;Ribonucleoprotein;Ribosomal protein;Transit peptide,Evidence at protein level,391
Q9ERD7,Tubb3,"SUBCELLULAR LOCATION: Cytoplasm, cytoskeleton {ECO:0000269|PubMed:20074521}. Cell projection, growth cone {ECO:0000269|PubMed:28483977}. Cell projection, lamellipodium {ECO:0000269|PubMed:28483977}. Cell projection, filopodium {ECO:0000269|PubMed:28483977}.",NA,NA,3D-structure;Cell projection;Cytoplasm;Cytoskeleton;Direct protein sequencing;GTP-binding;Isopeptide bond;Magnesium;Metal-binding;Microtubule;Nucleotide-binding;Phosphoprotein;Reference proteome,Evidence at protein level,450
Q9ERG0,Lima1,"SUBCELLULAR LOCATION: Cytoplasm. Cell junction, focal adhesion {ECO:0000250|UniProtKB:Q9UHB6}. Cytoplasm, cytoskeleton {ECO:0000250|UniProtKB:Q9UHB6}. Cytoplasm, cytoskeleton, stress fiber {ECO:0000269|PubMed:17875928}. Cell membrane {ECO:0000269|PubMed:29880681}. Cell projection, ruffle {ECO:0000269|PubMed:17875928}. Cell projection, lamellipodium {ECO:0000250|UniProtKB:Q9UHB6}. Note=Expressed mainly in the brush border membrane of the small intestine and colocalizes with NPC1L1 and MYO5B (PubMed:29880681). Colocalizes with PXN at focal adhesions in mesangial cells (By similarity). Colocalizes with actin stress fibers in quiescent cells. PDGF stimulation induced disassembly of stress fibers and formation of peripheral and dorsal ruffles, where LIMA1 is relocalized (PubMed:17875928). Localized at the lamellipodia, just behind lamellipodia actin ruffles (By similarity). {ECO:0000250|UniProtKB:Q9UHB6, ECO:0000269|PubMed:17875928, ECO:0000269|PubMed:29880681}.",NA,NA,Acetylation;Actin-binding;Alternative promoter usage;Cell junction;Cell membrane;Cell projection;Cholesterol metabolism;Cytoplasm;Cytoskeleton;LIM domain;Lipid metabolism;Membrane;Metal-binding;Phosphoprotein;Reference proteome;Steroid metabolism;Sterol metabolism;Ubl conjugation;Zinc,Evidence at protein level,753
Q9ERS2,Ndufa13,"SUBCELLULAR LOCATION: Mitochondrion inner membrane {ECO:0000269|PubMed:38575788, ECO:0000305|PubMed:12628925}; Single-pass membrane protein {ECO:0000269|PubMed:38575788, ECO:0000305|PubMed:12628925}; Matrix side {ECO:0000269|PubMed:38575788, ECO:0000305|PubMed:12628925}. Nucleus {ECO:0000269|PubMed:12628925}. Note=Localizes mainly in the mitochondrion. May be translocated into the nucleus upon IFN/RA treatment. {ECO:0000250|UniProtKB:Q9P0J0}.",NA,NA,3D-structure;Acetylation;Apoptosis;Direct protein sequencing;Electron transport;Membrane;Mitochondrion;Mitochondrion inner membrane;Nucleus;Reference proteome;Respiratory chain;Transmembrane;Transmembrane helix;Transport,Evidence at protein level,144
Q9ES74,Nek7,"SUBCELLULAR LOCATION: Nucleus {ECO:0000269|PubMed:26188091}. Cytoplasm {ECO:0000269|PubMed:26188091}. Cytoplasm, cytoskeleton, spindle pole {ECO:0000250|UniProtKB:Q8TDX7}. Cytoplasm, cytoskeleton, microtubule organizing center, centrosome {ECO:0000250|UniProtKB:Q8TDX7}. Note=Present at centrosome throughout the cell cycle (By similarity). Also detected at spindle midzone of the anaphase cells and eventually concentrates at the midbody (By similarity). Interaction with ANKS3 prevents its translocation to the nucleus (PubMed:26188091). {ECO:0000250|UniProtKB:Q8TDX7, ECO:0000269|PubMed:26188091}.",NA,NA,Acetylation;ATP-binding;Cytoplasm;Cytoskeleton;Kinase;Magnesium;Metal-binding;Nucleotide-binding;Nucleus;Phosphoprotein;Reference proteome;Serine/threonine-protein kinase;Transferase,Evidence at protein level,302
Q9ES83,Popdc1,"SUBCELLULAR LOCATION: Lateral cell membrane {ECO:0000250|UniProtKB:Q8NE79}. Cell junction, tight junction {ECO:0000269|PubMed:16188940}. Membrane {ECO:0000269|PubMed:22354168}; Multi-pass membrane protein {ECO:0000305}. Cell membrane, sarcolemma {ECO:0000269|PubMed:24066022}. Membrane, caveola {ECO:0000269|PubMed:24066022}. Note=Its movement from the cytoplasm to membrane is an early event occurring concurrently with cell-cell contact. Detected at cell-cell contact but never observed at the free surface of epithelial cells (By similarity). Colocalizes in epithelial cells with OCLN and TJP1 in an apical-lateral position within the z axis. Colocalizes with VAMP3 at the cell-cell contact in cardiac and skeletal muscle. {ECO:0000269|PubMed:16188940, ECO:0000269|PubMed:20057356}.",NA,NA,cAMP;cAMP-binding;Cell adhesion;Cell junction;Cell membrane;Developmental protein;Glycoprotein;Membrane;Nucleotide-binding;Phosphoprotein;Reference proteome;Tight junction;Transmembrane;Transmembrane helix,Evidence at protein level,358
Q9ESB3,Hrg,SUBCELLULAR LOCATION: Secreted.,NA,"SIGNAL 1..18; /evidence=""ECO:0000250""",Angiogenesis;Blood coagulation;Chemotaxis;Cleavage on pair of basic residues;Copper;Disulfide bond;Fibrinolysis;Glycoprotein;Hemostasis;Heparin-binding;Metal-binding;Phosphoprotein;Reference proteome;Repeat;Secreted;Signal;Zinc,Evidence at protein level,525
Q9ESW4,Agk,"SUBCELLULAR LOCATION: Mitochondrion inner membrane {ECO:0000250|UniProtKB:Q53H12}; Peripheral membrane protein {ECO:0000250|UniProtKB:Q53H12}. Mitochondrion intermembrane space {ECO:0000250|UniProtKB:Q53H12}. Note=Localizes in the mitochondrion intermembrane space, where it associates with the inner membrane. It is unclear whether the N-terminal hydrophobic region forms a transmembrane region or associates with the membrane without crossing it. {ECO:0000250|UniProtKB:Q53H12}.",NA,NA,Acetylation;Alternative splicing;ATP-binding;Kinase;Lipid metabolism;Membrane;Mitochondrion;Mitochondrion inner membrane;Nucleotide-binding;Reference proteome;Transferase,Evidence at protein level,421
Q9ET22,Dpp7,SUBCELLULAR LOCATION: Lysosome {ECO:0000250}. Cytoplasmic vesicle {ECO:0000250}. Secreted {ECO:0000250}.,NA,"SIGNAL 1..33; /evidence=""ECO:0000255""",Aminopeptidase;Cytoplasmic vesicle;Glycoprotein;Hydrolase;Lysosome;Protease;Reference proteome;Secreted;Serine protease;Signal;Zymogen,Evidence at protein level,506
Q9ET78,Jph2,"SUBCELLULAR LOCATION: [Junctophilin-2]: Cell membrane {ECO:0000269|PubMed:10949023}; Peripheral membrane protein {ECO:0000269|PubMed:10949023}. Sarcoplasmic reticulum membrane {ECO:0000269|PubMed:10949023}; Single-pass type IV membrane protein {ECO:0000269|PubMed:10949023}. Endoplasmic reticulum membrane {ECO:0000269|PubMed:10949023}; Single-pass type IV membrane protein {ECO:0000269|PubMed:10949023}. Note=The transmembrane domain is anchored in sarcoplasmic reticulum membrane, while the N-terminal part associates with the plasma membrane (PubMed:10949023). In heart cells, it predominantly associates along Z lines within myocytes (PubMed:10949023). In skeletal muscle, it is specifically localized at the junction of A and I bands (PubMed:10949023). {ECO:0000269|PubMed:10949023}.; SUBCELLULAR LOCATION: [Junctophilin-2 N-terminal fragment]: Nucleus {ECO:0000269|PubMed:30409805}. Note=Accumulates in the nucleus of stressed hearts. {ECO:0000269|PubMed:30409805}.",NA,NA,3D-structure;Cell membrane;Developmental protein;DNA-binding;Endoplasmic reticulum;Membrane;Nucleus;Phosphoprotein;Reference proteome;Repeat;Repressor;Sarcoplasmic reticulum;Transcription;Transcription regulation;Transmembrane;Transmembrane helix,Evidence at protein level,696
Q9ET80,Jph1,"SUBCELLULAR LOCATION: Cell membrane; Peripheral membrane protein. Endoplasmic reticulum membrane; Single-pass type IV membrane protein. Sarcoplasmic reticulum membrane; Single-pass type IV membrane protein. Note=Predominantly on the plasma membrane. The transmembrane domain is anchored in endoplasmic/sarcoplasmic reticulum membrane, while the N-terminal part associates with the plasma membrane. In skeletal muscle cells, it is predominantly localized at the junction of the A and I bands.",NA,NA,Cell membrane;Endoplasmic reticulum;Membrane;Phosphoprotein;Reference proteome;Repeat;Sarcoplasmic reticulum;Transmembrane;Transmembrane helix,Evidence at protein level,660
Q9JHI5,Ivd,SUBCELLULAR LOCATION: Mitochondrion matrix {ECO:0000250|UniProtKB:P12007}.,"TRANSIT 1..30; /note=""Mitochondrion""; /evidence=""ECO:0000250|UniProtKB:P26440""",NA,Acetylation;Direct protein sequencing;FAD;Flavoprotein;Mitochondrion;Oxidoreductase;Reference proteome;Transit peptide,Evidence at protein level,424
Q9JHJ0,Tmod3,"SUBCELLULAR LOCATION: Cytoplasm, cytoskeleton {ECO:0000250}.",NA,NA,Actin-binding;Cytoplasm;Cytoskeleton;Phosphoprotein;Reference proteome,Evidence at protein level,352
Q9DCJ7,Aurkaip1,SUBCELLULAR LOCATION: Mitochondrion matrix {ECO:0000250|UniProtKB:Q9NWT8}. Nucleus {ECO:0000250|UniProtKB:Q9NWT8}.,"TRANSIT 1..39; /note=""Mitochondrion""; /evidence=""ECO:0000255""",NA,3D-structure;Mitochondrion;Nucleus;Reference proteome;Ribonucleoprotein;Ribosomal protein;Transit peptide,Evidence at protein level,200
Q9DCL9,Paics,NA,NA,NA,Acetylation;ATP-binding;Decarboxylase;Ligase;Lyase;Multifunctional enzyme;Nucleotide-binding;Phosphoprotein;Purine biosynthesis;Reference proteome,Evidence at protein level,425
Q9DCS9,Ndufb10,SUBCELLULAR LOCATION: Mitochondrion inner membrane {ECO:0000269|PubMed:38575788}; Peripheral membrane protein {ECO:0000269|PubMed:38575788}; Matrix side {ECO:0000269|PubMed:38575788}.,NA,NA,3D-structure;Direct protein sequencing;Electron transport;Membrane;Mitochondrion;Mitochondrion inner membrane;Phosphoprotein;Reference proteome;Respiratory chain;Transport,Evidence at protein level,176
Q9DCX2,Atp5pd,SUBCELLULAR LOCATION: Mitochondrion. Mitochondrion inner membrane.,NA,NA,Acetylation;CF(0);Direct protein sequencing;Hydrogen ion transport;Ion transport;Membrane;Mitochondrion;Mitochondrion inner membrane;Reference proteome;Transport,Evidence at protein level,161
Q9DD18,Dtd1,SUBCELLULAR LOCATION: Nucleus {ECO:0000250|UniProtKB:Q8TEA8}. Cytoplasm {ECO:0000250|UniProtKB:Q8IIS0}. Note=Associated with chromatin at some replication origins containing functional DNA-unwinding elements (By similarity). {ECO:0000250|UniProtKB:Q8TEA8}.,NA,NA,Alternative splicing;Cytoplasm;Direct protein sequencing;DNA replication;DNA-binding;Hydrolase;Metal-binding;Nucleus;Phosphoprotein;Reference proteome;RNA-binding;tRNA-binding,Evidence at protein level,209
Q9EP89,Lactb,SUBCELLULAR LOCATION: Mitochondrion {ECO:0000250|UniProtKB:P83111}.,"TRANSIT 1..113; /note=""Mitochondrion""; /evidence=""ECO:0000255""",NA,Acetylation;Hydrolase;Lipid metabolism;Mitochondrion;Protease;Reference proteome;Transit peptide;Tumor suppressor,Evidence at protein level,551
Q9EPJ9,Arfgap1,SUBCELLULAR LOCATION: Golgi apparatus {ECO:0000250|UniProtKB:Q62848}. Cytoplasm {ECO:0000250|UniProtKB:Q62848}. Note=Associates with the Golgi complex. {ECO:0000250|UniProtKB:Q62848}.,NA,NA,Acetylation;Alternative splicing;Cytoplasm;ER-Golgi transport;Golgi apparatus;GTPase activation;Metal-binding;Phosphoprotein;Protein transport;Reference proteome;Transport;Zinc;Zinc-finger,Evidence at protein level,414
Q9ER72,Cars1,SUBCELLULAR LOCATION: Cytoplasm {ECO:0000250|UniProtKB:P49589}.,NA,NA,Acetylation;Alternative splicing;Aminoacyl-tRNA synthetase;ATP-binding;Cytoplasm;Ligase;Metal-binding;Nucleotide-binding;Phosphoprotein;Protein biosynthesis;Reference proteome;Zinc,Evidence at protein level,831
Q9ERF3,Skic8,SUBCELLULAR LOCATION: Nucleus {ECO:0000250|UniProtKB:Q9GZS3}. Cytoplasm {ECO:0000250|UniProtKB:Q9GZS3}.,NA,NA,Acetylation;Cytoplasm;Nucleus;Reference proteome;Repeat;Transcription;Transcription regulation;WD repeat;Wnt signaling pathway,Evidence at protein level,305
Q9ERI6,Rdh14,NA,NA,NA,Lipid metabolism;NADP;Oxidoreductase;Reference proteome,Evidence at protein level,334
Q9ERK4,Cse1l,SUBCELLULAR LOCATION: Cytoplasm {ECO:0000250|UniProtKB:P55060}. Nucleus {ECO:0000250|UniProtKB:P55060}. Note=Shuttles between the nucleus and the cytoplasm. {ECO:0000250|UniProtKB:P55060}.,NA,NA,Acetylation;Cytoplasm;Nucleus;Phosphoprotein;Protein transport;Reference proteome;Transport,Evidence at protein level,971
Q9DCU6,Mrpl4,SUBCELLULAR LOCATION: Mitochondrion {ECO:0000250|UniProtKB:Q9BYD3}.,NA,NA,3D-structure;Methylation;Mitochondrion;Reference proteome;Ribonucleoprotein;Ribosomal protein,Evidence at protein level,294
Q9DCV4,Rmdn1,"SUBCELLULAR LOCATION: Cytoplasm {ECO:0000250}. Cytoplasm, cytoskeleton, spindle {ECO:0000250}. Cytoplasm, cytoskeleton, spindle pole {ECO:0000250}. Note=In interphase localizes in the cytoplasm, and during mitosis localizes to the spindle microtubules and spindle poles. {ECO:0000250}.",NA,NA,Cytoplasm;Cytoskeleton;Microtubule;Reference proteome;Repeat;TPR repeat,Evidence at protein level,305
Q9DCZ1,Gmpr,NA,NA,NA,Metal-binding;NADP;Oxidoreductase;Phosphoprotein;Potassium;Purine metabolism;Reference proteome,Evidence at protein level,345
Q9EP72,Emc7,SUBCELLULAR LOCATION: Endoplasmic reticulum membrane {ECO:0000250|UniProtKB:Q9NPA0}; Single-pass type I membrane protein {ECO:0000250|UniProtKB:Q9NPA0}.,NA,"SIGNAL 1..22; /evidence=""ECO:0000250|UniProtKB:Q9NPA0""",Endoplasmic reticulum;Membrane;Reference proteome;Signal;Transmembrane;Transmembrane helix,Evidence at protein level,241
Q9EQI8,Mrpl46,SUBCELLULAR LOCATION: Mitochondrion {ECO:0000250|UniProtKB:Q9H2W6}.,"TRANSIT 1..?; /note=""Mitochondrion""; /evidence=""ECO:0000255""",NA,3D-structure;Acetylation;Mitochondrion;Reference proteome;Ribonucleoprotein;Ribosomal protein;Transit peptide,Evidence at protein level,283
Q9ERR7,Selenof,SUBCELLULAR LOCATION: Endoplasmic reticulum lumen {ECO:0000250}. Note=The association with UGGT1/UGCGL1 is essential for its retention in the endoplasmic reticulum. {ECO:0000250}.,NA,"SIGNAL 1..28; /evidence=""ECO:0000255""",Endoplasmic reticulum;Reference proteome;Selenocysteine;Signal,Evidence at protein level,162
Q9ESP1,Sdf2l1,SUBCELLULAR LOCATION: Endoplasmic reticulum lumen {ECO:0000255|PROSITE-ProRule:PRU10138}.,NA,"SIGNAL 1..28; /evidence=""ECO:0000255""",Endoplasmic reticulum;Phosphoprotein;Reference proteome;Repeat;Signal,Evidence at protein level,221
Q9ET30,Tm9sf3,SUBCELLULAR LOCATION: Membrane {ECO:0000305}; Multi-pass membrane protein {ECO:0000305}.,NA,"SIGNAL 1..26; /evidence=""ECO:0000255""",Glycoprotein;Membrane;Reference proteome;Signal;Transmembrane;Transmembrane helix,Evidence at protein level,587
Q9DCT5,Sdf2,SUBCELLULAR LOCATION: Secreted.,NA,"SIGNAL 1..18; /evidence=""ECO:0000255""",Reference proteome;Repeat;Secreted;Signal,Evidence at protein level,211
Q9JHS4,Clpx,"SUBCELLULAR LOCATION: Mitochondrion {ECO:0000269|PubMed:22710082}. Mitochondrion matrix, mitochondrion nucleoid {ECO:0000250|UniProtKB:O76031}.","TRANSIT 1..56; /note=""Mitochondrion""; /evidence=""ECO:0000255""",NA,Acetylation;ATP-binding;Chaperone;Hydrolase;Metal-binding;Mitochondrion;Mitochondrion nucleoid;Nucleotide-binding;Phosphoprotein;Reference proteome;Transit peptide;Zinc,Evidence at protein level,634
Q9JHU4,Dync1h1,"SUBCELLULAR LOCATION: Cytoplasm, cytoskeleton.",NA,NA,3D-structure;Acetylation;ATP-binding;Cell cycle;Cell division;Coiled coil;Cytoplasm;Cytoskeleton;Disease variant;Dynein;Microtubule;Mitosis;Motor protein;Nucleotide-binding;Phosphoprotein;Reference proteome;Repeat;Transport,Evidence at protein level,4644
Q9JHW2,Nit2,SUBCELLULAR LOCATION: Cytoplasm {ECO:0000250|UniProtKB:Q9NQR4}.,NA,NA,3D-structure;Acetylation;Cytoplasm;Hydrolase;Phosphoprotein;Reference proteome,Evidence at protein level,276
Q9JI39,Abcb10,SUBCELLULAR LOCATION: Mitochondrion inner membrane {ECO:0000269|PubMed:10835348}; Multi-pass membrane protein {ECO:0000250|UniProtKB:Q9NRK6}.,"TRANSIT 1..82; /note=""Mitochondrion""; /evidence=""ECO:0000269|PubMed:15215243""",NA,Acetylation;ATP-binding;Glutathionylation;Magnesium;Membrane;Metal-binding;Mitochondrion;Mitochondrion inner membrane;Nucleotide-binding;Reference proteome;Transit peptide;Translocase;Transmembrane;Transmembrane helix;Transport,Evidence at protein level,715
Q9JI91,Actn2,"SUBCELLULAR LOCATION: Cytoplasm, myofibril, sarcomere, Z line {ECO:0000269|PubMed:19932097}. Note=Colocalizes with MYOZ1 and FLNC at the Z-lines of skeletal muscle.",NA,NA,Actin-binding;Calcium;Cytoplasm;Metal-binding;Phosphoprotein;Reference proteome;Repeat;Ubl conjugation,Evidence at protein level,894
Q9JI99,Sgpp1,SUBCELLULAR LOCATION: Endoplasmic reticulum membrane {ECO:0000269|PubMed:12235122}; Multi-pass membrane protein {ECO:0000255}. Cell membrane {ECO:0000269|PubMed:12235122}; Multi-pass membrane protein {ECO:0000255}. Note=Mainly found in intracellular membrane fractions. {ECO:0000269|PubMed:12235122}.,NA,NA,Cell membrane;Endoplasmic reticulum;Hydrolase;Lipid metabolism;Membrane;Phosphoprotein;Reference proteome;Transmembrane;Transmembrane helix,Evidence at protein level,430
Q9JII6,Akr1a1,"SUBCELLULAR LOCATION: Cytoplasm, cytosol {ECO:0000269|PubMed:15769935}. Apical cell membrane {ECO:0000269|PubMed:15769935}.",NA,NA,3D-structure;Acetylation;Cell membrane;Cytoplasm;Direct protein sequencing;Lipid metabolism;Membrane;NADP;Oxidoreductase;Phosphoprotein;Reference proteome,Evidence at protein level,325
Q9JIQ3,Diablo,"SUBCELLULAR LOCATION: Mitochondrion {ECO:0000269|PubMed:10929712}. Cytoplasm, cytosol {ECO:0000250|UniProtKB:Q9NR28}. Note=Released into the cytosol in a PARL-dependent manner when cells undergo apoptosis. {ECO:0000250|UniProtKB:Q9NR28}.","TRANSIT 1..33; /note=""Mitochondrion""; /evidence=""ECO:0000255""",NA,Apoptosis;Cytoplasm;Mitochondrion;Phosphoprotein;Reference proteome;Transit peptide;Ubl conjugation,Evidence at protein level,237
Q9JIW9,Ralb,"SUBCELLULAR LOCATION: Cell membrane {ECO:0000250|UniProtKB:P11234}; Lipid-anchor {ECO:0000250|UniProtKB:P11234}; Cytoplasmic side {ECO:0000250|UniProtKB:P11234}. Midbody {ECO:0000250|UniProtKB:P11234}. Note=During late cytokinesis, enriched at the midbody. {ECO:0000250|UniProtKB:P11234}.",NA,NA,Apoptosis;Cell cycle;Cell division;Cell membrane;GTP-binding;Hydrolase;Lipoprotein;Membrane;Methylation;Nucleotide-binding;Prenylation;Reference proteome,Evidence at protein level,206
Q9JIY5,Htra2,"SUBCELLULAR LOCATION: Mitochondrion intermembrane space. Mitochondrion membrane {ECO:0000305}; Single-pass membrane protein {ECO:0000305}. Note=Predominantly present in the intermembrane space. Released into the cytosol following apoptotic stimuli, such as UV treatment, and stimulation of mitochondria with BID.","TRANSIT 1..31; /note=""Mitochondrion""",NA,Apoptosis;Hydrolase;Membrane;Mitochondrion;Protease;Reference proteome;Serine protease;Transit peptide;Transmembrane;Transmembrane helix;Ubl conjugation;Zymogen,Evidence at protein level,458
Q9JJI8,Rpl38,SUBCELLULAR LOCATION: Cytoplasm {ECO:0000269|PubMed:36517592}.,NA,NA,3D-structure;Acetylation;Cytoplasm;Isopeptide bond;Reference proteome;Ribonucleoprotein;Ribosomal protein;Ubl conjugation,Evidence at protein level,70
Q9JJV2,Pfn2,"SUBCELLULAR LOCATION: Cytoplasm, cytoskeleton.",NA,NA,3D-structure;Acetylation;Actin-binding;Alternative splicing;Cytoplasm;Cytoskeleton;Direct protein sequencing;Reference proteome,Evidence at protein level,140
Q9JJZ2,Tuba8,"SUBCELLULAR LOCATION: Cytoplasm, cytoskeleton.",NA,NA,Cytoplasm;Cytoskeleton;GTP-binding;Hydrolase;Magnesium;Metal-binding;Microtubule;Nucleotide-binding;Reference proteome,Evidence at protein level,449
Q9JK37,Myoz1,"SUBCELLULAR LOCATION: Nucleus {ECO:0000250}. Cell projection, pseudopodium {ECO:0000250}. Note=Localized to the nucleus and pseudopodia of undifferentiated cells and detected throughout the myotubes of differentiated cells. Colocalizes with ACTN2, FLNC and MYOT at the Z-lines of skeletal muscle (By similarity). {ECO:0000250}.",NA,NA,Cell projection;Nucleus;Phosphoprotein;Reference proteome,Evidence at protein level,296
Q9JK42,Pdk2,SUBCELLULAR LOCATION: Mitochondrion matrix {ECO:0000269|PubMed:21190881}.,"TRANSIT 1..?; /note=""Mitochondrion""; /evidence=""ECO:0000255""",NA,ATP-binding;Kinase;Mitochondrion;Nucleotide-binding;Phosphoprotein;Reference proteome;Transferase;Transit peptide,Evidence at protein level,407
Q9JK48,Sh3glb1,"SUBCELLULAR LOCATION: Cytoplasm {ECO:0000269|PubMed:17381077}. Golgi apparatus membrane {ECO:0000269|PubMed:17086176}; Peripheral membrane protein {ECO:0000250|UniProtKB:Q6AYE2}. Mitochondrion outer membrane {ECO:0000250|UniProtKB:Q9Y371}; Peripheral membrane protein {ECO:0000250|UniProtKB:Q9Y371}. Cytoplasmic vesicle, autophagosome membrane {ECO:0000250|UniProtKB:Q9Y371}. Midbody {ECO:0000250|UniProtKB:Q9Y371}. Note=Association with the Golgi apparatus depends on the cell type. Following starvation colocalizes with ATG5 and LC3 autophagy-related protein(s)on autophagosomal membranes. {ECO:0000250|UniProtKB:Q9Y371}.",NA,NA,3D-structure;Acetylation;Alternative splicing;Apoptosis;Coiled coil;Cytoplasm;Cytoplasmic vesicle;Golgi apparatus;Lipid-binding;Membrane;Mitochondrion;Mitochondrion outer membrane;Phosphoprotein;Reference proteome;SH3 domain,Evidence at protein level,365
Q9JK92,Hspb8,SUBCELLULAR LOCATION: Cytoplasm {ECO:0000250|UniProtKB:Q9UJY1}. Nucleus {ECO:0000250|UniProtKB:Q9UJY1}. Note=Translocates to nuclear foci during heat shock. {ECO:0000250|UniProtKB:Q9UJY1}.,NA,NA,Chaperone;Cytoplasm;Methylation;Nucleus;Phosphoprotein;Reference proteome;Stress response,Evidence at protein level,196
Q9JKB1,Uchl3,"SUBCELLULAR LOCATION: Cytoplasm {ECO:0000269|PubMed:11341770, ECO:0000269|PubMed:17967898}.",NA,NA,Cytoplasm;Hydrolase;Phosphoprotein;Protease;Reference proteome;Thiol protease;Ubl conjugation pathway,Evidence at protein level,230
Q9JKB3,Ybx3,SUBCELLULAR LOCATION: Cytoplasm {ECO:0000269|PubMed:10772793}. Nucleus {ECO:0000250}.,NA,NA,Acetylation;Alternative splicing;Cytoplasm;DNA-binding;Methylation;Nucleus;Phosphoprotein;Reference proteome;Repressor;RNA-binding;Transcription;Transcription regulation,Evidence at protein level,361
Q9JKP5,Mbnl1,"SUBCELLULAR LOCATION: Nucleus {ECO:0000250|UniProtKB:Q9NR56}. Cytoplasm {ECO:0000250|UniProtKB:Q9NR56}. Cytoplasmic granule {ECO:0000250|UniProtKB:Q9NR56}. Note=Localized with DDX1, TIAL1 and YBX1 in stress granules upon stress. Localized in the cytoplasm of multinucleated myotubes. {ECO:0000250|UniProtKB:Q9NR56}.",NA,NA,Cytoplasm;Direct protein sequencing;Metal-binding;mRNA processing;mRNA splicing;Nucleus;Phosphoprotein;Reference proteome;Repeat;RNA-binding;Zinc;Zinc-finger,Evidence at protein level,341
Q9JKR6,Hyou1,SUBCELLULAR LOCATION: Endoplasmic reticulum lumen {ECO:0000269|PubMed:7641295}.,NA,"SIGNAL 1..32; /evidence=""ECO:0000250""",Acetylation;ATP-binding;Chaperone;Direct protein sequencing;Endoplasmic reticulum;Glycoprotein;Nucleotide-binding;Phosphoprotein;Reference proteome;Signal;Stress response,Evidence at protein level,999
Q9JL56,Gde1,SUBCELLULAR LOCATION: Cell membrane {ECO:0000269|PubMed:18227059}; Multi-pass membrane protein {ECO:0000255}. Cytoplasmic vesicle membrane {ECO:0000250|UniProtKB:Q9JL55}; Multi-pass membrane protein {ECO:0000255}. Note=Perinuclear vesicles and cell membrane. {ECO:0000250|UniProtKB:Q9JL55}.,NA,NA,Cell membrane;Cytoplasmic vesicle;Glycoprotein;Hydrolase;Lipid metabolism;Magnesium;Membrane;Metal-binding;Reference proteome;Transmembrane;Transmembrane helix,Evidence at protein level,331
Q9JLJ1,Selenok,SUBCELLULAR LOCATION: Endoplasmic reticulum membrane {ECO:0000269|PubMed:21220695}; Single-pass membrane protein {ECO:0000255}. Cell membrane {ECO:0000250|UniProtKB:Q9Y6D0}; Single-pass membrane protein {ECO:0000255}. Note=Probably mainly localized in the ER. {ECO:0000269|PubMed:21220695}.,NA,NA,Calcium;Calcium transport;Cell membrane;Endoplasmic reticulum;Ion transport;Membrane;Reference proteome;Selenocysteine;Transmembrane;Transmembrane helix;Transport;Ubl conjugation,Evidence at protein level,94
Q9JLR9,Higd1a,SUBCELLULAR LOCATION: Mitochondrion membrane {ECO:0000255|PROSITE-ProRule:PRU00836}; Multi-pass membrane protein {ECO:0000255|PROSITE-ProRule:PRU00836}. Mitochondrion inner membrane {ECO:0000250}.,NA,NA,Acetylation;Electron transport;Membrane;Mitochondrion;Mitochondrion inner membrane;Phosphoprotein;Reference proteome;Respiratory chain;Stress response;Transmembrane;Transmembrane helix;Transport,Evidence at protein level,95
Q9JLT4,Txnrd2,SUBCELLULAR LOCATION: Mitochondrion {ECO:0000269|PubMed:10721726}.,"TRANSIT 1..34; /note=""Mitochondrion""; /evidence=""ECO:0000269|PubMed:10455115""",NA,3D-structure;Alternative splicing;Direct protein sequencing;Disulfide bond;FAD;Flavoprotein;Mitochondrion;NADP;Oxidoreductase;Redox-active center;Reference proteome;Selenocysteine;Transit peptide,Evidence at protein level,524
Q9JLV1,Bag3,SUBCELLULAR LOCATION: Nucleus {ECO:0000250|UniProtKB:O95817}. Cytoplasm {ECO:0000250|UniProtKB:O95817}. Note=Colocalizes with HSF1 to the nucleus upon heat stress. {ECO:0000250|UniProtKB:O95817}.,NA,NA,3D-structure;Acetylation;Apoptosis;Chaperone;Cytoplasm;Isopeptide bond;Methylation;Nucleus;Phosphoprotein;Reference proteome;Repeat;Ubl conjugation,Evidence at protein level,577
Q9JLZ3,Auh,SUBCELLULAR LOCATION: Mitochondrion {ECO:0000269|PubMed:10072761}.,"TRANSIT 1..42; /note=""Mitochondrion""; /evidence=""ECO:0000250|UniProtKB:Q13825""",NA,Acetylation;Alternative splicing;Branched-chain amino acid catabolism;Lyase;Mitochondrion;Reference proteome;RNA-binding;Transit peptide,Evidence at protein level,314
Q9JMG3,Tmub1,"SUBCELLULAR LOCATION: Membrane {ECO:0000269|PubMed:18665261}; Multi-pass membrane protein {ECO:0000305}. Postsynaptic cell membrane {ECO:0000269|PubMed:18665261}. Recycling endosome {ECO:0000250|UniProtKB:Q53AQ4}. Cytoplasm {ECO:0000269|PubMed:16014383, ECO:0000269|PubMed:20582322}. Nucleus {ECO:0000269|PubMed:16014383}. Nucleus, nucleolus {ECO:0000269|PubMed:22890319}.; SUBCELLULAR LOCATION: [Isoform 1]: Membrane {ECO:0000250|UniProtKB:Q53AQ4, ECO:0000305|PubMed:24240191}.; SUBCELLULAR LOCATION: [Isoform 2]: Membrane {ECO:0000250|UniProtKB:Q53AQ4, ECO:0000305|PubMed:24240191}.; SUBCELLULAR LOCATION: [iHOPS]: Cytoplasm {ECO:0000250|UniProtKB:Q53AQ4, ECO:0000305|PubMed:24240191}. Cytoplasm, cytoskeleton, microtubule organizing center, centrosome {ECO:0000305|PubMed:24240191}. Nucleus, nucleolus {ECO:0000305|PubMed:24240191}. Nucleus {ECO:0000305|PubMed:24240191}. Note=iHOPS is proposed to be the shuttling form across different cellular compartments (PubMed:24240191). XPO1-dependent exported from the nucleus in dividing cells. Predominantly nuclear during growth arrest (PubMed:16014383). {ECO:0000269|PubMed:16014383, ECO:0000305|PubMed:24240191}.",NA,NA,Alternative initiation;Cell membrane;Cytoplasm;Cytoskeleton;Endosome;Membrane;Nucleus;Phosphoprotein;Postsynaptic cell membrane;Reference proteome;Synapse;Transmembrane;Transmembrane helix,Evidence at protein level,245
Q9JMH3,Neu2,"SUBCELLULAR LOCATION: Cytoplasm, cytosol {ECO:0000250|UniProtKB:Q9Y3R4}.",NA,NA,Carbohydrate metabolism;Cytoplasm;Glycosidase;Hydrolase;Lipid degradation;Lipid metabolism;Reference proteome;Repeat,Evidence at protein level,379
Q9QUH0,Glrx,SUBCELLULAR LOCATION: Cytoplasm.,NA,NA,Acetylation;Cytoplasm;Disulfide bond;Electron transport;Redox-active center;Reference proteome;Transport,Evidence at protein level,107
Q9QUI0,Rhoa,"SUBCELLULAR LOCATION: Cell membrane {ECO:0000250|UniProtKB:P61586}; Lipid-anchor {ECO:0000250|UniProtKB:P61586}; Cytoplasmic side {ECO:0000250|UniProtKB:P61586}. Cytoplasm, cytoskeleton {ECO:0000250|UniProtKB:P61586}. Cleavage furrow {ECO:0000250|UniProtKB:P61586}. Cytoplasm, cell cortex {ECO:0000250|UniProtKB:P61586}. Midbody {ECO:0000250|UniProtKB:P61586}. Cell projection, lamellipodium {ECO:0000269|PubMed:11777936, ECO:0000269|PubMed:21543326}. Cell projection, dendrite {ECO:0000269|PubMed:24352656}. Nucleus {ECO:0000250|UniProtKB:P61586}. Cytoplasm {ECO:0000250|UniProtKB:P61586}. Note=Localized to cell-cell contacts in calcium-treated keratinocytes (PubMed:11777936). Translocates to the equatorial region before furrow formation in a ECT2-dependent manner. Localizes to the equatorial cell cortex (at the site of the presumptive furrow) in early anaphase in an activated form and in a myosin- and actin-independent manner (By similarity). Colocalizes with KANK1 at the contractile ring. Colocalizes with DAAM1 and KANK1 around centrosomes. {ECO:0000250|UniProtKB:P61586, ECO:0000269|PubMed:11777936, ECO:0000269|PubMed:28284839}.",NA,NA,3D-structure;Cell cycle;Cell division;Cell membrane;Cell projection;Cytoplasm;Cytoskeleton;GTP-binding;Hydrolase;Isopeptide bond;Lipoprotein;Magnesium;Membrane;Metal-binding;Methylation;Nucleotide-binding;Nucleus;Phosphoprotein;Prenylation;Proto-oncogene;Reference proteome;Ubl conjugation,Evidence at protein level,193
Q9QUJ7,Acsl4,SUBCELLULAR LOCATION: Mitochondrion outer membrane {ECO:0000250|UniProtKB:O60488}; Single-pass type III membrane protein {ECO:0000250|UniProtKB:O60488}. Endoplasmic reticulum membrane {ECO:0000250|UniProtKB:O60488}; Single-pass type III membrane protein {ECO:0000250|UniProtKB:O60488}. Cell membrane {ECO:0000250|UniProtKB:O60488}; Single-pass type III membrane protein {ECO:0000250|UniProtKB:O60488}.,NA,NA,Alternative splicing;ATP-binding;Cell membrane;Endoplasmic reticulum;Fatty acid metabolism;Ligase;Lipid metabolism;Magnesium;Membrane;Mitochondrion;Mitochondrion outer membrane;Nucleotide-binding;Phosphoprotein;Reference proteome;Signal-anchor;Transmembrane;Transmembrane helix,Evidence at protein level,711
Q9QUR6,Prep,SUBCELLULAR LOCATION: Cytoplasm {ECO:0000269|PubMed:37189369}.,NA,NA,Acetylation;Cytoplasm;Hydrolase;Protease;Reference proteome;Serine protease,Evidence at protein level,710
Q9QXS1,Plec,"SUBCELLULAR LOCATION: Cytoplasm, cytoskeleton {ECO:0000250|UniProtKB:Q15149}. Cell junction, hemidesmosome {ECO:0000250|UniProtKB:Q15149}. Cell projection, podosome {ECO:0000269|PubMed:23525008}. Note=Localized to the cortex of myotube podosomes. {ECO:0000269|PubMed:23525008}.",NA,NA,3D-structure;Acetylation;Actin-binding;Alternative splicing;Cell junction;Cell projection;Coiled coil;Cytoplasm;Cytoskeleton;Direct protein sequencing;Methylation;Phosphoprotein;Reference proteome;Repeat;SH3 domain,Evidence at protein level,4691
Q9QY80,Hacd1,SUBCELLULAR LOCATION: Endoplasmic reticulum membrane {ECO:0000250|UniProtKB:B0YJ81}; Multi-pass membrane protein {ECO:0000250|UniProtKB:B0YJ81}.,NA,NA,Developmental protein;Endoplasmic reticulum;Fatty acid biosynthesis;Fatty acid metabolism;Glycoprotein;Lipid biosynthesis;Lipid metabolism;Lyase;Membrane;Reference proteome;Transmembrane;Transmembrane helix,Evidence at transcript level,281
Q9QYA2,Tomm40,SUBCELLULAR LOCATION: Mitochondrion outer membrane {ECO:0000250|UniProtKB:O96008}; Multi-pass membrane protein {ECO:0000250|UniProtKB:O96008}. Note=Associates with the mitochondria-associated ER membrane via interaction with BCAP31. {ECO:0000250|UniProtKB:O96008}.,NA,NA,Direct protein sequencing;Ion transport;Membrane;Mitochondrion;Mitochondrion outer membrane;Porin;Protein transport;Reference proteome;Transmembrane;Transmembrane beta strand;Transport,Evidence at protein level,361
Q9QYB5,Add3,"SUBCELLULAR LOCATION: Cytoplasm, cytoskeleton {ECO:0000250|UniProtKB:Q62847}. Cell membrane {ECO:0000250|UniProtKB:Q62847}; Peripheral membrane protein; Cytoplasmic side. Cytoplasm {ECO:0000269|PubMed:33992672}. Note=Full-length protein and the cleavage fragment 358-706 localize mainly to the cytoplasm, while cleavage fragment 1-357 translocates from the cytoplasm to the nucleus. {ECO:0000269|PubMed:33992672}.",NA,NA,Acetylation;Actin-binding;Alternative splicing;Calmodulin-binding;Cell membrane;Cytoplasm;Cytoskeleton;Direct protein sequencing;Isopeptide bond;Membrane;Phosphoprotein;Reference proteome;Ubl conjugation,Evidence at protein level,706
Q9QYC0,Add1,"SUBCELLULAR LOCATION: Cytoplasm, cytoskeleton. Cell membrane; Peripheral membrane protein; Cytoplasmic side.",NA,NA,Acetylation;Actin-binding;Alternative splicing;Calmodulin-binding;Cell membrane;Cytoplasm;Cytoskeleton;Membrane;Phosphoprotein;Reference proteome,Evidence at protein level,735
Q9QYF1,Rdh11,SUBCELLULAR LOCATION: Endoplasmic reticulum membrane {ECO:0000269|PubMed:12807874}; Single-pass type II membrane protein {ECO:0000269|PubMed:12807874}.,NA,NA,Acetylation;Alternative splicing;Endoplasmic reticulum;Lipid metabolism;Membrane;NADP;Oxidoreductase;Reference proteome;Signal-anchor;Transmembrane;Transmembrane helix,Evidence at protein level,316
Q9JI48,Plac8,NA,NA,NA,Reference proteome,Evidence at protein level,112
Q9JIF9,Myot,"SUBCELLULAR LOCATION: Cell membrane, sarcolemma {ECO:0000250|UniProtKB:Q9UBF9}. Cytoplasm, cytoskeleton {ECO:0000250|UniProtKB:Q9UBF9}. Cytoplasm, myofibril, sarcomere, Z line {ECO:0000250|UniProtKB:Q9UBF9}. Note=Sarcomeric, also localized to the sarcolemma. Colocalizes with MYOZ1 at the Z-lines in skeletal muscle. {ECO:0000250|UniProtKB:Q9UBF9}.",NA,NA,Actin-binding;Cell membrane;Cytoplasm;Cytoskeleton;Immunoglobulin domain;Membrane;Methylation;Muscle protein;Reference proteome;Repeat,Evidence at protein level,496
Q9JIK9,Mrps34,SUBCELLULAR LOCATION: Mitochondrion {ECO:0000269|PubMed:25816300}.,NA,NA,3D-structure;Mitochondrion;Reference proteome;Ribonucleoprotein;Ribosomal protein,Evidence at protein level,218
Q9JJL8,Sars2,SUBCELLULAR LOCATION: Mitochondrion matrix {ECO:0000305|PubMed:15081407}.,"TRANSIT 1..34; /note=""Mitochondrion""; /evidence=""ECO:0000250|UniProtKB:Q9N0F3""",NA,Acetylation;Aminoacyl-tRNA synthetase;ATP-binding;Ligase;Mitochondrion;Nucleotide-binding;Protein biosynthesis;Reference proteome;Transit peptide,Evidence at protein level,518
Q9JK53,Prelp,"SUBCELLULAR LOCATION: Secreted, extracellular space, extracellular matrix.",NA,"SIGNAL 1..21; /evidence=""ECO:0000255""",Disulfide bond;Extracellular matrix;Glycoprotein;Heparan sulfate;Heparin-binding;Leucine-rich repeat;Proteoglycan;Reference proteome;Repeat;Secreted;Signal,Evidence at protein level,378
Q9JLB0,Pals2,SUBCELLULAR LOCATION: Membrane; Peripheral membrane protein.,NA,NA,Alternative splicing;Membrane;Phosphoprotein;Reference proteome;Repeat;SH3 domain,Evidence at protein level,553
Q9JMG1,Edf1,SUBCELLULAR LOCATION: Cytoplasm {ECO:0000250}. Nucleus {ECO:0000250}. Note=Also nuclear upon binding to NR5A1 and treatment of cells with TPA or forskolin. {ECO:0000250}.,NA,NA,Acetylation;Activator;Calmodulin-binding;Cytoplasm;Developmental protein;Differentiation;DNA-binding;Methylation;Nucleus;Phosphoprotein;Reference proteome;Transcription;Transcription regulation,Evidence at protein level,148
Q9QXT0,Cnpy2,SUBCELLULAR LOCATION: Endoplasmic reticulum {ECO:0000255|PROSITE-ProRule:PRU10138}.,NA,"SIGNAL 1..20; /evidence=""ECO:0000255""",Disulfide bond;Endoplasmic reticulum;Phosphoprotein;Reference proteome;Signal,Evidence at protein level,182
Q9JKF7,Mrpl39,SUBCELLULAR LOCATION: Mitochondrion {ECO:0000250|UniProtKB:Q9NYK5}.,NA,NA,3D-structure;Acetylation;Mitochondrion;Reference proteome;Ribonucleoprotein;Ribosomal protein,Evidence at protein level,336
Q9JLH8,Tmod4,"SUBCELLULAR LOCATION: Cytoplasm, cytoskeleton {ECO:0000250|UniProtKB:Q9NZQ9}. Note=In myofibrils with sarcomeric structure, localizes to the pointed end of actin thin filaments. {ECO:0000250|UniProtKB:Q9NZQ9}.",NA,NA,Actin-binding;Cytoplasm;Cytoskeleton;Reference proteome,Evidence at transcript level,345
Q9JKL4,Ndufaf3,SUBCELLULAR LOCATION: Nucleus {ECO:0000250}. Mitochondrion inner membrane {ECO:0000250}.,NA,NA,Membrane;Mitochondrion;Mitochondrion inner membrane;Nucleus;Reference proteome,Evidence at protein level,185
Q9QYG0,Ndrg2,"SUBCELLULAR LOCATION: Cytoplasm {ECO:0000269|PubMed:14985363, ECO:0000269|PubMed:16520977}. Cytoplasm, perinuclear region {ECO:0000250}. Cell projection, growth cone {ECO:0000250}. Note=In neurons, seems to concentrate at axonal growth cone. Perinuclear in neurons (By similarity). {ECO:0000250}.",NA,NA,3D-structure;Acetylation;Alternative splicing;Cell projection;Cytoplasm;Developmental protein;Differentiation;Direct protein sequencing;Neurogenesis;Phosphoprotein;Reference proteome;Tumor suppressor;Wnt signaling pathway,Evidence at protein level,371
Q9QYR9,Acot2,SUBCELLULAR LOCATION: Mitochondrion matrix {ECO:0000269|PubMed:25114170}.,"TRANSIT 1..42; /note=""Mitochondrion""; /evidence=""ECO:0000255""",NA,Acetylation;Fatty acid metabolism;Hydrolase;Lipid metabolism;Mitochondrion;Reference proteome;Serine esterase;Transit peptide,Evidence at protein level,453
Q9QZ47,Tnnt3,NA,NA,NA,Acetylation;Alternative splicing;Muscle protein;Phosphoprotein;Reference proteome,Evidence at protein level,272
Q9QZ88,Vps29,SUBCELLULAR LOCATION: Cytoplasm {ECO:0000250}. Membrane {ECO:0000250}; Peripheral membrane protein {ECO:0000250}. Endosome membrane {ECO:0000269|PubMed:15965486}; Peripheral membrane protein {ECO:0000269|PubMed:15965486}.,NA,NA,3D-structure;Acetylation;Alternative splicing;Cytoplasm;Direct protein sequencing;Endosome;Membrane;Metal-binding;Protein transport;Reference proteome;Transport;Zinc,Evidence at protein level,182
Q9QZD9,Eif3i,SUBCELLULAR LOCATION: Cytoplasm {ECO:0000255|HAMAP-Rule:MF_03008}.,NA,NA,Acetylation;Cytoplasm;Direct protein sequencing;Initiation factor;Isopeptide bond;Phosphoprotein;Protein biosynthesis;Reference proteome;Repeat;Ubl conjugation;WD repeat,Evidence at protein level,325
Q9QZE5,Copg1,"SUBCELLULAR LOCATION: Cytoplasm, cytosol {ECO:0000269|PubMed:17360540}. Golgi apparatus membrane {ECO:0000269|PubMed:17360540}; Peripheral membrane protein {ECO:0000269|PubMed:17360540}; Cytoplasmic side {ECO:0000269|PubMed:17360540}. Cytoplasmic vesicle, COPI-coated vesicle membrane {ECO:0000250}; Peripheral membrane protein {ECO:0000250}; Cytoplasmic side {ECO:0000250}. Note=The coatomer is cytoplasmic or polymerized on the cytoplasmic side of the Golgi, as well as on the vesicles/buds originating from it. Predominantly located in the cis-Golgi apparatus. {ECO:0000250}.",NA,NA,3D-structure;Cytoplasm;Cytoplasmic vesicle;ER-Golgi transport;Golgi apparatus;Membrane;Phosphoprotein;Protein transport;Reference proteome;Repeat;Transport,Evidence at protein level,874
Q9QZF2,Gpc1,"SUBCELLULAR LOCATION: Cell membrane; Lipid-anchor, GPI-anchor; Extracellular side. Endosome. Note=S-nitrosylated form recycled in endosomes. Localizes to CAV1-containing vesicles close to the cell surface. Cleavage of heparan sulfate side chains takes place mainly in late endosomes. Associates with both forms of PRNP in lipid rafts. Colocalizes with APP in perinuclear compartments and with CP in intracellular compartments. Associates with fibrillar APP amyloid-beta peptides in lipid rafts in Alzheimer disease brains.; SUBCELLULAR LOCATION: [Secreted glypican-1]: Secreted, extracellular space.",NA,"SIGNAL 1..23; /evidence=""ECO:0000250""",Cell membrane;Copper;Disulfide bond;Endosome;Glycoprotein;GPI-anchor;Heparan sulfate;Lipoprotein;Membrane;Proteoglycan;Reference proteome;S-nitrosylation;Secreted;Signal;Zinc,Evidence at protein level,557
Q9QZH6,Ecsit,SUBCELLULAR LOCATION: Cytoplasm {ECO:0000250|UniProtKB:Q9BQ95}. Nucleus {ECO:0000250|UniProtKB:Q9BQ95}. Mitochondrion {ECO:0000250|UniProtKB:Q9BQ95}.,"TRANSIT 1..48; /note=""Mitochondrion""; /evidence=""ECO:0000255""",NA,Cytoplasm;Immunity;Innate immunity;Isopeptide bond;Mitochondrion;Nucleus;Reference proteome;Transit peptide;Ubl conjugation,Evidence at protein level,435
Q9QZJ6,Mfap5,"SUBCELLULAR LOCATION: Secreted, extracellular space, extracellular matrix {ECO:0000250}.",NA,"SIGNAL 1..28; /evidence=""ECO:0000255""",Disulfide bond;Extracellular matrix;Glycoprotein;Reference proteome;Secreted;Signal,Evidence at protein level,164
Q9QZQ8,Macroh2a1,"SUBCELLULAR LOCATION: Nucleus {ECO:0000269|PubMed:15564378, ECO:0000269|PubMed:9634239}. Chromosome {ECO:0000269|PubMed:15564378, ECO:0000269|PubMed:9634239}. Note=Enriched in inactive X chromosome chromatin and in senescence-associated heterochromatin (PubMed:9634239). In quiescent lymphocytes, associated with centromeric constitutive heterochromatin (PubMed:15564378). Recruited to DNA damage sites in an APLF-dependent manner (By similarity). {ECO:0000250|UniProtKB:O75367, ECO:0000269|PubMed:15564378, ECO:0000269|PubMed:9634239}.",NA,NA,Acetylation;Alternative splicing;Chromatin regulator;Chromosome;DNA-binding;Isopeptide bond;Methylation;Nucleosome core;Nucleus;Phosphoprotein;Reference proteome;Ubl conjugation,Evidence at protein level,369
Q9R049,Amfr,SUBCELLULAR LOCATION: Endoplasmic reticulum membrane {ECO:0000269|PubMed:16987818}; Multi-pass membrane protein {ECO:0000255}. Note=Palmitoylation promotes localization to the peripheral endoplasmic reticulum. {ECO:0000250|UniProtKB:Q9UKV5}.,NA,NA,Alternative splicing;Endoplasmic reticulum;Lipoprotein;Membrane;Metal-binding;Nucleotide-binding;Palmitate;Phosphoprotein;Receptor;Reference proteome;Transferase;Transmembrane;Transmembrane helix;Ubl conjugation pathway;Wnt signaling pathway;Zinc;Zinc-finger,Evidence at protein level,643
Q9R059,Fhl3,SUBCELLULAR LOCATION: Nucleus {ECO:0000269|PubMed:17363903}. Cytoplasm {ECO:0000269|PubMed:17363903}.,NA,NA,Acetylation;Activator;Cytoplasm;LIM domain;Metal-binding;Nucleus;Reference proteome;Repeat;Transcription;Transcription regulation;Zinc;Zinc-finger,Evidence at protein level,289
Q9R062,Gyg1,"SUBCELLULAR LOCATION: Cytoplasm {ECO:0000250|UniProtKB:P13280}. Nucleus {ECO:0000250|UniProtKB:P13280}. Note=Localizes to glycogen granules (glycosomes) in the cytoplasm (By similarity). Cytosolic localization is dependent on the actin cytoskeleton (By similarity). {ECO:0000250|UniProtKB:C4R941, ECO:0000250|UniProtKB:P13280}.",NA,NA,Acetylation;Cytoplasm;Glycogen biosynthesis;Glycoprotein;Manganese;Metal-binding;Nucleus;Phosphoprotein;Reference proteome;Transferase,Evidence at protein level,333
Q9R069,Bcam,SUBCELLULAR LOCATION: Cell membrane {ECO:0000250|UniProtKB:P50895}; Single-pass type I membrane protein {ECO:0000250|UniProtKB:P50895}.,NA,"SIGNAL 1..25; /evidence=""ECO:0000255""",Cell adhesion;Cell membrane;Disulfide bond;Glycoprotein;Immunoglobulin domain;Membrane;Phosphoprotein;Receptor;Reference proteome;Repeat;Signal;Transmembrane;Transmembrane helix,Evidence at protein level,622
Q9R0E1,Plod3,"SUBCELLULAR LOCATION: Rough endoplasmic reticulum {ECO:0000250|UniProtKB:O60568}. Endoplasmic reticulum lumen {ECO:0000250|UniProtKB:O60568}. Endoplasmic reticulum membrane {ECO:0000269|PubMed:16447251}; Peripheral membrane protein {ECO:0000305|PubMed:16447251}; Lumenal side {ECO:0000305|PubMed:16447251}. Secreted {ECO:0000269|PubMed:21465473}. Secreted, extracellular space {ECO:0000269|PubMed:16447251}. Note=The majority of the secreted protein is associated with the extracellular matrix. {ECO:0000269|PubMed:16447251}.",NA,"SIGNAL 1..27; /evidence=""ECO:0000255""",Dioxygenase;Disulfide bond;Endoplasmic reticulum;Glycoprotein;Glycosyltransferase;Iron;Manganese;Membrane;Metal-binding;Multifunctional enzyme;Oxidoreductase;Reference proteome;Secreted;Signal;Transferase;Vitamin C,Evidence at protein level,741
Q9R0G6,Comp,"SUBCELLULAR LOCATION: Secreted, extracellular space, extracellular matrix {ECO:0000269|PubMed:32686688}.",NA,"SIGNAL 1..19; /evidence=""ECO:0000255""",3D-structure;Apoptosis;Calcium;Cell adhesion;Disulfide bond;EGF-like domain;Extracellular matrix;Glycoprotein;Heparin-binding;Phosphoprotein;Reference proteome;Repeat;Secreted;Signal,Evidence at protein level,755
Q9R0P5,Dstn,NA,NA,NA,Acetylation;Actin-binding;Direct protein sequencing;Phosphoprotein;Reference proteome;Ubl conjugation,Evidence at protein level,165
Q9R0X4,Acot9,SUBCELLULAR LOCATION: Mitochondrion {ECO:0000305|PubMed:10383425}. Mitochondrion matrix {ECO:0000269|PubMed:31676684}. Mitochondrion inner membrane {ECO:0000269|PubMed:32498134}.,"TRANSIT 1..21; /note=""Mitochondrion""; /evidence=""ECO:0000269|PubMed:10383425""",NA,Acetylation;Direct protein sequencing;Hydrolase;Membrane;Mitochondrion;Mitochondrion inner membrane;Reference proteome;Repeat;Serine esterase;Transit peptide,Evidence at protein level,439
Q9R0Y5,Ak1,"SUBCELLULAR LOCATION: Cytoplasm {ECO:0000250|UniProtKB:P00568, ECO:0000255|HAMAP-Rule:MF_03171}.",NA,NA,Acetylation;Alternative splicing;ATP-binding;Cytoplasm;Direct protein sequencing;Kinase;Nucleotide-binding;Phosphoprotein;Reference proteome;Transferase,Evidence at protein level,194
Q9R1P4,Psma1,"SUBCELLULAR LOCATION: Cytoplasm {ECO:0000250|UniProtKB:P25786}. Nucleus {ECO:0000250|UniProtKB:P25786}. Note=Translocated from the cytoplasm into the nucleus following interaction with AKIRIN2, which bridges the proteasome with the nuclear import receptor IPO9. {ECO:0000250|UniProtKB:P25786}.",NA,NA,3D-structure;Acetylation;Cytoplasm;Direct protein sequencing;Glycoprotein;Immunity;Isopeptide bond;Nucleus;Phosphoprotein;Proteasome;Reference proteome;Ubl conjugation,Evidence at protein level,263
Q9WTI7,Myo1c,"SUBCELLULAR LOCATION: Cytoplasm {ECO:0000269|PubMed:11030652, ECO:0000269|PubMed:12490950, ECO:0000269|PubMed:16492791}. Nucleus {ECO:0000250|UniProtKB:O00159}. Cytoplasm, cell cortex {ECO:0000269|PubMed:12490950, ECO:0000269|PubMed:16492791, ECO:0000269|PubMed:17994197}. Cell projection, stereocilium membrane {ECO:0000250|UniProtKB:Q92002}. Cytoplasmic vesicle {ECO:0000269|PubMed:22918957}. Cell projection, ruffle membrane {ECO:0000269|PubMed:17994197, ECO:0000269|PubMed:22918957}. Note=Colocalizes with CABP1 and CIB1 at cell margin, membrane ruffles and punctate regions on the cell membrane (PubMed:17994197). Colocalizes in adipocytes with GLUT4 at actin-based membranes (PubMed:12490950). Colocalizes with GLUT4 at insulin-induced ruffles at the cell membrane (PubMed:22918957). Localizes transiently at cell membrane to region known to be enriched in PIP2 (PubMed:16492791). Activation of phospholipase C results in its redistribution to the cytoplasm (PubMed:16492791). Colocalizes with RNA polymerase II (By similarity). Translocates to nuclear speckles upon exposure to inhibitors of RNA polymerase II transcription (By similarity). {ECO:0000250|UniProtKB:O00159, ECO:0000269|PubMed:12490950, ECO:0000269|PubMed:16492791, ECO:0000269|PubMed:17994197, ECO:0000269|PubMed:22918957}.; SUBCELLULAR LOCATION: [Isoform 3]: Nucleus, nucleolus {ECO:0000269|PubMed:11030652, ECO:0000269|PubMed:16514417, ECO:0000305|PubMed:16957816}. Nucleus, nucleoplasm {ECO:0000269|PubMed:16514417}. Note=Colocalizes with RNA polymerase II in the nucleus (PubMed:11030652). Colocalizes with RNA polymerase I in nucleoli (PubMed:16514417). In the nucleolus, is localized predominantly in dense fibrillar component (DFC) and in granular component (GC) (By similarity). Accumulates strongly in DFC and GC during activation of transcription (By similarity). Colocalizes with transcription sites (PubMed:16514417). Colocalizes in the granular cortex at the periphery of the nucleolus with RPS6 (By similarity). Colocalizes in nucleoplasm with RPS6 and actin that are in contact with RNP particles (By similarity). Colocalizes with RPS6 at the nuclear pore level (By similarity). {ECO:0000250|UniProtKB:O00159, ECO:0000269|PubMed:11030652, ECO:0000269|PubMed:16514417}.",NA,NA,3D-structure;Acetylation;Actin-binding;Alternative splicing;ATP-binding;Calmodulin-binding;Cell membrane;Cell projection;Cytoplasm;Cytoplasmic vesicle;Membrane;Methylation;Motor protein;Myosin;Nucleotide-binding;Nucleus;Phosphoprotein;Reference proteome;Repeat,Evidence at protein level,1063
Q9WTK3,Gpaa1,SUBCELLULAR LOCATION: Endoplasmic reticulum membrane {ECO:0000250|UniProtKB:O43292}; Multi-pass membrane protein {ECO:0000250|UniProtKB:O43292}.,NA,NA,Disulfide bond;Endoplasmic reticulum;Glycoprotein;GPI-anchor biosynthesis;Magnesium;Membrane;Metal-binding;Reference proteome;Transmembrane;Transmembrane helix,Evidence at protein level,621
Q9WTP6,Ak2,SUBCELLULAR LOCATION: Mitochondrion intermembrane space {ECO:0000255|HAMAP-Rule:MF_03168}.,NA,NA,Acetylation;Alternative splicing;ATP-binding;Direct protein sequencing;Disulfide bond;Kinase;Mitochondrion;Nucleotide-binding;Phosphoprotein;Reference proteome;Transferase,Evidence at protein level,239
Q9WTR5,Cdh13,"SUBCELLULAR LOCATION: Cell membrane {ECO:0000269|PubMed:27834691}; Lipid-anchor, GPI-anchor {ECO:0000255}. Cytoplasm {ECO:0000269|PubMed:27834691}.",NA,"SIGNAL 1..22; /evidence=""ECO:0000255""",3D-structure;Calcium;Cell adhesion;Cell membrane;Cleavage on pair of basic residues;Cytoplasm;Glycoprotein;GPI-anchor;Lipoprotein;Membrane;Metal-binding;Reference proteome;Repeat;Signal,Evidence at protein level,714
Q9WTZ1,Rnf7,SUBCELLULAR LOCATION: Cytoplasm {ECO:0000250|UniProtKB:Q9UBF6}. Nucleus {ECO:0000250|UniProtKB:Q9UBF6}.,NA,NA,3D-structure;Acetylation;Cytoplasm;Metal-binding;Nucleus;Reference proteome;Transferase;Ubl conjugation pathway;Zinc;Zinc-finger,Evidence at protein level,113
Q9WU78,Pdcd6ip,"SUBCELLULAR LOCATION: Cytoplasm, cytosol {ECO:0000250|UniProtKB:Q9QZA2}. Melanosome {ECO:0000250|UniProtKB:Q8WUM4}. Cytoplasm, cytoskeleton, microtubule organizing center, centrosome {ECO:0000250|UniProtKB:Q8WUM4}. Secreted, extracellular exosome {ECO:0000269|PubMed:23523921}. Cell junction, tight junction {ECO:0000269|PubMed:27336173}. Midbody, Midbody ring {ECO:0000250|UniProtKB:Q8WUM4}. Note=Colocalized with CEP55 in the midbody during cytokinesis and at centrosomes in non-dividing cells (By similarity). Component of the actomyosin-tight junction complex (PubMed:27336173). {ECO:0000250|UniProtKB:Q8WUM4, ECO:0000269|PubMed:27336173}.",NA,NA,Acetylation;Alternative splicing;Apoptosis;Cell cycle;Cell division;Cell junction;Cytoplasm;Cytoskeleton;Methylation;Phosphoprotein;Protein transport;Reference proteome;Secreted;Tight junction;Transport,Evidence at protein level,869
Q9WUB3,Pygm,NA,NA,NA,Acetylation;Allosteric enzyme;Carbohydrate metabolism;Glycogen metabolism;Glycosyltransferase;Nucleotide-binding;Phosphoprotein;Pyridoxal phosphate;Reference proteome;Transferase,Evidence at protein level,842
Q9WUM3,Coro1b,"SUBCELLULAR LOCATION: Cytoplasm, cytoskeleton {ECO:0000250|UniProtKB:Q9BR76}. Cytoplasm, cytoskeleton, stress fiber {ECO:0000250|UniProtKB:Q9BR76}. Note=Localized to the leading edge in fibroblasts, as well as weakly along actin stress fibers. {ECO:0000250|UniProtKB:Q9BR76}.",NA,NA,Actin-binding;Coiled coil;Cytoplasm;Cytoskeleton;Direct protein sequencing;Phosphoprotein;Reference proteome;Repeat;WD repeat,Evidence at protein level,484
Q9WUM5,Suclg1,SUBCELLULAR LOCATION: Mitochondrion {ECO:0000255|HAMAP-Rule:MF_03222}.,"TRANSIT 1..34; /note=""Mitochondrion""; /evidence=""ECO:0000255|HAMAP-Rule:MF_03222""",NA,Acetylation;Direct protein sequencing;Ligase;Mitochondrion;Nucleotide-binding;Reference proteome;Transit peptide;Tricarboxylic acid cycle,Evidence at protein level,346
Q9WUQ2,Preb,"SUBCELLULAR LOCATION: Endoplasmic reticulum membrane {ECO:0000250|UniProtKB:Q9WTV0}; Single-pass membrane protein {ECO:0000250|UniProtKB:Q9WTV0}. Nucleus {ECO:0000250|UniProtKB:Q9WTV0}. Note=Concentrates at endoplasmic reticulum exit sites (ERES), also known as transitional endoplasmic reticulum (tER). {ECO:0000250|UniProtKB:Q9HCU5}.",NA,NA,Activator;DNA-binding;Endoplasmic reticulum;ER-Golgi transport;Membrane;Nitration;Nucleus;Protein transport;Reference proteome;Repeat;Transcription;Transcription regulation;Transmembrane;Transmembrane helix;Transport;WD repeat,Evidence at protein level,417
Q9WUR2,Eci2,SUBCELLULAR LOCATION: [Isoform 1]: Mitochondrion {ECO:0000269|PubMed:24344334}.; SUBCELLULAR LOCATION: [Isoform 2]: Peroxisome matrix {ECO:0000269|PubMed:24344334}.,"TRANSIT 1..36; /note=""Mitochondrion""; /evidence=""ECO:0000255""",NA,Acetylation;Alternative splicing;Isomerase;Mitochondrion;Peroxisome;Phosphoprotein;Reference proteome;Transit peptide,Evidence at protein level,391
Q9WUR9,Ak4,"SUBCELLULAR LOCATION: Mitochondrion matrix {ECO:0000250|UniProtKB:P27144, ECO:0000255|HAMAP-Rule:MF_03170}.",NA,NA,Acetylation;ATP-binding;GTP-binding;Kinase;Mitochondrion;Nucleotide-binding;Reference proteome;Transferase,Evidence at protein level,223
Q9WV55,Vapa,"SUBCELLULAR LOCATION: Endoplasmic reticulum membrane {ECO:0000269|PubMed:10655491}; Single-pass type IV membrane protein {ECO:0000250|UniProtKB:Q9P0L0}. Cell membrane {ECO:0000250|UniProtKB:Q9P0L0}; Single-pass type IV membrane protein {ECO:0000305}. Cell junction, tight junction {ECO:0000250|UniProtKB:Q9P0L0}. Nucleus membrane {ECO:0000250|UniProtKB:Q9Z270}. Note=Present in the plasma membrane and in intracellular vesicles, together with SNARE proteins. May also associate with the cytoskeleton. Colocalizes with OCLN at the tight junction in polarized epithelial cells. {ECO:0000250|UniProtKB:Q9P0L0}.",NA,NA,3D-structure;Acetylation;Cell junction;Cell membrane;Coiled coil;Direct protein sequencing;Disulfide bond;Endoplasmic reticulum;Membrane;Nucleus;Phosphoprotein;Reference proteome;Tight junction;Transmembrane;Transmembrane helix,Evidence at protein level,249
Q9QYI3,Dnajc7,"SUBCELLULAR LOCATION: Cytoplasm {ECO:0000269|PubMed:14573755}. Nucleus {ECO:0000250|UniProtKB:Q99615}. Cytoplasm, cytoskeleton {ECO:0000269|PubMed:14573755}. Note=Colocalizes with NR1I3 at microtubules. {ECO:0000269|PubMed:14573755}.",NA,NA,Acetylation;Chaperone;Cytoplasm;Cytoskeleton;Nucleus;Phosphoprotein;Reference proteome;Repeat;TPR repeat,Evidence at protein level,494
Q9QYJ0,Dnaja2,SUBCELLULAR LOCATION: Membrane {ECO:0000305}; Lipid-anchor {ECO:0000305}.,NA,NA,Acetylation;Chaperone;Direct protein sequencing;Isopeptide bond;Lipoprotein;Membrane;Metal-binding;Methylation;Phosphoprotein;Prenylation;Reference proteome;Repeat;Ubl conjugation;Zinc;Zinc-finger,Evidence at protein level,412
Q9QZ23,Nfu1,"SUBCELLULAR LOCATION: Mitochondrion {ECO:0000250}. Cytoplasm, cytosol {ECO:0000250}.","TRANSIT 1..29; /note=""Mitochondrion""; /evidence=""ECO:0000255""",NA,3D-structure;Cytoplasm;Iron;Iron-sulfur;Metal-binding;Mitochondrion;Reference proteome;Transit peptide,Evidence at protein level,255
Q9R0P3,Esd,SUBCELLULAR LOCATION: Cytoplasm. Cytoplasmic vesicle {ECO:0000250}.,NA,NA,Acetylation;Cytoplasm;Cytoplasmic vesicle;Hydrolase;Reference proteome;Serine esterase,Evidence at protein level,282
Q9R0P6,Sec11a,SUBCELLULAR LOCATION: Endoplasmic reticulum membrane {ECO:0000250|UniProtKB:P67811}; Single-pass type II membrane protein {ECO:0000250|UniProtKB:P67811}.,NA,NA,Endoplasmic reticulum;Hydrolase;Membrane;Protease;Reference proteome;Signal-anchor;Transmembrane;Transmembrane helix,Evidence at protein level,179
Q9R112,Sqor,SUBCELLULAR LOCATION: Mitochondrion {ECO:0000250|UniProtKB:Q9Y6N5}.,"TRANSIT 1..?; /note=""Mitochondrion""; /evidence=""ECO:0000255""",NA,Acetylation;Disulfide bond;FAD;Flavoprotein;Mitochondrion;Oxidoreductase;Phosphoprotein;Quinone;Reference proteome;Transit peptide,Evidence at protein level,450
Q9R1P3,Psmb2,"SUBCELLULAR LOCATION: Cytoplasm {ECO:0000250|UniProtKB:P49721}. Nucleus {ECO:0000250|UniProtKB:P49721}. Note=Translocated from the cytoplasm into the nucleus following interaction with AKIRIN2, which bridges the proteasome with the nuclear import receptor IPO9. {ECO:0000250|UniProtKB:P49721}.",NA,NA,3D-structure;Acetylation;Cytoplasm;Direct protein sequencing;Nucleus;Proteasome;Reference proteome,Evidence at protein level,201
Q9WTP7,Ak3,"SUBCELLULAR LOCATION: Mitochondrion matrix {ECO:0000250|UniProtKB:Q9UIJ7, ECO:0000255|HAMAP-Rule:MF_03169}.",NA,NA,Acetylation;GTP-binding;Kinase;Mitochondrion;Nucleotide-binding;Phosphoprotein;Reference proteome;Transferase,Evidence at protein level,227
Q9WTQ8,Timm23,SUBCELLULAR LOCATION: Mitochondrion inner membrane {ECO:0000269|PubMed:19111522}; Multi-pass membrane protein {ECO:0000255}.,NA,NA,Membrane;Mitochondrion;Mitochondrion inner membrane;Protein transport;Reference proteome;Translocation;Transmembrane;Transmembrane helix;Transport,Evidence at protein level,209
Q9WUA2,Farsb,SUBCELLULAR LOCATION: Cytoplasm {ECO:0000250|UniProtKB:Q9NSD9}.,NA,NA,Aminoacyl-tRNA synthetase;ATP-binding;Cytoplasm;Ligase;Magnesium;Metal-binding;Nucleotide-binding;Protein biosynthesis;Reference proteome,Evidence at protein level,589
Q9WUU7,Ctsz,SUBCELLULAR LOCATION: Lysosome.,NA,"SIGNAL 1..22; /evidence=""ECO:0000255""",Disulfide bond;Glycoprotein;Hydrolase;Lysosome;Protease;Reference proteome;Signal;Thiol protease;Zymogen,Evidence at protein level,306
Q9WV35,Apobec2,NA,NA,NA,3D-structure;Hydrolase;Metal-binding;mRNA processing;Reference proteome;Zinc,Evidence at protein level,224
Q9QYI4,Dnajb12,"SUBCELLULAR LOCATION: Endoplasmic reticulum membrane {ECO:0000250|UniProtKB:Q9NXW2}; Single-pass membrane protein {ECO:0000255}. Nucleus membrane {ECO:0000250|UniProtKB:Q9NXW2}; Single-pass membrane protein {ECO:0000250|UniProtKB:Q9NXW2}. Note=Localizes to the endoplasmic reticulum membrane. When overexpressed, forms membranous structures in the nucleus. {ECO:0000250|UniProtKB:Q9NXW2}.",NA,NA,Acetylation;Chaperone;Endoplasmic reticulum;Membrane;Methylation;Nucleus;Reference proteome;Transmembrane;Transmembrane helix,Evidence at protein level,376
Q9R099,Tbl2,NA,NA,NA,Isopeptide bond;Phosphoprotein;Reference proteome;Repeat;Ubl conjugation;WD repeat,Evidence at protein level,442
Q9R1Q7,Plp2,SUBCELLULAR LOCATION: Membrane {ECO:0000250}; Multi-pass membrane protein {ECO:0000250}.,NA,NA,Membrane;Reference proteome;Transmembrane;Transmembrane helix,Evidence at protein level,152
Q9WUZ7,Sh3bgr,NA,NA,NA,Reference proteome;SH3-binding,Evidence at protein level,214
Q9QZ83,Actg1,"SUBCELLULAR LOCATION: Cytoplasm, cytoskeleton {ECO:0000256|ARBA:ARBA00004245}.",NA,NA,ATP-binding;Cytoplasm;Cytoskeleton;Nucleotide-binding;Oxidation,Evidence at transcript level,393
Q9WV60,Gsk3b,SUBCELLULAR LOCATION: Cytoplasm {ECO:0000250|UniProtKB:P49841}. Nucleus {ECO:0000250|UniProtKB:P49841}. Cell membrane {ECO:0000250|UniProtKB:P49841}. Note=The phosphorylated form shows localization to cytoplasm and cell membrane. The MEMO1-RHOA-DIAPH1 signaling pathway controls localization of the phosphorylated form to the cell membrane (By similarity). {ECO:0000250|UniProtKB:P49841}.,NA,NA,3D-structure;ADP-ribosylation;ATP-binding;Biological rhythms;Carbohydrate metabolism;Cell membrane;Cytoplasm;Developmental protein;Differentiation;Glycogen metabolism;Kinase;Lipoprotein;Membrane;Neurogenesis;Nucleotide-binding;Nucleus;Palmitate;Phosphoprotein;Reference proteome;Serine/threonine-protein kinase;Signal transduction inhibitor;Transferase;Wnt signaling pathway,Evidence at protein level,420
Q9WVJ3,Cpq,"SUBCELLULAR LOCATION: Endoplasmic reticulum {ECO:0000250}. Golgi apparatus {ECO:0000250}. Lysosome {ECO:0000250}. Secreted {ECO:0000250}. Note=Secretion is stimulated by TSH/thyroid-stimulating hormone, INS/insulin and SST/somatostatin. {ECO:0000250}.",NA,"SIGNAL 1..18; /evidence=""ECO:0000255""",Carboxypeptidase;Endoplasmic reticulum;Glycoprotein;Golgi apparatus;Hydrolase;Lysosome;Metal-binding;Metalloprotease;Protease;Reference proteome;Secreted;Signal;Zinc;Zymogen,Evidence at protein level,470
Q9WVK4,Ehd1,"SUBCELLULAR LOCATION: Recycling endosome membrane {ECO:0000250|UniProtKB:Q9H4M9}; Peripheral membrane protein {ECO:0000305}; Cytoplasmic side {ECO:0000305}. Early endosome membrane {ECO:0000250|UniProtKB:Q9H4M9}; Peripheral membrane protein {ECO:0000305}; Cytoplasmic side {ECO:0000305}. Cell membrane {ECO:0000269|PubMed:21177873}; Peripheral membrane protein {ECO:0000305}; Cytoplasmic side {ECO:0000305}. Cytoplasmic vesicle {ECO:0000269|PubMed:24373286}. Cell projection, cilium membrane {ECO:0000250|UniProtKB:Q9H4M9}; Peripheral membrane protein {ECO:0000305}; Cytoplasmic side {ECO:0000305}. Note=Preferentially associates with tubular recycling endosomes (By similarity). Colocalizes with FER1L5 at plasma membrane in myoblasts and myotubes (PubMed:21177873). Localizes to the ciliary pocket from where the cilium protrudes (By similarity). Colocalizes with BACE1 in tubulovesicular cytoplasmic membranes. Colocalizes with BACE1 and APP amyloid beta proteins in hippocampal mossy fiber terminals. {ECO:0000250|UniProtKB:Q9H4M9, ECO:0000269|PubMed:21177873, ECO:0000269|PubMed:24373286}.",NA,NA,Acetylation;ATP-binding;Calcium;Cell membrane;Cell projection;Cilium;Cilium biogenesis/degradation;Coiled coil;Cytoplasmic vesicle;Endosome;Membrane;Metal-binding;Nucleotide-binding;Phosphoprotein;Protein transport;Reference proteome;Transport,Evidence at protein level,534
Q9WVL0,Gstz1,SUBCELLULAR LOCATION: Cytoplasm {ECO:0000250}.,NA,NA,3D-structure;Acetylation;Cytoplasm;Isomerase;Multifunctional enzyme;Phenylalanine catabolism;Phosphoprotein;Reference proteome;Transferase;Tyrosine catabolism,Evidence at protein level,216
Q9WVQ5,Apip,SUBCELLULAR LOCATION: Cytoplasm {ECO:0000255|HAMAP-Rule:MF_03116}.,NA,NA,Amino-acid biosynthesis;Apoptosis;Cytoplasm;Lyase;Metal-binding;Methionine biosynthesis;Reference proteome;Zinc,Evidence at protein level,241
Q9WVT6,Ca14,SUBCELLULAR LOCATION: Membrane {ECO:0000305}; Single-pass type I membrane protein {ECO:0000305}.,NA,"SIGNAL 1..15; /evidence=""ECO:0000255""",3D-structure;Disulfide bond;Glycoprotein;Lyase;Membrane;Metal-binding;Phosphoprotein;Reference proteome;Signal;Transmembrane;Transmembrane helix;Zinc,Evidence at protein level,337
Q9Z0N1,Eif2s3x,"SUBCELLULAR LOCATION: Cytoplasm, cytosol {ECO:0000250|UniProtKB:Q09130}.",NA,NA,Acetylation;Cytoplasm;GTP-binding;Hydrolase;Initiation factor;Nucleotide-binding;Phosphoprotein;Protein biosynthesis;Reference proteome,Evidence at protein level,472
Q9Z0X1,Aifm1,"SUBCELLULAR LOCATION: Mitochondrion intermembrane space {ECO:0000269|PubMed:9989411}. Mitochondrion inner membrane {ECO:0000269|PubMed:30830864}. Cytoplasm {ECO:0000269|PubMed:21467298}. Nucleus {ECO:0000269|PubMed:12114629}. Cytoplasm, perinuclear region {ECO:0000250|UniProtKB:O95831}. Note=Proteolytic cleavage during or just after translocation into the mitochondrial intermembrane space (IMS) results in the formation of an inner-membrane-anchored mature form (AIFmit) (By similarity). During apoptosis, further proteolytic processing leads to a mature form, which is confined to the mitochondrial IMS in a soluble form (AIFsol) (By similarity). AIFsol is released to the cytoplasm in response to specific death signals, and translocated to the nucleus, where it induces nuclear apoptosis (PubMed:12114629). Release into the cytoplasm is mediated upon binding to poly-ADP-ribose chains (PubMed:21467298). Translocation into the nucleus is promoted by interaction with (auto-poly-ADP-ribosylated) processed form of PARP1 (By similarity). Colocalizes with EIF3G in the nucleus and perinuclear region. {ECO:0000250|UniProtKB:O95831, ECO:0000269|PubMed:12114629}.; SUBCELLULAR LOCATION: [Isoform 2]: Mitochondrion {ECO:0000269|PubMed:16644725}. Cytoplasm, cytosol {ECO:0000250|UniProtKB:O95831}. Note=In pro-apoptotic conditions, is released from mitochondria to cytosol in a calpain/cathepsin-dependent manner. {ECO:0000250|UniProtKB:O95831}.","TRANSIT 1..54; /note=""Mitochondrion""; /evidence=""ECO:0000250|UniProtKB:O95831""",NA,3D-structure;Acetylation;Alternative splicing;Apoptosis;Cytoplasm;Direct protein sequencing;DNA-binding;FAD;Flavoprotein;Isopeptide bond;Membrane;Mitochondrion;Mitochondrion inner membrane;NAD;Nucleus;Oxidoreductase;Phosphoprotein;Reference proteome;Transit peptide;Ubl conjugation,Evidence at protein level,612
Q9Z130,Hnrnpdl,"SUBCELLULAR LOCATION: Nucleus {ECO:0000269|PubMed:10717477, ECO:0000269|PubMed:15190078}. Cytoplasm {ECO:0000250|UniProtKB:O14979}. Note=Shuttles between the nucleus and the cytoplasm in a TNPO1-dependent manner. {ECO:0000250|UniProtKB:O14979}.",NA,NA,Acetylation;Activator;Cytoplasm;Direct protein sequencing;DNA-binding;Isopeptide bond;Methylation;Nucleus;Phosphoprotein;Reference proteome;Repeat;Repressor;RNA-binding;Transcription;Transcription regulation;Ubl conjugation,Evidence at protein level,301
Q9Z1E4,Gys1,NA,NA,NA,Allosteric enzyme;Glycogen biosynthesis;Glycosyltransferase;Phosphoprotein;Reference proteome;Transferase,Evidence at protein level,738
Q9Z1G4,Atp6v0a1,"SUBCELLULAR LOCATION: Cytoplasmic vesicle, clathrin-coated vesicle membrane {ECO:0000250|UniProtKB:P25286}; Multi-pass membrane protein {ECO:0000255}. Cytoplasmic vesicle, secretory vesicle, synaptic vesicle membrane {ECO:0000250|UniProtKB:P25286}; Multi-pass membrane protein {ECO:0000255}. Melanosome {ECO:0000250|UniProtKB:Q93050}.",NA,NA,3D-structure;Alternative splicing;Cytoplasmic vesicle;Direct protein sequencing;Hydrogen ion transport;Ion transport;Membrane;Phosphoprotein;Reference proteome;Synapse;Transmembrane;Transmembrane helix;Transport,Evidence at protein level,839
Q9Z1J3,Nfs1,SUBCELLULAR LOCATION: Mitochondrion {ECO:0000269|PubMed:9738949}.,"TRANSIT 1..17; /note=""Mitochondrion""; /evidence=""ECO:0000255""",NA,Iron;Iron-sulfur;Metal-binding;Mitochondrion;Molybdenum cofactor biosynthesis;Pyridoxal phosphate;Reference proteome;Transferase;Transit peptide;Zinc,Evidence at protein level,459
Q9Z1M4,Rps6kb2,SUBCELLULAR LOCATION: Cytoplasm {ECO:0000250}. Nucleus {ECO:0000250}.,NA,NA,ATP-binding;Cytoplasm;Kinase;Nucleotide-binding;Nucleus;Phosphoprotein;Reference proteome;Serine/threonine-protein kinase;Transferase,Evidence at protein level,485
Q9Z1Q2,Abhd16a,SUBCELLULAR LOCATION: Membrane {ECO:0000305|PubMed:25580854}; Multi-pass membrane protein {ECO:0000255}.,NA,NA,Direct protein sequencing;Hydrolase;Lipid metabolism;Membrane;Reference proteome;Transmembrane;Transmembrane helix,Evidence at protein level,558
Q9Z1T2,Thbs4,"SUBCELLULAR LOCATION: Endoplasmic reticulum {ECO:0000269|PubMed:22682248}. Sarcoplasmic reticulum {ECO:0000269|PubMed:22682248}. Secreted {ECO:0000269|PubMed:22682248}. Secreted, extracellular space {ECO:0000269|PubMed:22682248}. Secreted, extracellular space, extracellular matrix {ECO:0000269|PubMed:22362893, ECO:0000269|PubMed:22682248}.",NA,"SIGNAL 1..26; /evidence=""ECO:0000255""",Calcium;Cell adhesion;Disulfide bond;EGF-like domain;Endoplasmic reticulum;Extracellular matrix;Glycoprotein;Growth factor;Mitogen;Reference proteome;Repeat;Sarcoplasmic reticulum;Secreted;Signal;Tissue remodeling;Unfolded protein response,Evidence at protein level,963
Q9Z1Z0,Uso1,"SUBCELLULAR LOCATION: Cytoplasm, cytosol {ECO:0000250}. Golgi apparatus membrane {ECO:0000250}; Peripheral membrane protein {ECO:0000250}. Note=Recycles between the cytosol and the Golgi apparatus during interphase. {ECO:0000250}.",NA,NA,Acetylation;Alternative splicing;Coiled coil;Cytoplasm;ER-Golgi transport;Golgi apparatus;Membrane;Phosphoprotein;Protein transport;Reference proteome;Repeat;Transport,Evidence at protein level,959
Q9Z204,Hnrnpc,SUBCELLULAR LOCATION: Nucleus {ECO:0000250|UniProtKB:P07910}. Note=Component of ribonucleosomes. {ECO:0000250|UniProtKB:P07910}.,NA,NA,Acetylation;Alternative splicing;Coiled coil;Direct protein sequencing;Isopeptide bond;mRNA processing;mRNA splicing;Nucleus;Phosphoprotein;Reference proteome;Ribonucleoprotein;RNA-binding;Spliceosome;Ubl conjugation,Evidence at protein level,313
Q9Z239,Fxyd1,"SUBCELLULAR LOCATION: Cell membrane, sarcolemma {ECO:0000250|UniProtKB:P56513}; Single-pass type I membrane protein {ECO:0000255}. Apical cell membrane {ECO:0000250|UniProtKB:O08589}; Single-pass type I membrane protein {ECO:0000255}. Membrane, caveola {ECO:0000250|UniProtKB:O08589}. Cell membrane, sarcolemma, T-tubule {ECO:0000250|UniProtKB:O08589}. Note=Detected in the apical cell membrane in brain. In myocytes, localizes to sarcolemma, t-tubules and intercalated disks. {ECO:0000250|UniProtKB:O08589}.",NA,"SIGNAL 1..20; /evidence=""ECO:0000250|UniProtKB:P56513""",Cell membrane;Glutathionylation;Ion transport;Lipoprotein;Membrane;Palmitate;Phosphoprotein;Potassium;Potassium transport;Reference proteome;Signal;Sodium;Sodium transport;Sodium/potassium transport;Transmembrane;Transmembrane helix;Transport,Evidence at protein level,92
Q9Z247,Fkbp9,"SUBCELLULAR LOCATION: Endoplasmic reticulum lumen {ECO:0000255|PROSITE-ProRule:PRU10138, ECO:0000269|PubMed:10524204}.",NA,"SIGNAL 1..24; /evidence=""ECO:0000255""",Calcium;Endoplasmic reticulum;Glycoprotein;Isomerase;Metal-binding;Phosphoprotein;Reference proteome;Repeat;Rotamase;Signal,Evidence at protein level,570
Q9Z266,Snapin,"SUBCELLULAR LOCATION: Membrane {ECO:0000269|PubMed:12877659}; Peripheral membrane protein {ECO:0000269|PubMed:12877659}; Cytoplasmic side {ECO:0000269|PubMed:12877659}. Cytoplasm, cytosol {ECO:0000269|PubMed:12877659}. Cytoplasm, perinuclear region {ECO:0000269|PubMed:12877659}. Golgi apparatus membrane {ECO:0000269|PubMed:17101137}. Lysosome membrane {ECO:0000250|UniProtKB:O95295}. Cytoplasmic vesicle, secretory vesicle, synaptic vesicle membrane {ECO:0000269|PubMed:11283605}. Note=Colocalizes with NANOS1 and PUM2 in the perinuclear region of germ cells. {ECO:0000250|UniProtKB:O95295}.",NA,NA,Acetylation;Alternative splicing;Coiled coil;Cytoplasm;Cytoplasmic vesicle;Exocytosis;Golgi apparatus;Lysosome;Membrane;Phosphoprotein;Reference proteome;Synapse,Evidence at protein level,136
Q9Z2C5,Mtm1,"SUBCELLULAR LOCATION: Cytoplasm {ECO:0000269|PubMed:12118066}. Cell membrane {ECO:0000250|UniProtKB:Q13496}; Peripheral membrane protein {ECO:0000250|UniProtKB:Q13496}. Cell projection, filopodium {ECO:0000269|PubMed:12118066}. Cell projection, ruffle {ECO:0000269|PubMed:12118066}. Late endosome {ECO:0000250|UniProtKB:Q13496}. Cytoplasm, myofibril, sarcomere {ECO:0000269|PubMed:23818870}. Note=Localizes as a dense cytoplasmic network. Also localizes to the plasma membrane, including plasma membrane extensions such as filopodia and ruffles. Predominantly located in the cytoplasm following interaction with MTMR12. Recruited to the late endosome following EGF stimulation (By similarity). In skeletal muscles, co-localizes with MTMR12 in the sarcomere (PubMed:23818870). {ECO:0000250|UniProtKB:Q13496, ECO:0000269|PubMed:23818870}.",NA,NA,Cell membrane;Cell projection;Cytoplasm;Endosome;Hydrolase;Lipid metabolism;Membrane;Phosphoprotein;Protein phosphatase;Protein transport;Reference proteome;Transport,Evidence at protein level,603
Q9Z2G6,Sel1l,SUBCELLULAR LOCATION: Endoplasmic reticulum membrane {ECO:0000250|UniProtKB:Q9UBV2}; Single-pass type I membrane protein {ECO:0000250|UniProtKB:Q9UBV2}.,NA,"SIGNAL 1..21; /evidence=""ECO:0000255""",3D-structure;Alternative splicing;Disulfide bond;Endoplasmic reticulum;Glycoprotein;Membrane;Notch signaling pathway;Phosphoprotein;Reference proteome;Repeat;Signal;Transmembrane;Transmembrane helix,Evidence at protein level,790
Q9Z2I0,Letm1,SUBCELLULAR LOCATION: Mitochondrion inner membrane {ECO:0000269|PubMed:27669901}; Single-pass membrane protein {ECO:0000255}.,"TRANSIT 1..114; /note=""Mitochondrion""; /evidence=""ECO:0000255""",NA,Acetylation;Antiport;Calcium;Calcium transport;Coiled coil;Ion transport;Membrane;Metal-binding;Mitochondrion;Mitochondrion inner membrane;Phosphoprotein;Potassium;Potassium transport;Reference proteome;Transit peptide;Transmembrane;Transmembrane helix;Transport,Evidence at protein level,738
Q9Z2I8,Suclg2,SUBCELLULAR LOCATION: Mitochondrion {ECO:0000255|HAMAP-Rule:MF_03221}.,"TRANSIT 1..38; /note=""Mitochondrion""; /evidence=""ECO:0000250|UniProtKB:Q96I99""",NA,Acetylation;Alternative splicing;GTP-binding;Ligase;Magnesium;Metal-binding;Mitochondrion;Nucleotide-binding;Phosphoprotein;Reference proteome;Transit peptide;Tricarboxylic acid cycle,Evidence at protein level,433
Q9Z2I9,Sucla2,SUBCELLULAR LOCATION: Mitochondrion {ECO:0000255|HAMAP-Rule:MF_03220}.,"TRANSIT 1..53; /note=""Mitochondrion""; /evidence=""ECO:0000255|HAMAP-Rule:MF_03220""",NA,Acetylation;ATP-binding;Direct protein sequencing;Ligase;Magnesium;Metal-binding;Mitochondrion;Nucleotide-binding;Phosphoprotein;Reference proteome;Transit peptide;Tricarboxylic acid cycle,Evidence at protein level,463
Q9Z2P8,Vamp5,"SUBCELLULAR LOCATION: Cell membrane {ECO:0000305}; Single-pass type IV membrane protein {ECO:0000305}. Endomembrane system {ECO:0000305}; Single-pass type IV membrane protein {ECO:0000305}. Golgi apparatus, trans-Golgi network membrane {ECO:0000305}; Single-pass type IV membrane protein {ECO:0000305}. Note=Associated with the plasma membrane as well as intracellular perinuclear and peripheral vesicular structures of myotubes. Associated with the trans-Golgi, but not with the cis-Golgi apparatus.",NA,NA,Cell membrane;Coiled coil;Developmental protein;Differentiation;Golgi apparatus;Membrane;Myogenesis;Phosphoprotein;Reference proteome;Transmembrane;Transmembrane helix,Evidence at protein level,102
Q9Z2U1,Psma5,"SUBCELLULAR LOCATION: Cytoplasm {ECO:0000250|UniProtKB:P28066}. Nucleus {ECO:0000250|UniProtKB:P28066}. Note=Translocated from the cytoplasm into the nucleus following interaction with AKIRIN2, which bridges the proteasome with the nuclear import receptor IPO9. {ECO:0000250|UniProtKB:P28066}.",NA,NA,3D-structure;Acetylation;Cytoplasm;Direct protein sequencing;Glycoprotein;Nucleus;Phosphoprotein;Proteasome;Reference proteome,Evidence at protein level,241
Q9Z2Z6,Slc25a20,SUBCELLULAR LOCATION: Mitochondrion inner membrane {ECO:0000250}; Multi-pass membrane protein {ECO:0000250}.,NA,NA,Acetylation;Lipid transport;Membrane;Mitochondrion;Mitochondrion inner membrane;Reference proteome;Repeat;Transmembrane;Transmembrane helix;Transport,Evidence at protein level,301
Q9WV98,Timm9,SUBCELLULAR LOCATION: Mitochondrion inner membrane {ECO:0000250}; Peripheral membrane protein {ECO:0000250}; Intermembrane side {ECO:0000250}.,NA,NA,Acetylation;Chaperone;Direct protein sequencing;Disulfide bond;Membrane;Metal-binding;Mitochondrion;Mitochondrion inner membrane;Protein transport;Reference proteome;Translocation;Transport;Zinc,Evidence at protein level,89
Q9Z1P6,Ndufa7,SUBCELLULAR LOCATION: Mitochondrion inner membrane {ECO:0000269|PubMed:38575788}; Peripheral membrane protein {ECO:0000269|PubMed:38575788}; Matrix side {ECO:0000269|PubMed:38575788}.,NA,NA,3D-structure;Acetylation;Direct protein sequencing;Electron transport;Membrane;Mitochondrion;Mitochondrion inner membrane;Phosphoprotein;Reference proteome;Respiratory chain;Transport,Evidence at protein level,113
Q9Z1Q9,Vars1,NA,NA,NA,Acetylation;Aminoacyl-tRNA synthetase;ATP-binding;Ligase;Nucleotide-binding;Phosphoprotein;Protein biosynthesis;Reference proteome,Evidence at protein level,1263
Q9WVA2,Timm8a1,SUBCELLULAR LOCATION: Mitochondrion inner membrane {ECO:0000250}; Peripheral membrane protein {ECO:0000250}; Intermembrane side {ECO:0000250}.,NA,NA,Chaperone;Disulfide bond;Membrane;Metal-binding;Mitochondrion;Mitochondrion inner membrane;Phosphoprotein;Protein transport;Reference proteome;Translocation;Transport;Zinc,Evidence at protein level,97
Q9WVA4,Tagln2,NA,NA,NA,Acetylation;Direct protein sequencing;Isopeptide bond;Methylation;Phosphoprotein;Reference proteome;Ubl conjugation,Evidence at protein level,199
Q9Z0V7,Timm17b,SUBCELLULAR LOCATION: Mitochondrion inner membrane; Multi-pass membrane protein.,NA,NA,Disulfide bond;Membrane;Mitochondrion;Mitochondrion inner membrane;Protein transport;Reference proteome;Translocation;Transmembrane;Transmembrane helix;Transport,Evidence at protein level,172
Q9Z2Q5,Mrpl40,SUBCELLULAR LOCATION: Mitochondrion {ECO:0000250|UniProtKB:Q9NQ50}.,"TRANSIT 1..46; /note=""Mitochondrion""; /evidence=""ECO:0000250""",NA,3D-structure;Mitochondrion;Reference proteome;Ribonucleoprotein;Ribosomal protein;Transit peptide,Evidence at protein level,206
S4R2K0,Pdf,SUBCELLULAR LOCATION: Mitochondrion {ECO:0000250|UniProtKB:Q9HBH1}.,"TRANSIT 1..26; /note=""Mitochondrion""; /evidence=""ECO:0000255""",NA,Cobalt;Hydrolase;Metal-binding;Mitochondrion;Protein biosynthesis;Reference proteome;Transit peptide,Inferred from homology,231
Q9Z2Y8,Plpbp,NA,NA,NA,Phosphoprotein;Pyridoxal phosphate;Reference proteome,Evidence at protein level,274
S4R261,Tpm1,NA,NA,NA,Proteomics identification;Reference proteome,Evidence at protein level,49
