protein,VEH_F1,VEH_F2,VEH_F3,VEH_F4,VEH_F5,VEH_M1,VEH_M2,VEH_M3,VEH_M4,VEH_M5,PAS_F1,PAS_F2,PAS_F3,PAS_F4,PAS_F5,PAS_M1,PAS_M2,PAS_M3,PAS_M4,PAS_M5
A0A0A0MQE1,18.535362894273316,18.866565088085313,19.408071203488337,17.95638335560423,19.34781045427387,19.103663795414896,19.848324430086176,20.6521141682204,18.82108478641925,19.193705484012746,18.407858512311783,19.003517936108018,19.37927991832144,18.514167063758197,18.319414906206543,20.670586440403092,19.37927991832144,20.3035476745218,20.26747510445282,19.498871012520596
A0A0G2JFH2,16.013559000510934,17.313610719705427,17.36436604495036,17.325918356658345,18.121783855142557,18.872441716893498,18.763965563509743,19.193705484012746,18.525854919879848,18.11451610645798,17.827677395424935,16.793454712036656,17.06857626211557,17.64539592994067,17.58028852863376,18.87924242072296,17.847799513901272,18.710263974402853,19.071950184196773,18.56164854968247
A0A0G2JGL0,17.59922353105862,17.963939655500543,17.635246893770123,14.363775627886259,14.441374702621863,14.28040136377894,14.940995594646205,15.045579692714375,14.825407733139537,14.727242330899045,14.18366768490463,16.504267138042373,16.044449650011757,14.270094838901835,16.89332719907149,15.144277405546159,14.836839379985031,14.915961338591805,14.896906612156863,14.940995594646205
A0A0R4J083,18.79920134601321,19.20195092901277,19.1351768758582,19.281832168516452,19.051816513941663,19.26212957792511,19.903938293102694,19.51116008061792,19.7589643453117,19.480698550016374,18.951325096639316,18.647629502202797,19.25664609055196,18.91262845174094,18.75353672647069,19.88822502045067,19.4167171666165,19.565356570331566,19.51948616791665,19.274803546974578
A0A0R4J0D3,17.56888122260806,15.659569902510864,16.133871220497703,15.941678119523658,15.022830958760903,16.499030736698753,17.11861925428686,17.507192106131466,16.78044367973605,17.259788065097705,16.52880337831991,16.751910700204583,16.942231875025136,16.890081783255233,16.873239593523063,17.650963318645914,17.115951302622406,17.409198252425018,17.383086084193213,17.12125179015954
A0A0R4J0I1,18.111954491112115,17.572070148932653,18.056043985759253,16.40707162096719,17.407137041558357,17.917223424827096,14.609478608434037,14.699590138772527,17.74135870295587,17.31601303867988,18.332491664623074,17.040107305366032,16.78044367973605,17.882647677021478,17.448392040985702,16.504267138042373,16.915725576922526,17.564585857108266,16.474579897193422,16.10622722246483
A0A0R4J0P1,18.514167063758197,18.51743738079222,17.920402409528123,18.525854919879848,17.6632012656113,17.554199781535587,17.047448565596195,15.907913464931354,17.924035653696713,17.824170072409693,17.985082802911954,18.684816863208106,18.499674445412197,18.16829823528978,18.463027013396697,16.772562677755865,17.775965345639673,16.777266686145666,16.24508727723093,17.737500887304087
A0A0R4J1J1,16.81093283135739,17.597024764323443,17.998613465705397,17.888755084302062,18.23890332629359,16.979922526858495,18.2421942306563,19.07586113580069,17.70158229840711,17.18501895449103,17.507192106131466,16.738653938253197,17.756083062129026,17.70674967884954,17.56888122260806,18.723395011021903,17.31601303867988,18.79920134601321,18.866565088085313,17.885262923691034
A0A0U1RPL0,14.599270640412508,15.602560768202446,14.88678289775594,14.733792089542609,15.393862260050932,15.33976203365576,16.645998088606326,18.11797275702317,16.24508727723093,14.86698558829572,15.262574869672303,14.825407733139537,15.379720975112624,15.478099793465702,14.680883599188178,17.23225872587725,16.085461076507418,16.390896523419872,17.745887408214095,15.824182184474855
A0A1B0GRA5,18.826074357682668,18.99174485400807,19.713395178557512,20.226670591130407,19.931389365150654,18.77624733322788,19.51116008061792,19.533161115479267,19.391696701735242,19.22540486398784,19.893719389206932,18.50596603701357,19.26212957792511,19.37403753540534,19.1351768758582,20.350264937321363,19.439421445372965,19.22046835326541,19.47736473165941,19.702004928382348
A0A1B0GSX6,17.238741308058717,17.2669070316608,17.810426546486035,17.435891899816728,19.51116008061792,16.58265206101555,17.380358630795737,16.37458468825991,16.273488590249436,16.620638262245475,18.210297767040252,18.41647565459286,17.99046568935768,18.27399173833169,18.161697103703474,17.31862307330163,16.12362162315233,16.518949691130903,16.846016622085706,16.301723153649952
A0A1D5RLF1,15.359817448018003,14.850310004406982,15.564074872854784,15.399578467104721,16.441415540870686,13.643126264002907,15.542422763930091,15.362371936910312,13.777446941234263,15.10816089572246,15.777536457550315,15.414149481143511,15.843090928927955,15.902391004492808,15.681843944807053,15.848295072584117,14.695336035229037,14.816195787907578,16.09526093946561,15.525005206405755
A0A1W2P7M9,15.368670021996522,14.870081030669045,15.569876033521208,15.830567690598183,15.923160456085046,14.265991125321648,14.9367958209861,15.025521132721678,14.816195787907578,14.711241610381103,14.160447485855723,14.845055069767344,15.065253731898377,15.422037606039911,15.085046757346536,15.130888142873536,14.825407733139537,14.903513115472753,14.883048296370884,14.933044202684439
A0A286YCW8,18.33678165279604,17.62798207841176,18.644300593555197,17.978783110405505,18.945522558134083,16.413187547665455,17.35288327889465,16.87781368465308,17.49900907660442,17.56888122260806,18.57234863521773,18.16521118569236,18.704627247880417,18.749285183307155,18.593601147770293,16.841050004223348,18.248247983010657,16.999691241811075,17.703901703131272,18.329172761972682
A0A2R8VHX1,14.434993212831833,14.160447485855723,14.857134232139689,14.300528946357957,14.410378302048182,14.771562607145128,14.883048296370884,14.970550303254583,15.269927550078975,14.203368106121394,14.045288320450178,14.571195640347117,14.919730295601003,14.239136142095358,14.31535159704524,14.69099556115421,15.028207656308023,15.194804531318502,15.006871282022777,15.434679876658189
A0A411P8U6,21.862405058772858,21.38127883057511,21.125332749829006,20.38746008034168,19.4167171666165,21.35303781379885,21.686792265063367,20.3035476745218,21.108414634713746,20.331214124513856,20.3035476745218,19.893719389206932,18.826074357682668,20.79028777744073,20.589683950528062,20.037058103164064,19.579730556332454,19.734998369425703,20.74892253114054,20.369485073973614
A0A494B9G1,14.122965602463818,14.41531166554509,14.613728201454895,14.609478608434037,15.095695370956111,14.380747771122333,16.31549540396195,16.926708670945615,15.46558578726117,14.929283524179317,13.946080777784761,14.582650763501414,14.406009524164423,14.861652606662267,14.656808366596525,16.818206817494392,15.266985490755014,15.418603104939601,15.954570831544121,15.504319954149427
A0A4Y5WWJ7,14.502381903135184,14.434993212831833,15.830567690598183,15.24100722327675,17.173027615381965,13.999659370928047,15.061139700327832,15.859236768702775,13.575266306728485,15.757144155316078,16.270831575590492,15.47441539977441,16.580028597084656,16.26233331457591,15.757144155316078,16.436887524076894,15.94784060107689,15.001179738394976,16.436887524076894,15.980624910186796
A0A571BD03,16.83334663985811,18.475116441287344,17.81324364664505,17.380358630795737,18.75353672647069,17.54112352966739,17.435891899816728,18.106457263159108,16.95055949534557,16.46243108644962,16.991715572503388,17.930067881647798,16.982500836146098,16.87781368465308,17.42921066183997,17.824170072409693,16.734380303872307,16.926708670945615,17.42921066183997,17.4854939215759
A0A571BE98,17.035220393494512,17.422254590645732,19.034911068699845,17.99567063694154,19.193705484012746,15.188842202981718,16.46243108644962,17.99567063694154,16.02958742623676,17.292205479672383,18.1434254692835,17.205889003958692,17.648295776658806,17.494042434587506,17.610289029684264,18.7469593396453,16.567981286725523,16.915725576922526,18.25144033584863,16.4963255057543
A0A571BEC9,17.001583695950494,18.543744335807425,16.772562677755865,18.436976726954587,17.432504936631602,17.36436604495036,16.777266686145666,16.318682633493573,16.918627187329072,16.168834998375143,17.24474772074774,17.680378849380652,17.543816440328257,17.138246728247502,17.199668718921735,15.987853976938865,15.827583560317256,15.59050769044938,16.301723153649952,15.863175304274899
A0A5F8MPM4,22.700828530240337,21.658107014466076,21.20162634180764,21.0038293301104,20.173150036308524,23.007504381532904,23.16822471813418,22.395892365345478,22.086424174001912,21.78090432555921,21.62914809131313,20.502017024791027,19.51116008061792,21.686792265063367,20.68644520397291,21.686792265063367,20.439140219859453,20.553065900098968,22.265403482846978,21.51139630587692
A0A5F8MQC8,20.502017024791027,19.25664609055196,19.43351784910502,18.905955329526073,19.399066184804443,17.75835794584472,17.42656305762505,16.912802308066425,17.59922353105862,18.905955329526073,19.31688579109933,19.903938293102694,20.16274276991077,19.748056043631717,20.49371741554465,17.349907521691502,18.86086854200918,17.49166880054688,17.635246893770123,18.95472545504847
A0A7N9VR94,16.02767846566539,16.80389473844276,14.592657225125063,14.577215057783437,14.711241610381103,18.348411157473027,16.623559038739177,15.33320736025556,15.115875229123228,15.006871282022777,17.087049784326272,14.48733773741946,14.48733773741946,16.334587330977822,16.04892681270931,15.414149481143511,15.10816089572246,15.149963912085266,15.198676850409475,15.226932330793806
A0A991EQV5,17.135035808976614,16.873239593523063,18.467727291894597,18.345830547556012,18.576219393078546,17.756083062129026,18.629563389982003,19.706281182275273,18.622275947538277,17.95638335560423,17.959806051647202,17.083955166513153,17.05423224585784,18.181496184853014,18.19080890636426,18.77624733322788,17.33658040106376,18.692788423569027,19.322983406091808,17.573960735836984
A0AAQ4VMQ4,17.68437917947841,17.478425207354842,16.808224534344642,17.905931819264087,16.85395423118609,16.418303733852664,15.995851497078707,15.471360942979416,15.760018465620925,16.86199249986609,15.71741460476323,17.241396505593773,17.044588470395762,16.158297537349718,16.593844040743175,15.387948646838893,16.09526093946561,15.041589418121031,15.052524649438727,15.534587295886373
A0AAQ4VMW9,17.448392040985702,17.21340660266442,17.179197164935637,17.74135870295587,17.445311654377253,18.08384131201834,18.457864275280013,18.75353672647069,18.647629502202797,18.463027013396697,16.013559000510934,17.313610719705427,17.519675847328124,16.100081154888752,17.22358187073719,18.48267100735208,18.152241217156128,18.937647466272757,18.16829823528978,18.56512310901136
A2AAJ9,16.19036102096137,16.61820190882106,16.351912672819864,16.452900984150567,17.049909230909854,15.804180097448219,17.304793614767682,16.96354293553974,16.538398227481984,17.205889003958692,15.798304112643843,17.380358630795737,17.144795313965545,15.878448348424161,16.413187547665455,17.59922353105862,17.129346336394057,15.863175304274899,17.079102203389056,17.519675847328124
A2AIL4,18.48267100735208,17.1409186454281,18.29876602994137,17.670685290626956,15.993501799324372,18.463027013396697,18.22648183750755,16.97241147402748,18.46028536348611,18.525854919879848,16.66343897418977,18.704627247880417,16.90166610455756,15.791663948852058,17.63102142942152,18.22648183750755,18.51033699178351,17.396778600638424,18.012846241865773,18.487104314023583
A2AJ88,15.976498132726078,15.693466230772177,16.960653085729923,18.352961934754212,18.38748437571025,16.039383739696685,16.601578912139423,16.713438186894475,18.210297767040252,18.79146027810211,18.315346572616036,16.07028714623957,15.930362375555934,18.487104314023583,17.249717783411466,17.992397296759187,18.539456527810977,17.749541610941733,18.701296843331647,19.152663780957134
A2AKU9,20.939585313942462,20.41039484084969,19.98119932773872,19.672208865901176,19.7589643453117,20.357578833325334,19.802381269583726,19.0854050504248,20.779486658726558,20.95747093359308,19.97355464220379,20.461360369751638,20.553065900098968,19.99685742738694,20.173150036308524,19.702004928382348,20.870592525502502,19.802381269583726,19.608939339184467,20.516602072428185
A2AMM0,18.311485645808958,18.29155753130763,18.287506711155864,17.924035653696713,18.150650213044617,18.265457180337698,18.377998196352735,18.601838602185495,17.622285844580013,17.173027615381965,18.391234669932494,18.059981592639097,18.1434254692835,18.086295054480505,17.78155131191905,18.17769432893232,17.687931372744202,16.58535434737975,17.865897729771294,17.610289029684264
A2APY7,16.55691743267369,17.16068008131952,17.35642472611182,17.292205479672383,16.452900984150567,16.612233441917926,17.31025505872205,17.123962244735186,17.371049351203318,17.407137041558357,17.561482262331825,17.49166880054688,17.39001238932805,17.33950008122841,16.979922526858495,17.371049351203318,17.2669070316608,17.229432104662298,16.98531392996711,17.188533071242286
A2ASS6,15.140516202173425,15.502012976062119,15.462572781100917,16.37458468825991,18.287506711155864,14.33556237049331,14.543658907601387,12.74310901533909,13.449451174954442,16.504267138042373,14.944990304492626,19.84166327220762,19.193705484012746,15.772626224322593,17.173027615381965,12.352961733292972,14.495470089463577,11.838927065954136,12.352961733292972,16.55691743267369
A2ASZ8,11.838927065954136,12.975513409365107,13.388551323513123,14.069289646260959,13.37053814810391,13.37053814810391,13.535981701700322,13.652399849661482,14.039372800388751,13.746756349989221,12.352961733292972,13.830232428651678,13.93852089806406,13.300699006898574,12.824136995799364,13.683350255698732,14.18366768490463,13.664138208619397,13.586108650129097,13.633375800209185
A2AUC9,17.497179088344158,17.169262625709532,16.620638262245475,17.523111509759765,18.579172689319417,16.285263638868965,14.502381903135184,14.599270640412508,15.798304112643843,16.68309367206349,14.641849387528998,19.965756650739692,18.714949639421224,15.79601277558345,17.33658040106376,14.705408871168178,15.750278837626055,14.571195640347117,14.518924946868333,14.524436914793446
A2VDH3,16.56990338029312,15.656926184822169,16.518949691130903,16.430217662668,16.393977145986078,15.47441539977441,15.593434303665864,15.693466230772177,15.489613020902329,16.097835323629056,16.685174023944533,16.378556630034833,16.21791391744498,16.51100304257015,16.349674086050076,15.770030517963258,16.204566547262473,15.442638359072728,15.525005206405755,16.561728371874693
A3KGR9,15.659569902510864,15.271877341830166,15.51185413975083,15.006871282022777,16.421471692334112,15.049041827219796,15.71741460476323,15.79601277558345,15.596622301187296,15.418603104939601,16.139607269253244,15.743935402950592,15.94784060107689,14.929283524179317,16.09347049120067,15.888042193289422,15.617019433037342,15.542422763930091,15.631086195556104,15.743935402950592
A6H611,17.856799493298915,18.254248057102092,18.531979873129668,17.95005833609027,18.311485645808958,16.98531392996711,16.387790646744357,16.456659033451928,17.462511612857988,16.073784802715032,18.007235921607688,17.998613465705397,17.895306208186973,17.675710978247704,18.140068047990248,16.48903053151957,16.501873074232574,16.273488590249436,16.334587330977822,16.46821754903481
B0QZL1,19.178235370780055,17.775965345639673,20.08158833043575,16.95455758979811,20.397139127836336,18.059981592639097,18.637662050699568,17.424921615061844,17.543816440328257,18.91925231201697,20.18969561313046,21.246489872929224,20.246192435607675,19.7589643453117,19.871418784677353,17.358820359942055,18.46028536348611,17.238741308058717,17.494042434587506,18.13604858946716
B0V2N5,14.48733773741946,14.226873189644305,15.899214616436035,14.619296055769079,17.765247531841293,14.62443189906935,15.052524649438727,15.405411312803832,14.933044202684439,15.077862658066376,14.524436914793446,16.04892681270931,14.552658991718408,14.609478608434037,14.666037441115648,15.478099793465702,14.870081030669045,15.203312068106726,15.25291076267798,16.00124053740221
B1AR13,17.008008482948355,17.115951302622406,17.527716637189165,18.059981592639097,16.24508727723093,16.685174023944533,17.246807424795396,17.4174988667743,17.285499519784647,16.728743286387406,16.704488174661353,17.123962244735186,17.047448565596195,16.645998088606326,17.400481803234207,17.36436604495036,17.36436604495036,16.282459613960587,17.328606285257884,16.97241147402748
B1AR69,16.59625088151106,18.454664213203124,18.053371364474067,16.711175800387206,16.760498282662866,22.625915030671056,21.286548796855786,21.38127883057511,22.796844790397937,22.543406628988592,17.953543654779324,19.310832499133262,19.067381533572725,16.606386975129716,18.73916576183946,21.0038293301104,20.71365778907975,19.4167171666165,20.71365778907975,22.91306083021744
B1AXP6,14.762585399243846,15.149963912085266,14.329504467601879,14.367576734743116,14.446452133127915,15.390940114645725,14.944990304492626,15.049041827219796,15.144277405546159,15.089277149632872,15.238230910494655,14.239136142095358,14.195536530975028,14.28040136377894,14.3425171860605,15.147061046917482,15.194804531318502,14.919730295601003,14.899768173062478,13.994946425764871
B9EIW1,16.521450904560936,16.471415278768113,16.238817824352793,18.012846241865773,16.35457456800458,16.270831575590492,16.725472251363733,17.81746538244362,17.142533078774907,17.29507809733934,17.129346336394057,16.18497655714814,16.09526093946561,16.150802664772357,16.267589534256963,18.531979873129668,18.319414906206543,18.262653633647734,17.778793335019355,16.821344257321776
D3Z0J2,17.199668718921735,16.00589716555891,15.025521132721678,15.575425213956857,14.31535159704524,16.150802664772357,17.285499519784647,15.969730276919824,16.03138389863903,16.14836718949126,15.550162481051467,16.14836718949126,15.095695370956111,14.779363205280395,15.851780380157976,15.699835390189406,14.95921994936345,14.791495295256553,16.127947533337323,14.910714443596529
D3Z6F5,22.48836372406036,22.91306083021744,22.113140596776518,22.199561392149356,21.78090432555921,23.16822471813418,22.113140596776518,21.20162634180764,22.543406628988592,23.308918850626934,22.435774052327275,22.265403482846978,22.48836372406036,22.395892365345478,22.700828530240337,22.086424174001912,22.796844790397937,22.265403482846978,21.94216407850464,22.48836372406036
D3Z7H8,13.278457972626404,14.057060942124656,12.620838124279555,13.437700531367991,16.259337364402032,14.114476873414038,15.405411312803832,15.399578467104721,14.140774969377352,13.989171963932938,13.989171963932938,15.525005206405755,14.177079196650975,13.52364304963227,14.751412418739244,13.967834079718006,13.82436664994125,13.96015911609131,14.02509180878422,13.004781440199277
D3Z7P3,16.969539343991375,16.806296235562282,15.633335140571507,17.037710162893823,13.746756349989221,16.0762417671677,14.05004635577146,14.1515990732055,16.653226417130497,15.884419480935644,16.03431155983341,16.293702306638277,16.713438186894475,15.980624910186796,16.58265206101555,14.203368106121394,14.039372800388751,14.1515990732055,14.114476873414038,14.10915925009022
D3Z7Q2,15.352651301839472,15.863175304274899,16.397164474060425,17.439780162952,16.1875776383686,16.00589716555891,16.282459613960587,16.24508727723093,16.559201263243565,16.338017838992194,15.30051921708017,15.517907274934771,16.436887524076894,15.414149481143511,15.726681081032652,16.601578912139423,15.980624910186796,16.82437446137775,16.51597275232473,16.59625088151106
D3Z7R9,17.590341455561234,16.270831575590492,17.032288885952582,17.33950008122841,17.30141000380968,17.41495409195903,18.067636604510092,18.282788689007585,17.558003750686517,18.81530147431623,17.712185611519836,17.166596287268096,17.454568697803854,17.943760614616746,17.2989241082415,18.265457180337698,17.998613465705397,17.424921615061844,18.72898466951047,18.872441716893498
D3Z7X0,17.15064329231176,18.27399173833169,17.35288327889465,18.262653633647734,17.724576631281554,18.315346572616036,17.95005833609027,17.810426546486035,18.359631261846697,18.83530907147607,17.554199781535587,18.29155753130763,18.024210207376626,16.934625122232795,17.603524959974784,18.111954491112115,18.194695948219703,18.40005578364228,17.930067881647798,18.262653633647734
E9PV24,15.442638359072728,17.30141000380968,15.757144155316078,15.022830958760903,16.125825506001735,16.267589534256963,14.099789020173262,16.11869691998081,14.114476873414038,15.446518577762395,16.678592707518952,16.549028599607304,16.54629343951786,16.09347049120067,16.085461076507418,14.260456353677236,14.069289646260959,16.942231875025136,15.542422763930091,14.146594214456846
E9PV44,14.566898858168557,16.93154694471169,17.09520084335489,16.21791391744498,16.383823134188656,18.651603023412967,18.79146027810211,19.281832168516452,18.42357560925522,17.803077572188666,15.699835390189406,15.884419480935644,17.0213242191599,16.711175800387206,15.390940114645725,18.73916576183946,18.345830547556012,18.759320948958464,18.905955329526073,17.905931819264087
E9PWZ3,16.65806289455072,17.924035653696713,17.33658040106376,16.58265206101555,15.845655265924204,18.618829691493154,18.606277541330382,18.710263974402853,18.7073015155592,18.82887547524917,16.707129212252685,17.400481803234207,18.265457180337698,16.25653582328419,16.68309367206349,18.622275947538277,18.99174485400807,16.99632150856619,19.0079271919845,18.940754451289063
E9PYJ9,18.710263974402853,18.72898466951047,18.89249845473423,19.20195092901277,19.938712598864875,18.036984773169642,17.8748822153187,18.121783855142557,17.179197164935637,18.106457263159108,18.9797163447973,20.331214124513856,19.848324430086176,19.0079271919845,19.63249390499406,18.384281328044707,17.810426546486035,17.7619608328409,18.140068047990248,18.50596603701357
E9PZQ0,20.857605579032814,19.97355464220379,20.357578833325334,20.516602072428185,20.091714389280952,18.951325096639316,19.23252723829608,18.56897783590532,19.558106854721593,20.484376405916862,20.461360369751638,20.6521141682204,20.76511997495633,20.779486658726558,20.90630751244386,19.600439312634993,20.535389933423893,19.391696701735242,19.352586344562038,20.502017024791027
E9Q137,19.117650399712225,19.013169795939113,19.600439312634993,19.50574895289755,17.734970182160698,18.18472297779476,17.940259383047355,18.019457060833666,18.18472297779476,18.74305245106579,19.922304646269655,18.91262845174094,19.3045127373746,19.558106854721593,19.702004928382348,17.967861438829196,18.576219393078546,18.15516598004831,18.76759134965433,18.30549751157621
E9Q3C1,15.746777501940187,15.402178736393243,15.705083730230644,16.32425630004023,15.572737060010379,14.877765007010717,15.681843944807053,14.02509180878422,15.446518577762395,16.085461076507418,15.405411312803832,16.246698944825305,16.161261421102417,15.311295409527158,16.01965978169674,14.05004635577146,16.201859750574574,14.02509180878422,15.207975163955378,15.788824770921277
E9Q4Z2,16.01965978169674,16.344910077230814,15.520799340052378,16.065145679545807,16.61820190882106,14.543658907601387,14.355109658645091,14.424835467341442,15.162577066677898,15.384267903535005,14.985452886859395,15.863175304274899,15.824182184474855,14.686990880815307,15.269927550078975,14.850310004406982,14.915961338591805,15.052524649438727,15.077862658066376,15.292237428594898
E9Q616,17.371049351203318,17.675710978247704,17.10432362749829,17.11861925428686,17.943760614616746,18.99174485400807,17.618685968229787,17.97439179585499,17.005131623186923,16.609707536279277,18.56512310901136,16.85622845978967,16.471415278768113,17.852155108346302,17.001583695950494,17.292205479672383,16.291331503620277,17.92716344636873,17.462511612857988,16.329688354536522
E9Q7Q3,15.811515948934936,16.125825506001735,15.446518577762395,15.763314009004318,15.584089349200644,16.349674086050076,16.818206817494392,15.275488708244358,15.071312921141082,14.949760195107299,16.09526093946561,15.259568635207625,14.410378302048182,16.259337364402032,15.155252106707929,15.37612457553998,15.056502395557676,16.687964776367842,15.134133639824118,15.178295921091552
E9Q9K5,17.33658040106376,17.31025505872205,18.22648183750755,18.42357560925522,17.032288885952582,18.248247983010657,18.855741593294095,19.160105526144985,18.657031606976034,19.98871169320379,18.843418222302148,18.701296843331647,19.45331986229829,18.24597604353273,18.377998196352735,19.903938293102694,20.07209177342391,17.820422113049705,19.7852576534075,20.013864707227803
E9QLJ0,17.111976085154247,16.524196751485025,17.618685968229787,17.824170072409693,17.778793335019355,16.103960719082302,17.963939655500543,17.625249119756884,16.977463631114354,18.42357560925522,17.78155131191905,17.238741308058717,17.70674967884954,17.543816440328257,17.824170072409693,18.29155753130763,18.432239856528742,16.220651392307765,18.09130970357867,18.258331325723095
E9QP49,13.300699006898574,13.830232428651678,13.917975885149204,14.896906612156863,13.946080777784761,13.82436664994125,14.30730686002357,15.930362375555934,14.28040136377894,14.160447485855723,13.85530049700441,13.803370634225143,13.758144482513714,13.872036713214507,13.846950111107319,14.47552960617359,14.265991125321648,14.35969373918904,14.31535159704524,14.329504467601879
E9QQ25,18.329172761972682,18.016227110704456,18.7469593396453,18.6681894006985,18.411625586945092,17.72669570533258,19.545033356238292,19.7852576534075,18.40005578364228,19.86456083372228,18.539456527810977,18.140068047990248,18.783882482644593,18.61011649476,18.576219393078546,20.331214124513856,19.931389365150654,18.12524047716429,19.95525363937427,20.31203280886183
E9QQ57,18.937647466272757,18.282788689007585,18.121783855142557,16.86199249986609,17.451575243857786,19.18799529071361,20.045768994085144,18.83530907147607,18.93298198401946,18.771725671942427,18.647629502202797,17.572070148932653,16.082544546889245,18.380215367975342,17.28867597650831,18.210297767040252,17.101906011921123,16.344910077230814,18.793824082452442,18.053371364474067
E9QQ96,16.349674086050076,16.23347695387089,16.86947840462856,17.1626813000877,17.01146015302819,15.59050769044938,15.111827938804348,15.215475020312429,14.99244415944482,15.73263953828744,16.728743286387406,17.1626813000877,17.249717783411466,17.19122070489221,16.61820190882106,15.311295409527158,14.99244415944482,15.845655265924204,15.980624910186796,15.103213421103016
F7BP55,14.03450478540999,13.846950111107319,15.103213421103016,15.085046757346536,14.367576734743116,14.495470089463577,14.845055069767344,14.929283524179317,14.727242330899045,14.656808366596525,15.37612457553998,14.140774969377352,14.105350340092958,14.169024887578292,14.771562607145128,15.038141619234867,14.74764180301203,14.821263604570499,14.800177315895255,14.857134232139689
F8VPN4,17.13279688304349,15.678778121243937,16.15360512349686,15.980624910186796,15.612774878484334,15.71741460476323,16.02958742623676,15.297677903815082,15.907913464931354,16.349674086050076,15.91345634926184,16.769692416051235,16.18497655714814,16.046206000705748,16.783324830756815,15.791663948852058,16.300086306127934,15.458171745577143,15.960724643761818,16.340180531084666
F8VQJ3,14.406009524164423,15.031051227113869,14.619296055769079,14.603319521362218,16.240476679594664,14.845055069767344,15.941678119523658,13.222720222576935,14.1515990732055,13.056525365969318,14.69099556115421,17.11861925428686,16.021997449345594,14.592657225125063,14.613728201454895,13.192136661784113,14.929283524179317,13.222720222576935,13.131169062970418,13.109707555396417
F8WHQ1,14.619296055769079,15.919773363359813,15.089277149632872,15.155252106707929,16.082544546889245,15.721820317041937,15.12391128922533,15.226932330793806,15.022830958760903,14.896906612156863,15.249244462213529,14.762585399243846,15.49377535040316,15.182263399732554,15.286559135065534,15.32669447364538,15.010387727874951,16.056047364008677,15.095695370956111,15.127312692947154
F8WIS9,20.06101432067798,18.576219393078546,18.73916576183946,19.527304879775166,17.657428131816634,17.71886856773059,15.685182939271854,15.031051227113869,17.891761713101424,19.408071203488337,18.91262845174094,19.691825325953484,19.721322795429067,19.268161802531562,19.21670203632218,16.609707536279277,19.47736473165941,16.082544546889245,16.785368655465184,18.73916576183946
G3UW82,14.300528946357957,19.727161245671432,15.791663948852058,15.654429717894198,19.59406065240999,16.23347695387089,17.49166880054688,16.730747053517142,17.39294590734506,16.960653085729923,14.716994146381404,19.3045127373746,19.034911068699845,16.073784802715032,17.079102203389056,17.229432104662298,16.54629343951786,16.00589716555891,16.082544546889245,17.229432104662298
G3UWS1,14.45555725457589,14.18839993044656,14.609478608434037,16.738653938253197,17.19122070489221,15.226932330793806,15.226932330793806,15.359817448018003,15.178295921091552,16.578009219037543,14.491691849767449,18.9797163447973,18.062925606641805,14.566898858168557,14.619296055769079,15.431928984807248,15.30051921708017,15.155252106707929,15.212222429792154,16.649215759391605
G3UXF4,19.439421445372965,15.520799340052378,18.072013605180732,19.574639633404903,16.00589716555891,15.851780380157976,16.44534002432181,16.543428375713663,16.421471692334112,16.161261421102417,18.040558140844034,18.454664213203124,18.884170672470745,18.961968543500387,19.574639633404903,16.561728371874693,16.30697863909287,16.34770545001941,16.404276581737186,16.54629343951786
G3X924,13.508795569801222,12.824136995799364,13.37053814810391,13.67511327356875,13.352337124021167,13.330600938345935,13.52364304963227,13.908312185962078,13.599475941965656,13.459178614880875,13.161066056532908,13.161066056532908,13.192136661784113,13.736966157778886,13.330600938345935,13.67511327356875,13.52364304963227,13.643126264002907,13.563233578392788,13.614740642450451
G3X9D8,15.987853976938865,17.153192146135545,16.17091975889223,16.51100304257015,16.21264374112578,16.19569426277907,15.998559263979374,14.467600920295348,15.915778897513027,15.958288048495424,15.365109032161234,16.046206000705748,16.687964776367842,15.323878207902379,15.678778121243937,14.58887846344795,16.227119043561203,14.48138612488762,15.319083990332478,15.564074872854784
G5E829,15.923160456085046,14.910714443596529,15.721820317041937,16.19036102096137,15.851780380157976,15.405411312803832,15.185354275029912,13.683350255698732,14.057060942124656,15.37612457553998,15.207975163955378,15.019639960833777,15.434679876658189,15.520799340052378,15.439160168747303,15.249244462213529,14.552658991718408,15.631086195556104,14.705408871168178,14.619296055769079
G5E902,22.051509267440423,21.998585294669542,21.246489872929224,21.658107014466076,20.502017024791027,21.801532783027568,20.74892253114054,19.856019961643533,22.025840215948175,22.113140596776518,21.38127883057511,21.74693365887078,21.96480189779124,21.406859971950645,21.998585294669542,20.553065900098968,22.086424174001912,21.20162634180764,20.426704271178217,21.434797352083372
H3BLC7,16.53415410684763,15.6762432600685,16.11869691998081,15.336221451683153,15.514854820376925,17.199668718921735,17.72892478646335,17.05423224585784,17.175726879509117,16.96354293553974,16.593844040743175,15.405411312803832,15.259568635207625,16.448563249979642,16.479737186173647,17.83361264206847,15.932836704688048,17.39001238932805,15.937743787073416,17.41495409195903
O08528,18.543744335807425,18.843418222302148,17.753047660760767,16.428136181983106,15.33976203365576,19.43351784910502,18.579172689319417,17.911361722190914,18.446346323106553,19.274803546974578,17.042576854856794,17.457206718666892,18.50596603701357,17.5043151855268,17.507192106131466,18.692788423569027,19.46356318692593,18.974389618446466,18.287506711155864,19.07586113580069
O08529,16.57599849020238,16.415673505322054,15.70296752621564,16.69630307237967,16.237094254631142,15.87513181994738,13.746756349989221,13.872036713214507,13.791834288818066,14.592657225125063,15.934899753348358,16.36036459147711,15.830567690598183,15.737964457452467,15.978486584539263,13.897945585338055,15.130888142873536,14.877765007010717,15.449953890574315,13.839584994213547
O08532,19.818511964341873,19.42787621286776,19.706281182275273,19.91224995046066,19.98871169320379,18.2056822853875,19.160105526144985,19.02987209840085,19.07586113580069,19.29167119847474,20.331214124513856,19.672208865901176,19.88822502045067,20.013864707227803,19.779311297230684,19.489415819893583,19.173638167996735,18.287506711155864,19.06413493087259,19.250298328778392
O08547,18.10013833524055,18.072013605180732,18.579172689319417,18.514167063758197,18.783882482644593,17.11861925428686,17.703901703131272,18.10013833524055,17.527716637189165,17.564585857108266,18.09364616296982,18.130353779935874,17.87059215832019,18.22371761296218,18.375162630633092,18.301966839475945,17.546151514474076,18.140068047990248,17.985082802911954,17.856799493298915
O08553,18.265457180337698,17.8748822153187,18.27399173833169,17.940259383047355,17.98829922347533,18.23146704142546,18.325851712263123,17.943760614616746,17.06857626211557,16.890081783255233,18.614298355609993,16.883436687236518,16.88023568669566,18.140068047990248,17.793981540585406,17.917223424827096,16.704488174661353,18.010658561007176,17.693148773596796,17.225621512021274
O08579,14.86698558829572,15.144277405546159,15.368670021996522,15.397084425394757,15.542422763930091,15.10004197931255,16.293702306638277,16.483924620080618,15.866492560276251,15.134133639824118,15.155252106707929,14.599270640412508,14.645259977011458,15.569876033521208,14.956319777147453,16.54629343951786,15.76750925415978,15.963748578374577,16.687964776367842,16.24508727723093
O08583,14.675679683646683,14.195536530975028,15.647046052546145,15.462572781100917,15.62550380598837,15.714163415413747,15.234078346116831,17.220134823654114,16.59163716099311,15.025521132721678,15.171162715763884,14.531574197485403,14.87385320121751,15.418603104939601,15.130888142873536,16.59871463476447,15.140516202173425,15.944375519519488,16.90459719162573,15.22346468772049
O08599,14.260456353677236,13.97905257179841,14.062436400060017,13.830232428651678,13.623938867813456,14.367576734743116,14.592657225125063,14.401394740888382,13.352337124021167,13.78457820739689,14.217979155903953,12.921331928532961,12.74310901533909,14.090224770988595,13.652399849661482,13.973782996108477,13.830232428651678,14.434993212831833,13.897945585338055,13.736966157778886
O08600,15.888042193289422,16.494154354786193,16.378556630034833,15.79601277558345,16.242273639791314,17.767497686699723,18.82108478641925,18.951325096639316,18.454664213203124,17.606683138382156,16.61820190882106,15.6762432600685,15.198676850409475,16.01965978169674,16.056047364008677,18.684816863208106,18.22648183750755,17.737500887304087,18.543744335807425,18.319414906206543
O08663,15.188842202981718,14.401394740888382,15.343794472491595,15.721820317041937,15.834911278904983,16.366254946580064,17.321352119883912,17.106727139790756,16.340180531084666,17.680378849380652,16.198100687288626,15.804180097448219,16.273488590249436,15.944375519519488,15.47441539977441,17.693148773596796,17.703901703131272,16.578009219037543,17.844344738337487,17.432504936631602
O08677,17.439780162952,17.573960735836984,17.324168973995437,17.276636320853832,18.00438779402004,16.994082835120732,17.386934271424803,17.633302005278566,16.36036459147711,16.334587330977822,18.46028536348611,17.01470997101877,17.321352119883912,17.924035653696713,16.922027893751135,17.666098234860016,16.865476847872582,17.917223424827096,17.31862307330163,16.460010932269192
O08692,13.872036713214507,15.580907294084653,14.069289646260959,14.062436400060017,14.160447485855723,15.259568635207625,14.582650763501414,14.675679683646683,14.515542102915552,14.424835467341442,16.168834998375143,13.96015911609131,13.946080777784761,18.618829691493154,14.03450478540999,14.779363205280395,17.905931819264087,22.025840215948175,16.800842178201734,14.603319521362218
O08709,17.472432416418748,17.19122070489221,17.879066972991428,16.46243108644962,18.77624733322788,17.049909230909854,16.543428375713663,17.693148773596796,17.08987074951222,16.95055949534557,18.248247983010657,18.426463008111213,18.02677899116964,18.29876602994137,18.54749564834063,16.044449650011757,16.95455758979811,15.735578279963727,15.791663948852058,15.919773363359813
O08715,15.089277149632872,14.857134232139689,14.582650763501414,14.239136142095358,15.502012976062119,15.311295409527158,16.327004616900417,16.915725576922526,15.48143631191096,15.62550380598837,14.857134232139689,14.114476873414038,14.766820262661199,15.816300964002306,15.283322213233806,16.793454712036656,15.019639960833777,16.27669011398628,16.00124053740221,15.529758455657156
O08749,18.172232268688965,19.21670203632218,20.183146281197608,19.42787621286776,18.73465024705768,20.340176269531327,21.16447481325955,21.658107014466076,20.90630751244386,20.340176269531327,19.152663780957134,19.05842373408581,19.38356789106438,19.21670203632218,19.29167119847474,21.108414634713746,20.74892253114054,20.375852474555902,21.246489872929224,20.71365778907975
O08788,14.603319521362218,16.115813493509155,15.696427434702581,15.982617858091317,16.55691743267369,15.910778846355502,16.270831575590492,14.940995594646205,16.410648780816693,16.113710259561945,15.569876033521208,15.746777501940187,15.468680919842276,15.639869158783554,15.442638359072728,16.334587330977822,15.845655265924204,15.878448348424161,15.80730916658695,16.26233331457591
O08795,18.278303594270902,18.301966839475945,19.25664609055196,19.706281182275273,19.75410703050845,18.019457060833666,17.660026804960843,18.535362894273316,17.94675630726936,18.152241217156128,19.63890817200848,18.357233912078737,18.436976726954587,19.26212957792511,18.805555003958638,18.82108478641925,17.860062151900163,18.679375850872386,18.50596603701357,18.15516598004831
O08807,17.115951302622406,18.82887547524917,17.199668718921735,17.188533071242286,17.23225872587725,18.436976726954587,17.462511612857988,17.610289029684264,17.42921066183997,17.203080746328986,19.84166327220762,17.072785140321034,18.839314764187378,17.12677407889876,19.480698550016374,17.572070148932653,19.07586113580069,19.527304879775166,19.173638167996735,19.02987209840085
O08915,13.472695105067398,14.821263604570499,13.633375800209185,13.52364304963227,15.85303305121214,13.599475941965656,13.953949562473236,14.05004635577146,13.967834079718006,13.872036713214507,14.226873189644305,13.481229208574101,13.472695105067398,13.586108650129097,13.96015911609131,14.08232449851108,13.93852089806406,14.057060942124656,14.01009255170475,14.01009255170475
O08917,17.024240105006363,17.292205479672383,16.48714026421141,16.572772230787997,16.81093283135739,16.806296235562282,17.58028852863376,16.14224510995184,16.501873074232574,16.29824861008573,16.612233441917926,15.451979480642668,15.302806723278135,17.087049784326272,16.201859750574574,17.001583695950494,16.49120142113337,16.267589534256963,17.11861925428686,16.826278137591675
O08997,14.929283524179317,17.39294590734506,18.10358233583293,18.457864275280013,15.22346468772049,15.115875229123228,15.777536457550315,15.845655265924204,15.642633456787976,15.49377535040316,19.600439312634993,17.670685290626956,17.888755084302062,19.147614525807302,19.109332588812208,15.941678119523658,15.647046052546145,15.602560768202446,15.681843944807053,15.800953315145218
O09110,17.34744983267199,18.579172689319417,17.511615798732674,18.40005578364228,18.487104314023583,16.521450904560936,15.927250839663605,16.01965978169674,15.827583560317256,15.76750925415978,17.46750571381542,17.368742017929026,17.546151514474076,17.445311654377253,17.59922353105862,16.479737186173647,15.814011417767002,15.79601277558345,15.843090928927955,15.971473718228049
O09111,20.02385423405834,19.77463038618589,19.99685742738694,20.013864707227803,19.408071203488337,20.516602072428185,20.31203280886183,20.426704271178217,20.577969344699195,20.26747510445282,19.297752672549333,19.51948616791665,19.98871169320379,20.02385423405834,20.06101432067798,20.439140219859453,20.18969561313046,20.71365778907975,20.32428726971539,20.56442076484551
O09117,18.76759134965433,17.49900907660442,17.49166880054688,18.684816863208106,15.052524649438727,16.504267138042373,15.572737060010379,15.666858031868959,16.476013686607416,17.01146015302819,17.85464612911659,18.432239856528742,18.661117274514584,17.998613465705397,17.847799513901272,16.59625088151106,17.548703802292344,16.653226417130497,15.504319954149427,16.593844040743175
O09161,18.457864275280013,17.856799493298915,18.17769432893232,17.920402409528123,16.783324830756815,15.859236768702775,16.390896523419872,15.564074872854784,16.59871463476447,17.844344738337487,19.173638167996735,17.63102142942152,17.841885355233064,17.936982345578773,17.95005833609027,16.883436687236518,17.97015125270846,16.479737186173647,16.273488590249436,17.838488567264722
O09165,22.22933874399538,22.113140596776518,22.3534119464251,22.113140596776518,22.48836372406036,20.6521141682204,22.265403482846978,21.466732315982902,21.48241549278334,22.302498667361213,23.16822471813418,22.48836372406036,22.395892365345478,22.543406628988592,23.007504381532904,21.94216407850464,22.48836372406036,21.35303781379885,21.716789525616964,21.905151502965776
O09167,18.359631261846697,19.574639633404903,18.188438189377088,17.175726879509117,17.985082802911954,19.352586344562038,19.63249390499406,19.98119932773872,19.26212957792511,19.329185453489227,17.01470997101877,17.497179088344158,18.25144033584863,17.377723357057974,17.31601303867988,19.40287900752608,19.713395178557512,18.278303594270902,19.938712598864875,19.808599642222
O09174,16.51100304257015,15.848295072584117,17.01470997101877,16.43226224160768,15.532412706601482,16.711175800387206,16.12362162315233,16.85186738879242,17.12125179015954,15.746777501940187,16.898675748115725,14.661276568861515,15.552969674347779,16.563811757202675,16.17091975889223,16.994082835120732,15.971473718228049,16.808224534344642,16.71828984543482,16.808224534344642
O35114,18.11451610645798,17.424921615061844,17.25419194947641,17.535813263945876,17.044588470395762,17.35288327889465,14.896906612156863,14.973703136480356,14.771562607145128,17.246807424795396,17.249717783411466,17.361429718890584,17.478425207354842,17.249717783411466,17.040107305366032,15.077862658066376,17.210299331116396,14.850310004406982,14.84088006378352,14.890357016202097
O35129,20.375852474555902,19.848324430086176,19.574639633404903,19.322983406091808,19.42787621286776,20.091714389280952,18.73120648651043,18.42357560925522,19.88822502045067,20.05350080830655,19.51116008061792,19.740428547270813,20.02385423405834,19.489415819893583,19.608939339184467,18.846594247842646,20.14610819689333,19.329185453489227,18.69737413572631,19.622062757535538
O35206,15.760018465620925,16.59163716099311,15.941678119523658,15.602560768202446,15.575425213956857,17.494042434587506,17.037710162893823,16.270831575590492,16.865476847872582,17.072785140321034,15.372041876910476,16.78044367973605,16.267589534256963,15.67305097522151,15.46558578726117,16.918627187329072,16.960653085729923,16.566323801314113,16.99632150856619,16.559201263243565
O35326,15.2891617443386,15.025521132721678,15.42504545962997,15.34957795524513,15.529758455657156,15.608703369262836,17.799117059635858,18.672591168463025,16.785368655465184,15.741560565304336,15.182263399732554,15.427884399589866,15.283322213233806,15.297677903815082,15.397084425394757,16.17681671145689,15.954570831544121,16.14224510995184,17.98829922347533,16.378556630034833
O35343,15.10004197931255,17.680378849380652,17.74135870295587,18.147228745699543,16.03431155983341,16.918627187329072,16.566323801314113,18.2056822853875,16.4963255057543,15.949910442253326,15.602560768202446,16.285263638868965,16.846016622085706,16.653226417130497,15.94784060107689,16.58837459230723,16.32425630004023,16.370958180740086,17.650963318645914,16.48714026421141
O35344,17.46750571381542,17.80772018021429,17.573960735836984,16.46821754903481,18.130353779935874,17.18501895449103,17.123962244735186,17.622285844580013,16.23347695387089,16.774641137098122,16.380650004696243,16.44534002432181,16.240476679594664,16.63141210740998,16.777266686145666,17.235594799084517,16.521450904560936,16.553805626739788,17.115951302622406,16.441415540870686
O35345,13.427473657833062,13.879506402985996,14.099789020173262,13.652399849661482,14.62443189906935,13.575266306728485,13.846950111107319,13.953949562473236,13.86477773999987,13.278457972626404,13.563233578392788,13.437700531367991,13.449451174954442,13.449451174954442,13.056525365969318,13.97905257179841,13.839584994213547,13.967834079718006,13.908312185962078,13.917975885149204
O35350,18.87924242072296,19.160105526144985,17.675710978247704,18.606277541330382,18.475116441287344,18.258331325723095,17.47620486106079,16.991715572503388,17.778793335019355,18.301966839475945,17.885262923691034,17.95005833609027,18.315346572616036,17.86323756311658,18.130353779935874,17.281709373291893,17.885262923691034,17.86323756311658,17.72669570533258,17.460208108813042
O35382,15.171162715763884,15.670280194345924,15.33320736025556,16.273488590249436,15.434679876658189,15.323878207902379,15.969730276919824,17.71886856773059,15.87513181994738,15.656926184822169,15.08117573036942,15.2891617443386,15.178295921091552,15.399578467104721,15.279527373933542,17.380358630795737,15.869663246772415,16.991715572503388,17.478425207354842,16.013559000510934
O35435,16.711175800387206,16.86947840462856,17.6632012656113,17.1409186454281,16.561728371874693,17.533413733517648,16.04892681270931,16.507308218896206,17.703901703131272,18.056043985759253,16.111357251954335,16.90459719162573,17.31601303867988,16.918627187329072,17.042576854856794,17.561482262331825,18.10358233583293,17.963939655500543,16.720466769150967,17.86323756311658
O35459,17.687931372744202,18.056043985759253,18.651603023412967,18.265457180337698,18.496141197857362,18.475116441287344,18.99174485400807,18.73465024705768,18.846594247842646,18.606277541330382,18.42032813063024,18.22371761296218,18.059981592639097,18.471715071718833,17.90936310010048,18.710263974402853,18.657031606976034,18.945522558134083,18.940754451289063,18.499674445412197
O35465,17.324168973995437,17.225621512021274,17.030048383696588,16.26233331457591,16.66563303534638,16.922027893751135,16.875415935757488,14.962063782381401,16.620638262245475,15.685182939271854,17.10927450519619,16.960653085729923,17.18501895449103,17.622285844580013,17.1409186454281,15.065253731898377,16.31549540396195,16.31140174350425,16.113710259561945,16.130618089249857
O35566,14.211538964026158,13.999659370928047,14.387950443331835,14.429752851758172,14.506879351747846,16.96354293553974,15.587991321452794,15.656926184822169,16.19569426277907,15.963748578374577,14.239136142095358,14.300528946357957,14.28633067059334,14.363775627886259,14.387950443331835,15.902391004492808,16.003372415621907,16.238817824352793,15.486586153627849,15.439160168747303
O35639,16.507308218896206,15.37612457553998,16.60387501599841,16.285263638868965,16.14224510995184,15.496169175752641,14.648984409954318,14.74245400704712,14.577215057783437,14.48138612488762,16.246698944825305,15.302806723278135,13.994946425764871,15.951831547470999,15.79601277558345,14.833253758200758,14.609478608434037,14.680883599188178,14.630874262838267,14.675679683646683
O35678,17.836101908657188,17.061944200722756,15.87513181994738,16.83334663985811,14.949760195107299,14.566898858168557,15.245852991145478,15.368670021996522,15.164972122641009,15.028207656308023,15.115875229123228,14.543658907601387,14.518924946868333,15.566762205268201,15.468680919842276,15.439160168747303,15.147061046917482,15.162577066677898,15.219239195269179,15.249244462213529
O35682,15.451979480642668,15.188842202981718,14.321467241527959,14.518924946868333,14.923057040878486,16.201859750574574,15.982617858091317,14.137130183919183,15.219239195269179,15.245852991145478,15.315468997917478,14.973703136480356,14.989882816397337,15.140516202173425,15.089277149632872,14.949760195107299,14.53740175502755,15.560062879765315,15.061139700327832,14.775499690343585
O35683,20.293605784796455,20.11987357426101,20.045768994085144,19.740428547270813,19.61438114817877,21.068613119618927,20.63034790549067,19.59406065240999,20.857605579032814,20.889285386325295,18.974389618446466,19.193705484012746,19.702004928382348,19.439421445372965,19.922304646269655,20.470602950874202,20.95747093359308,20.60394420818158,20.369485073973614,21.03251814095913
O35685,14.524436914793446,16.12362162315233,14.017539902157285,15.010387727874951,15.941678119523658,14.582650763501414,14.434993212831833,14.518924946868333,14.410378302048182,14.28633067059334,13.758144482513714,14.69099556115421,15.194804531318502,13.967834079718006,13.946080777784761,14.645259977011458,14.387950443331835,14.506879351747846,14.450960426339009,14.45555725457589
O35855,18.692788423569027,18.793824082452442,18.172232268688965,19.480698550016374,18.543744335807425,18.793824082452442,18.56164854968247,17.179197164935637,19.322983406091808,19.1351768758582,18.198187229296455,19.20938396057736,18.614298355609993,18.688865331389362,19.147614525807302,17.710019680976686,18.937647466272757,18.086295054480505,17.8748822153187,19.109332588812208
O35857,17.618685968229787,18.11451610645798,17.749541610941733,18.24597604353273,17.37383959237027,18.010658561007176,17.409198252425018,17.77323038861822,17.930067881647798,17.2989241082415,17.235594799084517,17.29507809733934,17.660026804960843,17.703901703131272,17.380358630795737,17.500956359130683,17.4854939215759,17.712185611519836,17.75835794584472,17.06857626211557
O35887,16.22435989700497,16.848483841971486,16.121404441351434,16.725472251363733,15.902391004492808,17.882647677021478,16.532303449186387,15.772626224322593,17.081270656635375,16.898675748115725,18.049996631740363,15.910778846355502,15.910778846355502,16.614893324200175,16.30469657248546,16.6716372196514,17.10927450519619,15.502012976062119,16.349674086050076,16.934625122232795
O35963,22.543406628988592,22.025840215948175,21.51139630587692,20.045768994085144,21.38127883057511,21.62914809131313,20.76511997495633,19.893719389206932,21.466732315982902,21.801532783027568,19.7589643453117,22.156111094101366,22.051509267440423,22.113140596776518,22.22933874399538,19.802381269583726,21.94216407850464,20.293605784796455,20.734172393783034,21.286548796855786
O35972,17.710019680976686,17.615653430863933,17.451575243857786,17.770493521860175,17.99046568935768,17.77323038861822,18.04398079198537,18.446346323106553,18.080846345477145,18.08384131201834,17.749541610941733,17.451575243857786,17.824170072409693,17.767497686699723,17.41495409195903,18.278303594270902,18.36368084835582,18.074244921381066,18.315346572616036,18.579172689319417
O54724,18.723395011021903,19.071950184196773,19.16530833970769,18.81530147431623,18.426463008111213,19.86456083372228,19.147614525807302,19.45331986229829,18.4399254482473,18.79920134601321,19.68123742930542,18.810520689826916,18.637662050699568,18.15516598004831,17.99046568935768,18.96816998174542,18.29155753130763,19.274803546974578,19.034911068699845,18.647629502202797
O54734,19.4468059321889,18.1434254692835,18.012846241865773,19.23252723829608,17.71603560983471,18.71980096434951,18.198187229296455,17.06857626211557,18.42032813063024,19.471323010750343,18.375162630633092,18.487104314023583,18.42933449937419,19.039189930955697,18.88803098980167,18.33678165279604,19.141192080497436,18.961968543500387,17.519675847328124,18.846594247842646
O55003,16.334587330977822,18.342414565049175,17.18501895449103,16.898675748115725,16.90459719162573,18.82887547524917,17.33950008122841,17.249717783411466,18.502644190664434,18.36368084835582,17.111976085154247,17.25419194947641,17.535813263945876,16.690339479527285,16.95455758979811,18.18472297779476,18.826074357682668,18.606277541330382,17.1409186454281,17.932923069622174
O55022,17.790925289665676,17.40363371243514,17.690454633187283,15.639869158783554,15.777536457550315,18.490659285459596,17.678756085671203,16.34770545001941,18.161697103703474,17.024240105006363,18.019457060833666,15.65176970848288,15.532412706601482,17.462511612857988,16.96354293553974,17.56888122260806,16.15360512349686,16.14836718949126,16.21791391744498,17.39001238932805
O55023,16.039383739696685,15.51185413975083,16.460010932269192,16.1652186825075,16.924261907615875,16.362669500066467,16.86947840462856,16.14836718949126,16.56990338029312,16.785368655465184,16.763008427236834,17.229432104662298,16.340180531084666,16.227119043561203,16.75813655894027,16.173206043577068,16.934625122232795,16.285263638868965,16.848483841971486,16.693929445147603
O55026,16.35457456800458,15.85303305121214,14.973703136480356,16.108339936462162,14.88678289775594,16.787786029335575,15.41012522490404,15.525005206405755,15.636006941528157,15.666858031868959,15.636006941528157,15.575425213956857,15.286559135065534,15.560062879765315,15.449953890574315,15.584089349200644,15.537445307962363,15.750278837626055,15.365109032161234,15.387948646838893
O55028,16.661205585863478,17.005131623186923,17.5043151855268,17.27306637301551,17.494042434587506,16.84355177219885,17.99046568935768,18.872441716893498,17.673738708612575,17.380358630795737,16.79027606429046,17.12125179015954,17.182211998304425,16.818206817494392,16.912802308066425,18.651603023412967,17.80772018021429,17.321352119883912,18.723395011021903,17.787609002813973
O55029,17.494042434587506,16.44534002432181,16.623559038739177,16.818206817494392,17.182211998304425,16.661205585863478,14.915961338591805,15.001179738394976,15.816300964002306,16.01965978169674,17.564585857108266,16.113710259561945,16.58535434737975,16.206976573942576,16.741820142523036,15.095695370956111,14.804441003453238,14.87385320121751,14.857134232139689,14.907515023251563
O55042,15.191676221021856,14.524436914793446,16.17681671145689,15.584089349200644,15.927250839663605,15.022830958760903,13.699518704216942,15.951831547470999,13.746756349989221,13.652399849661482,16.82437446137775,14.270094838901835,14.88678289775594,14.978758858134853,14.816195787907578,13.846950111107319,13.699518704216942,14.973703136480356,13.767500755213135,13.78457820739689
O55126,20.151135820935497,20.74892253114054,19.539457286534645,20.00442703940837,19.16530833970769,19.871418784677353,18.6681894006985,18.436976726954587,19.98871169320379,20.236587854097916,19.871418784677353,20.63034790549067,20.375852474555902,19.95525363937427,19.99685742738694,18.657031606976034,20.131315958109433,19.141192080497436,18.644300593555197,19.856019961643533
O55131,14.114476873414038,15.329422662025303,14.67032680324834,15.49377535040316,14.762585399243846,15.760018465620925,16.421471692334112,16.633687158690016,15.763314009004318,15.359817448018003,15.537445307962363,14.577215057783437,14.543658907601387,14.58887846344795,14.641849387528998,16.097835323629056,15.786485149932307,16.56990338029312,16.383823134188656,15.496169175752641
O55135,14.705408871168178,15.269927550078975,16.421471692334112,15.834911278904983,16.270831575590492,15.052524649438727,16.201859750574574,16.499030736698753,15.25291076267798,15.602560768202446,15.966826290328532,14.907515023251563,15.103213421103016,15.2891617443386,14.861652606662267,15.980624910186796,15.446518577762395,16.383823134188656,15.498881193272101,16.144542022921534
O55142,17.29507809733934,17.99567063694154,17.554199781535587,16.86947840462856,16.623559038739177,19.75410703050845,19.141192080497436,19.68123742930542,19.310832499133262,19.341665417209892,16.653226417130497,16.301723153649952,17.238741308058717,16.725472251363733,16.858956303892118,19.02380500564057,19.51116008061792,18.535362894273316,19.75410703050845,19.574639633404903
O55143,17.457206718666892,17.515169072149675,17.30141000380968,16.783324830756815,16.428136181983106,17.42656305762505,16.88023568669566,16.415673505322054,17.41218535643221,17.489184669478796,16.829913750250615,16.922027893751135,16.783324830756815,16.952142629741115,16.661205585863478,16.846016622085706,16.841050004223348,17.46750571381542,16.78044367973605,17.166596287268096
O55222,15.356273123715786,15.321776172646173,14.890357016202097,15.067940301130054,15.149963912085266,13.690663510281889,14.140774969377352,14.233469173483138,14.169024887578292,14.03450478540999,14.910714443596529,13.664138208619397,14.609478608434037,14.424835467341442,14.424835467341442,14.30730686002357,14.099789020173262,14.233469173483138,14.177079196650975,14.177079196650975
O70194,14.217979155903953,14.592657225125063,14.989882816397337,14.446452133127915,14.518924946868333,15.830567690598183,16.383823134188656,16.566323801314113,16.351912672819864,15.899214616436035,14.248738773014216,14.05004635577146,15.144277405546159,14.373802999779727,14.391863026184504,16.572772230787997,16.251051677362213,16.746171474409955,16.641864068934417,16.401238476283474
O70250,19.23252723829608,19.067381533572725,20.236587854097916,19.46356318692593,18.74305245106579,19.152663780957134,19.274803546974578,18.843418222302148,18.951325096639316,19.109332588812208,18.82108478641925,19.88822502045067,19.663669211930547,19.802381269583726,19.98871169320379,19.268161802531562,19.28591908300357,18.72898466951047,19.22046835326541,18.657031606976034
O70252,17.175726879509117,13.994946425764871,16.07028714623957,17.838488567264722,16.357763628245788,16.25362378937894,15.022830958760903,15.12391128922533,16.88023568669566,17.515169072149675,17.334270289259177,14.292441968080615,15.888042193289422,17.41996866473105,16.51100304257015,16.037168165463562,17.199668718921735,16.097835323629056,16.559201263243565,17.083955166513153
O70274,17.087049784326272,16.48714026421141,17.005131623186923,17.538195898734124,18.210297767040252,15.949910442253326,16.513989720796523,16.61820190882106,16.48714026421141,16.24508727723093,16.26233331457591,17.292205479672383,17.304793614767682,16.896071198881184,17.497179088344158,16.645998088606326,16.366254946580064,16.43226224160768,16.501873074232574,16.63141210740998
O70305,13.643126264002907,14.571195640347117,14.637108714417446,14.727242330899045,13.999659370928047,14.857134232139689,16.636251849009206,17.478425207354842,15.654429717894198,14.211538964026158,14.46093645921196,14.367576734743116,14.711241610381103,13.917975885149204,13.86477773999987,16.734380303872307,14.321467241527959,15.923160456085046,16.751910700204583,15.753830936774014
O70310,14.861652606662267,14.737392090904624,15.628136529075363,15.593434303665864,15.061139700327832,15.971473718228049,16.685174023944533,17.304793614767682,16.716125582424148,15.537445307962363,15.035141491993437,14.401394740888382,15.006871282022777,15.194804531318502,14.41531166554509,16.483924620080618,15.690685011902678,16.59163716099311,16.826278137591675,15.134133639824118
O70318,17.775965345639673,17.432504936631602,17.31025505872205,16.460010932269192,15.266985490755014,17.49166880054688,18.07730493463513,17.46750571381542,17.111976085154247,16.90166610455756,17.44310380814907,15.869663246772415,15.343794472491595,16.991715572503388,16.623559038739177,16.769692416051235,16.35457456800458,16.29824861008573,17.615653430863933,16.687964776367842
O70325,17.657428131816634,18.217316334788617,16.240476679594664,17.963939655500543,18.33982683347122,19.77463038618589,19.748056043631717,19.22540486398784,19.20938396057736,19.034911068699845,17.276636320853832,16.19569426277907,17.407137041558357,17.31862307330163,17.635246893770123,19.399066184804443,19.29167119847474,18.391234669932494,19.702004928382348,18.91262845174094
O70373,13.25457301002281,15.982617858091317,13.508795569801222,13.37053814810391,13.549270547188026,14.915961338591805,15.442638359072728,15.422037606039911,13.736966157778886,13.643126264002907,13.278457972626404,13.313881043529065,13.330600938345935,12.921331928532961,13.496873682630522,13.839584994213547,13.690663510281889,13.846950111107319,13.758144482513714,13.777446941234263
O70378,17.603524959974784,17.59922353105862,18.56164854968247,18.391234669932494,19.018045522220042,17.622285844580013,18.11797275702317,18.278303594270902,17.92716344636873,18.23146704142546,18.67534291877795,17.85464612911659,18.130353779935874,18.82108478641925,18.57234863521773,18.579172689319417,18.047691560260848,17.64283619916258,18.446346323106553,18.352961934754212
O70400,14.491691849767449,15.001179738394976,14.695336035229037,15.542422763930091,16.18497655714814,16.633687158690016,17.27306637301551,15.431928984807248,15.229753977939973,15.539714091504873,15.905608723458263,14.62443189906935,14.582650763501414,15.362371936910312,14.69099556115421,15.49377535040316,15.22346468772049,17.076832889343816,15.271877341830166,15.302806723278135
O70423,19.63249390499406,17.99046568935768,16.85395423118609,18.41647565459286,16.593844040743175,17.462511612857988,17.85464612911659,17.035220393494512,17.098820699086147,16.655626642759334,17.58028852863376,18.38748437571025,16.966564087445676,17.175726879509117,16.774641137098122,16.1875776383686,16.645998088606326,16.661205585863478,16.100081154888752,16.674973066060424
O70435,15.077862658066376,16.65806289455072,16.52685091056362,17.079102203389056,16.471415278768113,16.725472251363733,16.342710142195553,15.944375519519488,16.18497655714814,16.206976573942576,16.883436687236518,16.242273639791314,16.14836718949126,16.173206043577068,16.00589716555891,16.03138389863903,16.606386975129716,15.982617858091317,16.499030736698753,16.073784802715032
O70475,13.496873682630522,13.222720222576935,13.407850262011028,13.449451174954442,13.388551323513123,13.719552549375294,13.575266306728485,13.690663510281889,13.623938867813456,13.496873682630522,13.352337124021167,13.192136661784113,13.222720222576935,13.313881043529065,13.388551323513123,13.711533354560277,13.549270547188026,13.690663510281889,13.623938867813456,13.664138208619397
O70492,17.72669570533258,17.83361264206847,17.91382045657661,18.487104314023583,17.712185611519836,17.943760614616746,17.70158229840711,18.91262845174094,16.60387501599841,17.215907063364714,17.72892478646335,16.85186738879242,17.037710162893823,17.11861925428686,17.032288885952582,18.499674445412197,17.349907521691502,18.529294810872006,16.259337364402032,16.238817824352793
O70493,17.897967989483423,17.97439179585499,17.69599495355393,17.80772018021429,17.75835794584472,17.860062151900163,16.09081354753402,16.144542022921534,16.01123952872343,15.760018465620925,17.31601303867988,15.45502866138806,15.315468997917478,17.325918356658345,17.33950008122841,16.19369810558993,15.976498132726078,15.937743787073416,15.978486584539263,16.115813493509155
O70496,15.42504545962997,15.94784060107689,15.434679876658189,16.58535434737975,16.75813655894027,16.37458468825991,16.067821762657353,16.133871220497703,15.982617858091317,16.273488590249436,15.639869158783554,15.628136529075363,17.008008482948355,16.02958742623676,15.418603104939601,16.18497655714814,15.963748578374577,15.91345634926184,15.958288048495424,16.960653085729923
O70514,14.387950443331835,14.300528946357957,15.249244462213529,16.016932364107483,15.32669447364538,13.563233578392788,15.633335140571507,16.829913750250615,13.973782996108477,15.052524649438727,14.933044202684439,14.46093645921196,15.546311011901873,15.212222429792154,15.031051227113869,15.65176970848288,15.451979480642668,15.656926184822169,15.866492560276251,15.431928984807248
O70548,16.898675748115725,17.259788065097705,18.15516598004831,18.370078823069214,18.89249845473423,17.65412888628205,17.745887408214095,18.463027013396697,17.564585857108266,17.24474772074774,17.767497686699723,17.42921066183997,17.91382045657661,18.188438189377088,17.841885355233064,18.397598544786902,18.030644644693705,18.147228745699543,18.161697103703474,18.345830547556012
O70571,16.21264374112578,18.16521118569236,17.680378849380652,16.734380303872307,17.281709373291893,16.90925047217575,15.191676221021856,15.311295409527158,17.515169072149675,17.30141000380968,15.352651301839472,14.467600920295348,16.97241147402748,14.524436914793446,16.6716372196514,15.397084425394757,16.1652186825075,16.513989720796523,15.173778990882408,17.500956359130683
O70572,17.321352119883912,15.770030517963258,16.058832424729424,17.546151514474076,14.87385320121751,14.727242330899045,15.393862260050932,15.514854820376925,15.323878207902379,17.622285844580013,15.451979480642668,16.704488174661353,16.424905881371096,17.361429718890584,16.90166610455756,15.575425213956857,15.311295409527158,15.279527373933542,15.34672908070157,15.379720975112624
O70591,14.367576734743116,13.664138208619397,15.10004197931255,15.065253731898377,14.211538964026158,15.185354275029912,14.637108714417446,16.890081783255233,14.566898858168557,15.283322213233806,16.460010932269192,14.02509180878422,13.973782996108477,14.552658991718408,14.073658495565468,15.514854820376925,14.58887846344795,16.693929445147603,16.572772230787997,14.656808366596525
O88342,16.97434640382524,15.881943784170412,16.082544546889245,16.912802308066425,16.772562677755865,16.826278137591675,15.620460329038966,15.723802320798422,15.891418540093472,15.905608723458263,16.46543791465465,15.71741460476323,15.814011417767002,15.779951529087281,16.698982060708936,15.800953315145218,14.953642472499677,15.46558578726117,15.556164559079173,15.656926184822169
O88384,14.970550303254583,15.405411312803832,15.772626224322593,15.937743787073416,16.31140174350425,14.30730686002357,14.982257922584854,15.089277149632872,14.861652606662267,14.762585399243846,15.78311485094902,15.442638359072728,15.517907274934771,16.065145679545807,15.362371936910312,15.178295921091552,14.857134232139689,14.944990304492626,14.929283524179317,14.973703136480356
O88441,14.88678289775594,14.577215057783437,14.18839993044656,13.109707555396417,13.235707385054948,14.31535159704524,13.352337124021167,13.481229208574101,15.352651301839472,14.903513115472753,13.004781440199277,15.095695370956111,15.164972122641009,14.355109658645091,14.203368106121394,13.481229208574101,14.877765007010717,13.508795569801222,13.388551323513123,13.437700531367991
O88456,17.64283619916258,18.09130970357867,17.377723357057974,17.36436604495036,17.930067881647798,17.451575243857786,16.039383739696685,16.54087236582678,16.54087236582678,17.032288885952582,17.371049351203318,18.111954491112115,17.098820699086147,17.08987074951222,17.852155108346302,16.267589534256963,16.912802308066425,16.54087236582678,15.976498132726078,16.53415410684763
O88487,13.161066056532908,13.933189616922741,14.114476873414038,13.664138208619397,13.575266306728485,12.876150995395088,13.767500755213135,13.879506402985996,13.803370634225143,13.711533354560277,14.140774969377352,13.278457972626404,13.481229208574101,13.388551323513123,13.563233578392788,13.917975885149204,13.758144482513714,13.908312185962078,13.839584994213547,13.85530049700441
O88531,14.804441003453238,15.67305097522151,14.01009255170475,16.29522030376555,14.057060942124656,14.989882816397337,14.420608989402496,14.506879351747846,14.401394740888382,14.28040136377894,16.240476679594664,13.872036713214507,13.85530049700441,14.985452886859395,13.93852089806406,14.630874262838267,16.00124053740221,14.4987274339632,14.441374702621863,14.446452133127915
O88543,14.661276568861515,15.537445307962363,15.33976203365576,15.095695370956111,15.534587295886373,13.52364304963227,14.467600920295348,14.561294032891018,14.434993212831833,14.329504467601879,13.967834079718006,13.897945585338055,14.491691849767449,13.683350255698732,14.217979155903953,14.666037441115648,14.41531166554509,14.53740175502755,14.48733773741946,14.495470089463577
O88544,20.90630751244386,18.771725671942427,18.71980096434951,21.466732315982902,18.633201950403677,16.127947533337323,16.687964776367842,16.800842178201734,16.649215759391605,16.390896523419872,18.15516598004831,17.796124080723235,17.693148773596796,19.98871169320379,17.936982345578773,16.777266686145666,16.54087236582678,16.623559038739177,16.674973066060424,16.783324830756815
O88569,14.363775627886259,14.424835467341442,15.856121102274775,15.633335140571507,15.888042193289422,15.359817448018003,16.578009219037543,16.90734169510734,15.905608723458263,15.628136529075363,15.229753977939973,15.32669447364538,15.539714091504873,15.451979480642668,14.9367958209861,15.517907274934771,15.506551846886342,15.382465551635125,17.18501895449103,15.779951529087281
O88587,17.638617854956586,16.214653890022383,14.800177315895255,17.610289029684264,14.940995594646205,16.121404441351434,16.246698944825305,16.26541234489624,16.543428375713663,16.85395423118609,14.645259977011458,17.24474772074774,17.489184669478796,16.836260442110852,16.720466769150967,16.623559038739177,16.88023568669566,16.418303733852664,16.54629343951786,16.93897973615989
O88696,18.41647565459286,18.647629502202797,18.91925231201697,18.826074357682668,19.329185453489227,18.606277541330382,18.475116441287344,18.95472545504847,18.457864275280013,18.72898466951047,18.463027013396697,18.55726760819117,18.710263974402853,18.73916576183946,18.618829691493154,18.71980096434951,18.59745793039929,18.82887547524917,18.57234863521773,18.701296843331647
O88746,18.121783855142557,18.012846241865773,18.059981592639097,18.301966839475945,17.911361722190914,17.16068008131952,17.4854939215759,18.54749564834063,16.19369810558993,15.919773363359813,17.978783110405505,16.915725576922526,17.675710978247704,18.17769432893232,17.25419194947641,17.920402409528123,16.111357251954335,17.844344738337487,17.259788065097705,16.287645393904377
O88952,16.067821762657353,15.70296752621564,16.067821762657353,15.111827938804348,15.24100722327675,15.907913464931354,18.42032813063024,18.74305245106579,16.29824861008573,16.46543791465465,16.334587330977822,15.564074872854784,15.580907294084653,15.234078346116831,15.821530359657421,18.13356929777541,16.318682633493573,18.296495335466297,17.445311654377253,17.511615798732674
O88967,17.06601543367322,16.085461076507418,16.282459613960587,16.357763628245788,16.321836088578138,17.313610719705427,17.215907063364714,17.439780162952,17.34744983267199,17.35642472611182,15.741560565304336,16.513989720796523,16.483924620080618,16.125825506001735,16.55137108546443,17.756083062129026,17.259788065097705,17.85464612911659,16.896071198881184,17.18501895449103
O88983,15.207975163955378,16.201859750574574,15.34957795524513,15.271877341830166,15.45502866138806,17.324168973995437,17.690454633187283,16.073784802715032,17.48161098242767,16.711175800387206,16.942231875025136,15.323878207902379,16.898675748115725,16.168834998375143,16.204566547262473,16.139607269253244,17.41218535643221,16.98531392996711,17.409198252425018,17.54112352966739
O88990,17.895306208186973,18.25144033584863,18.047691560260848,19.0079271919845,20.84050959246877,16.95055949534557,16.774641137098122,15.750278837626055,16.513989720796523,18.40005578364228,17.635246893770123,22.113140596776518,21.434797352083372,18.50596603701357,19.721322795429067,15.966826290328532,16.344910077230814,13.897945585338055,14.970550303254583,18.375162630633092
O89023,19.183326446885324,19.02380500564057,19.31688579109933,20.14610819689333,18.793824082452442,19.672208865901176,19.706281182275273,19.86456083372228,19.40287900752608,19.37403753540534,20.375852474555902,18.579172689319417,18.91925231201697,19.727161245671432,19.360688934216284,19.808599642222,19.68123742930542,19.268161802531562,19.539457286534645,19.63890817200848
O89086,17.37383959237027,17.129346336394057,17.422254590645732,17.47620486106079,17.46750571381542,18.499674445412197,20.236587854097916,19.808599642222,18.88803098980167,18.684816863208106,17.28867597650831,17.285499519784647,17.27306637301551,17.396778600638424,17.500956359130683,18.945522558134083,19.20938396057736,19.50574895289755,20.02385423405834,19.565356570331566
O89104,19.28591908300357,17.049909230909854,16.777266686145666,18.23146704142546,16.501873074232574,17.511615798732674,17.770493521860175,16.865476847872582,18.059981592639097,17.511615798732674,16.68309367206349,18.89249845473423,17.90936310010048,17.920402409528123,19.23252723829608,17.558003750686517,17.967861438829196,17.99046568935768,17.33950008122841,17.98829922347533
P00329,18.93298198401946,17.882647677021478,18.96816998174542,19.07586113580069,18.922623962031516,18.855741593294095,18.73916576183946,17.56888122260806,17.400481803234207,17.169262625709532,19.352586344562038,17.017948097470708,17.005131623186923,19.129223172140776,18.81530147431623,17.535813263945876,17.292205479672383,18.10013833524055,17.46750571381542,17.5305385305905
P01027,15.496169175752641,15.365109032161234,14.203368106121394,15.362371936910312,15.065253731898377,14.816195787907578,14.74245400704712,14.857134232139689,14.67032680324834,14.582650763501414,15.356273123715786,15.51185413975083,15.368670021996522,15.987853976938865,15.976498132726078,14.956319777147453,15.297677903815082,15.62550380598837,14.727242330899045,14.779363205280395
P01831,17.852155108346302,17.70674967884954,17.182211998304425,17.330801363230428,16.016932364107483,18.866565088085313,18.535362894273316,18.319414906206543,17.49166880054688,16.720466769150967,18.00438779402004,16.17681671145689,16.293702306638277,17.37383959237027,16.86199249986609,17.978783110405505,15.158685294076179,17.936982345578773,18.271513398923915,16.713438186894475
P01887,17.90240753396987,17.693148773596796,17.439780162952,17.422254590645732,17.587084016245143,19.044488544443503,18.16521118569236,18.332491664623074,17.1626813000877,17.500956359130683,17.64539592994067,17.377723357057974,16.685174023944533,18.13356929777541,17.21340660266442,17.304793614767682,17.19391351441193,19.018045522220042,17.622285844580013,16.966564087445676
P02463,13.633375800209185,13.549270547188026,13.872036713214507,13.82436664994125,13.923539073176169,16.273488590249436,14.28040136377894,14.355109658645091,14.260456353677236,15.42504545962997,13.652399849661482,15.539714091504873,14.953642472499677,13.839584994213547,13.811601628003093,14.446452133127915,14.233469173483138,14.33556237049331,14.292441968080615,14.28633067059334
P02469,13.535981701700322,14.543658907601387,14.260456353677236,14.46093645921196,15.605874091019254,14.406009524164423,13.449451174954442,13.599475941965656,13.52364304963227,13.407850262011028,14.253721318747711,16.51100304257015,15.577601129702632,13.235707385054948,14.518924946868333,13.614740642450451,13.437700531367991,13.586108650129097,13.496873682630522,13.535981701700322
P03953,14.74245400704712,14.275977086924176,15.041589418121031,15.628136529075363,15.140516202173425,13.192136661784113,14.555697307567666,14.648984409954318,14.502381903135184,14.401394740888382,14.619296055769079,13.946080777784761,13.830232428651678,15.10816089572246,14.555697307567666,14.757050975785557,14.515542102915552,15.434679876658189,14.555697307567666,14.561294032891018
P04117,18.591312698361396,17.564585857108266,17.313610719705427,17.01146015302819,17.030048383696588,18.41647565459286,18.10358233583293,14.270094838901835,15.845655265924204,16.821344257321776,17.71603560983471,18.194695948219703,17.042576854856794,17.19691715647509,17.41996866473105,15.919773363359813,16.390896523419872,15.509521293447989,15.777536457550315,16.59871463476447
P04247,17.407137041558357,17.111976085154247,17.251737751366313,17.2989241082415,16.96354293553974,17.46528192331689,15.678778121243937,15.804180097448219,17.25419194947641,17.678756085671203,18.552335107410464,18.71980096434951,18.467727291894597,17.83049629610969,18.45017797765226,15.804180097448219,17.400481803234207,16.36036459147711,16.03138389863903,16.623559038739177
P04919,19.471323010750343,20.63034790549067,18.714949639421224,18.56164854968247,18.701296843331647,20.553065900098968,20.11987357426101,19.734998369425703,19.51116008061792,19.721322795429067,19.34781045427387,17.407137041558357,18.552335107410464,18.54749564834063,18.42357560925522,18.79920134601321,17.924035653696713,19.938712598864875,18.9797163447973,18.839314764187378
P05017,15.681843944807053,15.439160168747303,15.819247213119016,15.786485149932307,15.94784060107689,15.788824770921277,18.047691560260848,19.663669211930547,18.17769432893232,18.161697103703474,15.577601129702632,15.811515948934936,15.696427434702581,15.741560565304336,15.869663246772415,19.297752672549333,17.992397296759187,18.74305245106579,19.6552033964088,18.370078823069214
P05064,23.54270572200917,22.48836372406036,23.007504381532904,23.16822471813418,23.16822471813418,21.998585294669542,21.74693365887078,21.068613119618927,21.046382325782645,22.025840215948175,23.094391847023864,23.54270572200917,23.950971049206274,23.308918850626934,23.094391847023864,21.51139630587692,22.435774052327275,21.51139630587692,21.62914809131313,21.94216407850464
P05201,19.360688934216284,17.12125179015954,16.78044367973605,17.882647677021478,16.848483841971486,16.999691241811075,16.291331503620277,15.838000730345389,16.720466769150967,17.087049784326272,16.566323801314113,16.991715572503388,17.169262625709532,17.666098234860016,17.71603560983471,16.273488590249436,17.371049351203318,17.111976085154247,15.910778846355502,17.16068008131952
P05202,20.60394420818158,20.535389933423893,19.84166327220762,20.6521141682204,19.706281182275273,19.965756650739692,19.034911068699845,18.322521618207993,20.287058655216576,20.369485073973614,20.13781572475612,20.79028777744073,20.502017024791027,20.287058655216576,20.939585313942462,19.109332588812208,19.98119932773872,19.574639633404903,18.855741593294095,19.61438114817877
P05977,19.322983406091808,20.32428726971539,20.502017024791027,21.14146272984866,22.22933874399538,19.893719389206932,19.922304646269655,19.38356789106438,20.49371741554465,20.375852474555902,20.470602950874202,23.3932493789621,22.91306083021744,20.734172393783034,21.57636748852477,18.839314764187378,18.763965563509743,17.535813263945876,18.763965563509743,20.18969561313046
P06151,21.14146272984866,18.637662050699568,19.58724806012787,19.43351784910502,19.608939339184467,17.072785140321034,16.960653085729923,15.980624910186796,17.148137805751453,18.2344507581869,19.129223172140776,20.369485073973614,20.173150036308524,19.550747458740126,20.426704271178217,16.89332719907149,18.375162630633092,17.74135870295587,16.982500836146098,17.799117059635858
P06728,16.494154354786193,17.879066972991428,16.214653890022383,16.989068549121225,16.698982060708936,17.930067881647798,15.794360139023976,13.352337124021167,15.631086195556104,16.690339479527285,16.81093283135739,16.338017838992194,16.144542022921534,16.685174023944533,15.910778846355502,13.352337124021167,16.240476679594664,16.609707536279277,13.300699006898574,13.300699006898574
P06745,21.51139630587692,19.498871012520596,20.06101432067798,20.577969344699195,19.98119932773872,18.198187229296455,18.499674445412197,16.883436687236518,18.59745793039929,19.117650399712225,20.00442703940837,20.857605579032814,20.470602950874202,20.924927643555897,20.84050959246877,16.848483841971486,17.62798207841176,18.93298198401946,16.749015158910076,18.901813342549907
P06797,15.546311011901873,15.140516202173425,16.48903053151957,16.25653582328419,15.987853976938865,14.962063782381401,16.48903053151957,16.716125582424148,15.534587295886373,15.191676221021856,17.263106002509925,16.567981286725523,16.26233331457591,16.404276581737186,15.973505544787937,16.713438186894475,15.065253731898377,16.173206043577068,16.15594742921315,15.80730916658695
P07091,18.07730493463513,18.9261410847361,18.194695948219703,16.173206043577068,18.83530907147607,16.11869691998081,18.352961934754212,17.511615798732674,16.75813655894027,17.092715795188454,19.938712598864875,18.85084879159792,17.396778600638424,18.67534291877795,18.651603023412967,17.008008482948355,16.623559038739177,16.63141210740998,17.349907521691502,17.01470997101877
P07310,23.713836007455864,22.3534119464251,23.16822471813418,22.3534119464251,23.3932493789621,23.094391847023864,22.48836372406036,22.051509267440423,22.3534119464251,23.3932493789621,23.54270572200917,23.16822471813418,23.094391847023864,23.713836007455864,23.54270572200917,22.302498667361213,23.308918850626934,21.74693365887078,22.435774052327275,22.156111094101366
P07356,19.713395178557512,18.74305245106579,17.27037287563324,18.181496184853014,17.09520084335489,18.884170672470745,16.86199249986609,15.984670499438124,16.989068549121225,17.710019680976686,18.91925231201697,17.967861438829196,17.670685290626956,19.05842373408581,18.012846241865773,16.21791391744498,17.407137041558357,18.905955329526073,16.321836088578138,16.707129212252685
P07724,20.516602072428185,20.805818273720142,20.589683950528062,20.734172393783034,20.641864882497476,20.84050959246877,20.577969344699195,20.287058655216576,19.740428547270813,19.91224995046066,22.22933874399538,20.1995787623911,20.18969561313046,20.805818273720142,21.03251814095913,20.255113016293294,20.091714389280952,20.641864882497476,19.713395178557512,19.58724806012787
P07901,15.297677903815082,15.185354275029912,15.115875229123228,15.390940114645725,15.319083990332478,14.716994146381404,14.1515990732055,14.248738773014216,14.177079196650975,14.045288320450178,15.130888142873536,15.171162715763884,14.211538964026158,14.467600920295348,14.825407733139537,14.321467241527959,14.10915925009022,16.438725055416505,14.18839993044656,14.18839993044656
P07934,18.15516598004831,18.287506711155864,17.612279190457876,18.2344507581869,18.13356929777541,15.816300964002306,16.338017838992194,14.420608989402496,15.266985490755014,16.763008427236834,16.58535434737975,18.311485645808958,18.13604858946716,17.098820699086147,17.820422113049705,14.518924946868333,16.02767846566539,14.420608989402496,16.2100537343874,15.539714091504873
P08003,15.502012976062119,15.685182939271854,15.458171745577143,15.89593452593626,15.656926184822169,16.890081783255233,15.103213421103016,16.058832424729424,16.678592707518952,16.561728371874693,15.821530359657421,14.373802999779727,14.321467241527959,15.800953315145218,15.963748578374577,15.30051921708017,16.259337364402032,16.85186738879242,16.158297537349718,16.36036459147711
P08032,14.973703136480356,16.94690031025231,15.845655265924204,12.975513409365107,15.34957795524513,16.728743286387406,18.032809040033158,18.02677899116964,16.332343383587393,16.362669500066467,15.856121102274775,14.603319521362218,14.762585399243846,15.654429717894198,15.311295409527158,16.559201263243565,15.144277405546159,16.246698944825305,16.44534002432181,15.628136529075363
P08074,15.095695370956111,14.561294032891018,14.140774969377352,14.985452886859395,13.109707555396417,17.992397296759187,17.39294590734506,17.959806051647202,17.767497686699723,17.610289029684264,15.458171745577143,13.633375800209185,13.683350255698732,15.269927550078975,15.092328701255036,17.911361722190914,17.334270289259177,17.30141000380968,17.584181686787865,16.86199249986609
P08113,18.525854919879848,18.15516598004831,18.432239856528742,19.044488544443503,17.905931819264087,18.152241217156128,16.572772230787997,16.60387501599841,17.8748822153187,17.920402409528123,19.018045522220042,18.332491664623074,18.384281328044707,18.579172689319417,18.701296843331647,17.721080309621776,18.17769432893232,18.637662050699568,16.75813655894027,17.590341455561234
P08122,13.846950111107319,14.771562607145128,13.96015911609131,14.137130183919183,16.127947533337323,13.313881043529065,13.508795569801222,13.643126264002907,13.586108650129097,14.74245400704712,15.071312921141082,18.07730493463513,16.204566547262473,13.93852089806406,14.883048296370884,13.664138208619397,13.496873682630522,13.633375800209185,13.549270547188026,13.599475941965656
P08207,17.778793335019355,16.912802308066425,14.956319777147453,14.1515990732055,15.976498132726078,19.45331986229829,16.81656309906331,14.804441003453238,16.285263638868965,16.204566547262473,17.199668718921735,15.336221451683153,15.656926184822169,17.635246893770123,15.899214616436035,14.899768173062478,14.653721718334475,16.620638262245475,15.798304112643843,14.733792089542609
P08226,17.205889003958692,18.19080890636426,16.59163716099311,17.712185611519836,17.648295776658806,18.73916576183946,17.65412888628205,18.714949639421224,15.995851497078707,16.45080827611912,17.31862307330163,16.918627187329072,17.46528192331689,17.407137041558357,16.653226417130497,17.02699335688985,16.82437446137775,19.37403753540534,17.40363371243514,16.68090428038275
P08228,20.111478237255376,19.360688934216284,20.79028777744073,20.502017024791027,20.71365778907975,20.439140219859453,19.622062757535538,19.691825325953484,20.16274276991077,19.61438114817877,21.998585294669542,20.49371741554465,20.38746008034168,20.939585313942462,20.74892253114054,19.622062757535538,20.226670591130407,19.117650399712225,19.706281182275273,19.26212957792511
P08249,21.74693365887078,23.094391847023864,22.395892365345478,21.998585294669542,22.156111094101366,22.91306083021744,23.3932493789621,23.16822471813418,23.16822471813418,23.094391847023864,22.625915030671056,21.94216407850464,22.086424174001912,22.700828530240337,22.625915030671056,23.54270572200917,23.094391847023864,23.16822471813418,23.54270572200917,23.16822471813418
P08551,16.90166610455756,18.89249845473423,16.504267138042373,15.10004197931255,16.82437446137775,18.657031606976034,18.601838602185495,17.72892478646335,17.47620486106079,16.772562677755865,14.33556237049331,16.873239593523063,14.933044202684439,14.13086431251486,15.809418026978886,16.797554568629657,13.508795569801222,15.311295409527158,16.609707536279277,16.338017838992194
P08553,14.796198876121887,17.01146015302819,14.35969373918904,12.824136995799364,13.407850262011028,17.48161098242767,16.29522030376555,16.113710259561945,15.705083730230644,14.495470089463577,13.908312185962078,15.462572781100917,14.069289646260959,12.352961733292972,14.057060942124656,14.970550303254583,13.803370634225143,12.824136995799364,14.949760195107299,14.1515990732055
P08752,19.0079271919845,18.42933449937419,17.924035653696713,18.539456527810977,17.543816440328257,18.55726760819117,19.20938396057736,17.856799493298915,18.471715071718833,17.930067881647798,18.576219393078546,17.978783110405505,17.940259383047355,18.467727291894597,18.2344507581869,18.457864275280013,18.552335107410464,19.421147519134486,18.074244921381066,17.675710978247704
P08905,15.662378708686493,15.42504545962997,15.814011417767002,15.772626224322593,15.932836704688048,17.182211998304425,16.393977145986078,16.46243108644962,16.334587330977822,16.079291429801394,17.23225872587725,15.791663948852058,15.685182939271854,18.332491664623074,17.19122070489221,16.49120142113337,16.25362378937894,20.111478237255376,16.340180531084666,16.479737186173647
P09055,15.930362375555934,15.978486584539263,15.275488708244358,15.735578279963727,16.044449650011757,16.645998088606326,15.399578467104721,15.451979480642668,15.306068801325093,16.11869691998081,16.121404441351434,16.428136181983106,16.428136181983106,16.237094254631142,16.046206000705748,14.962063782381401,15.788824770921277,16.424905881371096,16.056047364008677,15.446518577762395
P09103,18.42032813063024,19.45819472017397,19.122713897315215,18.714949639421224,18.657031606976034,19.59406065240999,19.42787621286776,19.05842373408581,19.129223172140776,18.937647466272757,20.08158833043575,18.905955329526073,18.529294810872006,18.951325096639316,18.749285183307155,19.178235370780055,19.117650399712225,19.20938396057736,19.22540486398784,19.113367864576386
P09242,16.926708670945615,17.210299331116396,17.123962244735186,16.483924620080618,15.873126298641903,17.836101908657188,18.402878997495208,18.395097893155587,17.648295776658806,17.49900907660442,17.06601543367322,16.227119043561203,16.418303733852664,15.620460329038966,16.2100537343874,17.246807424795396,17.142533078774907,16.237094254631142,17.62798207841176,16.93154694471169
P09405,15.910778846355502,17.229432104662298,17.017948097470708,14.956319777147453,16.518949691130903,18.086295054480505,18.23146704142546,17.820422113049705,17.590341455561234,17.424921615061844,17.344088522086913,16.085461076507418,16.201859750574574,15.602560768202446,15.838000730345389,17.19122070489221,16.95055949534557,17.304793614767682,18.7469593396453,17.061944200722756
P09411,20.700801579431218,19.802381269583726,20.331214124513856,20.397139127836336,20.450393278249244,18.98593416380268,19.152663780957134,18.629563389982003,19.097053476854207,19.965756650739692,20.502017024791027,20.102767292413223,20.439140219859453,20.470602950874202,20.535389933423893,19.4468059321889,19.558106854721593,19.79394242013594,19.480698550016374,19.471323010750343
P09470,14.02509180878422,13.67511327356875,13.791834288818066,13.711533354560277,13.803370634225143,15.352651301839472,14.169024887578292,14.260456353677236,14.203368106121394,14.069289646260959,13.549270547188026,13.683350255698732,13.633375800209185,13.278457972626404,13.791834288818066,14.33556237049331,14.122965602463818,14.253721318747711,14.203368106121394,14.203368106121394
P09541,12.975513409365107,12.352961733292972,13.93852089806406,14.203368106121394,15.721820317041937,11.838927065954136,13.278457972626404,13.437700531367991,13.388551323513123,13.25457301002281,13.791834288818066,15.30051921708017,14.825407733139537,13.481229208574101,14.122965602463818,13.449451174954442,13.300699006898574,13.437700531367991,13.352337124021167,13.388551323513123
P09542,15.654429717894198,18.91262845174094,16.707129212252685,16.628015544109772,19.740428547270813,16.179445358549913,17.515169072149675,17.515169072149675,17.061944200722756,16.10622722246483,16.51100304257015,18.89696239254644,18.487104314023583,16.826278137591675,17.597024764323443,17.169262625709532,15.951831547470999,15.608703369262836,15.949910442253326,17.037710162893823
P09671,17.784134571194787,18.370078823069214,18.576219393078546,17.77323038861822,17.538195898734124,18.539456527810977,18.36368084835582,17.18501895449103,18.531979873129668,17.72892478646335,18.89249845473423,18.901813342549907,18.271513398923915,18.11797275702317,19.07586113580069,17.638617854956586,18.315346572616036,17.358820359942055,17.810426546486035,17.383086084193213
P09813,19.193705484012746,20.08158833043575,19.36781822229532,20.375852474555902,20.02903419202015,19.734998369425703,19.63890817200848,19.600439312634993,18.45017797765226,19.088696595805597,19.663669211930547,18.067636604510092,18.74305245106579,19.43351784910502,18.47854005534154,18.2421942306563,18.940754451289063,19.600439312634993,18.759320948958464,18.951325096639316
P09925,16.66343897418977,16.81656309906331,16.362669500066467,15.779951529087281,16.380650004696243,17.827677395424935,18.17544178972664,18.467727291894597,18.11797275702317,17.182211998304425,15.575425213956857,15.662378708686493,15.869663246772415,16.777266686145666,15.966826290328532,18.262653633647734,17.65412888628205,18.30815914135994,18.384281328044707,17.48161098242767
P0C0A3,14.69099556115421,14.656808366596525,14.86698558829572,14.833253758200758,14.329504467601879,14.775499690343585,14.80768376681861,14.903513115472753,14.88678289775594,15.2567597941021,14.779363205280395,14.919730295601003,15.22346468772049,14.53740175502755,14.515542102915552,15.001179738394976,15.62550380598837,14.800177315895255,14.762585399243846,14.816195787907578
P0C5K1,17.27865571961508,18.651603023412967,17.71603560983471,17.698346687382006,17.932923069622174,18.672591168463025,18.846594247842646,18.454664213203124,19.117650399712225,18.77624733322788,15.958288048495424,17.092715795188454,17.71886856773059,17.27306637301551,17.57662844066921,18.57234863521773,18.407858512311783,18.593601147770293,18.56897783590532,18.593601147770293
P0CW02,18.75353672647069,19.0079271919845,18.19080890636426,18.411625586945092,18.618829691493154,20.589683950528062,17.724576631281554,17.83361264206847,19.58724806012787,17.409198252425018,19.622062757535538,18.48267100735208,18.89696239254644,18.09130970357867,18.357233912078737,17.75835794584472,17.5305385305905,17.606683138382156,19.02987209840085,17.796124080723235
P0DJE0,15.723802320798422,16.52880337831991,16.90734169510734,15.729934176835012,15.678778121243937,17.21340660266442,17.16068008131952,18.633201950403677,17.790925289665676,15.902391004492808,15.772626224322593,15.809418026978886,16.559201263243565,16.18284559477804,16.44534002432181,17.65412888628205,16.321836088578138,17.37383959237027,18.51033699178351,17.753047660760767
P0DJF2,17.787609002813973,18.17544178972664,18.99174485400807,18.593601147770293,17.106727139790756,16.915725576922526,17.37383959237027,19.740428547270813,18.843418222302148,17.08987074951222,18.282788689007585,16.92919371305154,17.85464612911659,18.57234863521773,17.778793335019355,17.460208108813042,17.203080746328986,19.691825325953484,17.36436604495036,17.439780162952
P0DN34,22.086424174001912,22.543406628988592,22.625915030671056,22.625915030671056,22.700828530240337,22.543406628988592,22.435774052327275,22.700828530240337,21.801532783027568,21.542604229589745,17.888755084302062,22.051509267440423,22.113140596776518,22.086424174001912,21.716789525616964,22.543406628988592,21.74693365887078,23.094391847023864,22.796844790397937,22.435774052327275
P10107,17.23225872587725,16.133871220497703,15.577601129702632,16.349674086050076,16.053166412677005,16.301723153649952,15.859236768702775,15.390940114645725,14.4987274339632,14.751412418739244,16.95455758979811,16.108339936462162,15.804180097448219,17.001583695950494,16.380650004696243,15.656926184822169,15.949910442253326,18.019457060833666,15.362371936910312,14.811795353353224
P10126,21.046382325782645,20.889285386325295,18.254248057102092,19.183326446885324,19.727161245671432,21.38127883057511,20.535389933423893,19.067381533572725,21.03251814095913,21.0038293301104,20.74892253114054,20.276047181062605,19.672208865901176,21.03251814095913,20.331214124513856,18.98593416380268,21.108414634713746,20.924927643555897,19.848324430086176,20.553065900098968
P10493,14.08232449851108,15.203312068106726,14.555697307567666,13.222720222576935,17.25419194947641,14.410378302048182,15.753830936774014,13.563233578392788,13.481229208574101,14.53740175502755,14.47552960617359,17.076832889343816,15.690685011902678,14.02509180878422,14.933044202684439,13.575266306728485,13.388551323513123,14.648984409954318,13.459178614880875,14.577215057783437
P10605,16.267589534256963,15.891418540093472,16.340180531084666,16.287645393904377,16.021997449345594,17.358820359942055,17.06857626211557,17.263106002509925,16.57599849020238,16.321836088578138,16.92919371305154,16.60387501599841,16.54087236582678,16.380650004696243,16.766417156471043,17.1409186454281,16.471415278768113,17.5043151855268,16.507308218896206,16.848483841971486
P10630,17.65412888628205,17.083955166513153,15.907913464931354,15.927250839663605,15.569876033521208,15.458171745577143,16.056047364008677,15.843090928927955,16.291331503620277,14.645259977011458,14.05004635577146,17.852155108346302,16.26541234489624,15.384267903535005,16.636251849009206,16.301723153649952,15.978486584539263,16.25653582328419,15.827583560317256,15.873126298641903
P10637,15.770030517963258,16.079291429801394,16.826278137591675,16.418303733852664,17.380358630795737,16.108339936462162,16.612233441917926,16.83334663985811,16.30697863909287,16.139607269253244,17.33950008122841,16.327004616900417,16.85622845978967,17.142533078774907,16.83334663985811,17.083955166513153,16.614893324200175,16.474579897193422,16.999691241811075,16.54087236582678
P10639,18.846594247842646,19.706281182275273,19.471323010750343,16.003372415621907,19.421147519134486,19.706281182275273,19.088696595805597,18.89696239254644,18.52254697208366,18.644300593555197,19.83406788739486,20.08158833043575,20.3035476745218,20.293605784796455,19.06413493087259,18.93298198401946,18.296495335466297,18.997126266878944,19.45331986229829,18.810520689826916
P10649,17.02699335688985,15.336221451683153,15.215475020312429,15.930362375555934,16.204566547262473,15.45502866138806,15.431928984807248,15.207975163955378,15.821530359657421,15.449953890574315,15.705083730230644,16.783324830756815,16.251051677362213,15.462572781100917,16.730747053517142,15.705083730230644,16.4963255057543,15.529758455657156,14.796198876121887,15.636006941528157
P10833,15.6762432600685,15.182263399732554,14.923057040878486,15.427884399589866,15.37612457553998,15.509521293447989,15.071312921141082,15.168455584868656,15.045579692714375,15.019639960833777,15.670280194345924,14.74245400704712,14.883048296370884,15.115875229123228,14.970550303254583,15.266985490755014,15.173778990882408,15.010387727874951,15.031051227113869,14.915961338591805
P10852,19.608939339184467,18.83530907147607,18.9797163447973,19.539457286534645,18.96816998174542,18.4399254482473,18.384281328044707,18.152241217156128,17.489184669478796,17.841885355233064,19.243443307244604,18.81530147431623,18.496141197857362,19.399066184804443,18.99174485400807,18.23146704142546,17.63102142942152,19.37927991832144,18.130353779935874,18.07730493463513
P11087,16.201859750574574,17.05423224585784,15.923160456085046,16.397164474060425,19.68123742930542,17.500956359130683,18.13356929777541,17.377723357057974,16.655626642759334,17.753047660760767,17.142533078774907,19.013169795939113,18.056043985759253,16.46821754903481,17.153192146135545,16.410648780816693,16.924261907615875,15.127312692947154,16.251051677362213,16.90459719162573
P11276,15.478099793465702,16.559201263243565,14.03450478540999,13.989171963932938,15.566762205268201,16.456659033451928,16.896071198881184,16.68309367206349,15.362371936910312,16.18497655714814,16.1652186825075,15.471360942979416,13.879506402985996,15.022830958760903,13.97905257179841,16.34770545001941,16.2100537343874,16.471415278768113,16.716125582424148,15.814011417767002
P11352,16.25653582328419,15.617019433037342,16.21791391744498,15.147061046917482,14.816195787907578,15.182263399732554,15.352651301839472,15.47441539977441,15.431928984807248,15.168455584868656,17.225621512021274,16.559201263243565,16.067821762657353,15.937743787073416,16.393977145986078,15.520799340052378,14.940995594646205,15.238230910494655,14.367576734743116,15.168455584868656
P11404,16.915725576922526,18.080846345477145,18.45017797765226,17.46750571381542,18.535362894273316,19.498871012520596,18.58348846784302,18.391234669932494,19.122713897315215,18.855741593294095,18.359631261846697,17.905931819264087,17.33950008122841,18.13604858946716,18.036984773169642,18.872441716893498,19.22046835326541,18.87924242072296,18.42357560925522,18.248247983010657
P11438,17.693148773596796,16.787786029335575,16.734380303872307,17.24474772074774,16.158297537349718,16.340180531084666,16.01123952872343,14.017539902157285,16.380650004696243,16.518949691130903,18.357233912078737,17.69599495355393,17.69599495355393,17.606683138382156,17.675710978247704,15.546311011901873,16.51597275232473,15.954570831544121,15.729934176835012,15.384267903535005
P11499,18.38748437571025,18.73916576183946,17.985082802911954,18.50596603701357,18.29876602994137,17.635246893770123,16.934625122232795,16.89332719907149,17.349907521691502,17.188533071242286,17.47620486106079,17.897967989483423,17.924035653696713,17.558003750686517,17.72892478646335,16.982500836146098,17.220134823654114,17.500956359130683,17.199668718921735,17.042576854856794
P11531,15.065253731898377,16.609707536279277,14.506879351747846,15.489613020902329,16.43226224160768,17.407137041558357,17.238741308058717,16.734380303872307,16.26233331457591,15.923160456085046,14.233469173483138,15.91345634926184,15.572737060010379,14.48733773741946,14.962063782381401,15.973505544787937,15.462572781100917,15.556164559079173,15.678778121243937,15.608703369262836
P11835,15.249244462213529,12.921331928532961,13.313881043529065,14.637108714417446,13.300699006898574,16.321836088578138,13.427473657833062,13.575266306728485,13.496873682630522,13.37053814810391,14.925511054505955,13.087749506414017,13.056525365969318,13.222720222576935,13.235707385054948,13.586108650129097,13.407850262011028,19.173638167996735,13.472695105067398,13.508795569801222
P11983,16.287645393904377,16.285263638868965,15.173778990882408,16.046206000705748,15.431928984807248,16.93897973615989,15.966826290328532,16.053166412677005,15.873126298641903,16.037168165463562,15.077862658066376,16.61820190882106,16.413187547665455,16.067821762657353,15.275488708244358,16.11869691998081,15.866492560276251,15.827583560317256,15.873126298641903,16.01123952872343
P12787,22.91306083021744,23.3932493789621,23.3932493789621,22.395892365345478,23.950971049206274,23.713836007455864,24.587287043611113,24.587287043611113,24.255392952025183,23.713836007455864,23.007504381532904,22.395892365345478,22.796844790397937,23.094391847023864,22.91306083021744,24.587287043611113,23.713836007455864,24.255392952025183,24.587287043611113,23.950971049206274
P12970,17.460208108813042,18.325851712263123,18.345830547556012,17.865897729771294,16.285263638868965,19.558106854721593,20.670586440403092,20.577969344699195,20.091714389280952,19.6552033964088,17.90240753396987,17.079102203389056,18.391234669932494,17.625249119756884,17.12125179015954,20.577969344699195,20.08158833043575,18.76759134965433,20.76511997495633,20.06101432067798
P13020,16.746171474409955,17.784134571194787,15.76750925415978,16.89332719907149,16.061497848221492,18.07730493463513,17.098820699086147,15.978486584539263,17.538195898734124,17.573960735836984,17.05920804603228,16.728743286387406,16.61820190882106,16.865476847872582,16.11869691998081,16.476013686607416,17.144795313965545,16.885962247829426,16.370958180740086,17.36436604495036
P13412,18.032809040033158,19.421147519134486,18.54749564834063,19.37927991832144,19.965756650739692,19.45819472017397,18.759320948958464,18.937647466272757,19.22046835326541,18.783882482644593,18.2056822853875,21.542604229589745,20.924927643555897,18.407858512311783,19.672208865901176,17.210299331116396,16.749015158910076,17.838488567264722,17.246807424795396,18.79920134601321
P13541,15.628136529075363,17.847799513901272,16.12362162315233,16.994082835120732,19.310832499133262,16.334587330977822,16.17681671145689,16.282459613960587,17.037710162893823,16.90459719162573,15.34672908070157,18.23146704142546,17.803077572188666,16.749015158910076,17.098820699086147,16.291331503620277,15.937743787073416,16.061497848221492,16.10622722246483,16.989068549121225
P13542,18.2421942306563,19.539457286534645,18.684816863208106,19.945017982988453,20.49371741554465,19.268161802531562,18.88803098980167,18.793824082452442,19.579730556332454,19.26212957792511,18.51033699178351,22.025840215948175,21.862405058772858,19.02987209840085,19.3045127373746,18.342414565049175,18.059981592639097,16.144542022921534,18.13356929777541,20.08158833043575
P13595,13.235707385054948,13.496873682630522,12.975513409365107,12.352961733292972,12.352961733292972,12.74310901533909,12.352961733292972,12.620838124279555,12.921331928532961,12.620838124279555,14.45555725457589,12.352961733292972,12.824136995799364,12.620838124279555,13.767500755213135,12.876150995395088,12.876150995395088,12.876150995395088,12.74310901533909,12.74310901533909
P13707,19.727161245671432,18.787890824588672,18.901813342549907,19.922304646269655,18.69737413572631,17.778793335019355,17.30141000380968,16.387790646744357,17.657428131816634,18.311485645808958,19.051816513941663,19.938712598864875,19.7852576534075,19.45819472017397,19.84166327220762,16.36036459147711,18.2421942306563,17.259788065097705,15.973505544787937,17.852155108346302
P14069,17.0213242191599,17.215907063364714,16.332343383587393,18.57234863521773,17.092715795188454,17.572070148932653,15.297677903815082,15.427884399589866,15.600086279386511,15.092328701255036,17.515169072149675,17.06857626211557,16.890081783255233,18.490659285459596,17.215907063364714,15.486586153627849,15.215475020312429,16.785368655465184,15.269927550078975,15.30051921708017
P14094,19.05842373408581,18.692788423569027,18.15734860652636,17.803077572188666,17.349907521691502,18.13604858946716,17.55157545207064,16.58837459230723,17.78155131191905,18.348411157473027,18.02677899116964,17.953543654779324,17.584181686787865,18.053371364474067,18.11797275702317,16.716125582424148,18.010658561007176,17.95638335560423,17.386934271424803,17.911361722190914
P14115,19.88822502045067,20.02903419202015,19.848324430086176,19.22540486398784,18.10358233583293,20.470602950874202,19.7852576534075,19.480698550016374,20.426704271178217,19.748056043631717,19.178235370780055,18.457864275280013,19.533161115479267,19.178235370780055,19.37927991832144,19.45331986229829,20.32428726971539,20.461360369751638,19.721322795429067,20.173150036308524
P14131,19.20195092901277,19.322983406091808,18.759320948958464,18.397598544786902,17.77323038861822,19.88822502045067,18.87924242072296,18.637662050699568,19.646816894697274,19.152663780957134,18.79920134601321,17.981692152974038,18.56164854968247,18.436976726954587,18.710263974402853,18.352961934754212,19.527304879775166,19.498871012520596,18.704627247880417,19.141192080497436
P14142,17.83361264206847,17.072785140321034,17.80772018021429,16.90925047217575,17.638617854956586,17.24474772074774,16.898675748115725,15.699835390189406,18.319414906206543,17.157336803185128,17.820422113049705,16.52685091056362,16.238817824352793,17.39294590734506,16.59163716099311,15.777536457550315,15.49377535040316,16.716125582424148,15.532412706601482,15.623232095838185
P14148,18.86086854200918,19.527304879775166,19.07991006217845,17.99046568935768,17.56888122260806,19.99685742738694,20.3035476745218,20.05350080830655,19.75410703050845,20.287058655216576,19.039189930955697,18.30549751157621,18.83530907147607,18.5881074890872,18.426463008111213,20.484376405916862,20.246192435607675,18.42933449937419,20.577969344699195,20.350264937321363
P14152,19.600439312634993,18.58348846784302,19.46356318692593,19.45331986229829,19.527304879775166,17.803077572188666,17.635246893770123,17.276636320853832,17.981692152974038,18.471715071718833,19.21670203632218,19.399066184804443,19.550747458740126,19.341665417209892,19.565356570331566,18.40005578364228,18.622275947538277,18.432239856528742,17.820422113049705,18.42357560925522
P14206,18.282788689007585,19.129223172140776,19.20938396057736,17.687931372744202,18.47854005534154,19.903938293102694,20.1995787623911,20.131315958109433,19.672208865901176,18.9261410847361,18.87924242072296,18.036984773169642,18.397598544786902,18.69737413572631,18.33678165279604,19.721322795429067,19.489415819893583,20.41039484084969,20.02903419202015,19.193705484012746
P14211,17.78155131191905,17.344088522086913,17.590341455561234,17.106727139790756,17.220134823654114,19.0854050504248,17.844344738337487,17.767497686699723,18.1434254692835,18.22371761296218,19.141192080497436,17.836101908657188,17.2669070316608,17.721080309621776,17.879066972991428,17.432504936631602,17.897967989483423,17.590341455561234,18.024210207376626,17.41218535643221
P14231,18.679375850872386,18.29876602994137,18.783882482644593,18.901813342549907,18.16521118569236,16.623559038739177,17.076832889343816,16.738653938253197,17.235594799084517,17.241396505593773,18.710263974402853,18.531979873129668,19.06413493087259,18.552335107410464,18.684816863208106,16.774641137098122,17.39001238932805,16.821344257321776,16.814114047234536,17.304793614767682
P14576,16.10622722246483,15.262574869672303,14.518924946868333,14.543658907601387,14.648984409954318,14.515542102915552,15.162577066677898,15.279527373933542,15.077862658066376,14.956319777147453,14.666037441115648,14.450960426339009,14.429752851758172,15.286559135065534,15.514854820376925,15.379720975112624,15.061139700327832,15.10004197931255,15.140516202173425,15.185354275029912
P14602,19.341665417209892,19.039189930955697,18.93298198401946,16.760498282662866,19.871418784677353,19.408071203488337,19.329185453489227,19.672208865901176,18.997126266878944,18.805555003958638,18.997126266878944,18.679375850872386,18.633201950403677,19.193705484012746,18.771725671942427,19.856019961643533,18.91925231201697,19.740428547270813,19.734998369425703,18.46028536348611
P14733,14.045288320450178,15.87513181994738,14.039372800388751,14.347682149278148,16.01965978169674,15.750278837626055,16.661205585863478,17.241396505593773,15.085046757346536,15.514854820376925,14.31535159704524,16.09081354753402,15.878448348424161,13.803370634225143,14.491691849767449,16.19569426277907,15.514854820376925,14.577215057783437,15.930362375555934,15.596622301187296
P14824,19.579730556332454,18.30815914135994,17.852155108346302,17.66764489468163,17.824170072409693,18.16521118569236,17.081270656635375,16.056047364008677,17.610289029684264,18.384281328044707,18.444192857756132,19.183326446885324,18.81530147431623,19.28591908300357,18.793824082452442,16.90734169510734,18.13604858946716,17.657428131816634,16.885962247829426,17.765247531841293
P14869,17.622285844580013,18.380215367975342,16.88023568669566,17.142533078774907,15.905608723458263,17.998613465705397,15.006871282022777,15.336221451683153,18.150650213044617,17.48161098242767,17.396778600638424,17.95638335560423,18.04398079198537,17.25419194947641,17.548703802292344,15.539714091504873,17.90240753396987,17.06857626211557,15.800953315145218,16.924261907615875
P14901,14.41531166554509,16.34770545001941,14.577215057783437,14.571195640347117,14.680883599188178,16.079291429801394,15.188842202981718,16.687964776367842,15.103213421103016,14.978758858134853,16.273488590249436,14.18839993044656,14.47552960617359,14.518924946868333,14.577215057783437,16.327004616900417,16.476013686607416,19.25664609055196,15.171162715763884,15.207975163955378
P15089,16.479737186173647,20.525462166666408,13.300699006898574,13.192136661784113,17.05920804603228,13.222720222576935,13.407850262011028,13.549270547188026,13.472695105067398,13.352337124021167,13.087749506414017,16.287645393904377,16.30697863909287,13.161066056532908,13.222720222576935,13.563233578392788,13.37053814810391,13.563233578392788,13.449451174954442,13.496873682630522
P15105,13.82436664994125,13.623938867813456,14.686990880815307,14.099789020173262,15.329422662025303,14.137130183919183,14.10915925009022,14.985452886859395,14.13086431251486,14.017539902157285,14.737392090904624,13.908312185962078,13.575266306728485,14.804441003453238,14.195536530975028,14.292441968080615,14.08232449851108,14.751412418739244,14.420608989402496,13.25457301002281
P15208,16.704488174661353,14.367576734743116,16.90166610455756,14.779363205280395,18.194695948219703,14.785585365627753,15.46558578726117,15.575425213956857,15.382465551635125,15.229753977939973,16.0762417671677,14.74764180301203,14.67032680324834,16.70207104070682,14.84088006378352,15.633335140571507,16.926708670945615,15.33976203365576,16.65806289455072,15.458171745577143
P15327,16.1875776383686,16.206976573942576,17.39001238932805,16.774641137098122,17.41996866473105,15.690685011902678,16.476013686607416,16.785368655465184,15.478099793465702,16.476013686607416,17.734970182160698,16.88023568669566,16.826278137591675,16.99632150856619,17.48161098242767,16.58535434737975,15.33320736025556,16.674973066060424,16.421471692334112,16.387790646744357
P15331,17.030048383696588,18.614298355609993,15.489613020902329,15.873126298641903,14.420608989402496,18.810520689826916,17.220134823654114,16.173206043577068,17.049909230909854,16.94690031025231,14.637108714417446,15.866492560276251,14.140774969377352,16.214653890022383,16.12362162315233,15.949910442253326,14.791495295256553,14.845055069767344,16.29824861008573,14.88678289775594
P15379,16.54087236582678,16.71828984543482,15.140516202173425,15.092328701255036,15.229753977939973,18.33678165279604,17.924035653696713,17.836101908657188,15.65176970848288,15.496169175752641,17.897967989483423,15.035141491993437,14.95921994936345,17.205889003958692,16.237094254631142,15.951831547470999,16.836260442110852,21.16447481325955,17.08987074951222,15.816300964002306
P15532,15.714163415413747,16.242273639791314,15.848295072584117,15.824182184474855,15.973505544787937,16.760498282662866,17.12125179015954,16.51597275232473,16.711175800387206,16.769692416051235,17.25419194947641,16.168834998375143,16.926708670945615,15.76750925415978,17.276636320853832,16.52880337831991,17.157336803185128,17.09520084335489,17.487682536857637,16.507308218896206
P15626,18.67534291877795,15.46558578726117,17.144795313965545,16.772562677755865,17.83361264206847,15.840375553227057,15.171162715763884,15.286559135065534,16.441415540870686,16.693929445147603,16.46821754903481,18.271513398923915,18.357233912078737,16.246698944825305,16.90925047217575,15.384267903535005,15.071312921141082,16.60387501599841,15.158685294076179,16.563811757202675
P16015,20.779486658726558,20.31203280886183,20.779486658726558,20.90630751244386,20.939585313942462,18.901813342549907,19.37927991832144,19.352586344562038,18.872441716893498,19.268161802531562,20.6521141682204,20.90630751244386,20.95747093359308,20.84050959246877,21.22581550263428,19.818511964341873,19.545033356238292,19.702004928382348,19.05842373408581,19.322983406091808
P16045,20.05350080830655,20.173150036308524,20.32428726971539,19.23747448564327,18.22648183750755,20.05350080830655,20.71365778907975,20.41039484084969,20.255113016293294,20.700801579431218,21.434797352083372,19.848324430086176,19.63249390499406,20.6521141682204,20.151135820935497,20.32428726971539,20.525462166666408,20.236587854097916,20.439140219859453,19.903938293102694
P16125,18.296495335466297,16.79027606429046,17.304793614767682,17.241396505593773,16.785368655465184,15.91345634926184,16.222612867761242,15.971473718228049,16.108339936462162,16.749015158910076,17.41218535643221,17.263106002509925,17.533413733517648,17.487682536857637,17.70674967884954,16.421471692334112,16.92919371305154,16.22890902936907,16.061497848221492,16.793454712036656
P16254,17.558003750686517,17.23225872587725,17.63102142942152,17.101906011921123,17.87059215832019,15.834911278904983,15.529758455657156,15.62550380598837,15.427884399589866,15.259568635207625,17.81324364664505,17.4854939215759,17.5043151855268,16.999691241811075,17.358820359942055,15.685182939271854,15.414149481143511,17.407137041558357,15.468680919842276,15.502012976062119
P16330,17.77323038861822,16.300086306127934,16.441415540870686,15.164972122641009,14.661276568861515,16.246698944825305,15.840375553227057,13.728621800696644,15.899214616436035,16.614893324200175,15.393862260050932,16.061497848221492,15.010387727874951,16.44534002432181,16.401238476283474,16.270831575590492,15.804180097448219,13.746756349989221,13.67511327356875,16.25362378937894
P16332,18.210297767040252,18.467727291894597,18.296495335466297,18.36744383225511,18.332491664623074,18.181496184853014,18.24597604353273,16.88023568669566,18.375162630633092,18.27399173833169,18.352961934754212,18.57234863521773,18.444192857756132,18.855741593294095,18.454664213203124,18.17544178972664,18.395097893155587,17.225621512021274,18.402878997495208,17.99567063694154
P16675,15.61469005672846,18.036984773169642,15.78311485094902,18.58348846784302,18.402878997495208,17.229432104662298,17.27037287563324,17.4854939215759,17.01146015302819,16.783324830756815,18.25144033584863,17.99046568935768,15.639869158783554,15.708856930318902,15.827583560317256,16.460010932269192,17.06857626211557,17.36436604495036,16.966564087445676,17.08987074951222
P17047,19.748056043631717,18.749285183307155,19.05842373408581,17.49900907660442,17.511615798732674,19.545033356238292,17.74135870295587,17.852155108346302,17.680378849380652,17.435891899816728,20.11987357426101,18.576219393078546,18.319414906206543,19.68123742930542,19.183326446885324,17.775965345639673,18.57234863521773,19.38356789106438,17.767497686699723,17.824170072409693
P17225,15.185354275029912,15.569876033521208,14.090224770988595,14.039372800388751,15.10004197931255,15.838000730345389,14.561294032891018,14.656808366596525,16.01965978169674,14.410378302048182,15.520799340052378,15.065253731898377,14.01009255170475,14.766820262661199,14.275977086924176,14.766820262661199,15.824182184474855,15.019639960833777,14.566898858168557,14.571195640347117
P17427,16.567981286725523,19.702004928382348,18.04398079198537,16.687964776367842,16.741820142523036,16.54087236582678,17.061944200722756,17.182211998304425,17.06601543367322,16.78044367973605,18.651603023412967,19.539457286534645,19.281832168516452,16.58535434737975,19.399066184804443,17.135035808976614,16.942231875025136,17.001583695950494,17.049909230909854,17.15064329231176
P17665,18.059981592639097,17.554199781535587,17.135035808976614,14.996463323954822,15.171162715763884,19.945017982988453,18.76759134965433,17.079102203389056,20.276047181062605,19.3045127373746,16.994082835120732,19.23747448564327,17.40363371243514,16.521450904560936,18.030644644693705,18.487104314023583,19.779311297230684,17.594061180035187,17.827677395424935,18.59745793039929
P17710,19.281832168516452,18.657031606976034,17.98829922347533,18.529294810872006,17.460208108813042,19.63890817200848,17.95638335560423,18.329172761972682,18.053371364474067,18.591312698361396,18.77624733322788,17.424921615061844,17.943760614616746,17.879066972991428,18.40005578364228,17.953543654779324,18.391234669932494,19.34781045427387,18.397598544786902,18.42933449937419
P17742,18.194695948219703,19.4468059321889,20.577969344699195,20.84050959246877,20.983915003878874,19.848324430086176,20.151135820935497,21.96480189779124,19.47736473165941,19.51948616791665,20.95747093359308,18.79146027810211,19.565356570331566,20.577969344699195,20.08158833043575,21.862405058772858,19.6552033964088,22.051509267440423,21.542604229589745,19.960509193081236
P17751,20.641864882497476,20.516602072428185,21.0038293301104,21.312752627099353,21.183890892318708,20.11987357426101,21.0038293301104,20.32428726971539,20.6521141682204,20.805818273720142,20.924927643555897,21.286548796855786,21.046382325782645,21.246489872929224,21.406859971950645,20.95747093359308,20.889285386325295,20.535389933423893,21.16447481325955,20.68644520397291
P18242,18.940754451289063,18.42357560925522,18.57234863521773,19.06413493087259,16.51597275232473,19.21670203632218,19.103663795414896,19.117650399712225,18.793824082452442,17.693148773596796,19.02987209840085,17.767497686699723,18.258331325723095,18.884170672470745,19.044488544443503,19.067381533572725,18.591312698361396,19.818511964341873,18.552335107410464,18.426463008111213
P18572,19.825705424439974,19.37927991832144,20.05350080830655,20.111478237255376,20.31203280886183,18.940754451289063,19.22046835326541,19.42787621286776,18.91262845174094,19.173638167996735,20.06101432067798,19.29167119847474,18.905955329526073,20.08158833043575,19.4468059321889,19.25664609055196,19.160105526144985,19.23747448564327,19.268161802531562,19.044488544443503
P18608,15.37612457553998,15.085046757346536,15.506551846886342,15.442638359072728,15.628136529075363,16.27669011398628,17.778793335019355,19.044488544443503,16.614893324200175,17.225621512021274,15.269927550078975,15.498881193272101,15.356273123715786,15.387948646838893,15.498881193272101,18.539456527810977,17.519675847328124,18.375162630633092,18.83530907147607,17.81324364664505
P18654,15.24100722327675,14.48733773741946,14.13086431251486,16.636251849009206,14.099789020173262,13.923539073176169,14.48138612488762,14.571195640347117,14.446452133127915,14.3425171860605,14.321467241527959,15.071312921141082,13.872036713214507,14.31535159704524,14.737392090904624,14.675679683646683,14.424835467341442,14.552658991718408,14.495470089463577,14.502381903135184
P18760,18.345830547556012,17.34744983267199,16.75813655894027,16.90166610455756,17.4854939215759,17.796124080723235,17.28867597650831,18.692788423569027,15.451979480642668,16.846016622085706,18.601838602185495,17.478425207354842,16.572772230787997,18.161697103703474,18.007235921607688,15.73263953828744,16.456659033451928,19.31688579109933,17.19122070489221,15.556164559079173
P18826,18.22371761296218,18.52254697208366,17.767497686699723,18.96816998174542,18.43425631442843,16.415673505322054,15.902391004492808,14.057060942124656,16.121404441351434,16.979922526858495,16.982500836146098,17.856799493298915,17.778793335019355,17.478425207354842,17.775965345639673,14.090224770988595,16.206976573942576,14.062436400060017,14.017539902157285,16.471415278768113
P19096,16.741820142523036,15.12391128922533,13.599475941965656,15.359817448018003,15.10816089572246,14.656808366596525,13.897945585338055,13.999659370928047,13.923539073176169,13.82436664994125,16.15594742921315,14.609478608434037,14.58887846344795,15.343794472491595,15.306068801325093,14.02509180878422,13.879506402985996,14.01009255170475,13.967834079718006,13.96015911609131
P19123,15.130888142873536,14.877765007010717,15.286559135065534,15.229753977939973,15.382465551635125,15.891418540093472,16.800842178201734,16.707129212252685,15.984670499438124,16.734380303872307,15.056502395557676,15.229753977939973,15.12391128922533,15.127312692947154,15.24100722327675,17.08987074951222,16.301723153649952,16.45080827611912,16.738653938253197,16.601578912139423
P19157,18.99174485400807,17.721080309621776,18.2344507581869,18.629563389982003,19.274803546974578,18.097294795222542,18.692788423569027,18.771725671942427,18.397598544786902,18.846594247842646,19.533161115479267,18.945522558134083,18.395097893155587,19.183326446885324,19.38356789106438,19.274803546974578,18.75353672647069,18.457864275280013,18.81530147431623,18.626239694532416
P19221,16.499030736698753,16.501873074232574,17.622285844580013,17.625249119756884,17.11861925428686,17.454568697803854,15.87513181994738,15.960724643761818,15.779951529087281,17.4174988667743,18.09130970357867,17.638617854956586,16.51100304257015,17.820422113049705,17.386934271424803,16.821344257321776,15.760018465620925,15.741560565304336,15.79601277558345,15.927250839663605
P19246,12.876150995395088,17.135035808976614,13.028719820976708,12.921331928532961,13.028719820976708,16.54629343951786,16.846016622085706,13.300699006898574,15.612774878484334,13.131169062970418,12.876150995395088,15.838000730345389,12.921331928532961,13.004781440199277,13.004781440199277,13.278457972626404,13.222720222576935,13.300699006898574,14.940995594646205,13.222720222576935
P19253,19.26212957792511,18.87924242072296,18.41647565459286,16.561728371874693,16.90734169510734,18.29876602994137,19.68123742930542,18.644300593555197,19.480698550016374,18.202358573416326,18.27399173833169,18.391234669932494,18.38748437571025,18.287506711155864,18.688865331389362,19.360688934216284,19.550747458740126,19.250298328778392,19.802381269583726,19.545033356238292
P19324,15.932836704688048,16.685174023944533,14.239136142095358,16.242273639791314,16.02767846566539,17.10432362749829,16.397164474060425,16.580028597084656,16.061497848221492,15.693466230772177,17.638617854956586,16.858956303892118,16.641864068934417,15.966826290328532,15.705083730230644,15.006871282022777,15.982617858091317,18.181496184853014,16.291331503620277,15.714163415413747
P19783,21.94216407850464,21.801532783027568,21.78090432555921,21.686792265063367,21.35303781379885,21.716789525616964,22.22933874399538,21.183890892318708,22.156111094101366,21.94216407850464,21.33193899713133,21.51139630587692,21.183890892318708,21.96480189779124,21.862405058772858,21.596772717102628,21.596772717102628,21.088121906942963,21.686792265063367,21.862405058772858
P20029,19.173638167996735,19.193705484012746,19.83406788739486,19.68123742930542,19.713395178557512,19.113367864576386,18.55726760819117,18.99174485400807,18.79920134601321,19.42787621286776,20.340176269531327,19.334839971773405,19.45819472017397,20.091714389280952,19.61438114817877,19.281832168516452,19.21670203632218,19.61438114817877,19.113367864576386,19.281832168516452
P20060,15.234078346116831,14.919730295601003,15.37612457553998,15.302806723278135,15.47441539977441,15.954570831544121,16.55137108546443,17.30735540017094,16.452900984150567,16.612233441917926,15.127312692947154,15.362371936910312,15.229753977939973,15.22346468772049,15.319083990332478,16.730747053517142,15.907913464931354,16.865476847872582,16.969539343991375,17.173027615381965
P20108,19.99685742738694,19.960509193081236,20.56442076484551,19.399066184804443,20.151135820935497,20.013864707227803,21.312752627099353,21.312752627099353,20.889285386325295,20.450393278249244,20.450393278249244,19.663669211930547,19.274803546974578,20.246192435607675,20.02903419202015,21.801532783027568,20.6521141682204,21.22581550263428,21.108414634713746,20.700801579431218
P20152,16.989068549121225,19.18799529071361,16.29824861008573,17.21340660266442,17.820422113049705,19.51116008061792,18.843418222302148,18.51033699178351,18.50596603701357,17.62798207841176,17.838488567264722,18.265457180337698,17.710019680976686,17.106727139790756,16.793454712036656,17.924035653696713,17.330801363230428,17.796124080723235,18.265457180337698,17.153192146135545
P20491,15.12391128922533,15.572737060010379,14.933044202684439,15.329422662025303,14.956319777147453,15.283322213233806,15.462572781100917,15.569876033521208,15.379720975112624,15.226932330793806,16.073784802715032,14.733792089542609,14.661276568861515,14.711241610381103,14.833253758200758,15.628136529075363,15.365109032161234,17.129346336394057,15.414149481143511,15.449953890574315
P20801,18.024210207376626,20.18969561313046,19.37927991832144,18.490659285459596,22.3534119464251,19.16530833970769,19.183326446885324,17.246807424795396,19.63890817200848,19.07586113580069,20.045768994085144,22.543406628988592,21.542604229589745,19.480698550016374,20.131315958109433,17.05423224585784,17.472432416418748,16.366254946580064,16.873239593523063,18.2421942306563
P20918,14.821263604570499,15.662378708686493,14.910714443596529,15.48143631191096,14.870081030669045,15.628136529075363,15.843090928927955,16.349674086050076,15.279527373933542,14.555697307567666,16.237094254631142,15.085046757346536,14.877765007010717,15.48143631191096,15.506551846886342,15.76750925415978,15.171162715763884,16.327004616900417,15.6762432600685,15.542422763930091
P21278,17.344088522086913,16.22435989700497,14.771562607145128,14.711241610381103,14.899768173062478,15.025521132721678,15.422037606039911,15.537445307962363,15.33976203365576,15.188842202981718,16.14224510995184,16.96354293553974,15.971473718228049,16.915725576922526,16.521450904560936,15.596622301187296,15.319083990332478,15.302806723278135,15.37612457553998,15.397084425394757
P21460,13.994946425764871,14.502381903135184,14.72202022124876,15.978486584539263,15.830567690598183,14.833253758200758,15.729934176835012,16.179445358549913,15.052524649438727,15.451979480642668,15.089277149632872,13.427473657833062,13.437700531367991,14.637108714417446,14.637108714417446,15.741560565304336,14.69099556115421,15.932836704688048,15.987853976938865,15.569876033521208
P21550,21.434797352083372,20.734172393783034,21.62914809131313,21.33193899713133,21.96480189779124,20.14610819689333,21.108414634713746,21.14146272984866,20.131315958109433,20.924927643555897,22.3534119464251,21.046382325782645,21.35303781379885,21.658107014466076,21.94216407850464,21.38127883057511,20.939585313942462,21.03251814095913,21.33193899713133,20.74892253114054
P21614,14.84088006378352,15.963748578374577,16.19369810558993,15.405411312803832,16.504267138042373,14.95921994936345,15.127312692947154,15.095695370956111,14.53740175502755,14.699590138772527,16.769692416051235,16.37458468825991,15.439160168747303,15.750278837626055,15.969730276919824,14.609478608434037,13.481229208574101,15.397084425394757,14.090224770988595,14.609478608434037
P21619,14.30730686002357,14.966552801142763,14.966552801142763,15.089277149632872,15.449953890574315,15.134133639824118,16.59625088151106,17.396778600638424,15.696427434702581,15.405411312803832,14.543658907601387,15.496169175752641,15.569876033521208,14.727242330899045,14.74245400704712,16.655626642759334,15.91345634926184,15.414149481143511,15.699835390189406,14.982257922584854
P21844,15.446518577762395,18.535362894273316,13.999659370928047,15.140516202173425,15.65176970848288,13.711533354560277,14.410378302048182,14.495470089463577,14.387950443331835,14.265991125321648,13.746756349989221,16.6716372196514,16.013559000510934,14.511400022841844,13.917975885149204,14.613728201454895,14.367576734743116,14.491691849767449,14.429752851758172,14.429752851758172
P21956,16.875415935757488,16.058832424729424,16.27669011398628,15.306068801325093,15.489613020902329,15.368670021996522,16.003372415621907,16.09347049120067,15.910778846355502,15.688008406216317,17.106727139790756,16.1652186825075,16.37458468825991,15.990727084368192,16.02958742623676,16.150802664772357,15.915778897513027,15.866492560276251,15.91345634926184,16.04892681270931
P21981,16.17681671145689,17.047448565596195,15.352651301839472,15.705083730230644,16.46243108644962,17.487682536857637,16.858956303892118,16.251051677362213,16.436887524076894,16.808224534344642,16.26541234489624,17.543816440328257,16.730747053517142,16.053166412677005,15.866492560276251,17.024240105006363,16.793454712036656,15.708856930318902,16.024994656892396,16.567981286725523
P22315,18.2344507581869,18.375162630633092,18.10013833524055,18.4399254482473,18.10013833524055,18.311485645808958,17.943760614616746,17.844344738337487,18.661117274514584,18.4399254482473,18.012846241865773,18.79920134601321,18.426463008111213,18.42032813063024,18.36368084835582,17.81746538244362,18.79146027810211,18.161697103703474,17.87059215832019,18.89696239254644
P22599,21.0038293301104,17.497179088344158,17.83361264206847,20.461360369751638,17.882647677021478,20.397139127836336,18.059981592639097,18.13356929777541,19.68123742930542,20.06101432067798,17.633302005278566,20.641864882497476,19.965756650739692,17.787609002813973,17.856799493298915,18.08384131201834,20.340176269531327,17.97439179585499,18.086295054480505,18.097294795222542
P23116,16.559201263243565,16.15594742921315,15.2567597941021,15.788824770921277,16.103960719082302,16.549028599607304,17.334270289259177,15.035141491993437,15.76750925415978,16.1652186825075,15.811515948934936,14.217979155903953,15.449953890574315,15.319083990332478,15.987853976938865,15.140516202173425,14.833253758200758,15.73263953828744,17.42656305762505,14.9367958209861
P23506,17.05920804603228,17.435891899816728,16.68309367206349,17.313610719705427,17.924035653696713,16.68309367206349,17.793981540585406,17.561482262331825,17.460208108813042,17.561482262331825,17.072785140321034,17.10927450519619,17.076832889343816,17.061944200722756,17.081270656635375,17.882647677021478,17.325918356658345,17.439780162952,17.344088522086913,17.472432416418748
P23927,18.402878997495208,17.460208108813042,15.509521293447989,15.878448348424161,16.366254946580064,17.959806051647202,18.130353779935874,17.70158229840711,17.511615798732674,17.633302005278566,16.00904466443058,17.803077572188666,15.941678119523658,17.292205479672383,17.432504936631602,17.803077572188666,17.500956359130683,17.765247531841293,17.770493521860175,17.462511612857988
P24270,16.282459613960587,16.31140174350425,16.267589534256963,16.979922526858495,16.133871220497703,16.338017838992194,17.46528192331689,17.334270289259177,16.639477413014212,16.51100304257015,16.93629983017057,16.716125582424148,15.89593452593626,16.693929445147603,15.884419480935644,17.478425207354842,16.578009219037543,16.83850413537635,17.276636320853832,16.754822487223876
P24369,18.080846345477145,17.891761713101424,17.334270289259177,16.78044367973605,16.952142629741115,18.172232268688965,18.062925606641805,16.95455758979811,18.332491664623074,18.54749564834063,18.783882482644593,18.370078823069214,17.767497686699723,18.357233912078737,18.402878997495208,17.610289029684264,18.73120648651043,17.169262625709532,17.16068008131952,18.202358573416326
P24452,15.520799340052378,15.696427434702581,15.315468997917478,14.045288320450178,14.883048296370884,16.07028714623957,14.577215057783437,14.666037441115648,14.511400022841844,14.420608989402496,16.079291429801394,15.173778990882408,15.226932330793806,16.044449650011757,14.915961338591805,14.775499690343585,15.001179738394976,17.175726879509117,15.982617858091317,14.58887846344795
P24527,13.93852089806406,13.563233578392788,13.886311384574958,14.195536530975028,13.508795569801222,13.427473657833062,13.67511327356875,13.78457820739689,13.699518704216942,13.614740642450451,14.02509180878422,14.775499690343585,13.97905257179841,13.758144482513714,14.233469173483138,13.803370634225143,13.664138208619397,13.82436664994125,13.728621800696644,13.746756349989221
P24638,16.056047364008677,15.794360139023976,16.70207104070682,17.911361722190914,17.083955166513153,18.040558140844034,16.655626642759334,16.763008427236834,17.30735540017094,16.86947840462856,17.71886856773059,16.125825506001735,16.728743286387406,16.056047364008677,17.123962244735186,17.62798207841176,16.86947840462856,18.58348846784302,16.401238476283474,16.749015158910076
P25444,17.745887408214095,17.85464612911659,17.478425207354842,17.561482262331825,15.486586153627849,18.61011649476,17.31601303867988,18.248247983010657,18.262653633647734,17.724576631281554,16.567981286725523,17.257308905677952,17.74135870295587,17.28867597650831,17.439780162952,17.64539592994067,18.342414565049175,18.81530147431623,17.940259383047355,17.548703802292344
P26039,16.14224510995184,17.263106002509925,16.22435989700497,16.327004616900417,17.205889003958692,16.02958742623676,15.76750925415978,15.041589418121031,14.74245400704712,15.219239195269179,16.179445358549913,15.402178736393243,15.127312692947154,15.688008406216317,15.226932330793806,15.34672908070157,14.733792089542609,16.452900984150567,15.446518577762395,14.645259977011458
P26041,16.609707536279277,16.438725055416505,15.763314009004318,16.222612867761242,16.606386975129716,18.04398079198537,17.824170072409693,17.325918356658345,16.797554568629657,16.754822487223876,17.49900907660442,16.044449650011757,16.065145679545807,17.024240105006363,16.29522030376555,16.685174023944533,16.504267138042373,17.584181686787865,17.22358187073719,16.628015544109772
P26043,17.032288885952582,16.016932364107483,17.930067881647798,16.75813655894027,17.879066972991428,16.476013686607416,17.62798207841176,17.73215520255005,16.898675748115725,17.33950008122841,17.94675630726936,16.707129212252685,17.01146015302819,18.047691560260848,17.328606285257884,17.91382045657661,17.083955166513153,16.898675748115725,17.97015125270846,17.361429718890584
P26231,13.056525365969318,14.836839379985031,13.235707385054948,13.131169062970418,13.25457301002281,15.402178736393243,13.37053814810391,13.496873682630522,13.437700531367991,14.373802999779727,13.056525365969318,14.524436914793446,13.004781440199277,13.652399849661482,13.192136661784113,13.496873682630522,13.897945585338055,13.52364304963227,13.407850262011028,13.459178614880875
P26350,17.292205479672383,16.720466769150967,17.737500887304087,17.690454633187283,18.248247983010657,16.46821754903481,17.603524959974784,18.36744383225511,16.494154354786193,16.111357251954335,17.775965345639673,17.098820699086147,15.960724643761818,17.81324364664505,17.546151514474076,18.444192857756132,16.549028599607304,19.43351784910502,17.618685968229787,17.30735540017094
P26443,18.579172689319417,18.684816863208106,19.147614525807302,18.805555003958638,18.76759134965433,18.50596603701357,18.7073015155592,18.47854005534154,18.357233912078737,18.13356929777541,19.20195092901277,18.411625586945092,18.29155753130763,18.922623962031516,18.91925231201697,18.810520689826916,18.535362894273316,18.42032813063024,18.810520689826916,18.54749564834063
P26516,14.72202022124876,15.10004197931255,15.245852991145478,15.869663246772415,15.249244462213529,14.08232449851108,15.2567597941021,15.37612457553998,15.182263399732554,15.045579692714375,15.085046757346536,15.315468997917478,15.067940301130054,14.146594214456846,15.144277405546159,15.451979480642668,15.162577066677898,15.173778990882408,15.22346468772049,15.259568635207625
P26883,19.574639633404903,19.268161802531562,20.375852474555902,19.825705424439974,20.461360369751638,18.56897783590532,19.91224995046066,19.37403753540534,19.02987209840085,19.608939339184467,20.734172393783034,20.824668874193524,20.589683950528062,20.369485073973614,20.577969344699195,19.713395178557512,19.99685742738694,19.310832499133262,19.882251481588618,19.7852576534075
P27546,16.404276581737186,16.476013686607416,14.424835467341442,14.491691849767449,14.566898858168557,16.716125582424148,16.553805626739788,15.203312068106726,14.982257922584854,16.704488174661353,17.144795313965545,16.994082835120732,16.521450904560936,16.93154694471169,16.538398227481984,15.302806723278135,14.985452886859395,15.976498132726078,16.653226417130497,15.095695370956111
P27659,15.556164559079173,17.05920804603228,15.08117573036942,16.14224510995184,13.897945585338055,18.535362894273316,17.533413733517648,17.666098234860016,17.324168973995437,17.005131623186923,16.783324830756815,15.688008406216317,15.919773363359813,16.00124053740221,15.168455584868656,17.15064329231176,17.895306208186973,17.24474772074774,18.411625586945092,16.549028599607304
P27773,17.827677395424935,18.432239856528742,17.787609002813973,18.278303594270902,17.203080746328986,18.82108478641925,17.451575243857786,17.618685968229787,18.019457060833666,17.68437917947841,18.937647466272757,17.032288885952582,17.135035808976614,18.049996631740363,17.454568697803854,17.396778600638424,17.693148773596796,19.0854050504248,17.81746538244362,17.29507809733934
P28352,17.35288327889465,16.751910700204583,18.265457180337698,18.319414906206543,18.188438189377088,16.43436391937086,19.281832168516452,17.932923069622174,16.92919371305154,18.17544178972664,18.499674445412197,17.439780162952,17.603524959974784,18.46028536348611,18.24597604353273,19.243443307244604,18.454664213203124,18.097294795222542,19.141192080497436,18.576219393078546
P28474,16.179445358549913,15.306068801325093,16.25653582328419,14.005240663069339,15.772626224322593,13.96015911609131,14.524436914793446,14.630874262838267,14.48138612488762,14.387950443331835,15.514854820376925,16.31140174350425,16.17091975889223,16.082544546889245,15.70296752621564,14.733792089542609,14.467600920295348,14.599270640412508,14.543658907601387,14.543658907601387
P28650,17.932923069622174,16.543428375713663,17.633302005278566,17.123962244735186,18.2421942306563,17.34744983267199,18.258331325723095,17.2989241082415,17.19691715647509,17.55157545207064,17.865897729771294,17.657428131816634,17.625249119756884,18.032809040033158,17.83049629610969,18.16521118569236,17.932923069622174,17.081270656635375,17.924035653696713,17.523111509759765
P28653,17.144795313965545,16.351912672819864,16.139607269253244,15.814011417767002,16.144542022921534,18.974389618446466,17.981692152974038,17.076832889343816,17.712185611519836,17.888755084302062,18.704627247880417,16.674973066060424,17.257308905677952,16.924261907615875,16.612233441917926,18.121783855142557,18.30815914135994,18.036984773169642,17.377723357057974,17.396778600638424
P28654,18.72898466951047,19.274803546974578,19.274803546974578,18.82887547524917,18.606277541330382,20.369485073973614,20.213060597303546,19.75410703050845,19.808599642222,19.893719389206932,19.109332588812208,18.475116441287344,18.787890824588672,18.93298198401946,18.490659285459596,20.461360369751638,20.151135820935497,19.713395178557512,20.173150036308524,19.98119932773872
P28665,18.5881074890872,18.36744383225511,18.647629502202797,18.73916576183946,18.25144033584863,18.411625586945092,17.41218535643221,17.535813263945876,17.572070148932653,17.981692152974038,18.637662050699568,17.78155131191905,17.55157545207064,18.59745793039929,18.056043985759253,17.494042434587506,17.25419194947641,19.044488544443503,17.424921615061844,17.967861438829196
P28798,16.58265206101555,16.483924620080618,16.678592707518952,17.251737751366313,16.58535434737975,16.741820142523036,16.593844040743175,17.225621512021274,15.884419480935644,15.670280194345924,17.519675847328124,16.342710142195553,16.334587330977822,17.39001238932805,16.94690031025231,16.83334663985811,15.966826290328532,18.072013605180732,16.612233441917926,15.910778846355502
P29699,18.161697103703474,18.22648183750755,18.855741593294095,18.83530907147607,19.334839971773405,17.328606285257884,17.749541610941733,17.981692152974038,16.707129212252685,16.59625088151106,20.091714389280952,17.472432416418748,17.749541610941733,19.071950184196773,18.202358573416326,17.573960735836984,16.633687158690016,18.265457180337698,17.15064329231176,17.005131623186923
P29758,17.153192146135545,18.258331325723095,18.58348846784302,18.377998196352735,18.692788423569027,18.89696239254644,19.37403753540534,18.974389618446466,19.067381533572725,18.701296843331647,18.771725671942427,18.502644190664434,17.891761713101424,18.576219393078546,18.58348846784302,19.50574895289755,18.679375850872386,18.884170672470745,19.3045127373746,18.52254697208366
P29788,16.130618089249857,16.340180531084666,16.357763628245788,16.685174023944533,16.415673505322054,16.40707162096719,16.90166610455756,17.865897729771294,16.49120142113337,16.601578912139423,17.101906011921123,15.052524649438727,15.851780380157976,16.593844040743175,15.520799340052378,17.400481803234207,16.19569426277907,18.357233912078737,17.963939655500543,16.504267138042373
P30681,17.06857626211557,16.738653938253197,18.262653633647734,17.494042434587506,17.865897729771294,15.514854820376925,16.130618089249857,16.21264374112578,16.09526093946561,15.819247213119016,18.75353672647069,17.035220393494512,17.083955166513153,17.745887408214095,17.538195898734124,16.242273639791314,16.03138389863903,18.30549751157621,16.042010774422412,16.168834998375143
P31001,16.678592707518952,19.31688579109933,17.349907521691502,17.784134571194787,19.79394242013594,19.067381533572725,18.9261410847361,17.98829922347533,17.803077572188666,18.12524047716429,16.912802308066425,19.558106854721593,19.322983406091808,17.618685968229787,18.262653633647734,18.067636604510092,17.49166880054688,16.378556630034833,18.258331325723095,17.64283619916258
P31230,16.846016622085706,16.59871463476447,16.532303449186387,15.215475020312429,16.93897973615989,15.271877341830166,18.172232268688965,18.763965563509743,17.169262625709532,16.436887524076894,15.89593452593626,15.212222429792154,16.039383739696685,15.827583560317256,16.829913750250615,17.943760614616746,17.0213242191599,18.61011649476,17.936982345578773,15.958288048495424
P31240,15.67305097522151,15.022830958760903,16.499030736698753,16.413187547665455,16.282459613960587,15.198676850409475,17.66764489468163,18.059981592639097,16.84355177219885,17.061944200722756,16.053166412677005,15.845655265924204,15.966826290328532,16.68090428038275,15.315468997917478,18.446346323106553,16.766417156471043,16.89332719907149,18.342414565049175,18.10358233583293
P31428,18.262653633647734,18.00438779402004,17.4174988667743,17.460208108813042,17.361429718890584,19.05842373408581,18.19080890636426,18.29155753130763,18.436976726954587,18.04398079198537,17.963939655500543,17.59922353105862,16.655626642759334,18.48267100735208,17.905931819264087,17.790925289665676,17.564585857108266,16.738653938253197,18.062925606641805,17.30141000380968
P31725,13.85530049700441,15.73263953828744,14.796198876121887,16.620638262245475,14.35969373918904,14.853748912406697,14.833253758200758,16.614893324200175,15.30051921708017,14.641849387528998,18.152241217156128,16.66563303534638,15.859236768702775,17.784134571194787,15.915778897513027,15.028207656308023,19.178235370780055,22.796844790397937,19.152663780957134,15.944375519519488
P31786,18.490659285459596,18.38748437571025,17.15064329231176,17.135035808976614,18.940754451289063,19.051816513941663,17.424921615061844,17.564585857108266,17.39001238932805,17.1626813000877,19.42787621286776,19.97355464220379,18.810520689826916,18.787890824588672,19.28591908300357,17.527716637189165,17.281709373291893,17.383086084193213,17.457206718666892,17.527716637189165
P31938,16.139607269253244,16.90734169510734,15.654429717894198,16.380650004696243,16.31549540396195,16.65806289455072,15.302806723278135,15.077862658066376,16.32425630004023,16.19369810558993,15.434679876658189,16.15594742921315,17.11861925428686,15.24100722327675,15.556164559079173,15.164972122641009,16.639477413014212,14.929283524179317,14.919730295601003,16.1875776383686
P32020,18.622275947538277,17.824170072409693,18.11451610645798,18.71980096434951,17.666098234860016,18.692788423569027,17.92716344636873,17.39294590734506,17.5305385305905,18.17769432893232,18.81530147431623,18.72898466951047,18.278303594270902,17.99046568935768,17.953543654779324,17.57662844066921,17.86323756311658,18.46028536348611,17.361429718890584,18.024210207376626
P32233,15.245852991145478,15.690685011902678,15.65176970848288,13.96015911609131,14.08232449851108,16.387790646744357,16.438725055416505,16.042010774422412,16.746171474409955,15.365109032161234,14.88678289775594,13.886311384574958,15.056502395557676,15.605874091019254,15.234078346116831,16.12362162315233,15.995851497078707,15.958288048495424,16.32425630004023,15.690685011902678
P32848,17.511615798732674,23.16822471813418,23.54270572200917,23.3932493789621,23.713836007455864,21.108414634713746,17.597024764323443,22.3534119464251,19.18799529071361,22.156111094101366,24.587287043611113,21.48241549278334,23.3932493789621,23.54270572200917,18.93298198401946,22.435774052327275,22.265403482846978,20.857605579032814,22.395892365345478,21.78090432555921
P32921,16.814114047234536,16.4963255057543,16.549028599607304,16.926708670945615,15.587991321452794,15.446518577762395,16.097835323629056,16.161261421102417,16.039383739696685,15.777536457550315,16.572772230787997,15.980624910186796,15.791663948852058,16.83334663985811,15.932836704688048,16.204566547262473,15.993501799324372,15.966826290328532,15.998559263979374,16.127947533337323
P34884,16.86947840462856,16.452900984150567,16.563811757202675,17.203080746328986,17.44310380814907,17.64539592994067,18.2056822853875,18.12524047716429,18.086295054480505,17.787609002813973,16.543428375713663,16.09526093946561,16.21264374112578,16.90166610455756,15.022830958760903,17.85464612911659,17.610289029684264,17.895306208186973,18.147228745699543,17.844344738337487
P34928,15.884419480935644,17.660026804960843,15.94784060107689,14.592657225125063,14.450960426339009,18.150650213044617,14.953642472499677,15.056502395557676,14.829169325914018,14.733792089542609,14.18839993044656,14.248738773014216,14.226873189644305,16.344910077230814,15.560062879765315,15.155252106707929,14.84088006378352,18.4399254482473,14.907515023251563,14.944990304492626
P35279,17.670685290626956,17.48161098242767,18.07730493463513,17.31025505872205,17.95638335560423,17.787609002813973,15.899214616436035,15.993501799324372,17.445311654377253,17.554199781535587,17.66764489468163,17.73215520255005,17.911361722190914,17.749541610941733,17.75835794584472,16.404276581737186,17.46528192331689,17.276636320853832,16.053166412677005,16.246698944825305
P35282,17.793981540585406,16.769692416051235,17.285499519784647,17.29507809733934,17.386934271424803,16.561728371874693,17.249717783411466,16.75813655894027,17.12677407889876,16.88023568669566,16.93154694471169,16.98531392996711,17.494042434587506,17.454568697803854,17.281709373291893,17.2669070316608,17.061944200722756,17.91382045657661,17.21340660266442,17.259788065097705
P35283,16.111357251954335,15.884419480935644,15.976498132726078,16.471415278768113,16.728743286387406,16.1875776383686,16.23347695387089,16.198100687288626,16.013559000510934,17.41996866473105,16.11869691998081,16.483924620080618,16.179445358549913,15.580907294084653,16.572772230787997,17.16068008131952,17.263106002509925,17.64539592994067,16.150802664772357,16.858956303892118
P35290,15.22346468772049,14.705408871168178,15.297677903815082,14.090224770988595,14.105350340092958,14.69099556115421,14.511400022841844,14.609478608434037,15.605874091019254,15.439160168747303,14.62443189906935,15.162577066677898,15.529758455657156,15.2567597941021,14.890357016202097,14.716994146381404,15.910778846355502,14.582650763501414,15.602560768202446,15.229753977939973
P35293,18.152241217156128,17.65412888628205,17.386934271424803,17.985082802911954,17.633302005278566,16.960653085729923,16.797554568629657,15.520799340052378,17.0213242191599,17.54112352966739,17.35288327889465,18.42357560925522,18.262653633647734,17.678756085671203,18.111954491112115,17.749541610941733,17.64283619916258,17.603524959974784,16.606386975129716,17.564585857108266
P35486,20.589683950528062,20.617041747785322,20.461360369751638,20.870592525502502,19.882251481588618,20.60394420818158,20.450393278249244,20.045768994085144,21.0038293301104,21.20162634180764,20.60394420818158,20.71365778907975,20.805818273720142,20.426704271178217,20.63034790549067,20.805818273720142,21.312752627099353,20.26747510445282,20.470602950874202,20.84050959246877
P35564,17.10432362749829,16.614893324200175,16.566323801314113,16.918627187329072,16.777266686145666,17.37383959237027,15.976498132726078,14.67032680324834,16.70207104070682,16.814114047234536,16.848483841971486,17.259788065097705,17.285499519784647,17.12125179015954,17.144795313965545,15.811515948934936,16.46243108644962,17.40363371243514,15.905608723458263,16.201859750574574
P35700,21.48241549278334,20.95747093359308,21.74693365887078,21.542604229589745,21.94216407850464,21.14146272984866,21.51139630587692,21.108414634713746,20.700801579431218,21.125332749829006,22.156111094101366,20.870592525502502,20.857605579032814,21.466732315982902,21.51139630587692,21.20162634180764,20.805818273720142,21.406859971950645,20.79028777744073,21.046382325782645
P35979,19.3045127373746,19.965756650739692,19.37403753540534,18.010658561007176,18.54749564834063,20.426704271178217,21.20162634180764,21.406859971950645,20.68644520397291,19.334839971773405,19.322983406091808,17.917223424827096,18.9261410847361,19.274803546974578,18.67534291877795,20.824668874193524,19.79394242013594,20.889285386325295,20.939585313942462,20.38746008034168
P35980,18.36744383225511,18.71980096434951,18.42357560925522,17.081270656635375,17.0213242191599,19.608939339184467,19.579730556332454,19.45819472017397,19.545033356238292,19.734998369425703,18.30549751157621,17.936982345578773,17.80772018021429,18.322521618207993,17.83361264206847,19.51116008061792,20.05350080830655,18.09130970357867,19.84166327220762,19.672208865901176
P36552,14.441374702621863,15.489613020902329,15.580907294084653,15.659569902510864,15.25291076267798,13.728621800696644,15.960724643761818,14.28040136377894,15.690685011902678,15.631086195556104,15.534587295886373,14.727242330899045,15.168455584868656,15.238230910494655,15.352651301839472,14.363775627886259,14.146594214456846,15.569876033521208,16.214653890022383,15.550162481051467
P37040,16.982500836146098,16.240476679594664,16.58837459230723,17.41218535643221,16.130618089249857,15.071312921141082,13.908312185962078,14.005240663069339,15.532412706601482,15.427884399589866,16.441415540870686,16.890081783255233,16.991715572503388,16.655626642759334,16.991715572503388,14.03450478540999,15.772626224322593,16.332343383587393,13.973782996108477,16.2100537343874
P37804,17.31601303867988,16.93897973615989,16.800842178201734,17.166596287268096,16.97434640382524,15.315468997917478,16.061497848221492,16.56990338029312,15.292237428594898,15.65176970848288,16.206976573942576,16.678592707518952,15.212222429792154,16.340180531084666,16.649215759391605,16.198100687288626,15.08117573036942,15.111827938804348,16.044449650011757,15.577601129702632
P38060,16.327004616900417,16.68309367206349,16.366254946580064,17.169262625709532,16.36036459147711,16.214653890022383,16.10622722246483,16.476013686607416,16.44534002432181,16.21264374112578,17.572070148932653,17.515169072149675,16.918627187329072,17.188533071242286,17.115951302622406,16.68309367206349,16.808224534344642,15.888042193289422,16.173206043577068,16.12362162315233
P38647,19.672208865901176,20.293605784796455,20.439140219859453,19.86456083372228,20.226670591130407,20.037058103164064,20.06101432067798,20.293605784796455,20.173150036308524,20.08158833043575,20.357578833325334,19.931389365150654,20.183146281197608,20.331214124513856,19.97355464220379,20.49371741554465,19.960509193081236,20.700801579431218,20.13781572475612,20.07209177342391
P39447,13.352337124021167,14.248738773014216,14.367576734743116,13.791834288818066,13.683350255698732,14.46093645921196,16.418303733852664,16.301723153649952,13.711533354560277,14.099789020173262,14.069289646260959,14.160447485855723,13.690663510281889,14.603319521362218,13.777446941234263,14.41531166554509,14.195536530975028,14.30730686002357,16.115813493509155,14.260456353677236
P40124,17.55157545207064,17.985082802911954,17.241396505593773,16.85186738879242,16.04892681270931,17.724576631281554,15.147061046917482,15.259568635207625,15.061139700327832,14.919730295601003,17.008008482948355,16.201859750574574,16.368133187112512,16.741820142523036,16.32425630004023,15.362371936910312,15.038141619234867,16.93629983017057,15.117895499462918,16.14224510995184
P40142,15.173778990882408,15.103213421103016,15.306068801325093,15.737964457452467,15.384267903535005,15.191676221021856,15.693466230772177,14.502381903135184,14.396098814985631,14.275977086924176,16.483924620080618,14.800177315895255,13.846950111107319,15.907913464931354,15.617019433037342,14.62443189906935,14.380747771122333,16.52880337831991,15.41012522490404,14.441374702621863
P40630,17.5305385305905,18.10358233583293,17.836101908657188,17.55157545207064,17.838488567264722,18.637662050699568,18.10013833524055,18.2421942306563,18.296495335466297,18.402878997495208,17.778793335019355,18.11451610645798,17.793981540585406,17.765247531841293,17.648295776658806,18.147228745699543,18.086295054480505,17.803077572188666,18.332491664623074,17.650963318645914
P41105,16.66563303534638,17.657428131816634,16.380650004696243,15.969730276919824,14.80768376681861,18.74305245106579,17.967861438829196,18.036984773169642,18.36368084835582,18.48267100735208,16.725472251363733,17.16068008131952,17.967861438829196,16.71828984543482,17.087049784326272,17.81324364664505,18.922623962031516,17.042576854856794,18.52254697208366,18.407858512311783
P41216,20.369485073973614,20.470602950874202,19.79394242013594,19.16530833970769,19.663669211930547,20.56442076484551,19.871418784677353,19.018045522220042,20.805818273720142,20.779486658726558,19.691825325953484,20.16274276991077,19.938712598864875,20.045768994085144,20.16274276991077,20.013864707227803,20.60394420818158,20.589683950528062,19.646816894697274,20.439140219859453
P41317,16.061497848221492,15.960724643761818,17.693148773596796,17.527716637189165,16.448563249979642,16.43226224160768,17.19691715647509,17.313610719705427,15.62550380598837,15.393862260050932,17.462511612857988,16.0762417671677,16.725472251363733,17.304793614767682,17.111976085154247,17.445311654377253,16.81656309906331,17.72669570533258,17.749541610941733,16.113710259561945
P42125,19.02380500564057,19.938712598864875,19.310832499133262,19.38356789106438,19.808599642222,18.79920134601321,19.310832499133262,20.18969561313046,19.183326446885324,19.129223172140776,19.706281182275273,19.45331986229829,19.391696701735242,19.3045127373746,19.485235479494634,19.83406788739486,18.89696239254644,19.63249390499406,19.147614525807302,19.29167119847474
P42232,18.57234863521773,18.606277541330382,18.91262845174094,19.34781045427387,19.160105526144985,17.129346336394057,17.229432104662298,17.349907521691502,16.623559038739177,16.99632150856619,17.905931819264087,18.29876602994137,18.172232268688965,18.19080890636426,17.99567063694154,17.27306637301551,17.31862307330163,17.166596287268096,17.220134823654114,16.926708670945615
P42669,13.917975885149204,14.08232449851108,13.427473657833062,13.599475941965656,13.791834288818066,12.352961733292972,14.02509180878422,14.122965602463818,14.045288320450178,13.96015911609131,13.97905257179841,13.777446941234263,14.270094838901835,13.933189616922741,13.953949562473236,14.169024887578292,14.01009255170475,14.13086431251486,14.099789020173262,14.08232449851108
P43023,20.045768994085144,19.545033356238292,19.160105526144985,20.02385423405834,19.103663795414896,19.97355464220379,20.60394420818158,20.95747093359308,20.84050959246877,20.13781572475612,17.687931372744202,20.05350080830655,19.141192080497436,19.922304646269655,17.992397296759187,20.502017024791027,20.102767292413223,20.151135820935497,20.553065900098968,20.26747510445282
P43274,17.756083062129026,19.439421445372965,18.710263974402853,18.51033699178351,19.97355464220379,18.688865331389362,18.945522558134083,19.22046835326541,17.451575243857786,18.395097893155587,19.183326446885324,20.07209177342391,19.334839971773405,18.56164854968247,18.13604858946716,18.47854005534154,18.499674445412197,16.227119043561203,19.178235370780055,18.945522558134083
P43275,15.925154716909038,16.741820142523036,15.560062879765315,16.329688354536522,16.013559000510934,16.206976573942576,16.168834998375143,17.5305385305905,16.144542022921534,15.866492560276251,16.45080827611912,15.550162481051467,16.538398227481984,15.930362375555934,15.575425213956857,16.285263638868965,16.56990338029312,16.042010774422412,17.05920804603228,16.22435989700497
P45376,20.18969561313046,18.922623962031516,19.399066184804443,19.391696701735242,19.268161802531562,18.161697103703474,17.710019680976686,17.33950008122841,18.17544178972664,18.763965563509743,19.558106854721593,19.960509193081236,19.7589643453117,19.485235479494634,19.882251481588618,17.90240753396987,18.69737413572631,17.675710978247704,17.5043151855268,18.535362894273316
P45591,19.945017982988453,19.663669211930547,16.641864068934417,19.871418784677353,20.74892253114054,19.360688934216284,19.45819472017397,19.29167119847474,17.017948097470708,19.539457286534645,20.276047181062605,20.889285386325295,19.83406788739486,20.173150036308524,20.60394420818158,17.101906011921123,16.90459719162573,16.966564087445676,19.310832499133262,17.10432362749829
P45878,16.03138389863903,16.220651392307765,16.404276581737186,15.41012522490404,17.123962244735186,16.430217662668,16.100081154888752,16.1652186825075,16.754822487223876,15.779951529087281,17.15064329231176,15.478099793465702,15.336221451683153,16.769692416051235,15.462572781100917,16.206976573942576,15.998559263979374,15.973505544787937,16.003372415621907,16.133871220497703
P45952,19.50574895289755,19.893719389206932,19.882251481588618,20.151135820935497,19.945017982988453,19.34781045427387,19.83406788739486,19.341665417209892,19.734998369425703,19.706281182275273,20.05350080830655,19.6552033964088,19.75410703050845,19.646816894697274,19.95525363937427,19.63890817200848,19.691825325953484,19.608939339184467,19.471323010750343,19.608939339184467
P46412,15.329422662025303,14.566898858168557,13.803370634225143,15.052524649438727,14.434993212831833,14.260456353677236,14.933044202684439,15.022830958760903,14.811795353353224,14.571195640347117,14.804441003453238,15.422037606039911,14.18366768490463,14.137130183919183,14.899768173062478,15.127312692947154,14.821263604570499,14.899768173062478,14.877765007010717,14.929283524179317
P46460,17.435891899816728,16.641864068934417,17.173027615381965,17.78155131191905,17.241396505593773,17.31025505872205,16.94690031025231,16.43226224160768,16.777266686145666,17.587084016245143,17.424921615061844,17.33658040106376,17.561482262331825,17.690454633187283,17.451575243857786,16.93897973615989,17.188533071242286,17.472432416418748,16.713438186894475,17.358820359942055
P46656,16.45080827611912,16.93629983017057,17.044588470395762,16.54087236582678,17.99567063694154,19.22046835326541,18.714949639421224,19.471323010750343,19.152663780957134,18.95472545504847,18.062925606641805,17.31601303867988,16.94690031025231,17.905931819264087,17.371049351203318,18.95472545504847,18.42933449937419,18.771725671942427,18.96816998174542,18.661117274514584
P46978,13.683350255698732,13.449451174954442,13.953949562473236,15.182263399732554,13.97905257179841,13.85530049700441,14.329504467601879,14.391863026184504,14.30730686002357,14.18366768490463,14.896906612156863,15.283322213233806,14.850310004406982,13.879506402985996,14.779363205280395,14.495470089463577,14.28633067059334,14.387950443331835,14.3425171860605,14.35969373918904
P47738,18.759320948958464,19.122713897315215,18.82887547524917,18.036984773169642,18.86086854200918,17.897967989483423,17.895306208186973,17.657428131816634,17.497179088344158,17.558003750686517,19.36781822229532,19.152663780957134,18.490659285459596,19.141192080497436,19.43351784910502,17.257308905677952,17.635246893770123,18.024210207376626,17.435891899816728,17.41996866473105
P47740,14.982257922584854,14.105350340092958,13.690663510281889,14.13086431251486,13.728621800696644,14.401394740888382,14.01009255170475,14.114476873414038,14.804441003453238,13.946080777784761,13.459178614880875,14.177079196650975,14.434993212831833,13.549270547188026,14.4987274339632,14.1515990732055,13.999659370928047,14.122965602463818,14.08232449851108,14.069289646260959
P47754,16.85395423118609,17.31601303867988,17.101906011921123,16.84355177219885,19.0079271919845,17.953543654779324,17.803077572188666,16.327004616900417,17.615653430863933,17.30735540017094,16.841050004223348,19.421147519134486,18.525854919879848,17.561482262331825,17.49166880054688,16.2100537343874,15.569876033521208,15.934899753348358,17.49166880054688,16.415673505322054
P47757,17.454568697803854,18.106457263159108,17.981692152974038,18.016227110704456,20.06101432067798,18.614298355609993,18.301966839475945,17.188533071242286,17.71603560983471,17.838488567264722,17.737500887304087,20.426704271178217,19.706281182275273,18.09364616296982,18.329172761972682,16.885962247829426,16.285263638868965,16.387790646744357,16.387790646744357,17.698346687382006
P47758,18.79146027810211,17.63102142942152,18.622275947538277,18.723395011021903,18.672591168463025,17.05920804603228,17.911361722190914,18.457864275280013,17.238741308058717,17.74135870295587,18.73465024705768,18.463027013396697,18.55726760819117,18.73120648651043,18.30815914135994,18.54749564834063,18.271513398923915,17.767497686699723,18.29876602994137,18.278303594270902
P47791,14.265991125321648,14.039372800388751,16.039383739696685,14.47552960617359,17.70674967884954,14.41531166554509,15.085046757346536,15.178295921091552,14.962063782381401,14.853748912406697,14.816195787907578,15.580907294084653,15.760018465620925,14.396098814985631,16.87781368465308,15.275488708244358,14.956319777147453,15.014580672957644,15.038141619234867,15.077862658066376
P47857,21.466732315982902,17.940259383047355,21.108414634713746,21.862405058772858,20.60394420818158,16.75813655894027,17.2669070316608,19.103663795414896,19.489415819893583,19.45331986229829,20.553065900098968,21.22581550263428,20.13781572475612,20.111478237255376,20.983915003878874,17.321352119883912,17.666098234860016,20.183146281197608,20.213060597303546,18.82108478641925
P47911,18.661117274514584,19.767951103545016,19.322983406091808,18.846594247842646,18.17769432893232,20.76511997495633,20.870592525502502,21.33193899713133,20.502017024791027,20.577969344699195,19.485235479494634,18.097294795222542,19.018045522220042,18.826074357682668,18.5881074890872,20.939585313942462,20.734172393783034,19.77463038618589,21.183890892318708,20.670586440403092
P47915,14.582650763501414,16.09347049120067,16.103960719082302,14.705408871168178,14.896906612156863,18.42357560925522,18.40005578364228,19.51948616791665,18.21364764186422,17.778793335019355,14.603319521362218,15.319083990332478,15.73263953828744,14.695336035229037,14.785585365627753,18.805555003958638,18.397598544786902,18.426463008111213,19.421147519134486,18.08384131201834
P47934,18.839314764187378,18.82108478641925,18.454664213203124,18.855741593294095,18.40005578364228,18.17544178972664,18.296495335466297,17.83049629610969,18.884170672470745,18.73465024705768,18.487104314023583,19.117650399712225,19.160105526144985,18.543744335807425,18.846594247842646,18.25144033584863,18.87924242072296,17.558003750686517,18.345830547556012,18.74305245106579
P47955,20.236587854097916,20.397139127836336,19.533161115479267,17.061944200722756,20.553065900098968,14.899768173062478,18.72898466951047,18.91925231201697,18.012846241865773,18.42032813063024,16.826278137591675,19.46356318692593,19.21670203632218,16.96354293553974,20.11987357426101,19.051816513941663,18.436976726954587,21.686792265063367,18.535362894273316,18.2344507581869
P47962,17.72892478646335,18.552335107410464,18.391234669932494,17.448392040985702,17.49900907660442,19.147614525807302,18.787890824588672,18.444192857756132,18.805555003958638,18.55726760819117,18.543744335807425,17.90936310010048,18.332491664623074,17.87059215832019,18.147228745699543,18.38748437571025,18.51743738079222,18.69737413572631,18.805555003958638,18.684816863208106
P47963,19.034911068699845,19.40287900752608,19.071950184196773,18.974389618446466,17.400481803234207,20.1995787623911,19.250298328778392,18.71980096434951,19.721322795429067,19.0854050504248,18.846594247842646,18.342414565049175,19.109332588812208,18.839314764187378,18.974389618446466,18.793824082452442,19.533161115479267,19.3045127373746,19.579730556332454,19.34781045427387
P47964,18.77624733322788,18.9797163447973,19.088696595805597,18.1434254692835,17.129346336394057,20.276047181062605,19.808599642222,20.236587854097916,19.893719389206932,20.02385423405834,18.48267100735208,18.152241217156128,18.922623962031516,18.56512310901136,18.17544178972664,19.46356318692593,19.86456083372228,17.981692152974038,19.98119932773872,20.3035476745218
P48036,19.23747448564327,18.997126266878944,18.793824082452442,16.846016622085706,18.9261410847361,18.15516598004831,18.278303594270902,16.86199249986609,17.083955166513153,18.067636604510092,20.16274276991077,18.692788423569027,18.074244921381066,19.34781045427387,19.113367864576386,16.95761746780643,17.572070148932653,19.7852576534075,17.02699335688985,16.818206817494392
P48193,16.628015544109772,17.827677395424935,16.934625122232795,16.27669011398628,16.918627187329072,17.932923069622174,18.657031606976034,18.614298355609993,17.334270289259177,17.41495409195903,17.49166880054688,16.924261907615875,17.072785140321034,16.94690031025231,16.674973066060424,18.097294795222542,16.952142629741115,17.80772018021429,17.888755084302062,17.324168973995437
P48678,14.899768173062478,16.890081783255233,15.726681081032652,15.546311011901873,17.35288327889465,17.29507809733934,17.41996866473105,17.519675847328124,16.456659033451928,16.538398227481984,15.65176970848288,17.787609002813973,17.263106002509925,15.149963912085266,15.62550380598837,17.142533078774907,16.553805626739788,16.00904466443058,17.546151514474076,17.157336803185128
P48758,17.992397296759187,17.73215520255005,17.650963318645914,18.12524047716429,17.422254590645732,17.606683138382156,16.49120142113337,16.601578912139423,17.19391351441193,17.148137805751453,17.92716344636873,18.258331325723095,18.411625586945092,17.71603560983471,18.43425631442843,16.628015544109772,17.439780162952,16.404276581737186,16.479737186173647,16.620638262245475
P48771,20.71365778907975,19.147614525807302,19.117650399712225,19.141192080497436,18.55726760819117,19.06413493087259,18.74305245106579,17.690454633187283,19.50574895289755,19.178235370780055,19.360688934216284,20.340176269531327,20.131315958109433,18.805555003958638,20.00442703940837,16.88023568669566,19.38356789106438,15.486586153627849,18.282788689007585,19.0854050504248
P48962,22.395892365345478,22.796844790397937,22.156111094101366,21.068613119618927,21.542604229589745,22.796844790397937,22.025840215948175,20.924927643555897,23.007504381532904,22.91306083021744,21.596772717102628,22.796844790397937,22.700828530240337,22.265403482846978,22.435774052327275,21.542604229589745,23.007504381532904,21.905151502965776,21.434797352083372,22.3534119464251
P49222,14.58887846344795,16.90459719162573,15.238230910494655,14.716994146381404,14.907515023251563,16.204566547262473,16.36036459147711,16.65806289455072,16.35457456800458,16.26541234489624,15.714163415413747,14.716994146381404,15.158685294076179,15.954570831544121,14.800177315895255,15.600086279386511,15.321776172646173,16.021997449345594,15.379720975112624,15.399578467104721
P49290,16.1652186825075,15.993501799324372,15.095695370956111,15.693466230772177,14.18366768490463,16.085461076507418,14.248738773014216,14.329504467601879,15.772626224322593,15.814011417767002,15.158685294076179,14.779363205280395,14.599270640412508,15.49377535040316,15.451979480642668,14.406009524164423,16.60387501599841,14.292441968080615,14.506879351747846,15.59050769044938
P49312,14.140774969377352,15.067940301130054,15.639869158783554,14.355109658645091,15.984670499438124,15.67305097522151,17.166596287268096,18.265457180337698,15.78311485094902,15.647046052546145,14.169024887578292,14.226873189644305,14.18839993044656,14.716994146381404,14.33556237049331,16.999691241811075,15.65176970848288,16.760498282662866,18.032809040033158,16.46243108644962
P49443,15.439160168747303,15.164972122641009,17.01146015302819,16.538398227481984,16.942231875025136,17.497179088344158,17.891761713101424,17.749541610941733,17.407137041558357,17.358820359942055,15.336221451683153,15.556164559079173,15.794360139023976,15.575425213956857,15.587991321452794,18.411625586945092,16.07028714623957,18.080846345477145,17.675710978247704,17.215907063364714
P49586,13.908312185962078,14.72202022124876,14.571195640347117,15.117895499462918,14.962063782381401,14.045288320450178,14.785585365627753,15.560062879765315,14.41531166554509,14.292441968080615,14.01009255170475,13.953949562473236,14.495470089463577,13.999659370928047,14.239136142095358,14.648984409954318,14.391863026184504,14.511400022841844,14.47552960617359,14.46093645921196
P49813,15.580907294084653,17.383086084193213,15.168455584868656,16.875415935757488,18.749285183307155,17.225621512021274,17.23225872587725,17.75835794584472,16.136332635890025,17.01470997101877,14.978758858134853,18.961968543500387,17.564585857108266,16.26541234489624,15.162577066677898,15.984670499438124,15.70296752621564,15.666858031868959,17.044588470395762,16.237094254631142
P49817,17.820422113049705,16.645998088606326,15.995851497078707,16.378556630034833,15.608703369262836,17.115951302622406,17.138246728247502,16.51100304257015,16.59625088151106,16.896071198881184,16.436887524076894,16.68309367206349,16.125825506001735,16.273488590249436,16.168834998375143,16.567981286725523,16.19036102096137,14.265991125321648,16.293702306638277,15.907913464931354
P49962,14.424835467341442,14.137130183919183,14.925511054505955,14.821263604570499,14.531574197485403,15.32669447364538,16.07028714623957,14.686990880815307,15.980624910186796,16.270831575590492,14.515542102915552,13.97905257179841,14.630874262838267,14.195536530975028,14.561294032891018,15.927250839663605,15.78311485094902,14.637108714417446,16.1652186825075,15.10816089572246
P50171,18.24597604353273,18.85084879159792,18.59745793039929,19.02380500564057,19.4468059321889,18.296495335466297,18.61011649476,18.593601147770293,18.402878997495208,18.29155753130763,18.56897783590532,18.67534291877795,18.56897783590532,18.672591168463025,18.826074357682668,18.576219393078546,18.23890332629359,18.271513398923915,18.59745793039929,18.496141197857362
P50247,15.984670499438124,14.716994146381404,16.649215759391605,16.18284559477804,16.875415935757488,15.552969674347779,14.821263604570499,15.539714091504873,14.711241610381103,15.262574869672303,16.293702306638277,16.003372415621907,15.779951529087281,16.242273639791314,15.37612457553998,15.019639960833777,15.384267903535005,14.80768376681861,14.775499690343585,14.829169325914018
P50285,15.596622301187296,16.390896523419872,15.631086195556104,15.51185413975083,15.352651301839472,16.30469657248546,15.038141619234867,15.927250839663605,16.246698944825305,15.085046757346536,14.260456353677236,15.372041876910476,15.848295072584117,15.542422763930091,15.372041876910476,15.238230910494655,14.919730295601003,14.982257922584854,14.989882816397337,16.282459613960587
P50396,14.292441968080615,13.575266306728485,14.005240663069339,13.586108650129097,14.02509180878422,13.908312185962078,14.380747771122333,14.450960426339009,14.347682149278148,14.248738773014216,13.736966157778886,15.001179738394976,14.387950443331835,14.211538964026158,14.367576734743116,14.566898858168557,14.3425171860605,14.467600920295348,14.396098814985631,14.406009524164423
P50427,15.70296752621564,14.391863026184504,14.84088006378352,14.800177315895255,16.07028714623957,15.982617858091317,15.489613020902329,15.593434303665864,15.89593452593626,16.918627187329072,14.680883599188178,16.460010932269192,15.91345634926184,15.368670021996522,15.486586153627849,16.016932364107483,17.257308905677952,15.34957795524513,15.819247213119016,15.949910442253326
P50516,16.01123952872343,16.763008427236834,16.66343897418977,15.87513181994738,16.54629343951786,16.04892681270931,16.00904466443058,15.052524649438727,15.70296752621564,15.271877341830166,17.41495409195903,15.94784060107689,16.19036102096137,17.044588470395762,15.743935402950592,15.149963912085266,15.458171745577143,16.397164474060425,14.903513115472753,15.888042193289422
P50543,15.219239195269179,15.838000730345389,16.150802664772357,16.15360512349686,14.989882816397337,16.1652186825075,15.498881193272101,15.600086279386511,15.402178736393243,14.973703136480356,18.40005578364228,15.685182939271854,15.798304112643843,15.905608723458263,15.73263953828744,15.659569902510864,15.283322213233806,17.18501895449103,15.434679876658189,15.48143631191096
P50544,20.26747510445282,20.091714389280952,19.40287900752608,19.489415819893583,19.558106854721593,19.68123742930542,19.565356570331566,18.839314764187378,19.97355464220379,20.02903419202015,19.40287900752608,20.045768994085144,19.903938293102694,19.672208865901176,19.802381269583726,19.51948616791665,19.922304646269655,19.352586344562038,19.183326446885324,19.6552033964088
P50580,17.564585857108266,17.511615798732674,18.086295054480505,17.205889003958692,17.967861438829196,18.87924242072296,19.825705424439974,20.255113016293294,18.9261410847361,19.044488544443503,18.426463008111213,17.41495409195903,17.68437917947841,18.00438779402004,17.97015125270846,19.84166327220762,18.77624733322788,19.067381533572725,20.14610819689333,19.352586344562038
P50608,18.16829823528978,17.35288327889465,18.23146704142546,18.46028536348611,19.21670203632218,17.745887408214095,18.30549751157621,17.37383959237027,17.42656305762505,17.487682536857637,18.2344507581869,18.951325096639316,18.75353672647069,17.860062151900163,18.56512310901136,17.770493521860175,17.135035808976614,16.944540208724522,16.922027893751135,17.263106002509925
P51125,15.620460329038966,16.428136181983106,16.58265206101555,15.863175304274899,14.543658907601387,16.668493118118167,15.067940301130054,15.164972122641009,14.944990304492626,14.845055069767344,17.19391351441193,16.26233331457591,15.954570831544121,16.02767846566539,16.57599849020238,15.262574869672303,14.949760195107299,15.006871282022777,15.025521132721678,15.061139700327832
P51175,16.70207104070682,16.960653085729923,16.601578912139423,14.74764180301203,16.40707162096719,16.53415410684763,15.434679876658189,15.550162481051467,15.356273123715786,16.201859750574574,15.76750925415978,16.746171474409955,16.476013686607416,15.89593452593626,16.357763628245788,15.608703369262836,17.35642472611182,15.315468997917478,15.390940114645725,15.414149481143511
P51637,19.46356318692593,18.96816998174542,19.579730556332454,18.7073015155592,20.131315958109433,18.43425631442843,18.618829691493154,19.250298328778392,18.248247983010657,18.080846345477145,19.58724806012787,18.525854919879848,19.646816894697274,19.51116008061792,18.33982683347122,18.714949639421224,17.587084016245143,18.16521118569236,18.629563389982003,18.056043985759253
P51660,16.543428375713663,16.173206043577068,16.370958180740086,16.924261907615875,14.561294032891018,15.814011417767002,17.01146015302819,16.572772230787997,16.922027893751135,16.580028597084656,16.90925047217575,16.66343897418977,17.01470997101877,16.23347695387089,16.016932364107483,17.439780162952,17.047448565596195,16.103960719082302,17.061944200722756,16.690339479527285
P51667,14.203368106121394,16.58535434737975,15.529758455657156,14.420608989402496,14.502381903135184,14.923057040878486,16.430217662668,16.806296235562282,15.878448348424161,15.848295072584117,16.267589534256963,16.332343383587393,16.452900984150567,14.35969373918904,16.273488590249436,16.54087236582678,16.18497655714814,16.415673505322054,16.43436391937086,16.09347049120067
P51863,17.548703802292344,17.330801363230428,16.92919371305154,17.998613465705397,16.68090428038275,16.977463631114354,16.999691241811075,16.338017838992194,17.380358630795737,16.97241147402748,17.81746538244362,16.808224534344642,16.95055949534557,17.648295776658806,16.327004616900417,16.415673505322054,16.999691241811075,17.16068008131952,16.415673505322054,16.52685091056362
P51881,19.421147519134486,18.529294810872006,18.395097893155587,17.69599495355393,17.5043151855268,18.85084879159792,17.90936310010048,17.497179088344158,18.91925231201697,18.99174485400807,18.436976726954587,18.74305245106579,18.42032813063024,18.397598544786902,18.467727291894597,18.287506711155864,18.805555003958638,18.701296843331647,17.765247531841293,18.679375850872386
P51885,18.56512310901136,17.650963318645914,18.130353779935874,18.496141197857362,18.30815914135994,17.64283619916258,17.148137805751453,17.251737751366313,17.166596287268096,17.27306637301551,18.787890824588672,18.080846345477145,18.067636604510092,18.106457263159108,18.150650213044617,16.836260442110852,17.422254590645732,17.29507809733934,16.661205585863478,17.924035653696713
P52196,16.800842178201734,17.328606285257884,17.205889003958692,17.97015125270846,17.78155131191905,16.357763628245788,16.60387501599841,15.34957795524513,17.435891899816728,17.047448565596195,17.09520084335489,18.15734860652636,17.796124080723235,17.930067881647798,18.27399173833169,16.924261907615875,17.30735540017094,17.35288327889465,16.898675748115725,17.85464612911659
P52430,14.531574197485403,15.292237428594898,14.751412418739244,14.907515023251563,15.723802320798422,15.79601277558345,15.229753977939973,15.365109032161234,15.158685294076179,14.46093645921196,14.495470089463577,14.705408871168178,15.65176970848288,14.502381903135184,15.22346468772049,15.434679876658189,15.134133639824118,15.158685294076179,15.215475020312429,15.245852991145478
P52479,15.824182184474855,15.763314009004318,15.451979480642668,14.903513115472753,15.092328701255036,15.678778121243937,16.942231875025136,17.203080746328986,16.368133187112512,15.534587295886373,15.418603104939601,15.434679876658189,15.899214616436035,15.031051227113869,15.471360942979416,16.524196751485025,15.51185413975083,16.501873074232574,16.707129212252685,16.02958742623676
P52480,20.38746008034168,18.905955329526073,20.340176269531327,19.40287900752608,20.426704271178217,19.727161245671432,19.856019961643533,18.940754451289063,19.25664609055196,20.045768994085144,20.484376405916862,19.91224995046066,20.236587854097916,20.397139127836336,20.484376405916862,20.111478237255376,20.037058103164064,19.727161245671432,20.00442703940837,19.825705424439974
P52503,20.84050959246877,21.686792265063367,21.905151502965776,21.596772717102628,22.051509267440423,22.051509267440423,22.3534119464251,22.796844790397937,21.686792265063367,21.38127883057511,21.905151502965776,21.183890892318708,21.22581550263428,21.78090432555921,21.108414634713746,22.700828530240337,21.834591425720966,21.998585294669542,22.700828530240337,21.57636748852477
P52825,18.961968543500387,18.93298198401946,18.1434254692835,18.04398079198537,17.462511612857988,18.397598544786902,17.775965345639673,17.648295776658806,18.576219393078546,18.59745793039929,17.799117059635858,18.622275947538277,18.82108478641925,17.94675630726936,18.51033699178351,18.024210207376626,18.810520689826916,17.978783110405505,17.673738708612575,18.67534291877795
P53395,17.824170072409693,18.88803098980167,18.692788423569027,18.661117274514584,17.83049629610969,18.357233912078737,18.684816863208106,18.77624733322788,18.69737413572631,18.380215367975342,18.258331325723095,19.4167171666165,19.173638167996735,18.661117274514584,18.86086854200918,18.67534291877795,19.109332588812208,18.332491664623074,18.82887547524917,18.85084879159792
P53702,14.80768376681861,15.32669447364538,15.688008406216317,14.791495295256553,15.283322213233806,15.056502395557676,15.539714091504873,15.685182939271854,15.944375519519488,15.572737060010379,15.41012522490404,15.158685294076179,15.390940114645725,14.833253758200758,14.99244415944482,15.89593452593626,16.039383739696685,15.891418540093472,15.639869158783554,15.85303305121214
P53810,18.487104314023583,18.884170672470745,18.591312698361396,18.99174485400807,18.18472297779476,16.383823134188656,14.406009524164423,14.491691849767449,14.380747771122333,16.35457456800458,17.83049629610969,17.943760614616746,18.27399173833169,17.888755084302062,17.85464612911659,17.173027615381965,15.59050769044938,16.214653890022383,14.424835467341442,16.380650004696243
P53986,19.47736473165941,19.45331986229829,19.545033356238292,19.882251481588618,19.748056043631717,18.319414906206543,18.496141197857362,18.73120648651043,18.2344507581869,18.198187229296455,19.539457286534645,18.54749564834063,18.657031606976034,19.856019961643533,19.713395178557512,19.044488544443503,17.633302005278566,18.672591168463025,19.25664609055196,18.147228745699543
P53994,18.783882482644593,18.23890332629359,17.885262923691034,18.202358573416326,18.04398079198537,16.952142629741115,15.816300964002306,15.319083990332478,16.991715572503388,17.377723357057974,18.79146027810211,19.47736473165941,19.1351768758582,19.034911068699845,19.243443307244604,15.071312921141082,17.70674967884954,15.969730276919824,15.770030517963258,16.251051677362213
P54071,19.527304879775166,19.99685742738694,19.329185453489227,19.7852576534075,18.759320948958464,18.96816998174542,19.07586113580069,17.44310380814907,19.141192080497436,19.051816513941663,19.0854050504248,19.565356570331566,19.489415819893583,19.42787621286776,19.63890817200848,17.998613465705397,19.281832168516452,18.152241217156128,18.15734860652636,19.013169795939113
P54116,15.149963912085266,16.793454712036656,14.656808366596525,15.73263953828744,15.414149481143511,16.240476679594664,14.017539902157285,17.407137041558357,14.03450478540999,13.953949562473236,17.01146015302819,14.766820262661199,15.014580672957644,14.88678289775594,15.321776172646173,14.160447485855723,14.005240663069339,17.46528192331689,16.206976573942576,14.073658495565468
P54285,21.998585294669542,21.51139630587692,22.025840215948175,22.48836372406036,20.79028777744073,20.07209177342391,20.49371741554465,20.091714389280952,20.617041747785322,20.553065900098968,21.088121906942963,21.834591425720966,21.78090432555921,22.22933874399538,22.156111094101366,20.6521141682204,20.502017024791027,20.13781572475612,20.700801579431218,20.641864882497476
P54731,15.155252106707929,14.899768173062478,15.144277405546159,15.245852991145478,16.60387501599841,16.058832424729424,17.46750571381542,18.181496184853014,18.032809040033158,17.793981540585406,15.065253731898377,15.269927550078975,15.155252106707929,15.162577066677898,16.85395423118609,16.103960719082302,16.383823134188656,17.90240753396987,17.787609002813973,15.998559263979374
P54822,18.601838602185495,16.46243108644962,17.92716344636873,16.713438186894475,17.841885355233064,15.489613020902329,16.115813493509155,16.204566547262473,16.073784802715032,15.800953315145218,16.818206817494392,17.246807424795396,17.13279688304349,17.507192106131466,17.330801363230428,16.238817824352793,17.40363371243514,15.998559263979374,16.02767846566539,16.15594742921315
P55012,16.121404441351434,16.401238476283474,16.567981286725523,16.404276581737186,17.263106002509925,16.614893324200175,16.772562677755865,16.513989720796523,16.428136181983106,16.63141210740998,16.814114047234536,16.32425630004023,16.48903053151957,16.46243108644962,16.246698944825305,16.749015158910076,16.421471692334112,15.80730916658695,16.636251849009206,16.661205585863478
P55258,17.99567063694154,17.445311654377253,17.435891899816728,17.657428131816634,17.953543654779324,16.14836718949126,16.704488174661353,16.821344257321776,16.668493118118167,16.404276581737186,17.330801363230428,17.153192146135545,17.424921615061844,17.2989241082415,17.70158229840711,16.783324830756815,16.563811757202675,16.633687158690016,16.685174023944533,16.806296235562282
P55264,14.695336035229037,13.459178614880875,15.10816089572246,13.879506402985996,15.067940301130054,13.86477773999987,14.33556237049331,14.396098814985631,14.31535159704524,14.18839993044656,15.014580672957644,14.502381903135184,13.767500755213135,14.973703136480356,14.985452886859395,14.4987274339632,14.292441968080615,14.391863026184504,15.70296752621564,14.363775627886259
P55302,15.602560768202446,15.934899753348358,16.829913750250615,17.81324364664505,17.527716637189165,17.543816440328257,17.144795313965545,17.87059215832019,17.157336803185128,17.25419194947641,17.65412888628205,16.787786029335575,16.31140174350425,17.546151514474076,16.474579897193422,17.63102142942152,16.690339479527285,17.15064329231176,17.71886856773059,17.235594799084517
P55772,16.046206000705748,15.427884399589866,15.031051227113869,13.508795569801222,13.664138208619397,15.65176970848288,13.93852089806406,14.03450478540999,13.953949562473236,13.846950111107319,15.311295409527158,14.666037441115648,15.397084425394757,14.791495295256553,15.517907274934771,14.057060942124656,13.908312185962078,14.03450478540999,13.994946425764871,13.989171963932938
P56135,23.007504381532904,22.156111094101366,21.834591425720966,21.286548796855786,21.834591425720966,22.265403482846978,21.96480189779124,21.434797352083372,22.48836372406036,22.625915030671056,21.466732315982902,22.086424174001912,22.199561392149356,21.62914809131313,22.265403482846978,21.716789525616964,22.156111094101366,22.395892365345478,21.51139630587692,22.395892365345478
P56212,16.301723153649952,16.07028714623957,16.43436391937086,16.390896523419872,16.524196751485025,16.332343383587393,16.89332719907149,20.340176269531327,16.836260442110852,16.59871463476447,16.238817824352793,16.357763628245788,16.300086306127934,16.36036459147711,17.5305385305905,19.77463038618589,19.322983406091808,16.836260442110852,16.86947840462856,19.489415819893583
P56213,17.73215520255005,18.502644190664434,18.83530907147607,17.836101908657188,19.20195092901277,18.325851712263123,19.22540486398784,19.489415819893583,18.86086854200918,18.062925606641805,18.54749564834063,17.71886856773059,17.90240753396987,18.657031606976034,18.23890332629359,19.16530833970769,17.920402409528123,19.16530833970769,18.884170672470745,18.29155753130763
P56375,15.79601277558345,15.708856930318902,16.476013686607416,15.34672908070157,13.563233578392788,13.481229208574101,13.728621800696644,13.85530049700441,13.767500755213135,13.690663510281889,16.966564087445676,17.05423224585784,16.00589716555891,16.410648780816693,16.716125582424148,13.879506402985996,13.728621800696644,13.886311384574958,13.811601628003093,13.82436664994125
P56379,21.406859971950645,20.461360369751638,20.734172393783034,20.439140219859453,20.287058655216576,22.700828530240337,21.183890892318708,21.78090432555921,21.78090432555921,21.905151502965776,20.84050959246877,20.68644520397291,20.63034790549067,20.439140219859453,20.889285386325295,21.74693365887078,21.905151502965776,21.96480189779124,21.801532783027568,21.686792265063367
P56382,20.013864707227803,19.721322795429067,19.748056043631717,20.13781572475612,18.787890824588672,20.641864882497476,19.31688579109933,19.178235370780055,20.1995787623911,20.3035476745218,19.4167171666165,19.45819472017397,20.05350080830655,19.281832168516452,19.86456083372228,19.727161245671432,20.276047181062605,20.226670591130407,19.334839971773405,19.848324430086176
P56391,21.686792265063367,21.716789525616964,22.051509267440423,22.22933874399538,21.246489872929224,23.308918850626934,23.54270572200917,23.3932493789621,23.3932493789621,23.007504381532904,20.535389933423893,21.596772717102628,21.834591425720966,21.998585294669542,21.801532783027568,23.16822471813418,23.16822471813418,22.543406628988592,23.308918850626934,23.094391847023864
P56392,22.025840215948175,21.33193899713133,20.95747093359308,21.03251814095913,20.293605784796455,21.466732315982902,21.38127883057511,20.213060597303546,22.625915030671056,21.57636748852477,20.857605579032814,21.62914809131313,21.57636748852477,20.700801579431218,21.183890892318708,20.71365778907975,21.03251814095913,20.287058655216576,20.60394420818158,21.48241549278334
P56393,16.944540208724522,17.06857626211557,17.905931819264087,17.612279190457876,15.863175304274899,18.922623962031516,18.2344507581869,18.591312698361396,19.334839971773405,18.296495335466297,15.49377535040316,17.770493521860175,17.44310380814907,17.836101908657188,17.932923069622174,18.56164854968247,18.793824082452442,18.030644644693705,18.019457060833666,18.325851712263123
P56394,18.73916576183946,16.046206000705748,16.410648780816693,16.366254946580064,18.661117274514584,18.749285183307155,16.865476847872582,16.969539343991375,18.33678165279604,16.57599849020238,16.22435989700497,19.352586344562038,18.402878997495208,16.338017838992194,16.441415540870686,16.93154694471169,16.730747053517142,16.797554568629657,16.84355177219885,16.982500836146098
P56395,19.160105526144985,18.974389618446466,19.767951103545016,19.485235479494634,19.3045127373746,19.310832499133262,18.54749564834063,18.370078823069214,18.529294810872006,18.16829823528978,19.960509193081236,18.714949639421224,19.003517936108018,19.322983406091808,19.193705484012746,18.15734860652636,18.846594247842646,19.013169795939113,18.329172761972682,18.271513398923915
P56399,14.35969373918904,13.736966157778886,14.919730295601003,15.269927550078975,15.269927550078975,14.434993212831833,14.72202022124876,14.821263604570499,14.637108714417446,14.02509180878422,14.699590138772527,14.069289646260959,14.05004635577146,14.46093645921196,14.1515990732055,14.910714443596529,14.970550303254583,13.86477773999987,14.577215057783437,14.74764180301203
P56480,22.113140596776518,23.308918850626934,22.700828530240337,22.302498667361213,22.625915030671056,21.78090432555921,22.086424174001912,21.905151502965776,22.199561392149356,22.395892365345478,22.700828530240337,22.22933874399538,22.543406628988592,22.48836372406036,22.796844790397937,22.265403482846978,22.302498667361213,22.625915030671056,21.862405058772858,22.265403482846978
P56501,16.95055949534557,16.383823134188656,16.270831575590492,16.00124053740221,15.654429717894198,16.220651392307765,15.834911278904983,15.856121102274775,17.1409186454281,16.698982060708936,15.73263953828744,16.578009219037543,16.58265206101555,15.584089349200644,16.452900984150567,16.720466769150967,16.653226417130497,17.10927450519619,16.4963255057543,16.653226417130497
P56528,17.847799513901272,17.911361722190914,16.93154694471169,16.960653085729923,16.969539343991375,19.20195092901277,19.051816513941663,17.42921066183997,18.535362894273316,18.254248057102092,16.713438186894475,17.39294590734506,16.806296235562282,17.657428131816634,16.999691241811075,18.601838602185495,17.123962244735186,18.384281328044707,18.783882482644593,18.4399254482473
P56695,14.005240663069339,14.380747771122333,14.630874262838267,13.994946425764871,14.985452886859395,15.08117573036942,15.873126298641903,16.436887524076894,16.17681671145689,16.103960719082302,13.109707555396417,15.292237428594898,15.750278837626055,13.989171963932938,14.870081030669045,16.456659033451928,16.18284559477804,16.711175800387206,16.54087236582678,15.976498132726078
P56812,15.587991321452794,15.311295409527158,16.30469657248546,15.130888142873536,16.620638262245475,16.00124053740221,16.639477413014212,16.293702306638277,15.788824770921277,16.04892681270931,16.918627187329072,14.996463323954822,15.542422763930091,16.267589534256963,16.387790646744357,16.78044367973605,16.0762417671677,15.670280194345924,16.711175800387206,15.791663948852058
P57759,16.4963255057543,16.553805626739788,15.958288048495424,15.292237428594898,16.039383739696685,17.215907063364714,17.546151514474076,17.638617854956586,17.41996866473105,16.593844040743175,16.259337364402032,15.356273123715786,14.073658495565468,16.31549540396195,15.59050769044938,17.612279190457876,16.85395423118609,17.95005833609027,17.13279688304349,16.053166412677005
P57776,17.953543654779324,18.98593416380268,17.959806051647202,17.72669570533258,17.895306208186973,19.818511964341873,19.713395178557512,19.77463038618589,19.748056043631717,18.024210207376626,18.55726760819117,18.11797275702317,17.83049629610969,18.370078823069214,18.591312698361396,19.31688579109933,19.034911068699845,20.091714389280952,18.839314764187378,18.614298355609993
P57780,14.410378302048182,15.34672908070157,13.82436664994125,14.260456353677236,15.46558578726117,15.763314009004318,13.549270547188026,13.664138208619397,14.069289646260959,13.472695105067398,14.771562607145128,15.2567597941021,14.329504467601879,14.347682149278148,13.481229208574101,13.690663510281889,12.824136995799364,13.67511327356875,13.599475941965656,13.643126264002907
P57787,16.00904466443058,15.035141491993437,14.95921994936345,14.680883599188178,14.833253758200758,14.680883599188178,14.686990880815307,14.775499690343585,14.599270640412508,14.446452133127915,14.72202022124876,16.393977145986078,16.460010932269192,14.785585365627753,15.537445307962363,14.87385320121751,13.736966157778886,14.711241610381103,14.656808366596525,14.705408871168178
P58059,17.148137805751453,16.410648780816693,17.507192106131466,16.474579897193422,16.54087236582678,17.693148773596796,17.625249119756884,17.489184669478796,17.882647677021478,18.030644644693705,15.969730276919824,16.848483841971486,17.017948097470708,16.48714026421141,17.072785140321034,18.1434254692835,18.13356929777541,16.30469657248546,17.775965345639673,18.040558140844034
P58252,18.763965563509743,18.89696239254644,18.36744383225511,18.59745793039929,18.02677899116964,17.7619608328409,18.152241217156128,17.680378849380652,17.81746538244362,17.635246893770123,18.579172689319417,17.888755084302062,18.18472297779476,18.056043985759253,18.514167063758197,18.080846345477145,17.712185611519836,17.799117059635858,18.067636604510092,17.943760614616746
P58281,17.215907063364714,16.865476847872582,16.95455758979811,16.410648780816693,16.693929445147603,16.31140174350425,14.45555725457589,14.552658991718408,16.43226224160768,16.942231875025136,16.357763628245788,16.86947840462856,16.875415935757488,16.609707536279277,16.4963255057543,15.998559263979374,16.979922526858495,14.524436914793446,16.36036459147711,16.532303449186387
P58771,18.637662050699568,20.350264937321363,20.07209177342391,19.274803546974578,22.91306083021744,20.577969344699195,20.287058655216576,19.558106854721593,20.553065900098968,19.727161245671432,19.882251481588618,23.094391847023864,22.3534119464251,20.16274276991077,21.046382325782645,18.644300593555197,17.75835794584472,17.625249119756884,17.712185611519836,19.334839971773405
P58774,16.698982060708936,18.490659285459596,18.18472297779476,18.09364616296982,21.466732315982902,19.28591908300357,18.93298198401946,18.380215367975342,18.855741593294095,18.00438779402004,17.6632012656113,21.406859971950645,20.617041747785322,18.29155753130763,18.9797163447973,17.72669570533258,16.418303733852664,16.55137108546443,17.281709373291893,17.97439179585499
P59017,16.89332719907149,16.896071198881184,16.418303733852664,15.990727084368192,15.705083730230644,16.59871463476447,16.483924620080618,17.281709373291893,17.008008482948355,16.46821754903481,15.923160456085046,16.24508727723093,16.357763628245788,16.03138389863903,16.18284559477804,16.690339479527285,16.685174023944533,17.173027615381965,17.249717783411466,16.553805626739788
P59325,16.483924620080618,15.275488708244358,16.02958742623676,16.85622845978967,16.63141210740998,14.424835467341442,15.077862658066376,15.171162715763884,14.956319777147453,14.850310004406982,16.655626642759334,16.25362378937894,16.366254946580064,16.436887524076894,16.430217662668,15.269927550078975,16.158297537349718,16.158297537349718,15.963748578374577,15.071312921141082
P59648,16.338017838992194,16.507308218896206,16.59871463476447,15.552969674347779,16.042010774422412,16.09526093946561,16.03431155983341,15.937743787073416,15.014580672957644,15.486586153627849,16.25653582328419,15.753830936774014,14.727242330899045,15.915778897513027,15.848295072584117,16.02767846566539,15.743935402950592,15.147061046917482,15.636006941528157,16.474579897193422
P59999,14.177079196650975,15.647046052546145,14.373802999779727,15.173778990882408,16.115813493509155,17.008008482948355,15.010387727874951,15.10816089572246,14.883048296370884,14.785585365627753,16.56990338029312,16.02958742623676,15.506551846886342,14.33556237049331,14.373802999779727,15.203312068106726,14.883048296370884,14.956319777147453,14.95921994936345,15.006871282022777
P60060,16.93629983017057,17.4174988667743,17.86323756311658,17.005131623186923,18.012846241865773,17.448392040985702,17.361429718890584,17.753047660760767,16.46243108644962,17.597024764323443,17.584181686787865,17.061944200722756,17.95638335560423,17.18501895449103,17.12677407889876,16.612233441917926,17.99567063694154,18.02677899116964,16.45080827611912,17.558003750686517
P60202,17.076832889343816,15.577601129702632,16.046206000705748,15.821530359657421,15.34672908070157,15.245852991145478,15.884419480935644,15.982617858091317,16.00904466443058,15.552969674347779,16.349674086050076,16.404276581737186,15.271877341830166,15.095695370956111,16.628015544109772,16.056047364008677,15.770030517963258,15.757144155316078,15.816300964002306,15.932836704688048
P60229,13.37053814810391,13.192136661784113,13.535981701700322,14.211538964026158,13.599475941965656,15.51185413975083,13.82436664994125,13.93852089806406,15.010387727874951,13.777446941234263,13.330600938345935,13.300699006898574,13.886311384574958,13.508795569801222,13.535981701700322,13.96015911609131,14.47552960617359,13.946080777784761,14.74245400704712,13.897945585338055
P60335,18.475116441287344,19.297752672549333,18.73120648651043,18.73465024705768,19.43351784910502,17.83361264206847,16.989068549121225,17.205889003958692,16.97241147402748,17.135035808976614,18.202358573416326,17.992397296759187,17.633302005278566,18.359631261846697,18.074244921381066,16.66563303534638,17.081270656635375,17.285499519784647,16.93629983017057,16.95455758979811
P60603,18.922623962031516,18.471715071718833,18.82108478641925,18.342414565049175,17.448392040985702,18.684816863208106,18.18472297779476,18.29876602994137,19.274803546974578,18.86086854200918,18.121783855142557,18.56897783590532,18.7469593396453,18.12524047716429,18.85084879159792,18.436976726954587,18.661117274514584,18.56164854968247,18.23890332629359,18.922623962031516
P60670,16.690339479527285,15.987853976938865,16.924261907615875,16.623559038739177,17.06857626211557,16.494154354786193,15.993501799324372,16.082544546889245,17.535813263945876,16.934625122232795,16.368133187112512,16.633687158690016,16.158297537349718,16.397164474060425,16.926708670945615,16.144542022921534,15.902391004492808,15.848295072584117,15.902391004492808,16.609707536279277
P60766,18.54749564834063,18.384281328044707,17.895306208186973,17.324168973995437,17.27037287563324,18.5881074890872,18.147228745699543,16.66343897418977,18.42933449937419,19.103663795414896,17.523111509759765,18.6681894006985,18.87924242072296,18.502644190664434,18.29155753130763,17.765247531841293,18.6681894006985,18.29876602994137,17.97439179585499,17.936982345578773
P60843,15.915778897513027,16.370958180740086,14.08232449851108,15.451979480642668,16.86947840462856,14.017539902157285,14.603319521362218,14.695336035229037,14.531574197485403,14.429752851758172,15.998559263979374,15.85303305121214,15.045579692714375,15.402178736393243,15.249244462213529,14.796198876121887,14.561294032891018,14.645259977011458,14.592657225125063,14.630874262838267
P60867,21.183890892318708,21.20162634180764,20.535389933423893,20.617041747785322,19.013169795939113,21.046382325782645,20.02903419202015,19.26212957792511,20.56442076484551,19.7589643453117,20.56442076484551,20.02903419202015,20.535389933423893,20.41039484084969,20.502017024791027,19.29167119847474,20.49371741554465,20.00442703940837,19.527304879775166,19.882251481588618
P61021,16.418303733852664,16.013559000510934,16.553805626739788,15.569876033521208,16.94690031025231,15.580907294084653,15.743935402950592,16.30469657248546,16.09081354753402,16.17681671145689,15.980624910186796,16.87781368465308,16.14224510995184,16.357763628245788,15.564074872854784,16.0762417671677,15.848295072584117,16.351912672819864,16.25362378937894,16.222612867761242
P61027,18.00438779402004,17.710019680976686,17.46750571381542,17.936982345578773,15.998559263979374,16.93154694471169,16.766417156471043,16.430217662668,17.249717783411466,18.10358233583293,17.543816440328257,18.278303594270902,17.98829922347533,17.157336803185128,18.41647565459286,17.203080746328986,17.765247531841293,17.70674967884954,16.639477413014212,17.31025505872205
P61028,13.690663510281889,14.766820262661199,14.137130183919183,14.122965602463818,14.226873189644305,15.095695370956111,14.666037441115648,14.757050975785557,14.58887846344795,14.491691849767449,13.923539073176169,14.850310004406982,14.829169325914018,14.069289646260959,14.099789020173262,14.857134232139689,14.630874262838267,14.699590138772527,14.645259977011458,14.69099556115421
P61082,19.18799529071361,20.589683950528062,18.48267100735208,19.88822502045067,20.670586440403092,19.173638167996735,18.30815914135994,18.16521118569236,17.33950008122841,17.911361722190914,17.710019680976686,19.767951103545016,18.89249845473423,16.220651392307765,18.940754451289063,16.85395423118609,17.57662844066921,17.836101908657188,18.22371761296218,17.83361264206847
P61087,16.065145679545807,17.249717783411466,16.994082835120732,17.46528192331689,15.980624910186796,15.46558578726117,15.10004197931255,15.198676850409475,14.978758858134853,14.870081030669045,14.30730686002357,16.413187547665455,16.393977145986078,15.600086279386511,16.80389473844276,15.297677903815082,14.982257922584854,15.031051227113869,15.067940301130054,15.092328701255036
P61089,20.439140219859453,21.286548796855786,20.397139127836336,20.670586440403092,20.68644520397291,19.160105526144985,17.135035808976614,16.17681671145689,17.936982345578773,18.467727291894597,20.1995787623911,19.7852576534075,20.331214124513856,19.51948616791665,19.938712598864875,16.787786029335575,17.95005833609027,17.72892478646335,17.09520084335489,17.587084016245143
P61161,15.144277405546159,15.726681081032652,14.816195787907578,13.973782996108477,14.524436914793446,15.770030517963258,14.48733773741946,14.577215057783437,14.450960426339009,14.347682149278148,15.971473718228049,15.42504545962997,14.982257922584854,14.705408871168178,14.836839379985031,14.680883599188178,14.429752851758172,16.01965978169674,14.4987274339632,14.506879351747846
P61222,16.003372415621907,14.619296055769079,14.511400022841844,16.17091975889223,14.637108714417446,15.089277149632872,15.155252106707929,15.269927550078975,15.067940301130054,14.940995594646205,15.656926184822169,16.150802664772357,15.623232095838185,14.491691849767449,15.824182184474855,15.368670021996522,15.838000730345389,15.092328701255036,15.127312692947154,15.173778990882408
P61255,17.882647677021478,18.940754451289063,18.601838602185495,18.032809040033158,18.11797275702317,19.539457286534645,19.439421445372965,20.173150036308524,19.23747448564327,18.397598544786902,18.172232268688965,17.625249119756884,18.54749564834063,17.75835794584472,17.86323756311658,19.574639633404903,19.067381533572725,19.07586113580069,19.856019961643533,19.103663795414896
P61358,19.067381533572725,19.38356789106438,18.47854005534154,17.787609002813973,16.436887524076894,19.856019961643533,19.34781045427387,18.82887547524917,19.61438114817877,19.183326446885324,18.16521118569236,17.511615798732674,18.377998196352735,18.150650213044617,18.210297767040252,18.89249845473423,19.06413493087259,16.476013686607416,18.91925231201697,19.22046835326541
P61364,15.693466230772177,15.998559263979374,16.989068549121225,15.949910442253326,19.178235370780055,15.753830936774014,16.044449650011757,16.127947533337323,15.954570831544121,16.559201263243565,16.438725055416505,17.024240105006363,16.362669500066467,16.21791391744498,16.641864068934417,17.879066972991428,15.934899753348358,15.89593452593626,17.25419194947641,16.734380303872307
P61514,17.220134823654114,16.979922526858495,15.859236768702775,15.623232095838185,14.785585365627753,17.098820699086147,16.30469657248546,14.870081030669045,16.821344257321776,16.51597275232473,15.414149481143511,16.797554568629657,17.049909230909854,15.636006941528157,17.008008482948355,14.973703136480356,16.397164474060425,16.436887524076894,16.19369810558993,16.136332635890025
P61804,16.329688354536522,14.804441003453238,15.49377535040316,15.22346468772049,15.103213421103016,14.953642472499677,15.617019433037342,15.721820317041937,15.51185413975083,15.33320736025556,15.61469005672846,15.489613020902329,15.427884399589866,16.061497848221492,16.053166412677005,15.798304112643843,15.520799340052378,15.462572781100917,15.552969674347779,15.654429717894198
P61971,18.974389618446466,15.111827938804348,18.633201950403677,18.637662050699568,15.647046052546145,15.517907274934771,16.136332635890025,16.21791391744498,16.097835323629056,15.824182184474855,15.2891617443386,19.129223172140776,18.370078823069214,15.397084425394757,19.250298328778392,16.246698944825305,16.03431155983341,16.013559000510934,16.046206000705748,16.17091975889223
P61979,16.75813655894027,17.487682536857637,17.31601303867988,17.25419194947641,17.358820359942055,17.92716344636873,17.810426546486035,18.40005578364228,17.321352119883912,16.521450904560936,17.032288885952582,16.507308218896206,16.430217662668,16.68309367206349,16.848483841971486,17.328606285257884,16.783324830756815,17.249717783411466,18.576219393078546,16.390896523419872
P61982,18.7073015155592,17.967861438829196,18.40005578364228,19.4468059321889,18.647629502202797,18.42032813063024,18.38748437571025,17.778793335019355,18.5881074890872,19.02380500564057,18.059981592639097,18.763965563509743,18.22648183750755,18.42933449937419,18.759320948958464,18.348411157473027,19.103663795414896,18.15734860652636,18.457864275280013,18.618829691493154
P62071,16.730747053517142,15.71741460476323,16.32425630004023,16.136332635890025,15.297677903815082,16.09347049120067,16.016932364107483,15.915778897513027,16.89332719907149,16.4963255057543,16.413187547665455,16.390896523419872,16.751910700204583,16.17681671145689,16.86947840462856,16.01123952872343,16.55691743267369,15.899214616436035,15.502012976062119,17.032288885952582
P62073,18.866565088085313,19.183326446885324,19.88822502045067,18.531979873129668,19.802381269583726,18.88803098980167,19.485235479494634,19.129223172140776,18.692788423569027,18.43425631442843,19.713395178557512,18.61011649476,19.152663780957134,19.23747448564327,18.91262845174094,18.997126266878944,18.41647565459286,18.487104314023583,19.16530833970769,18.529294810872006
P62075,18.067636604510092,17.756083062129026,18.487104314023583,17.64539592994067,17.377723357057974,18.629563389982003,18.591312698361396,18.487104314023583,18.606277541330382,18.843418222302148,18.945522558134083,18.7073015155592,18.749285183307155,18.463027013396697,18.315346572616036,18.606277541330382,18.47854005534154,18.407858512311783,18.98593416380268,18.172232268688965
P62077,16.85622845978967,16.63141210740998,17.820422113049705,17.35642472611182,16.645998088606326,18.7073015155592,18.41647565459286,19.25664609055196,18.61011649476,17.90936310010048,18.147228745699543,17.220134823654114,17.220134823654114,17.710019680976686,17.65412888628205,18.905955329526073,18.121783855142557,18.846594247842646,18.475116441287344,17.64539592994067
P62082,16.793454712036656,17.622285844580013,16.173206043577068,15.757144155316078,17.1626813000877,16.785368655465184,18.188438189377088,18.33678165279604,18.271513398923915,18.086295054480505,15.976498132726078,16.45080827611912,17.361429718890584,16.430217662668,16.43436391937086,18.086295054480505,18.43425631442843,19.533161115479267,17.92716344636873,18.032809040033158
P62137,16.103960719082302,16.30469657248546,16.85622845978967,17.02699335688985,15.763314009004318,16.580028597084656,16.251051677362213,16.340180531084666,16.222612867761242,15.944375519519488,16.66563303534638,15.905608723458263,16.754822487223876,16.201859750574574,16.52685091056362,16.35457456800458,16.22890902936907,16.127947533337323,16.730747053517142,16.327004616900417
P62141,18.997126266878944,20.670586440403092,18.997126266878944,19.122713897315215,19.147614525807302,20.924927643555897,20.779486658726558,20.617041747785322,20.41039484084969,20.426704271178217,18.884170672470745,20.293605784796455,20.14610819689333,20.68644520397291,20.56442076484551,20.589683950528062,20.38746008034168,20.617041747785322,20.857605579032814,20.924927643555897
P62192,15.51185413975083,15.115875229123228,15.468680919842276,15.42504545962997,16.10622722246483,14.363775627886259,15.028207656308023,15.130888142873536,15.486586153627849,14.811795353353224,15.095695370956111,15.881943784170412,15.61469005672846,14.99244415944482,15.834911278904983,15.226932330793806,14.907515023251563,14.966552801142763,14.978758858134853,15.028207656308023
P62242,18.651603023412967,19.28591908300357,18.21364764186422,18.322521618207993,16.612233441917926,20.06101432067798,19.480698550016374,19.152663780957134,19.931389365150654,19.83406788739486,17.924035653696713,17.650963318645914,18.407858512311783,17.95638335560423,18.10013833524055,19.63249390499406,20.213060597303546,18.56897783590532,19.86456083372228,19.88822502045067
P62245,20.226670591130407,20.226670591130407,19.421147519134486,19.767951103545016,18.049996631740363,20.779486658726558,19.40287900752608,19.965756650739692,20.26747510445282,19.68123742930542,19.28591908300357,18.040558140844034,19.600439312634993,19.23252723829608,19.039189930955697,19.113367864576386,20.02385423405834,19.23252723829608,19.20195092901277,19.558106854721593
P62259,18.391234669932494,17.95638335560423,18.67534291877795,17.981692152974038,18.951325096639316,17.90240753396987,17.998613465705397,18.296495335466297,17.71886856773059,17.749541610941733,18.7073015155592,18.651603023412967,17.83361264206847,18.319414906206543,18.348411157473027,17.90936310010048,17.215907063364714,17.48161098242767,17.932923069622174,17.836101908657188
P62267,16.25362378937894,17.22358187073719,16.836260442110852,16.111357251954335,16.291331503620277,17.91382045657661,16.806296235562282,17.19122070489221,17.83049629610969,17.02699335688985,15.963748578374577,16.12362162315233,16.814114047234536,16.108339936462162,15.779951529087281,15.934899753348358,17.71603560983471,17.71603560983471,17.39294590734506,17.098820699086147
P62274,19.399066184804443,20.60394420818158,20.983915003878874,19.77463038618589,19.903938293102694,20.734172393783034,20.183146281197608,20.02903419202015,20.183146281197608,19.63249390499406,20.213060597303546,19.545033356238292,20.00442703940837,20.461360369751638,20.26747510445282,19.691825325953484,20.013864707227803,20.983915003878874,20.535389933423893,20.375852474555902
P62281,18.95472545504847,19.23252723829608,18.872441716893498,18.271513398923915,17.31025505872205,19.399066184804443,18.810520689826916,18.496141197857362,19.281832168516452,18.332491664623074,18.633201950403677,18.301966839475945,18.872441716893498,18.52254697208366,18.444192857756132,18.61011649476,19.122713897315215,19.21670203632218,18.937647466272757,18.866565088085313
P62301,19.129223172140776,18.76759134965433,16.81093283135739,17.756083062129026,16.774641137098122,19.808599642222,18.11451610645798,17.27037287563324,19.439421445372965,19.141192080497436,17.615653430863933,18.10013833524055,18.42357560925522,17.865897729771294,18.287506711155864,17.523111509759765,19.721322795429067,18.012846241865773,17.66764489468163,18.81530147431623
P62334,14.877765007010717,14.896906612156863,14.226873189644305,15.647046052546145,14.903513115472753,13.933189616922741,14.491691849767449,14.582650763501414,14.45555725457589,14.355109658645091,14.387950443331835,14.506879351747846,14.9367958209861,14.177079196650975,15.056502395557676,14.686990880815307,14.434993212831833,14.555697307567666,14.502381903135184,14.511400022841844
P62631,19.4167171666165,19.044488544443503,18.723395011021903,18.657031606976034,18.98593416380268,19.0079271919845,19.013169795939113,17.62798207841176,19.193705484012746,20.07209177342391,19.391696701735242,19.533161115479267,19.29167119847474,19.945017982988453,19.767951103545016,18.72898466951047,19.818511964341873,18.647629502202797,19.07991006217845,19.07991006217845
P62702,16.220651392307765,16.567981286725523,16.037168165463562,16.21264374112578,14.555697307567666,17.175726879509117,16.58837459230723,15.191676221021856,17.246807424795396,16.674973066060424,15.471360942979416,14.35969373918904,14.903513115472753,14.775499690343585,16.566323801314113,15.2891617443386,17.344088522086913,16.829913750250615,15.969730276919824,16.90925047217575
P62717,16.6716372196514,17.18501895449103,16.161261421102417,16.227119043561203,15.478099793465702,17.852155108346302,17.638617854956586,17.953543654779324,18.121783855142557,18.097294795222542,16.01123952872343,16.59871463476447,17.292205479672383,16.09526093946561,16.43226224160768,18.036984773169642,18.629563389982003,16.567981286725523,18.056043985759253,18.150650213044617
P62746,15.539714091504873,15.478099793465702,15.881943784170412,15.91345634926184,15.451979480642668,15.735578279963727,15.666858031868959,15.760018465620925,15.33320736025556,15.362371936910312,15.746777501940187,14.933044202684439,15.399578467104721,15.978486584539263,15.006871282022777,15.840375553227057,15.556164559079173,15.489613020902329,15.726681081032652,15.688008406216317
P62751,17.188533071242286,18.02677899116964,18.147228745699543,16.31140174350425,16.227119043561203,19.297752672549333,20.02385423405834,19.818511964341873,19.37403753540534,18.496141197857362,17.70158229840711,16.572772230787997,16.934625122232795,18.012846241865773,17.15064329231176,19.22540486398784,18.85084879159792,18.258331325723095,19.931389365150654,18.640308249604978
P62754,18.016227110704456,18.22371761296218,18.067636604510092,17.885262923691034,17.745887408214095,19.20938396057736,19.16530833970769,19.1351768758582,19.243443307244604,19.039189930955697,17.680378849380652,17.215907063364714,18.12524047716429,18.02677899116964,17.633302005278566,19.34781045427387,19.20195092901277,19.297752672549333,19.37403753540534,19.297752672549333
P62814,15.468680919842276,15.902391004492808,15.329422662025303,15.478099793465702,15.636006941528157,16.678592707518952,17.439780162952,17.01470997101877,16.685174023944533,16.15360512349686,15.735578279963727,15.623232095838185,15.838000730345389,15.693466230772177,15.819247213119016,16.890081783255233,16.746171474409955,17.546151514474076,16.61820190882106,16.918627187329072
P62830,19.25664609055196,18.714949639421224,17.99046568935768,18.07730493463513,17.08987074951222,19.779311297230684,18.71980096434951,18.89249845473423,19.550747458740126,18.89696239254644,17.693148773596796,18.4399254482473,18.684816863208106,18.296495335466297,18.7073015155592,18.640308249604978,19.310832499133262,18.446346323106553,18.30549751157621,18.644300593555197
P62843,18.36368084835582,15.372041876910476,19.018045522220042,15.723802320798422,15.869663246772415,20.350264937321363,17.856799493298915,18.23890332629359,19.485235479494634,18.945522558134083,15.498881193272101,15.73263953828744,15.631086195556104,17.564585857108266,15.816300964002306,17.680378849380652,18.525854919879848,18.543744335807425,18.579172689319417,18.937647466272757
P62849,19.903938293102694,19.103663795414896,19.341665417209892,18.61011649476,18.6681894006985,18.591312698361396,16.66563303534638,16.783324830756815,18.56164854968247,18.036984773169642,18.826074357682668,19.07991006217845,19.421147519134486,19.29167119847474,18.95472545504847,16.75813655894027,18.348411157473027,18.640308249604978,16.66343897418977,18.36744383225511
P62852,18.499674445412197,18.56512310901136,18.525854919879848,18.33982683347122,16.858956303892118,18.759320948958464,18.322521618207993,18.59745793039929,19.0854050504248,18.012846241865773,18.496141197857362,17.724576631281554,18.007235921607688,18.377998196352735,18.407858512311783,18.43425631442843,18.71980096434951,18.98593416380268,18.248247983010657,18.072013605180732
P62855,18.59745793039929,17.943760614616746,17.5305385305905,16.204566547262473,16.334587330977822,19.47736473165941,19.193705484012746,19.702004928382348,19.113367864576386,18.15734860652636,17.930067881647798,17.891761713101424,17.5305385305905,16.136332635890025,18.322521618207993,18.88803098980167,19.334839971773405,19.779311297230684,19.558106854721593,18.73120648651043
P62858,18.332491664623074,18.352961934754212,18.974389618446466,18.188438189377088,18.407858512311783,20.00442703940837,19.408071203488337,19.848324430086176,19.22540486398784,18.56164854968247,18.265457180337698,17.494042434587506,17.865897729771294,18.446346323106553,18.2421942306563,19.4167171666165,18.96816998174542,20.213060597303546,19.399066184804443,18.723395011021903
P62874,18.254248057102092,18.397598544786902,18.332491664623074,18.43425631442843,17.770493521860175,18.593601147770293,18.826074357682668,18.049996631740363,17.90240753396987,17.78155131191905,18.471715071718833,17.734970182160698,17.827677395424935,18.391234669932494,17.687931372744202,18.053371364474067,17.638617854956586,18.723395011021903,18.606277541330382,18.016227110704456
P62878,14.46093645921196,13.917975885149204,13.563233578392788,14.495470089463577,13.52364304963227,13.449451174954442,13.683350255698732,13.791834288818066,13.719552549375294,13.623938867813456,13.599475941965656,13.699518704216942,13.86477773999987,13.087749506414017,13.623938867813456,13.811601628003093,13.67511327356875,13.830232428651678,13.736966157778886,13.758144482513714
P62880,19.40287900752608,18.499674445412197,17.99567063694154,16.88023568669566,18.375162630633092,18.79146027810211,18.12524047716429,17.765247531841293,18.254248057102092,18.30815914135994,18.529294810872006,18.471715071718833,17.99567063694154,18.79146027810211,18.637662050699568,18.04398079198537,18.2344507581869,18.194695948219703,18.08384131201834,17.820422113049705
P62889,17.767497686699723,18.601838602185495,17.610289029684264,17.558003750686517,14.727242330899045,18.46028536348611,19.067381533572725,18.88803098980167,18.83530907147607,18.29876602994137,17.27037287563324,17.276636320853832,17.472432416418748,17.358820359942055,16.960653085729923,18.679375850872386,18.73465024705768,17.932923069622174,19.274803546974578,18.89249845473423
P62892,17.810426546486035,18.210297767040252,18.30549751157621,16.922027893751135,17.4174988667743,19.691825325953484,19.341665417209892,19.97355464220379,18.73120648651043,18.45017797765226,16.54629343951786,17.597024764323443,18.040558140844034,17.90240753396987,17.690454633187283,19.608939339184467,19.147614525807302,19.86456083372228,19.61438114817877,19.243443307244604
P62897,16.61820190882106,16.40707162096719,16.875415935757488,16.073784802715032,16.713438186894475,16.772562677755865,16.66343897418977,16.130618089249857,16.960653085729923,16.98531392996711,17.061944200722756,17.30735540017094,17.41996866473105,17.344088522086913,17.985082802911954,15.182263399732554,17.035220393494512,16.549028599607304,16.578009219037543,16.436887524076894
P62900,17.62798207841176,18.56164854968247,18.61011649476,17.08987074951222,17.64283619916258,19.334839971773405,20.340176269531327,20.670586440403092,19.600439312634993,19.533161115479267,18.072013605180732,17.13279688304349,17.334270289259177,17.734970182160698,17.91382045657661,20.293605784796455,19.600439312634993,18.188438189377088,20.670586440403092,20.255113016293294
P62908,18.411625586945092,18.13604858946716,17.462511612857988,17.22358187073719,15.843090928927955,18.210297767040252,16.783324830756815,16.549028599607304,17.940259383047355,17.77323038861822,17.182211998304425,17.538195898734124,17.860062151900163,17.63102142942152,17.622285844580013,16.214653890022383,17.930067881647798,17.698346687382006,16.989068549121225,17.46528192331689
P62911,18.150650213044617,17.920402409528123,17.546151514474076,16.549028599607304,14.929283524179317,19.579730556332454,18.688865331389362,19.439421445372965,19.178235370780055,19.43351784910502,16.430217662668,17.94675630726936,18.325851712263123,16.92919371305154,16.601578912139423,18.85084879159792,19.7589643453117,17.533413733517648,19.37927991832144,19.45819472017397
P62918,18.198187229296455,19.51116008061792,19.003517936108018,18.086295054480505,17.590341455561234,19.931389365150654,20.397139127836336,21.046382325782645,19.779311297230684,19.59406065240999,18.905955329526073,18.172232268688965,18.67534291877795,18.395097893155587,17.897967989483423,20.426704271178217,20.02903419202015,19.178235370780055,20.63034790549067,20.111478237255376
P62932,15.46558578726117,16.563811757202675,14.762585399243846,15.819247213119016,16.841050004223348,15.319083990332478,15.402178736393243,16.383823134188656,15.329422662025303,15.178295921091552,14.58887846344795,17.008008482948355,17.507192106131466,14.69099556115421,16.1652186825075,15.580907294084653,15.271877341830166,15.292237428594898,15.356273123715786,15.12391128922533
P62962,18.4399254482473,17.820422113049705,17.494042434587506,15.61469005672846,18.2056822853875,17.46750571381542,17.05920804603228,17.885262923691034,17.129346336394057,16.865476847872582,18.606277541330382,16.926708670945615,17.35642472611182,17.895306208186973,18.049996631740363,17.47620486106079,17.276636320853832,18.839314764187378,17.396778600638424,16.999691241811075
P62983,17.27037287563324,17.844344738337487,18.359631261846697,17.13279688304349,15.292237428594898,18.080846345477145,17.693148773596796,17.08987074951222,17.478425207354842,16.836260442110852,17.380358630795737,15.949910442253326,17.49900907660442,17.1626813000877,16.760498282662866,16.00904466443058,16.94690031025231,15.696427434702581,17.251737751366313,16.698982060708936
P63001,19.297752672549333,18.377998196352735,18.763965563509743,19.498871012520596,18.319414906206543,18.140068047990248,18.444192857756132,18.17544178972664,18.23890332629359,18.13604858946716,19.05842373408581,18.82887547524917,18.457864275280013,18.866565088085313,18.640308249604978,17.865897729771294,17.841885355233064,18.531979873129668,18.301966839475945,17.775965345639673
P63005,15.998559263979374,15.809418026978886,15.750278837626055,16.133871220497703,15.365109032161234,16.71828984543482,16.84355177219885,17.144795313965545,16.037168165463562,14.985452886859395,15.67305097522151,15.934899753348358,15.37612457553998,16.00589716555891,15.572737060010379,17.454568697803854,15.089277149632872,17.386934271424803,16.460010932269192,15.212222429792154
P63011,15.600086279386511,15.092328701255036,16.293702306638277,15.620460329038966,17.246807424795396,16.32425630004023,16.37458468825991,17.386934271424803,16.46821754903481,16.713438186894475,15.884419480935644,15.932836704688048,15.279527373933542,15.685182939271854,15.584089349200644,16.741820142523036,16.273488590249436,16.46243108644962,16.68309367206349,16.55137108546443
P63017,20.246192435607675,20.369485073973614,20.276047181062605,20.18969561313046,20.102767292413223,20.331214124513856,19.50574895289755,18.76759134965433,19.882251481588618,20.255113016293294,20.525462166666408,20.26747510445282,20.641864882497476,20.32428726971539,20.287058655216576,19.527304879775166,20.331214124513856,19.945017982988453,19.565356570331566,19.721322795429067
P63024,17.680378849380652,17.860062151900163,17.673738708612575,17.4854939215759,18.278303594270902,17.28867597650831,17.827677395424935,18.172232268688965,17.263106002509925,17.238741308058717,17.856799493298915,16.82437446137775,17.276636320853832,18.04398079198537,17.558003750686517,17.959806051647202,16.87781368465308,17.885262923691034,17.587084016245143,17.42656305762505
P63028,18.140068047990248,17.87059215832019,18.86086854200918,18.52254697208366,18.48267100735208,17.205889003958692,18.749285183307155,17.799117059635858,17.377723357057974,17.97015125270846,19.43351784910502,18.2344507581869,18.647629502202797,18.937647466272757,18.872441716893498,18.296495335466297,18.140068047990248,17.324168973995437,18.30815914135994,17.409198252425018
P63030,20.213060597303546,20.246192435607675,19.91224995046066,20.63034790549067,19.141192080497436,21.16447481325955,19.702004928382348,19.485235479494634,20.983915003878874,20.90630751244386,19.45331986229829,20.939585313942462,20.779486658726558,20.06101432067798,20.617041747785322,19.59406065240999,20.924927643555897,20.470602950874202,19.77463038618589,20.331214124513856
P63038,19.721322795429067,20.05350080830655,20.131315958109433,20.369485073973614,20.18969561313046,19.50574895289755,19.740428547270813,19.88822502045067,19.7852576534075,19.825705424439974,20.131315958109433,19.922304646269655,20.111478237255376,20.102767292413223,19.83406788739486,20.246192435607675,19.848324430086176,20.131315958109433,19.767951103545016,19.600439312634993
P63044,15.699835390189406,15.155252106707929,16.042010774422412,14.114476873414038,16.655626642759334,15.546311011901873,14.653721718334475,16.808224534344642,15.662378708686493,15.830567690598183,15.608703369262836,15.468680919842276,14.800177315895255,15.910778846355502,15.203312068106726,14.836839379985031,14.613728201454895,15.10816089572246,15.76750925415978,14.680883599188178
P63073,15.32669447364538,16.10622722246483,15.678778121243937,16.639477413014212,14.45555725457589,15.147061046917482,14.956319777147453,15.061139700327832,14.833253758200758,14.737392090904624,15.427884399589866,15.824182184474855,16.66343897418977,14.28633067059334,14.982257922584854,15.158685294076179,14.845055069767344,14.923057040878486,14.910714443596529,14.949760195107299
P63101,18.09130970357867,17.852155108346302,18.217316334788617,17.457206718666892,17.92716344636873,17.349907521691502,17.489184669478796,17.64539592994067,16.393977145986078,16.82437446137775,18.805555003958638,17.72892478646335,17.573960735836984,17.97439179585499,17.882647677021478,17.66764489468163,17.377723357057974,17.41218535643221,17.606683138382156,16.741820142523036
P63158,20.76511997495633,20.90630751244386,21.862405058772858,21.51139630587692,21.264885827339874,19.83406788739486,21.264885827339874,22.025840215948175,20.236587854097916,21.312752627099353,21.94216407850464,21.38127883057511,21.658107014466076,22.025840215948175,21.686792265063367,21.78090432555921,21.434797352083372,20.56442076484551,22.156111094101366,21.62914809131313
P63213,17.635246893770123,17.09520084335489,17.44310380814907,17.400481803234207,16.173206043577068,17.040107305366032,16.57599849020238,16.674973066060424,16.521450904560936,16.291331503620277,17.597024764323443,16.03138389863903,15.902391004492808,17.72892478646335,16.99632150856619,16.687964776367842,16.424905881371096,18.33678165279604,16.282459613960587,16.6716372196514
P63254,16.785368655465184,15.636006941528157,17.203080746328986,17.05423224585784,17.225621512021274,17.220134823654114,17.263106002509925,17.487682536857637,15.678778121243937,15.498881193272101,18.329172761972682,16.836260442110852,16.45080827611912,17.4854939215759,16.55691743267369,16.912802308066425,15.654429717894198,17.135035808976614,16.960653085729923,15.821530359657421
P63276,17.48161098242767,18.150650213044617,17.841885355233064,17.64283619916258,16.483924620080618,17.775965345639673,17.527716637189165,18.040558140844034,17.824170072409693,16.730747053517142,17.328606285257884,17.09520084335489,17.856799493298915,17.55157545207064,17.462511612857988,17.95638335560423,17.597024764323443,18.352961934754212,17.90240753396987,17.660026804960843
P63321,17.383086084193213,17.19391351441193,17.775965345639673,18.106457263159108,17.313610719705427,18.106457263159108,17.5305385305905,16.016932364107483,17.83361264206847,17.836101908657188,16.69630307237967,17.573960735836984,17.882647677021478,17.911361722190914,17.35642472611182,17.19691715647509,17.77323038861822,17.68437917947841,17.527716637189165,17.478425207354842
P63323,18.626239694532416,19.3045127373746,18.866565088085313,17.844344738337487,18.301966839475945,19.25664609055196,18.51033699178351,18.55726760819117,18.82887547524917,18.049996631740363,19.147614525807302,18.672591168463025,19.22046835326541,18.7073015155592,18.52254697208366,18.217316334788617,18.322521618207993,18.787890824588672,18.502644190664434,18.198187229296455
P63325,17.05423224585784,17.33950008122841,17.58028852863376,16.952142629741115,16.609707536279277,18.51743738079222,17.836101908657188,17.847799513901272,18.016227110704456,17.422254590645732,17.745887408214095,17.633302005278566,17.666098234860016,17.54112352966739,17.349907521691502,17.564585857108266,17.83049629610969,18.42357560925522,17.860062151900163,17.400481803234207
P63328,17.061944200722756,15.811515948934936,16.543428375713663,17.087049784326272,14.47552960617359,14.300528946357957,14.970550303254583,15.08117573036942,14.853748912406697,14.757050975785557,16.415673505322054,14.265991125321648,16.32425630004023,16.494154354786193,16.808224534344642,15.168455584868656,15.721820317041937,14.933044202684439,14.923057040878486,14.966552801142763
P67778,20.32428726971539,20.331214124513856,19.740428547270813,19.47736473165941,19.113367864576386,20.293605784796455,19.646816894697274,19.310832499133262,20.38746008034168,20.293605784796455,19.550747458740126,19.818511964341873,20.02903419202015,19.83406788739486,19.91224995046066,20.11987357426101,20.641864882497476,20.38746008034168,19.779311297230684,20.340176269531327
P67984,20.484376405916862,21.183890892318708,21.312752627099353,20.340176269531327,19.044488544443503,20.535389933423893,20.983915003878874,21.125332749829006,20.76511997495633,19.558106854721593,20.889285386325295,19.702004928382348,20.255113016293294,20.60394420818158,20.32428726971539,20.779486658726558,20.173150036308524,20.502017024791027,21.068613119618927,20.1995787623911
P68040,19.334839971773405,18.79146027810211,17.784134571194787,17.650963318645914,15.907913464931354,17.978783110405505,16.25362378937894,13.830232428651678,17.796124080723235,17.7619608328409,16.760498282662866,18.56512310901136,18.618829691493154,18.525854919879848,18.622275947538277,15.969730276919824,18.210297767040252,16.783324830756815,16.63141210740998,17.712185611519836
P68134,19.391696701735242,20.439140219859453,19.485235479494634,19.243443307244604,21.862405058772858,20.226670591130407,17.841885355233064,16.94690031025231,19.173638167996735,19.50574895289755,19.7852576534075,23.713836007455864,21.94216407850464,19.706281182275273,21.264885827339874,16.538398227481984,16.387790646744357,15.990727084368192,16.09081354753402,18.87924242072296
P68254,16.92919371305154,16.66563303534638,16.766417156471043,16.678592707518952,17.597024764323443,16.17681671145689,15.757144155316078,15.819247213119016,15.620460329038966,15.46558578726117,17.841885355233064,15.923160456085046,16.285263638868965,17.035220393494512,16.60387501599841,15.915778897513027,15.642633456787976,15.580907294084653,15.666858031868959,15.777536457550315
P68368,18.91262845174094,19.63890817200848,17.54112352966739,18.672591168463025,19.31688579109933,16.982500836146098,18.502644190664434,15.910778846355502,17.7619608328409,18.454664213203124,17.847799513901272,18.181496184853014,18.606277541330382,17.31601303867988,17.90240753396987,16.003372415621907,18.254248057102092,16.68309367206349,15.741560565304336,17.95638335560423
P68372,20.734172393783034,21.78090432555921,20.889285386325295,21.78090432555921,21.48241549278334,20.824668874193524,20.700801579431218,20.350264937321363,19.856019961643533,20.56442076484551,20.939585313942462,19.608939339184467,20.700801579431218,21.0038293301104,20.183146281197608,20.450393278249244,20.484376405916862,20.045768994085144,20.375852474555902,20.805818273720142
P68510,17.650963318645914,16.85622845978967,17.42921066183997,17.31862307330163,16.639477413014212,16.10622722246483,14.95921994936345,15.065253731898377,15.963748578374577,16.238817824352793,16.999691241811075,15.848295072584117,16.003372415621907,16.674973066060424,16.079291429801394,17.820422113049705,16.513989720796523,17.56888122260806,16.357763628245788,16.483924620080618
P70168,15.010387727874951,15.006871282022777,14.661276568861515,15.061139700327832,14.114476873414038,14.518924946868333,14.217979155903953,14.292441968080615,13.846950111107319,14.31535159704524,13.683350255698732,13.811601628003093,14.265991125321648,13.719552549375294,14.090224770988595,14.396098814985631,14.410378302048182,15.816300964002306,13.872036713214507,14.233469173483138
P70170,16.293702306638277,15.814011417767002,16.085461076507418,15.987853976938865,15.809418026978886,15.593434303665864,13.222720222576935,15.89593452593626,13.330600938345935,15.873126298641903,16.362669500066467,16.636251849009206,16.994082835120732,16.29824861008573,16.342710142195553,13.388551323513123,15.735578279963727,13.388551323513123,13.330600938345935,15.191676221021856
P70236,16.999691241811075,17.895306208186973,16.40707162096719,17.500956359130683,17.41218535643221,16.390896523419872,14.811795353353224,14.907515023251563,14.705408871168178,14.619296055769079,16.100081154888752,17.06601543367322,17.030048383696588,16.285263638868965,16.633687158690016,15.010387727874951,14.727242330899045,14.804441003453238,14.766820262661199,14.825407733139537
P70290,15.537445307962363,15.642633456787976,14.441374702621863,15.498881193272101,14.582650763501414,17.12125179015954,17.042576854856794,17.675710978247704,16.55137108546443,15.891418540093472,15.70296752621564,14.391863026184504,14.347682149278148,14.949760195107299,14.45555725457589,16.896071198881184,15.014580672957644,17.13279688304349,16.56990338029312,15.130888142873536
P70295,18.02677899116964,16.97434640382524,17.703901703131272,18.651603023412967,18.07730493463513,17.251737751366313,18.282788689007585,18.618829691493154,17.775965345639673,18.010658561007176,18.11797275702317,17.721080309621776,17.930067881647798,18.23146704142546,17.930067881647798,18.614298355609993,17.673738708612575,18.56512310901136,18.75353672647069,18.287506711155864
P70296,18.647629502202797,19.550747458740126,20.16274276991077,19.646816894697274,19.734998369425703,19.29167119847474,20.14610819689333,19.608939339184467,19.399066184804443,19.565356570331566,20.31203280886183,19.58724806012787,19.871418784677353,19.965756650739692,19.706281182275273,19.86456083372228,19.663669211930547,18.901813342549907,20.013864707227803,19.47736473165941
P70302,16.561728371874693,16.179445358549913,17.05423224585784,16.98531392996711,16.86199249986609,16.065145679545807,16.606386975129716,16.357763628245788,16.52685091056362,16.912802308066425,17.001583695950494,17.01146015302819,17.36436604495036,17.123962244735186,16.989068549121225,16.966564087445676,16.885962247829426,16.826278137591675,16.942231875025136,17.001583695950494
P70349,19.871418784677353,19.47736473165941,19.95525363937427,20.236587854097916,20.213060597303546,17.09520084335489,18.59745793039929,18.997126266878944,17.487682536857637,18.07730493463513,20.426704271178217,18.846594247842646,19.40287900752608,20.02903419202015,19.550747458740126,18.91925231201697,17.891761713101424,19.0079271919845,18.647629502202797,18.793824082452442
P70362,15.212222429792154,14.923057040878486,15.878448348424161,15.384267903535005,15.856121102274775,15.422037606039911,14.680883599188178,17.897967989483423,16.601578912139423,15.696427434702581,14.996463323954822,15.59050769044938,15.323878207902379,14.836839379985031,16.00124053740221,14.870081030669045,15.681843944807053,16.03138389863903,15.73263953828744,14.699590138772527
P70402,15.560062879765315,17.978783110405505,16.024994656892396,16.02958742623676,18.679375850872386,16.35457456800458,15.786485149932307,15.954570831544121,17.548703802292344,16.25653582328419,15.753830936774014,20.13781572475612,19.183326446885324,16.29522030376555,17.734970182160698,12.824136995799364,14.248738773014216,15.772626224322593,12.620838124279555,15.843090928927955
P70404,19.882251481588618,19.75410703050845,19.480698550016374,19.98119932773872,19.152663780957134,19.329185453489227,19.1351768758582,18.96816998174542,19.938712598864875,19.945017982988453,18.98593416380268,20.091714389280952,19.95525363937427,19.297752672549333,19.51948616791665,19.421147519134486,19.740428547270813,19.360688934216284,18.974389618446466,19.646816894697274
P70452,18.43425631442843,18.202358573416326,18.315346572616036,18.258331325723095,18.161697103703474,17.12677407889876,17.407137041558357,17.41218535643221,16.969539343991375,16.873239593523063,18.30815914135994,18.09130970357867,17.879066972991428,18.701296843331647,18.21364764186422,17.238741308058717,17.24474772074774,17.142533078774907,17.538195898734124,17.422254590645732
P70670,16.553805626739788,18.446346323106553,17.799117059635858,16.387790646744357,17.487682536857637,18.93298198401946,19.352586344562038,19.43351784910502,18.96816998174542,17.940259383047355,17.836101908657188,16.969539343991375,17.92716344636873,17.790925289665676,17.368742017929026,19.152663780957134,18.19080890636426,18.22371761296218,19.088696595805597,18.77624733322788
P70695,17.28867597650831,15.462572781100917,16.711175800387206,17.09520084335489,16.287645393904377,14.217979155903953,14.903513115472753,14.982257922584854,14.775499690343585,15.509521293447989,16.042010774422412,16.27669011398628,16.92919371305154,16.601578912139423,16.711175800387206,15.08117573036942,15.34957795524513,14.853748912406697,14.845055069767344,14.896906612156863
P70699,16.161261421102417,15.596622301187296,16.056047364008677,15.631086195556104,14.751412418739244,16.628015544109772,15.271877341830166,15.387948646838893,15.194804531318502,15.056502395557676,17.943760614616746,16.58837459230723,15.743935402950592,16.994082835120732,16.543428375713663,15.462572781100917,15.178295921091552,15.185354275029912,15.238230910494655,15.271877341830166
P80313,16.390896523419872,16.620638262245475,15.572737060010379,16.240476679594664,14.853748912406697,17.037710162893823,15.384267903535005,15.506551846886342,18.02677899116964,15.164972122641009,15.750278837626055,14.699590138772527,15.729934176835012,15.94784060107689,15.688008406216317,15.560062879765315,15.2891617443386,17.380358630795737,15.32669447364538,15.372041876910476
P80314,15.666858031868959,15.356273123715786,14.853748912406697,15.321776172646173,14.775499690343585,15.215475020312429,14.571195640347117,14.661276568861515,14.506879351747846,14.41531166554509,15.12391128922533,14.929283524179317,15.234078346116831,15.025521132721678,14.270094838901835,14.771562607145128,14.524436914793446,14.62443189906935,14.571195640347117,14.582650763501414
P80315,16.952142629741115,16.633687158690016,15.402178736393243,16.60387501599841,16.52685091056362,15.636006941528157,14.429752851758172,14.515542102915552,14.406009524164423,15.532412706601482,15.32669447364538,16.19036102096137,16.68309367206349,15.973505544787937,16.344910077230814,14.641849387528998,15.791663948852058,14.502381903135184,14.446452133127915,14.450960426339009
P80316,17.523111509759765,17.64539592994067,17.23225872587725,17.396778600638424,17.793981540585406,15.919773363359813,15.788824770921277,15.851780380157976,16.133871220497703,16.25362378937894,17.548703802292344,16.206976573942576,16.766417156471043,17.34744983267199,17.037710162893823,15.954570831544121,16.532303449186387,15.61469005672846,15.735578279963727,16.14836718949126
P80318,15.905608723458263,16.362669500066467,15.542422763930091,16.593844040743175,15.78311485094902,15.932836704688048,15.24100722327675,13.994946425764871,13.917975885149204,15.08117573036942,15.859236768702775,15.878448348424161,15.819247213119016,15.47441539977441,15.387948646838893,14.017539902157285,13.872036713214507,14.005240663069339,13.96015911609131,13.953949562473236
P82347,14.915961338591805,15.014580672957644,13.330600938345935,14.410378302048182,14.861652606662267,15.212222429792154,13.437700531367991,13.586108650129097,13.508795569801222,13.388551323513123,13.872036713214507,14.966552801142763,14.380747771122333,14.057060942124656,14.045288320450178,13.599475941965656,13.427473657833062,13.575266306728485,13.481229208574101,13.52364304963227
P82348,17.698346687382006,19.1351768758582,18.342414565049175,18.27399173833169,18.651603023412967,18.56164854968247,18.866565088085313,18.42933449937419,18.325851712263123,17.698346687382006,18.629563389982003,17.985082802911954,18.45017797765226,18.644300593555197,18.2056822853875,18.426463008111213,17.515169072149675,16.92919371305154,16.991715572503388,17.841885355233064
P82349,15.809418026978886,17.13279688304349,16.03138389863903,16.35457456800458,17.796124080723235,16.436887524076894,16.15594742921315,17.072785140321034,15.851780380157976,15.550162481051467,15.556164559079173,16.29824861008573,16.518949691130903,15.203312068106726,15.509521293447989,16.90459719162573,15.941678119523658,15.286559135065534,15.723802320798422,15.67305097522151
P82350,15.721820317041937,16.073784802715032,15.439160168747303,15.71741460476323,15.794360139023976,16.30697863909287,16.45080827611912,16.438725055416505,15.94784060107689,16.287645393904377,14.74764180301203,16.23347695387089,15.984670499438124,15.489613020902329,15.45502866138806,16.1652186825075,15.746777501940187,16.17681671145689,16.318682633493573,16.448563249979642
P83093,15.59050769044938,15.620460329038966,16.136332635890025,17.157336803185128,17.58028852863376,15.647046052546145,16.559201263243565,16.97434640382524,16.378556630034833,16.301723153649952,16.061497848221492,16.130618089249857,17.138246728247502,16.641864068934417,16.293702306638277,17.076832889343816,16.66343897418977,16.139607269253244,17.23225872587725,16.543428375713663
P83882,20.02903419202015,20.213060597303546,19.75410703050845,19.6552033964088,17.737500887304087,21.0038293301104,19.99685742738694,20.276047181062605,20.397139127836336,19.818511964341873,19.23252723829608,18.45017797765226,19.147614525807302,19.533161115479267,19.297752672549333,19.945017982988453,20.41039484084969,19.6552033964088,20.255113016293294,19.98871169320379
P83940,17.35642472611182,18.402878997495208,18.771725671942427,18.87924242072296,18.322521618207993,14.648984409954318,15.311295409527158,15.442638359072728,15.249244462213529,15.103213421103016,18.69737413572631,17.666098234860016,17.852155108346302,17.940259383047355,17.698346687382006,15.498881193272101,16.98531392996711,15.215475020312429,16.378556630034833,15.315468997917478
P84091,16.614893324200175,16.704488174661353,16.21264374112578,16.563811757202675,15.028207656308023,17.15064329231176,17.10927450519619,16.474579897193422,16.994082835120732,16.66563303534638,16.52685091056362,15.79601277558345,16.674973066060424,16.25362378937894,15.577601129702632,16.829913750250615,16.661205585863478,17.33950008122841,16.763008427236834,16.31549540396195
P84096,17.5043151855268,17.27306637301551,16.787786029335575,17.238741308058717,16.95055949534557,17.564585857108266,17.4174988667743,17.040107305366032,17.01470997101877,17.106727139790756,17.148137805751453,16.14224510995184,16.474579897193422,17.257308905677952,17.101906011921123,17.361429718890584,17.457206718666892,18.370078823069214,17.368742017929026,17.19122070489221
P84099,18.82887547524917,19.22540486398784,19.51948616791665,18.475116441287344,17.64539592994067,19.825705424439974,19.7589643453117,20.037058103164064,19.727161245671432,19.399066184804443,17.981692152974038,18.106457263159108,19.071950184196773,18.86086854200918,18.82108478641925,19.533161115479267,19.485235479494634,19.98119932773872,20.05350080830655,19.485235479494634
P84104,18.593601147770293,18.81530147431623,19.103663795414896,18.961968543500387,19.039189930955697,18.73120648651043,20.357578833325334,20.56442076484551,18.922623962031516,18.490659285459596,18.692788423569027,17.39001238932805,17.765247531841293,18.21364764186422,18.16521118569236,19.922304646269655,18.618829691493154,19.152663780957134,20.331214124513856,19.51116008061792
P85094,17.432504936631602,17.457206718666892,17.710019680976686,18.25144033584863,18.19080890636426,16.90734169510734,17.35642472611182,17.371049351203318,17.210299331116396,16.179445358549913,17.610289029684264,17.97439179585499,17.324168973995437,18.348411157473027,17.799117059635858,18.047691560260848,17.538195898734124,17.511615798732674,17.12125179015954,17.55157545207064
P97287,14.195536530975028,14.429752851758172,14.705408871168178,14.31535159704524,15.049041827219796,14.733792089542609,15.014580672957644,16.36036459147711,14.648984409954318,14.791495295256553,14.861652606662267,14.711241610381103,13.917975885149204,14.045288320450178,13.879506402985996,15.212222429792154,14.890357016202097,15.662378708686493,15.834911278904983,15.014580672957644
P97300,17.57662844066921,17.407137041558357,17.936982345578773,18.380215367975342,17.497179088344158,16.538398227481984,16.85186738879242,17.500956359130683,16.71828984543482,16.474579897193422,18.51743738079222,17.1409186454281,17.673738708612575,18.111954491112115,18.047691560260848,16.518949691130903,17.368742017929026,16.641864068934417,16.561728371874693,17.092715795188454
P97352,20.091714389280952,19.86456083372228,20.037058103164064,19.99685742738694,19.471323010750343,20.375852474555902,18.463027013396697,18.490659285459596,18.097294795222542,18.121783855142557,21.312752627099353,20.535389933423893,20.037058103164064,20.889285386325295,20.700801579431218,18.471715071718833,19.40287900752608,18.463027013396697,18.46028536348611,18.514167063758197
P97370,15.399578467104721,15.79601277558345,14.9367958209861,15.509521293447989,15.207975163955378,15.737964457452467,15.387948646838893,15.509521293447989,15.442638359072728,17.040107305366032,15.94784060107689,16.056047364008677,15.79601277558345,15.365109032161234,15.605874091019254,15.569876033521208,15.302806723278135,15.271877341830166,15.343794472491595,15.37612457553998
P97371,16.115813493509155,16.342710142195553,15.656926184822169,16.653226417130497,16.476013686607416,15.045579692714375,14.870081030669045,14.956319777147453,14.757050975785557,14.675679683646683,16.35457456800458,15.384267903535005,14.137130183919183,15.848295072584117,15.89593452593626,15.056502395557676,14.762585399243846,14.836839379985031,14.825407733139537,14.877765007010717
P97379,14.771562607145128,16.826278137591675,16.578009219037543,14.226873189644305,14.321467241527959,17.371049351203318,14.800177315895255,18.502644190664434,17.494042434587506,16.707129212252685,14.705408871168178,15.572737060010379,15.934899753348358,14.140774969377352,15.631086195556104,14.996463323954822,14.716994146381404,14.796198876121887,16.344910077230814,14.80768376681861
P97384,17.70674967884954,16.687964776367842,17.081270656635375,16.338017838992194,17.111976085154247,17.519675847328124,16.81093283135739,15.809418026978886,16.507308218896206,17.454568697803854,16.4963255057543,16.826278137591675,16.82437446137775,17.527716637189165,16.890081783255233,17.24474772074774,17.328606285257884,17.12125179015954,16.80389473844276,17.123962244735186
P97429,17.765247531841293,17.66764489468163,17.597024764323443,16.814114047234536,16.704488174661353,16.83850413537635,16.30697863909287,16.53415410684763,16.45080827611912,16.21791391744498,18.036984773169642,16.80389473844276,16.81656309906331,17.73215520255005,17.81746538244362,16.366254946580064,16.17681671145689,17.489184669478796,16.563811757202675,15.899214616436035
P97443,16.59163716099311,17.49166880054688,16.327004616900417,17.229432104662298,17.847799513901272,15.302806723278135,15.458171745577143,12.824136995799364,14.953642472499677,14.95921994936345,15.212222429792154,18.407858512311783,18.21364764186422,15.838000730345389,17.030048383696588,12.975513409365107,12.921331928532961,12.921331928532961,12.824136995799364,14.387950443331835
P97447,16.14836718949126,15.158685294076179,15.735578279963727,15.976498132726078,16.27669011398628,15.566762205268201,17.675710978247704,16.655626642759334,16.214653890022383,16.858956303892118,16.366254946580064,16.566323801314113,16.507308218896206,15.279527373933542,16.31549540396195,16.99632150856619,16.989068549121225,16.97434640382524,17.625249119756884,16.90166610455756
P97449,16.93897973615989,16.37458468825991,14.833253758200758,15.608703369262836,15.185354275029912,15.973505544787937,13.496873682630522,16.085461076507418,14.05004635577146,14.88678289775594,16.609707536279277,15.978486584539263,15.735578279963727,15.729934176835012,15.960724643761818,13.652399849661482,14.169024887578292,16.51100304257015,13.535981701700322,13.586108650129097
P97450,20.6521141682204,21.264885827339874,21.716789525616964,19.748056043631717,21.801532783027568,22.3534119464251,21.57636748852477,21.716789525616964,21.862405058772858,21.48241549278334,22.395892365345478,21.801532783027568,21.48241549278334,21.834591425720966,21.48241549278334,20.90630751244386,21.286548796855786,21.068613119618927,21.38127883057511,20.95747093359308
P97461,17.97439179585499,18.525854919879848,17.97015125270846,16.4963255057543,16.99632150856619,18.271513398923915,17.615653430863933,17.698346687382006,18.172232268688965,17.58028852863376,16.318682633493573,18.10358233583293,18.640308249604978,17.838488567264722,17.424921615061844,17.383086084193213,18.072013605180732,18.71980096434951,17.793981540585406,17.810426546486035
P97478,17.10927450519619,16.814114047234536,16.26541234489624,16.707129212252685,16.749015158910076,16.90459719162573,16.78044367973605,16.711175800387206,17.507192106131466,17.361429718890584,16.344910077230814,16.766417156471043,16.93154694471169,16.746171474409955,17.06857626211557,16.636251849009206,17.432504936631602,16.75813655894027,16.797554568629657,17.27865571961508
P97742,18.71980096434951,18.872441716893498,17.8748822153187,18.72898466951047,17.548703802292344,18.846594247842646,19.36781822229532,17.92716344636873,18.74305245106579,18.657031606976034,17.4174988667743,17.31025505872205,17.523111509759765,18.10013833524055,18.525854919879848,19.45819472017397,18.93298198401946,20.05350080830655,19.18799529071361,19.160105526144985
P97807,19.545033356238292,19.95525363937427,19.391696701735242,20.173150036308524,19.6552033964088,19.550747458740126,19.297752672549333,18.41647565459286,19.848324430086176,19.98119932773872,19.99685742738694,20.236587854097916,19.922304646269655,19.818511964341873,20.07209177342391,19.485235479494634,19.808599642222,19.539457286534645,19.051816513941663,19.579730556332454
P97821,16.150802664772357,15.878448348424161,16.858956303892118,17.017948097470708,16.793454712036656,17.005131623186923,16.441415540870686,15.620460329038966,16.357763628245788,15.816300964002306,18.83530907147607,16.139607269253244,15.737964457452467,17.02699335688985,16.71828984543482,15.91345634926184,16.351912672819864,16.35457456800458,14.890357016202097,16.046206000705748
P97823,16.774641137098122,16.728743286387406,15.753830936774014,14.450960426339009,17.622285844580013,14.391863026184504,15.045579692714375,15.147061046917482,14.923057040878486,14.829169325914018,14.270094838901835,17.41218535643221,16.31549540396195,16.0762417671677,17.638617854956586,15.245852991145478,14.925511054505955,14.99244415944482,14.996463323954822,15.038141619234867
P97855,15.014580672957644,16.628015544109772,15.182263399732554,14.552658991718408,14.978758858134853,17.612279190457876,17.40363371243514,16.873239593523063,17.693148773596796,16.641864068934417,15.25291076267798,15.670280194345924,15.978486584539263,15.130888142873536,15.067940301130054,16.390896523419872,16.507308218896206,17.049909230909854,17.092715795188454,17.040107305366032
P97952,17.30141000380968,16.042010774422412,16.334587330977822,17.489184669478796,16.707129212252685,15.937743787073416,15.951831547470999,16.039383739696685,15.856121102274775,16.438725055416505,16.89332719907149,16.725472251363733,16.763008427236834,16.713438186894475,16.609707536279277,16.100081154888752,16.918627187329072,15.814011417767002,15.863175304274899,15.993501799324372
P99024,19.141192080497436,19.6552033964088,18.30815914135994,17.5305385305905,18.87924242072296,19.4167171666165,17.784134571194787,16.139607269253244,16.749015158910076,18.9797163447973,19.268161802531562,18.52254697208366,18.16521118569236,19.06413493087259,18.56164854968247,17.215907063364714,18.723395011021903,17.985082802911954,17.29507809733934,17.638617854956586
P99026,14.137130183919183,14.169024887578292,14.733792089542609,14.45555725457589,13.719552549375294,13.623938867813456,13.994946425764871,14.099789020173262,14.01009255170475,13.923539073176169,14.347682149278148,13.508795569801222,13.508795569801222,14.05004635577146,13.549270547188026,14.137130183919183,13.97905257179841,14.105350340092958,14.062436400060017,14.05004635577146
P99027,19.45819472017397,19.579730556332454,19.98871169320379,18.15734860652636,18.626239694532416,20.857605579032814,19.727161245671432,18.301966839475945,20.07209177342391,19.07991006217845,21.03251814095913,19.706281182275273,19.97355464220379,19.4167171666165,20.02385423405834,18.432239856528742,19.748056043631717,18.95472545504847,19.51116008061792,18.86086854200918
P99028,19.83406788739486,20.857605579032814,21.542604229589745,20.939585313942462,21.62914809131313,20.805818273720142,22.625915030671056,23.713836007455864,21.33193899713133,21.434797352083372,20.90630751244386,19.574639633404903,20.60394420818158,21.286548796855786,20.18969561313046,23.3932493789621,21.264885827339874,23.308918850626934,22.91306083021744,22.025840215948175
P99029,18.55726760819117,18.271513398923915,17.95005833609027,18.332491664623074,18.446346323106553,18.2421942306563,18.839314764187378,18.82108478641925,18.89696239254644,18.61011649476,18.759320948958464,18.940754451289063,18.188438189377088,18.51743738079222,18.77624733322788,19.183326446885324,18.54749564834063,19.160105526144985,18.614298355609993,18.591312698361396
Q00623,19.622062757535538,20.84050959246877,19.63890817200848,20.16274276991077,19.63890817200848,19.600439312634993,18.254248057102092,19.6552033964088,17.344088522086913,18.73916576183946,19.779311297230684,18.88803098980167,18.98593416380268,19.713395178557512,18.843418222302148,17.313610719705427,17.985082802911954,19.58724806012787,17.535813263945876,17.368742017929026
Q00897,20.670586440403092,20.102767292413223,20.38746008034168,18.2421942306563,20.350264937321363,19.31688579109933,18.348411157473027,18.397598544786902,18.2421942306563,19.06413493087259,20.983915003878874,17.98829922347533,19.882251481588618,20.276047181062605,20.1995787623911,18.357233912078737,18.1434254692835,20.357578833325334,18.377998196352735,18.384281328044707
Q01149,16.02958742623676,16.327004616900417,16.158297537349718,16.082544546889245,19.63249390499406,17.439780162952,18.529294810872006,18.352961934754212,16.741820142523036,18.436976726954587,17.079102203389056,19.250298328778392,18.282788689007585,16.10622722246483,17.407137041558357,16.766417156471043,17.58028852863376,15.623232095838185,16.655626642759334,17.33658040106376
Q01339,18.271513398923915,18.121783855142557,17.963939655500543,17.044588470395762,17.981692152974038,18.67534291877795,18.75353672647069,19.071950184196773,17.721080309621776,18.271513398923915,18.490659285459596,17.40363371243514,17.73215520255005,18.793824082452442,17.749541610941733,18.10013833524055,17.882647677021478,19.68123742930542,18.56512310901136,18.10013833524055
Q01405,14.577215057783437,14.58887846344795,14.80768376681861,14.962063782381401,14.48733773741946,15.525005206405755,15.001179738394976,17.30141000380968,14.877765007010717,14.775499690343585,14.599270640412508,14.30730686002357,15.182263399732554,14.329504467601879,14.910714443596529,15.194804531318502,14.87385320121751,16.766417156471043,14.956319777147453,14.996463323954822
Q01853,19.147614525807302,18.36368084835582,20.369485073973614,19.98871169320379,19.88822502045067,19.533161115479267,20.32428726971539,20.60394420818158,20.102767292413223,20.535389933423893,20.183146281197608,19.825705424439974,19.748056043631717,20.07209177342391,20.102767292413223,20.31203280886183,19.003517936108018,19.825705424439974,20.38746008034168,19.178235370780055
Q02013,18.188438189377088,17.543816440328257,14.47552960617359,16.614893324200175,15.919773363359813,18.02677899116964,15.140516202173425,15.245852991145478,17.16068008131952,18.23890332629359,15.662378708686493,17.594061180035187,16.633687158690016,17.448392040985702,16.428136181983106,15.34957795524513,17.16068008131952,15.065253731898377,15.111827938804348,16.19369810558993
Q02053,17.08987074951222,16.338017838992194,15.980624910186796,16.056047364008677,16.873239593523063,15.705083730230644,14.18366768490463,16.003372415621907,16.082544546889245,15.600086279386511,16.044449650011757,16.609707536279277,16.479737186173647,16.15360512349686,16.19369810558993,14.347682149278148,15.899214616436035,16.21791391744498,14.211538964026158,15.517907274934771
Q02111,15.779951529087281,15.514854820376925,15.311295409527158,15.149963912085266,15.458171745577143,15.873126298641903,15.306068801325093,15.439160168747303,15.245852991145478,15.061139700327832,15.234078346116831,16.452900984150567,16.02767846566539,15.984670499438124,15.600086279386511,15.496169175752641,15.226932330793806,15.212222429792154,15.275488708244358,15.311295409527158
Q02248,16.436887524076894,16.58265206101555,14.18366768490463,16.1875776383686,14.260456353677236,17.386934271424803,14.711241610381103,14.80768376681861,14.62443189906935,14.515542102915552,15.478099793465702,14.057060942124656,14.039372800388751,15.292237428594898,14.140774969377352,14.903513115472753,14.656808366596525,14.737392090904624,14.686990880815307,14.737392090904624
Q02357,16.09526093946561,17.371049351203318,16.108339936462162,15.851780380157976,16.29824861008573,16.966564087445676,17.01470997101877,17.081270656635375,16.103960719082302,16.115813493509155,16.300086306127934,15.930362375555934,16.136332635890025,15.851780380157976,15.980624910186796,16.362669500066467,15.399578467104721,16.349674086050076,16.19569426277907,15.76750925415978
Q02788,15.814011417767002,17.044588470395762,14.870081030669045,14.829169325914018,16.222612867761242,18.332491664623074,17.142533078774907,16.606386975129716,16.926708670945615,17.10927450519619,15.532412706601482,17.847799513901272,17.12677407889876,15.30051921708017,15.859236768702775,16.641864068934417,16.90734169510734,15.714163415413747,16.46243108644962,16.797554568629657
Q02789,19.36781822229532,18.322521618207993,18.6681894006985,18.77624733322788,19.034911068699845,17.523111509759765,18.140068047990248,17.930067881647798,18.15734860652636,18.579172689319417,19.113367864576386,19.42787621286776,19.399066184804443,19.20938396057736,19.22046835326541,18.36368084835582,18.644300593555197,18.059981592639097,18.04398079198537,18.436976726954587
Q02819,14.74764180301203,15.564074872854784,15.130888142873536,15.560062879765315,15.760018465620925,14.675679683646683,15.656926184822169,16.460010932269192,15.127312692947154,14.966552801142763,16.59625088151106,15.390940114645725,14.716994146381404,15.919773363359813,15.659569902510864,15.620460329038966,15.336221451683153,15.620460329038966,15.688008406216317,14.321467241527959
Q03265,23.3932493789621,23.950971049206274,23.094391847023864,23.713836007455864,23.094391847023864,24.255392952025183,23.308918850626934,22.543406628988592,23.713836007455864,23.950971049206274,23.3932493789621,24.587287043611113,23.54270572200917,24.255392952025183,23.950971049206274,22.91306083021744,23.950971049206274,23.54270572200917,23.16822471813418,23.713836007455864
Q04447,17.422254590645732,16.649215759391605,18.016227110704456,16.95055949534557,18.040558140844034,17.276636320853832,17.847799513901272,17.157336803185128,16.561728371874693,17.670685290626956,19.06413493087259,18.21364764186422,17.4174988667743,18.016227110704456,17.8748822153187,17.838488567264722,17.724576631281554,17.724576631281554,17.967861438829196,17.63102142942152
Q04857,17.36436604495036,18.13356929777541,15.944375519519488,16.058832424729424,16.90166610455756,18.345830547556012,17.500956359130683,16.158297537349718,16.95455758979811,17.860062151900163,16.65806289455072,18.710263974402853,17.724576631281554,16.58837459230723,16.97241147402748,16.17091975889223,17.321352119883912,15.514854820376925,16.55691743267369,17.05423224585784
Q05BC3,16.601578912139423,17.7619608328409,17.24474772074774,15.45502866138806,16.22435989700497,17.920402409528123,18.531979873129668,18.805555003958638,18.432239856528742,17.40363371243514,16.204566547262473,17.144795313965545,16.70207104070682,16.944540208724522,17.179197164935637,18.463027013396697,17.953543654779324,18.579172689319417,18.375162630633092,18.543744335807425
Q05D44,15.840375553227057,16.100081154888752,16.944540208724522,15.932836704688048,16.614893324200175,14.9367958209861,15.721820317041937,17.472432416418748,16.318682633493573,16.36036459147711,16.94690031025231,14.84088006378352,15.705083730230644,16.301723153649952,14.88678289775594,17.123962244735186,16.053166412677005,15.399578467104721,17.70674967884954,16.161261421102417
Q06185,19.702004928382348,19.565356570331566,19.50574895289755,19.600439312634993,18.89696239254644,20.670586440403092,20.426704271178217,20.84050959246877,20.525462166666408,20.470602950874202,19.61438114817877,19.600439312634993,19.20195092901277,19.40287900752608,19.50574895289755,20.617041747785322,20.577969344699195,20.31203280886183,20.091714389280952,20.00442703940837
Q07076,16.421471692334112,16.54629343951786,15.262574869672303,15.696427434702581,15.76750925415978,16.593844040743175,15.525005206405755,12.876150995395088,15.092328701255036,16.59163716099311,15.33320736025556,15.70296752621564,15.422037606039911,15.550162481051467,15.489613020902329,15.932836704688048,16.24508727723093,16.115813493509155,15.30051921708017,15.612774878484334
Q07079,16.979922526858495,16.259337364402032,15.937743787073416,15.33320736025556,16.730747053517142,17.292205479672383,18.15734860652636,19.713395178557512,17.827677395424935,18.457864275280013,18.13356929777541,17.225621512021274,16.977463631114354,18.593601147770293,17.0213242191599,19.391696701735242,18.198187229296455,17.756083062129026,18.531979873129668,18.332491664623074
Q07113,14.1515990732055,14.211538964026158,13.699518704216942,14.72202022124876,15.708856930318902,13.973782996108477,14.03450478540999,14.13086431251486,14.062436400060017,13.967834079718006,14.446452133127915,13.994946425764871,14.467600920295348,14.571195640347117,13.614740642450451,14.18366768490463,14.02509180878422,14.137130183919183,14.105350340092958,14.090224770988595
Q07417,19.489415819893583,19.79394242013594,19.945017982988453,19.931389365150654,20.236587854097916,19.646816894697274,19.421147519134486,19.147614525807302,19.1351768758582,19.713395178557512,20.32428726971539,19.734998369425703,19.498871012520596,19.84166327220762,20.037058103164064,19.193705484012746,19.0079271919845,19.26212957792511,19.250298328778392,18.771725671942427
Q07797,15.517907274934771,15.245852991145478,16.242273639791314,14.582650763501414,16.59625088151106,14.791495295256553,16.561728371874693,16.836260442110852,15.12391128922533,15.182263399732554,16.18497655714814,15.998559263979374,15.642633456787976,15.42504545962997,15.550162481051467,16.543428375713663,16.139607269253244,15.794360139023976,16.26233331457591,15.164972122641009
Q08481,13.886311384574958,13.313881043529065,13.004781440199277,13.933189616922741,12.921331928532961,14.292441968080615,13.056525365969318,13.235707385054948,14.08232449851108,14.217979155903953,13.67511327356875,13.586108650129097,13.388551323513123,13.192136661784113,12.876150995395088,13.222720222576935,14.373802999779727,13.235707385054948,13.161066056532908,13.131169062970418
Q08642,14.833253758200758,13.973782996108477,15.155252106707929,14.949760195107299,14.771562607145128,13.388551323513123,13.563233578392788,13.67511327356875,13.614740642450451,13.481229208574101,14.825407733139537,15.061139700327832,14.970550303254583,14.613728201454895,14.48138612488762,13.699518704216942,13.535981701700322,13.683350255698732,13.614740642450451,13.652399849661482
Q08857,19.77463038618589,19.36781822229532,18.097294795222542,18.9797163447973,17.166596287268096,19.922304646269655,19.243443307244604,18.22371761296218,19.83406788739486,19.75410703050845,18.58348846784302,18.805555003958638,18.79920134601321,18.79920134601321,18.6681894006985,18.15516598004831,19.498871012520596,18.77624733322788,18.080846345477145,18.633201950403677
Q0PMG2,16.393977145986078,16.130618089249857,17.215907063364714,16.479737186173647,17.703901703131272,14.467600920295348,16.518949691130903,17.061944200722756,15.863175304274899,15.834911278904983,17.494042434587506,16.58535434737975,16.707129212252685,17.400481803234207,17.457206718666892,16.81656309906331,15.670280194345924,15.323878207902379,16.69630307237967,16.09081354753402
Q0VGY9,15.379720975112624,16.03431155983341,17.13279688304349,16.96354293553974,17.63102142942152,15.486586153627849,16.111357251954335,16.19569426277907,16.067821762657353,15.79601277558345,15.271877341830166,15.502012976062119,15.866492560276251,15.390940114645725,15.502012976062119,17.70158229840711,16.01965978169674,15.993501799324372,16.01965978169674,17.210299331116396
Q11011,16.321836088578138,13.586108650129097,15.934899753348358,16.259337364402032,16.368133187112512,15.633335140571507,14.391863026184504,14.46093645921196,14.35969373918904,16.00589716555891,15.42504545962997,15.919773363359813,15.949910442253326,15.6762432600685,16.18497655714814,14.582650763501414,14.355109658645091,15.659569902510864,14.406009524164423,16.021997449345594
Q149B8,17.703901703131272,18.67534291877795,18.79920134601321,17.57662844066921,17.775965345639673,19.013169795939113,19.882251481588618,20.331214124513856,19.05842373408581,18.552335107410464,16.88023568669566,16.94690031025231,17.657428131816634,17.263106002509925,16.846016622085706,20.00442703940837,18.27399173833169,20.08158833043575,19.818511964341873,19.05842373408581
Q14C51,16.380650004696243,16.150802664772357,16.521450904560936,16.48714026421141,16.57599849020238,18.783882482644593,19.539457286534645,19.334839971773405,19.297752672549333,19.58724806012787,17.35642472611182,16.43226224160768,16.390896523419872,16.428136181983106,16.559201263243565,20.1995787623911,19.31688579109933,18.810520689826916,19.68123742930542,19.91224995046066
Q19LI2,18.25144033584863,15.238230910494655,18.826074357682668,15.612774878484334,18.82108478641925,15.620460329038966,16.24508727723093,16.334587330977822,16.220651392307765,15.941678119523658,17.97015125270846,15.620460329038966,18.463027013396697,19.539457286534645,18.961968543500387,16.351912672819864,16.14224510995184,16.125825506001735,16.1875776383686,16.321836088578138
Q1XH17,19.352586344562038,19.825705424439974,18.471715071718833,18.08384131201834,18.377998196352735,20.484376405916862,20.484376405916862,18.499674445412197,20.13781572475612,18.5881074890872,19.75410703050845,18.384281328044707,18.287506711155864,19.471323010750343,18.172232268688965,18.27399173833169,18.21364764186422,17.41996866473105,18.95472545504847,17.778793335019355
Q2TBE6,13.575266306728485,13.652399849661482,13.973782996108477,14.01009255170475,14.03450478540999,12.975513409365107,13.758144482513714,13.459178614880875,12.352961733292972,13.699518704216942,14.03450478540999,13.728621800696644,13.161066056532908,14.122965602463818,13.508795569801222,13.908312185962078,13.746756349989221,14.401394740888382,13.235707385054948,13.846950111107319
Q2TPA8,16.772562677755865,16.969539343991375,15.418603104939601,16.890081783255233,16.00904466443058,16.873239593523063,16.474579897193422,15.382465551635125,17.042576854856794,17.2669070316608,15.678778121243937,16.401238476283474,16.734380303872307,16.378556630034833,16.436887524076894,16.513989720796523,16.53415410684763,16.883436687236518,16.240476679594664,16.58265206101555
Q2VLH6,16.513989720796523,16.572772230787997,15.670280194345924,16.507308218896206,15.552969674347779,17.2989241082415,17.06601543367322,16.428136181983106,15.569876033521208,14.69099556115421,16.173206043577068,15.297677903815082,15.266985490755014,17.281709373291893,15.620460329038966,15.891418540093472,15.393862260050932,17.610289029684264,16.649215759391605,14.84088006378352
Q3B7Z2,17.27306637301551,19.34781045427387,17.666098234860016,19.21670203632218,15.577601129702632,18.457864275280013,17.494042434587506,16.150802664772357,17.992397296759187,17.42656305762505,17.241396505593773,15.46558578726117,15.33320736025556,17.334270289259177,15.891418540093472,16.201859750574574,17.12677407889876,18.576219393078546,17.94675630726936,16.121404441351434
Q3KNA1,18.56164854968247,19.051816513941663,16.424905881371096,18.47854005534154,16.513989720796523,16.318682633493573,16.87781368465308,18.056043985759253,16.82437446137775,16.58837459230723,16.23347695387089,18.375162630633092,18.097294795222542,16.34770545001941,16.448563249979642,16.944540208724522,16.741820142523036,18.614298355609993,16.86199249986609,16.994082835120732
Q3KNM2,18.375162630633092,18.049996631740363,18.749285183307155,18.384281328044707,19.173638167996735,17.153192146135545,17.71603560983471,18.053371364474067,18.380215367975342,18.194695948219703,18.188438189377088,18.606277541330382,18.012846241865773,18.25144033584863,18.502644190664434,18.16829823528978,18.496141197857362,17.205889003958692,17.897967989483423,18.348411157473027
Q3MI48,20.07209177342391,18.855741593294095,20.26747510445282,19.727161245671432,19.600439312634993,18.640308249604978,19.471323010750343,19.539457286534645,19.28591908300357,19.489415819893583,19.37403753540534,19.68123742930542,19.608939339184467,20.375852474555902,19.7589643453117,19.825705424439974,19.61438114817877,19.334839971773405,19.691825325953484,19.75410703050845
Q3TAS6,18.446346323106553,17.737500887304087,18.843418222302148,17.799117059635858,19.45819472017397,17.625249119756884,19.05842373408581,19.02380500564057,18.56897783590532,18.626239694532416,18.793824082452442,17.844344738337487,18.626239694532416,19.02380500564057,18.633201950403677,19.545033356238292,19.183326446885324,18.91925231201697,19.129223172140776,18.855741593294095
Q3TB82,14.910714443596529,14.35969373918904,14.87385320121751,15.714163415413747,16.09347049120067,14.72202022124876,15.59050769044938,16.07028714623957,15.42504545962997,15.215475020312429,14.733792089542609,14.80768376681861,15.203312068106726,15.449953890574315,15.238230910494655,15.6762432600685,16.100081154888752,15.372041876910476,15.94784060107689,16.21791391744498
Q3TC33,17.81746538244362,17.796124080723235,18.09364616296982,18.444192857756132,18.27399173833169,18.380215367975342,18.010658561007176,16.18497655714814,18.322521618207993,18.217316334788617,17.30735540017094,17.778793335019355,17.597024764323443,18.23890332629359,18.032809040033158,18.040558140844034,18.61011649476,18.047691560260848,18.202358573416326,18.55726760819117
Q3TC72,15.995851497078707,17.10927450519619,17.008008482948355,17.41996866473105,18.062925606641805,17.0213242191599,17.648295776658806,18.198187229296455,17.573960735836984,17.144795313965545,17.076832889343816,16.421471692334112,16.291331503620277,17.57662844066921,17.31025505872205,17.06857626211557,17.01470997101877,16.80389473844276,16.821344257321776,16.96354293553974
Q3TD51,14.511400022841844,13.872036713214507,13.736966157778886,15.049041827219796,13.767500755213135,15.542422763930091,14.105350340092958,14.203368106121394,14.122965602463818,14.01009255170475,14.373802999779727,13.614740642450451,13.563233578392788,14.762585399243846,13.109707555396417,14.265991125321648,14.073658495565468,14.195536530975028,14.146594214456846,14.160447485855723
Q3TDN2,14.985452886859395,13.599475941965656,14.825407733139537,14.699590138772527,14.275977086924176,14.58887846344795,14.446452133127915,14.53740175502755,14.420608989402496,14.613728201454895,13.767500755213135,14.630874262838267,14.845055069767344,15.045579692714375,14.48733773741946,14.653721718334475,14.401394740888382,14.515542102915552,14.46093645921196,14.47552960617359
Q3TEA8,14.641849387528998,16.499030736698753,15.471360942979416,15.393862260050932,17.33950008122841,15.397084425394757,16.69630307237967,17.494042434587506,16.02767846566539,15.770030517963258,16.401238476283474,15.772626224322593,16.623559038739177,14.956319777147453,15.71741460476323,17.448392040985702,15.987853976938865,15.949910442253326,16.645998088606326,16.039383739696685
Q3TEY5,21.57636748852477,21.905151502965776,22.543406628988592,22.796844790397937,18.723395011021903,22.199561392149356,23.007504381532904,23.54270572200917,23.094391847023864,22.086424174001912,21.834591425720966,21.466732315982902,21.801532783027568,20.983915003878874,21.658107014466076,23.007504381532904,22.395892365345478,22.91306083021744,23.3932493789621,23.007504381532904
Q3TGW2,17.865897729771294,17.175726879509117,15.194804531318502,17.37383959237027,17.69599495355393,17.4854939215759,15.838000730345389,15.91345634926184,17.64539592994067,17.572070148932653,14.99244415944482,15.111827938804348,16.59625088151106,17.135035808976614,15.182263399732554,16.00589716555891,15.71741460476323,15.690685011902678,15.743935402950592,15.891418540093472
Q3THU7,15.763314009004318,15.779951529087281,15.229753977939973,16.751910700204583,13.85530049700441,16.44534002432181,17.324168973995437,16.401238476283474,14.226873189644305,14.090224770988595,16.896071198881184,14.861652606662267,14.857134232139689,17.432504936631602,14.72202022124876,15.71741460476323,15.517907274934771,17.83361264206847,14.253721318747711,15.149963912085266
Q3TIV5,15.365109032161234,16.83334663985811,17.73215520255005,15.439160168747303,15.620460329038966,18.826074357682668,19.178235370780055,19.931389365150654,19.071950184196773,18.345830547556012,17.27865571961508,15.49377535040316,15.34957795524513,15.382465551635125,16.553805626739788,19.26212957792511,18.839314764187378,19.579730556332454,19.748056043631717,18.51033699178351
Q3TJA9,16.95761746780643,17.58028852863376,17.0213242191599,17.042576854856794,17.081270656635375,17.74135870295587,19.122713897315215,18.855741593294095,18.945522558134083,18.24597604353273,16.806296235562282,16.912802308066425,16.883436687236518,17.49166880054688,17.81324364664505,19.20195092901277,18.951325096639316,17.292205479672383,18.826074357682668,18.710263974402853
Q3TL44,17.917223424827096,17.27037287563324,17.238741308058717,17.28867597650831,16.885962247829426,17.865897729771294,16.90459719162573,16.59163716099311,18.072013605180732,18.329172761972682,16.532303449186387,17.77323038861822,17.615653430863933,17.615653430863933,17.44310380814907,17.251737751366313,18.202358573416326,16.982500836146098,16.95455758979811,17.65412888628205
Q3TLP5,15.741560565304336,17.31862307330163,17.538195898734124,17.409198252425018,16.01123952872343,18.19080890636426,18.974389618446466,19.039189930955697,18.181496184853014,18.352961934754212,17.489184669478796,17.22358187073719,17.123962244735186,17.770493521860175,17.670685290626956,19.0854050504248,18.332491664623074,17.81324364664505,18.651603023412967,19.117650399712225
Q3TMP8,18.18472297779476,15.451979480642668,14.641849387528998,15.923160456085046,15.811515948934936,16.86199249986609,16.71828984543482,16.754822487223876,17.205889003958692,17.142533078774907,15.612774878484334,18.601838602185495,17.58028852863376,16.751910700204583,17.39001238932805,17.148137805751453,17.15064329231176,17.371049351203318,16.89332719907149,16.85395423118609
Q3TUH1,17.963939655500543,17.5305385305905,18.357233912078737,17.533413733517648,15.685182939271854,15.556164559079173,16.1652186825075,16.259337364402032,16.139607269253244,15.859236768702775,17.790925289665676,17.57662844066921,17.63102142942152,17.46528192331689,18.61011649476,16.27669011398628,16.061497848221492,16.037168165463562,16.09347049120067,16.220651392307765
Q3TVI8,19.02987209840085,18.032809040033158,19.178235370780055,19.28591908300357,19.37403753540534,18.45017797765226,19.268161802531562,19.61438114817877,18.9797163447973,19.485235479494634,19.250298328778392,18.83530907147607,19.122713897315215,19.421147519134486,19.103663795414896,19.58724806012787,19.51948616791665,18.684816863208106,19.63890817200848,19.3045127373746
Q3TZZ7,16.738653938253197,16.15360512349686,16.14224510995184,16.90734169510734,16.430217662668,16.293702306638277,16.994082835120732,17.330801363230428,16.885962247829426,16.649215759391605,16.27669011398628,16.34770545001941,16.612233441917926,16.580028597084656,16.66563303534638,16.97241147402748,16.858956303892118,16.96354293553974,17.098820699086147,16.90734169510734
Q3U1J4,14.090224770988595,14.073658495565468,14.599270640412508,14.511400022841844,12.74310901533909,13.352337124021167,13.85530049700441,13.96015911609131,13.872036713214507,13.791834288818066,14.531574197485403,14.387950443331835,14.524436914793446,14.105350340092958,14.105350340092958,13.989171963932938,13.846950111107319,13.973782996108477,13.917975885149204,13.923539073176169
Q3U3R4,15.949910442253326,14.785585365627753,14.58887846344795,15.685182939271854,14.695336035229037,14.169024887578292,15.203312068106726,15.329422662025303,15.656926184822169,16.09526093946561,15.387948646838893,15.843090928927955,15.969730276919824,15.843090928927955,15.830567690598183,15.41012522490404,15.103213421103016,15.140516202173425,15.191676221021856,15.219239195269179
Q3U6K8,22.625915030671056,22.700828530240337,23.308918850626934,21.57636748852477,23.54270572200917,22.435774052327275,23.094391847023864,23.094391847023864,22.700828530240337,22.051509267440423,22.48836372406036,20.95747093359308,21.686792265063367,23.007504381532904,22.302498667361213,23.094391847023864,22.3534119464251,23.3932493789621,23.094391847023864,23.308918850626934
Q3U7R1,17.257308905677952,16.87781368465308,16.401238476283474,17.41495409195903,15.564074872854784,16.4963255057543,16.68309367206349,16.538398227481984,16.69630307237967,16.494154354786193,16.687964776367842,16.318682633493573,16.690339479527285,17.166596287268096,16.90734169510734,14.270094838901835,16.751910700204583,17.693148773596796,16.448563249979642,15.514854820376925
Q3UBP6,16.46543791465465,21.48241549278334,19.7852576534075,16.553805626739788,22.199561392149356,16.452900984150567,16.98531392996711,16.68090428038275,16.944540208724522,16.678592707518952,21.686792265063367,19.297752672549333,20.013864707227803,16.49120142113337,19.421147519134486,17.040107305366032,16.84355177219885,19.4468059321889,16.97241147402748,17.06601543367322
Q3UBX0,19.893719389206932,18.73465024705768,19.97355464220379,20.11987357426101,17.897967989483423,18.91262845174094,18.262653633647734,18.783882482644593,19.051816513941663,19.21670203632218,19.439421445372965,20.357578833325334,20.213060597303546,19.565356570331566,19.931389365150654,17.891761713101424,19.268161802531562,16.342710142195553,18.872441716893498,18.997126266878944
Q3UF82,14.062436400060017,13.78457820739689,14.28040136377894,14.275977086924176,15.001179738394976,14.18839993044656,14.861652606662267,14.949760195107299,14.751412418739244,14.67032680324834,14.099789020173262,13.923539073176169,14.695336035229037,14.203368106121394,14.292441968080615,15.049041827219796,16.332343383587393,16.240476679594664,14.816195787907578,14.870081030669045
Q3UFY8,14.248738773014216,14.02509180878422,14.233469173483138,14.899768173062478,14.28633067059334,14.13086431251486,14.74764180301203,14.845055069767344,14.653721718334475,14.552658991718408,13.994946425764871,14.87385320121751,14.833253758200758,14.72202022124876,14.160447485855723,14.940995594646205,14.675679683646683,14.762585399243846,14.711241610381103,14.771562607145128
Q3UHB1,14.62443189906935,14.347682149278148,14.791495295256553,14.757050975785557,14.9367958209861,15.329422662025303,15.446518577762395,15.556164559079173,16.474579897193422,16.042010774422412,14.821263604570499,15.33976203365576,15.245852991145478,15.439160168747303,15.140516202173425,15.61469005672846,16.073784802715032,15.32669447364538,15.405411312803832,15.422037606039911
Q3UHX2,15.506551846886342,15.065253731898377,16.507308218896206,16.63141210740998,16.836260442110852,15.24100722327675,17.21340660266442,18.188438189377088,16.438725055416505,17.28867597650831,17.400481803234207,16.806296235562282,16.27669011398628,16.46543791465465,16.58535434737975,16.55137108546443,17.11861925428686,13.736966157778886,18.18472297779476,16.841050004223348
Q3UIU2,20.397139127836336,19.740428547270813,19.29167119847474,19.471323010750343,20.183146281197608,20.617041747785322,20.824668874193524,20.939585313942462,20.470602950874202,21.068613119618927,18.640308249604978,19.485235479494634,19.622062757535538,19.391696701735242,20.111478237255376,20.74892253114054,19.965756650739692,21.246489872929224,20.6521141682204,21.0038293301104
Q3UJ81,15.705083730230644,14.518924946868333,15.382465551635125,15.760018465620925,15.48143631191096,14.446452133127915,15.092328701255036,15.185354275029912,16.19036102096137,15.729934176835012,15.593434303665864,15.714163415413747,15.207975163955378,15.442638359072728,15.642633456787976,15.283322213233806,14.966552801142763,15.025521132721678,15.056502395557676,15.085046757346536
Q3ULD5,17.044588470395762,17.92716344636873,18.311485645808958,17.622285844580013,18.15516598004831,17.135035808976614,18.074244921381066,18.311485645808958,17.328606285257884,17.784134571194787,17.666098234860016,17.932923069622174,17.78155131191905,17.8748822153187,17.666098234860016,18.552335107410464,17.55157545207064,17.538195898734124,18.106457263159108,18.074244921381066
Q3ULF4,17.451575243857786,17.157336803185128,17.770493521860175,17.179197164935637,16.572772230787997,16.885962247829426,15.173778990882408,15.2891617443386,16.362669500066467,17.497179088344158,16.774641137098122,17.129346336394057,16.772562677755865,17.01470997101877,16.751910700204583,16.357763628245788,16.55137108546443,16.704488174661353,16.14224510995184,16.580028597084656
Q3ULG4,14.978758858134853,15.117895499462918,15.708856930318902,15.08117573036942,16.92919371305154,15.550162481051467,14.292441968080615,14.363775627886259,14.270094838901835,14.13086431251486,16.452900984150567,15.642633456787976,14.99244415944482,15.506551846886342,15.666858031868959,14.46093645921196,14.253721318747711,14.347682149278148,14.30730686002357,14.31535159704524
Q3UMR5,19.408071203488337,18.901813342549907,17.259788065097705,18.552335107410464,17.81746538244362,18.58348846784302,18.17769432893232,16.404276581737186,18.55726760819117,18.98593416380268,18.402878997495208,18.855741593294095,18.951325096639316,17.810426546486035,19.173638167996735,16.44534002432181,19.3045127373746,16.222612867761242,17.10927450519619,18.48267100735208
Q3UN02,17.1409186454281,16.46543791465465,17.21340660266442,17.33658040106376,17.5305385305905,16.037168165463562,17.48161098242767,15.995851497078707,17.135035808976614,16.885962247829426,16.979922526858495,17.70674967884954,17.28867597650831,17.238741308058717,17.321352119883912,17.543816440328257,17.454568697803854,15.779951529087281,15.824182184474855,17.2669070316608
Q3UN04,12.352961733292972,12.74310901533909,12.74310901533909,12.876150995395088,13.004781440199277,13.109707555396417,13.109707555396417,13.278457972626404,13.235707385054948,13.109707555396417,13.222720222576935,13.330600938345935,13.235707385054948,12.975513409365107,12.975513409365107,13.25457301002281,13.192136661784113,13.278457972626404,13.222720222576935,13.192136661784113
Q3UQ84,15.830567690598183,16.357763628245788,16.0762417671677,16.214653890022383,14.99244415944482,16.698982060708936,16.63141210740998,16.52685091056362,17.561482262331825,16.83850413537635,16.113710259561945,16.649215759391605,16.079291429801394,15.794360139023976,16.133871220497703,16.60387501599841,17.39294590734506,16.68090428038275,16.836260442110852,17.321352119883912
Q3UQS2,14.506879351747846,13.989171963932938,14.270094838901835,14.850310004406982,13.614740642450451,13.549270547188026,13.839584994213547,15.546311011901873,14.69099556115421,14.99244415944482,14.401394740888382,15.382465551635125,15.352651301839472,14.253721318747711,14.919730295601003,15.025521132721678,15.279527373933542,15.182263399732554,15.049041827219796,14.3425171860605
Q3URD3,16.09081354753402,15.973505544787937,16.814114047234536,16.31549540396195,15.884419480935644,17.548703802292344,17.57662844066921,17.344088522086913,17.304793614767682,17.220134823654114,16.14836718949126,15.311295409527158,16.115813493509155,16.628015544109772,16.19569426277907,17.330801363230428,17.27865571961508,16.728743286387406,17.407137041558357,17.424921615061844
Q3URF1,14.67032680324834,15.915778897513027,16.87781368465308,15.352651301839472,17.48161098242767,15.6762432600685,16.763008427236834,17.2669070316608,16.40707162096719,16.214653890022383,16.507308218896206,16.111357251954335,16.760498282662866,16.806296235562282,16.620638262245475,16.563811757202675,15.990727084368192,15.329422662025303,16.754822487223876,16.51100304257015
Q3URS9,14.944990304492626,14.775499690343585,15.623232095838185,15.127312692947154,14.005240663069339,15.336221451683153,15.319083990332478,15.87513181994738,16.003372415621907,15.821530359657421,14.923057040878486,15.486586153627849,15.636006941528157,14.877765007010717,14.903513115472753,15.80730916658695,15.960724643761818,16.039383739696685,15.600086279386511,15.639869158783554
Q3UV48,14.48138612488762,13.235707385054948,13.586108650129097,13.472695105067398,13.643126264002907,13.586108650129097,13.886311384574958,13.989171963932938,13.908312185962078,13.811601628003093,13.192136661784113,13.459178614880875,14.160447485855723,13.563233578392788,13.690663510281889,14.01009255170475,13.86477773999987,13.999659370928047,13.953949562473236,13.946080777784761
Q3UV70,17.049909230909854,17.519675847328124,17.865897729771294,18.21364764186422,17.844344738337487,17.27865571961508,18.329172761972682,18.254248057102092,18.22648183750755,17.905931819264087,18.12524047716429,17.448392040985702,17.515169072149675,17.66764489468163,18.13356929777541,18.647629502202797,17.90936310010048,18.18472297779476,18.407858512311783,18.12524047716429
Q3UVK0,17.19391351441193,14.695336035229037,15.662378708686493,16.97434640382524,15.234078346116831,17.173027615381965,15.791663948852058,15.85303305121214,17.439780162952,17.638617854956586,15.763314009004318,15.038141619234867,14.962063782381401,15.356273123715786,15.194804531318502,15.958288048495424,17.451575243857786,15.617019433037342,15.685182939271854,17.313610719705427
Q3UVN5,18.062925606641805,17.324168973995437,20.246192435607675,19.83406788739486,20.111478237255376,18.763965563509743,19.960509193081236,20.535389933423893,19.565356570331566,19.77463038618589,20.255113016293294,19.28591908300357,18.91262845174094,19.903938293102694,20.13781572475612,20.173150036308524,18.38748437571025,19.63890817200848,20.276047181062605,18.9261410847361
Q3UW53,14.4987274339632,14.28040136377894,13.85530049700441,13.777446941234263,13.908312185962078,13.791834288818066,14.270094838901835,14.347682149278148,14.253721318747711,14.105350340092958,13.777446941234263,13.78457820739689,13.719552549375294,13.811601628003093,14.363775627886259,14.441374702621863,14.217979155903953,14.321467241527959,14.28633067059334,14.275977086924176
Q3UZP4,19.7589643453117,19.691825325953484,20.426704271178217,19.97355464220379,20.340176269531327,19.02380500564057,20.16274276991077,20.16274276991077,19.43351784910502,19.36781822229532,20.26747510445282,19.391696701735242,19.37403753540534,20.11987357426101,19.75410703050845,19.98871169320379,18.446346323106553,18.99174485400807,19.98871169320379,19.931389365150654
Q3V009,15.821530359657421,15.038141619234867,15.164972122641009,14.28633067059334,15.215475020312429,15.534587295886373,14.877765007010717,14.966552801142763,16.07028714623957,15.569876033521208,15.302806723278135,15.902391004492808,15.556164559079173,15.188842202981718,15.741560565304336,15.067940301130054,15.623232095838185,15.384267903535005,14.833253758200758,15.881943784170412
Q3V1D3,19.734998369425703,19.391696701735242,18.33982683347122,19.003517936108018,18.46028536348611,17.820422113049705,17.767497686699723,16.532303449186387,17.698346687382006,18.074244921381066,18.467727291894597,19.243443307244604,19.23747448564327,18.43425631442843,18.945522558134083,17.111976085154247,18.16521118569236,16.858956303892118,16.858956303892118,18.161697103703474
Q3V1Z7,16.808224534344642,17.142533078774907,16.368133187112512,16.053166412677005,15.814011417767002,18.502644190664434,17.756083062129026,17.27865571961508,18.036984773169642,17.917223424827096,16.02958742623676,16.563811757202675,16.97434640382524,16.532303449186387,16.282459613960587,17.46750571381542,18.384281328044707,16.94690031025231,17.911361722190914,17.756083062129026
Q499E4,18.444192857756132,19.856019961643533,20.293605784796455,21.183890892318708,21.998585294669542,18.22648183750755,20.226670591130407,19.882251481588618,19.4167171666165,18.265457180337698,18.29155753130763,19.802381269583726,20.84050959246877,20.516602072428185,20.95747093359308,18.591312698361396,18.457864275280013,18.57234863521773,18.626239694532416,20.49371741554465
Q4PJX1,14.923057040878486,14.410378302048182,15.134133639824118,14.825407733139537,15.362371936910312,14.985452886859395,13.664138208619397,13.777446941234263,15.902391004492808,15.794360139023976,14.48138612488762,15.089277149632872,15.70296752621564,14.966552801142763,15.207975163955378,13.791834288818066,16.524196751485025,13.811601628003093,14.785585365627753,15.631086195556104
Q4VA93,16.15594742921315,16.58837459230723,16.19036102096137,16.342710142195553,16.944540208724522,16.00904466443058,16.549028599607304,15.566762205268201,16.471415278768113,16.639477413014212,16.720466769150967,16.553805626739788,17.061944200722756,17.092715795188454,16.097835323629056,15.62550380598837,16.90166610455756,16.912802308066425,16.58837459230723,17.024240105006363
Q4VAA2,15.794360139023976,15.681843944807053,17.37383959237027,17.42921066183997,17.35642472611182,14.74245400704712,16.436887524076894,17.030048383696588,15.22346468772049,15.70296752621564,17.454568697803854,16.351912672819864,16.29824861008573,16.84355177219885,17.10432362749829,16.82437446137775,15.656926184822169,16.380650004696243,16.890081783255233,16.09526093946561
Q4VAE3,19.565356570331566,19.608939339184467,19.183326446885324,18.945522558134083,18.140068047990248,20.461360369751638,19.45331986229829,17.998613465705397,19.99685742738694,20.350264937321363,18.89696239254644,19.02987209840085,19.740428547270813,18.45017797765226,18.72898466951047,19.341665417209892,20.350264937321363,19.471323010750343,18.87924242072296,20.11987357426101
Q4VBD2,17.251737751366313,16.75813655894027,17.64283619916258,17.852155108346302,17.54112352966739,15.998559263979374,16.139607269253244,16.23347695387089,16.31549540396195,17.31025505872205,17.612279190457876,18.062925606641805,18.2344507581869,17.78155131191905,17.77323038861822,17.01146015302819,17.41495409195903,17.01470997101877,16.728743286387406,17.11861925428686
Q505D7,17.478425207354842,16.760498282662866,15.397084425394757,15.323878207902379,15.506551846886342,18.10013833524055,17.182211998304425,16.378556630034833,18.30815914135994,17.66764489468163,17.098820699086147,15.397084425394757,17.734970182160698,17.215907063364714,15.336221451683153,17.41495409195903,18.262653633647734,17.27306637301551,17.313610719705427,17.31862307330163
Q505F5,15.617019433037342,14.491691849767449,16.29522030376555,16.94690031025231,16.549028599607304,15.249244462213529,16.351912672819864,16.82437446137775,15.80730916658695,17.13279688304349,16.559201263243565,15.89593452593626,16.22435989700497,16.332343383587393,16.368133187112512,16.865476847872582,16.707129212252685,16.24508727723093,16.441415540870686,16.890081783255233
Q542T4,21.834591425720966,21.62914809131313,21.596772717102628,20.74892253114054,20.255113016293294,21.905151502965776,22.796844790397937,22.113140596776518,21.57636748852477,20.734172393783034,21.57636748852477,20.18969561313046,19.310832499133262,21.264885827339874,20.470602950874202,21.286548796855786,19.539457286534645,20.84050959246877,22.199561392149356,21.088121906942963
Q59J78,19.59406065240999,19.399066184804443,19.622062757535538,19.103663795414896,19.297752672549333,19.1351768758582,18.82887547524917,19.268161802531562,19.160105526144985,18.940754451289063,19.23747448564327,19.274803546974578,19.129223172140776,19.7852576534075,19.322983406091808,19.160105526144985,18.9797163447973,19.18799529071361,19.117650399712225,19.173638167996735
Q5EBG6,17.940259383047355,18.111954491112115,18.7073015155592,18.38748437571025,18.593601147770293,17.95638335560423,18.21364764186422,17.25419194947641,16.766417156471043,15.249244462213529,18.679375850872386,18.36368084835582,18.16829823528978,18.315346572616036,18.17769432893232,17.767497686699723,16.829913750250615,17.573960735836984,18.633201950403677,15.489613020902329
Q5EBQ0,19.480698550016374,18.496141197857362,19.06413493087259,19.02987209840085,18.080846345477145,18.54749564834063,18.647629502202797,16.63141210740998,18.961968543500387,19.097053476854207,18.030644644693705,19.103663795414896,18.543744335807425,18.71980096434951,19.558106854721593,18.42357560925522,19.297752672549333,18.067636604510092,18.12524047716429,19.039189930955697
Q5F285,19.039189930955697,18.40005578364228,19.51116008061792,19.779311297230684,19.83406788739486,19.84166327220762,20.07209177342391,20.013864707227803,19.527304879775166,19.646816894697274,17.203080746328986,18.637662050699568,17.203080746328986,19.1351768758582,17.4174988667743,19.871418784677353,19.63890817200848,20.49371741554465,19.622062757535538,20.02385423405834
Q5F2E7,13.86477773999987,14.321467241527959,14.057060942124656,14.02509180878422,14.137130183919183,14.686990880815307,16.966564087445676,17.257308905677952,14.675679683646683,16.144542022921534,13.999659370928047,13.933189616922741,13.923539073176169,14.017539902157285,14.017539902157285,14.74764180301203,14.502381903135184,14.609478608434037,15.564074872854784,14.845055069767344
Q5FW52,13.087749506414017,14.970550303254583,13.278457972626404,13.056525365969318,14.925511054505955,15.602560768202446,16.58265206101555,16.685174023944533,15.028207656308023,14.648984409954318,14.300528946357957,14.72202022124876,14.090224770988595,13.109707555396417,14.450960426339009,15.714163415413747,14.4987274339632,13.481229208574101,15.321776172646173,14.599270640412508
Q5H8C4,15.566762205268201,15.550162481051467,15.73263953828744,15.62550380598837,16.46543791465465,14.05004635577146,14.62443189906935,14.72202022124876,14.555697307567666,16.125825506001735,15.708856930318902,16.368133187112512,15.987853976938865,15.552969674347779,15.944375519519488,14.821263604570499,14.577215057783437,14.666037441115648,14.609478608434037,14.648984409954318
Q5IRJ6,17.179197164935637,17.257308905677952,17.81746538244362,17.86323756311658,17.157336803185128,17.650963318645914,17.81324364664505,17.992397296759187,17.865897729771294,17.65412888628205,16.521450904560936,17.23225872587725,17.328606285257884,17.259788065097705,17.998613465705397,18.380215367975342,17.838488567264722,18.591312698361396,17.533413733517648,18.19080890636426
Q5M8N4,18.606277541330382,18.531979873129668,17.838488567264722,18.701296843331647,18.12524047716429,18.322521618207993,18.43425631442843,17.95005833609027,18.552335107410464,18.475116441287344,17.678756085671203,18.30815914135994,18.342414565049175,18.097294795222542,18.08384131201834,18.345830547556012,18.217316334788617,18.380215367975342,18.188438189377088,18.43425631442843
Q5NBX1,16.474579897193422,17.400481803234207,16.821344257321776,17.220134823654114,16.716125582424148,17.66764489468163,17.622285844580013,17.860062151900163,17.69599495355393,16.65806289455072,16.649215759391605,16.93154694471169,17.08987074951222,17.017948097470708,17.049909230909854,17.58028852863376,16.483924620080618,16.713438186894475,17.55157545207064,16.991715572503388
Q5ND52,16.079291429801394,15.821530359657421,17.024240105006363,17.148137805751453,16.387790646744357,17.157336803185128,17.666098234860016,18.27399173833169,17.30141000380968,17.06857626211557,16.251051677362213,16.21791391744498,16.800842178201734,16.07028714623957,17.54112352966739,17.519675847328124,16.52685091056362,16.59871463476447,18.11451610645798,17.535813263945876
Q5SRX1,17.330801363230428,17.638617854956586,17.992397296759187,17.54112352966739,18.30549751157621,16.80389473844276,16.711175800387206,16.661205585863478,16.158297537349718,16.567981286725523,17.08987074951222,15.735578279963727,16.237094254631142,17.0213242191599,16.645998088606326,15.623232095838185,15.359817448018003,15.791663948852058,16.23347695387089,16.645998088606326
Q5SSK3,14.10915925009022,15.127312692947154,15.117895499462918,14.811795353353224,15.238230910494655,15.498881193272101,15.32669447364538,14.84088006378352,16.401238476283474,15.735578279963727,14.424835467341442,15.552969674347779,14.915961338591805,14.9367958209861,14.727242330899045,15.851780380157976,16.25653582328419,15.393862260050932,15.51185413975083,16.383823134188656
Q5SUC9,17.770493521860175,17.77323038861822,18.319414906206543,17.895306208186973,17.344088522086913,18.067636604510092,17.959806051647202,17.597024764323443,18.11451610645798,18.053371364474067,17.55157545207064,17.882647677021478,17.905931819264087,17.775965345639673,17.533413733517648,17.27037287563324,18.012846241865773,17.435891899816728,17.334270289259177,17.94675630726936
Q5SVJ0,18.384281328044707,17.95005833609027,18.56512310901136,18.194695948219703,18.73916576183946,16.818206817494392,18.633201950403677,18.514167063758197,18.010658561007176,17.891761713101424,17.844344738337487,18.210297767040252,18.61011649476,17.985082802911954,18.436976726954587,18.704627247880417,18.067636604510092,17.66764489468163,18.38748437571025,18.637662050699568
Q5SW88,15.384267903535005,16.655626642759334,15.319083990332478,16.559201263243565,16.438725055416505,16.198100687288626,16.103960719082302,16.30697863909287,16.518949691130903,16.623559038739177,13.886311384574958,16.52880337831991,16.79027606429046,14.03450478540999,14.355109658645091,15.690685011902678,16.48714026421141,17.924035653696713,17.39001238932805,16.179445358549913
Q5SX39,18.701296843331647,20.02385423405834,19.663669211930547,20.293605784796455,21.74693365887078,19.122713897315215,19.663669211930547,19.421147519134486,20.037058103164064,20.037058103164064,19.0079271919845,22.625915030671056,22.22933874399538,20.13781572475612,20.6521141682204,18.763965563509743,18.040558140844034,16.66563303534638,18.529294810872006,20.102767292413223
Q5SX40,15.737964457452467,17.98829922347533,17.29507809733934,16.80389473844276,20.589683950528062,18.056043985759253,18.89249845473423,18.45017797765226,18.43425631442843,19.0079271919845,16.58265206101555,20.553065900098968,20.824668874193524,17.081270656635375,18.271513398923915,17.407137041558357,17.072785140321034,15.905608723458263,17.030048383696588,19.408071203488337
Q5U458,18.2056822853875,17.548703802292344,17.157336803185128,18.007235921607688,17.037710162893823,18.130353779935874,17.34744983267199,16.410648780816693,17.95638335560423,18.047691560260848,16.944540208724522,17.784134571194787,17.64283619916258,17.62798207841176,17.590341455561234,17.225621512021274,18.056043985759253,17.507192106131466,17.34744983267199,17.546151514474076
Q5XG73,17.18501895449103,19.808599642222,17.27306637301551,20.331214124513856,17.30735540017094,17.142533078774907,17.535813263945876,19.31688579109933,17.500956359130683,19.84166327220762,20.226670591130407,17.12677407889876,19.471323010750343,17.210299331116396,17.30141000380968,17.635246893770123,17.380358630795737,17.462511612857988,19.91224995046066,17.635246893770123
Q5XJY5,15.532412706601482,15.249244462213529,15.359817448018003,14.982257922584854,16.161261421102417,15.89593452593626,14.46093645921196,14.555697307567666,16.21791391744498,15.6762432600685,15.973505544787937,14.910714443596529,15.329422662025303,15.028207656308023,15.2891617443386,14.661276568861515,15.811515948934936,16.59625088151106,16.26541234489624,15.001179738394976
Q5XKE0,16.127947533337323,17.885262923691034,16.716125582424148,17.281709373291893,18.810520689826916,17.535813263945876,16.065145679545807,15.028207656308023,17.836101908657188,16.982500836146098,15.993501799324372,21.0038293301104,19.79394242013594,16.85395423118609,18.332491664623074,14.800177315895255,15.714163415413747,14.41531166554509,14.410378302048182,16.66563303534638
Q5XKN4,16.48903053151957,14.270094838901835,14.391863026184504,14.441374702621863,14.515542102915552,14.890357016202097,15.690685011902678,16.344910077230814,15.67305097522151,15.869663246772415,14.877765007010717,15.262574869672303,16.504267138042373,14.367576734743116,14.380747771122333,16.507308218896206,16.1875776383686,16.749015158910076,16.368133187112512,16.46543791465465
Q60597,19.51948616791665,19.7852576534075,19.34781045427387,19.31688579109933,19.243443307244604,19.193705484012746,19.43351784910502,19.18799529071361,19.79394242013594,19.802381269583726,19.26212957792511,19.61438114817877,19.574639633404903,19.31688579109933,19.489415819893583,19.672208865901176,19.84166327220762,19.47736473165941,19.23252723829608,19.83406788739486
Q60598,16.593844040743175,17.41495409195903,15.888042193289422,15.891418540093472,16.02958742623676,18.121783855142557,17.753047660760767,17.734970182160698,16.66343897418977,16.17091975889223,15.690685011902678,16.814114047234536,15.76750925415978,15.821530359657421,15.941678119523658,17.409198252425018,16.349674086050076,17.548703802292344,16.424905881371096,16.56990338029312
Q60605,16.787786029335575,18.010658561007176,17.111976085154247,16.17681671145689,17.698346687382006,18.89249845473423,18.805555003958638,18.2344507581869,18.704627247880417,18.704627247880417,17.765247531841293,17.91382045657661,17.386934271424803,17.424921615061844,17.142533078774907,18.319414906206543,17.698346687382006,17.879066972991428,18.17544178972664,18.322521618207993
Q60649,16.237094254631142,15.705083730230644,16.285263638868965,15.993501799324372,16.301723153649952,17.383086084193213,17.670685290626956,17.12125179015954,16.763008427236834,17.23225872587725,16.058832424729424,15.927250839663605,16.270831575590492,14.853748912406697,16.100081154888752,17.930067881647798,17.22358187073719,17.94675630726936,17.91382045657661,17.435891899816728
Q60668,15.33320736025556,16.378556630034833,16.90925047217575,16.100081154888752,15.178295921091552,16.636251849009206,17.30735540017094,16.818206817494392,17.10927450519619,16.401238476283474,16.87781368465308,16.90925047217575,16.56990338029312,16.4963255057543,16.580028597084656,16.55691743267369,16.93897973615989,17.144795313965545,17.203080746328986,16.566323801314113
Q60675,14.656808366596525,16.273488590249436,15.365109032161234,14.74245400704712,17.618685968229787,15.10816089572246,16.524196751485025,16.774641137098122,13.109707555396417,14.577215057783437,14.80768376681861,17.519675847328124,16.95761746780643,14.406009524164423,15.798304112643843,15.925154716909038,13.087749506414017,13.087749506414017,14.699590138772527,15.2891617443386
Q60692,16.52880337831991,16.318682633493573,16.89332719907149,17.478425207354842,17.001583695950494,16.380650004696243,17.251737751366313,16.242273639791314,16.93154694471169,16.85622845978967,16.751910700204583,16.344910077230814,16.1875776383686,16.649215759391605,16.198100687288626,16.81093283135739,17.148137805751453,16.329688354536522,17.292205479672383,16.51597275232473
Q60714,17.4854939215759,17.032288885952582,17.361429718890584,17.18501895449103,16.979922526858495,16.89332719907149,17.371049351203318,16.424905881371096,17.46528192331689,17.594061180035187,17.21340660266442,17.321352119883912,17.225621512021274,17.30735540017094,17.09520084335489,17.42921066183997,17.386934271424803,17.57662844066921,17.30735540017094,17.80772018021429
Q60737,15.973505544787937,16.061497848221492,16.479737186173647,16.513989720796523,18.539456527810977,14.829169325914018,15.517907274934771,15.61469005672846,15.414149481143511,16.883436687236518,16.09347049120067,14.791495295256553,16.108339936462162,14.757050975785557,15.873126298641903,15.670280194345924,15.390940114645725,15.365109032161234,15.462572781100917,16.61820190882106
Q60759,16.890081783255233,17.205889003958692,17.409198252425018,17.024240105006363,16.922027893751135,16.424905881371096,17.19122070489221,17.153192146135545,17.23225872587725,17.030048383696588,16.93897973615989,17.612279190457876,17.179197164935637,17.148137805751453,17.41218535643221,17.098820699086147,16.848483841971486,16.83334663985811,17.179197164935637,17.205889003958692
Q60770,16.80389473844276,15.593434303665864,15.910778846355502,16.383823134188656,17.10927450519619,16.507308218896206,16.80389473844276,16.918627187329072,15.960724643761818,15.863175304274899,15.51185413975083,16.282459613960587,16.00124053740221,16.424905881371096,16.518949691130903,16.942231875025136,16.362669500066467,16.814114047234536,17.06857626211557,15.884419480935644
Q60847,14.907515023251563,14.641849387528998,13.777446941234263,13.908312185962078,15.014580672957644,15.976498132726078,16.037168165463562,15.51185413975083,14.645259977011458,14.970550303254583,14.800177315895255,16.46243108644962,14.985452886859395,13.908312185962078,14.410378302048182,14.933044202684439,14.177079196650975,13.449451174954442,15.028207656308023,13.623938867813456
Q60864,16.351912672819864,16.09081354753402,17.33950008122841,16.318682633493573,16.797554568629657,16.26233331457591,16.370958180740086,16.6716372196514,16.242273639791314,15.678778121243937,16.875415935757488,16.430217662668,16.34770545001941,16.728743286387406,16.22890902936907,16.566323801314113,16.02958742623676,17.01146015302819,16.68090428038275,15.78311485094902
Q60865,14.949760195107299,16.17681671145689,15.966826290328532,14.861652606662267,15.662378708686493,17.22358187073719,17.344088522086913,17.895306208186973,17.28867597650831,16.31140174350425,16.351912672819864,14.253721318747711,16.121404441351434,15.509521293447989,15.49377535040316,16.349674086050076,16.78044367973605,16.483924620080618,17.024240105006363,14.95921994936345
Q60930,21.38127883057511,20.131315958109433,20.14610819689333,20.470602950874202,20.05350080830655,20.213060597303546,19.489415819893583,18.701296843331647,20.32428726971539,20.641864882497476,19.98871169320379,20.41039484084969,20.369485073973614,20.502017024791027,20.31203280886183,19.498871012520596,20.553065900098968,19.7589643453117,19.485235479494634,20.236587854097916
Q60931,20.74892253114054,20.13781572475612,19.77463038618589,19.938712598864875,19.58724806012787,19.98871169320379,18.901813342549907,17.967861438829196,20.045768994085144,20.397139127836336,19.77463038618589,20.450393278249244,20.426704271178217,20.037058103164064,20.255113016293294,19.039189930955697,20.450393278249244,18.922623962031516,18.901813342549907,19.79394242013594
Q60932,23.094391847023864,22.435774052327275,22.086424174001912,21.801532783027568,21.905151502965776,22.48836372406036,21.834591425720966,20.79028777744073,22.22933874399538,22.796844790397937,22.025840215948175,22.302498667361213,22.625915030671056,22.435774052327275,22.48836372406036,21.658107014466076,22.91306083021744,22.22933874399538,21.57636748852477,22.199561392149356
Q60935,16.668493118118167,16.393977145986078,16.898675748115725,17.115951302622406,15.982617858091317,16.63141210740998,17.64283619916258,17.678756085671203,17.241396505593773,17.75835794584472,17.439780162952,16.685174023944533,17.173027615381965,16.716125582424148,16.821344257321776,17.497179088344158,17.590341455561234,15.575425213956857,17.48161098242767,17.377723357057974
Q60936,19.250298328778392,19.61438114817877,18.42933449937419,18.692788423569027,18.622275947538277,18.24597604353273,17.610289029684264,16.641864068934417,18.16829823528978,18.535362894273316,18.43425631442843,18.69737413572631,18.56512310901136,17.99567063694154,18.391234669932494,16.96354293553974,18.30549751157621,17.157336803185128,17.087049784326272,17.981692152974038
Q61029,15.919773363359813,16.2100537343874,15.993501799324372,16.448563249979642,16.563811757202675,16.898675748115725,17.606683138382156,18.010658561007176,17.724576631281554,17.612279190457876,16.711175800387206,16.75813655894027,16.749015158910076,16.43436391937086,16.125825506001735,18.2056822853875,17.618685968229787,17.2669070316608,18.010658561007176,17.865897729771294
Q61070,16.88023568669566,16.448563249979642,17.325918356658345,17.594061180035187,15.866492560276251,16.821344257321776,16.357763628245788,16.421471692334112,16.674973066060424,17.856799493298915,17.460208108813042,17.710019680976686,17.618685968229787,17.56888122260806,17.885262923691034,16.448563249979642,17.978783110405505,16.86947840462856,17.205889003958692,17.678756085671203
Q61081,15.458171745577143,16.90166610455756,15.838000730345389,16.067821762657353,16.98531392996711,15.662378708686493,15.504319954149427,14.039372800388751,15.593434303665864,13.85530049700441,14.571195640347117,15.134133639824118,15.238230910494655,14.648984409954318,15.134133639824118,14.062436400060017,13.917975885149204,14.039372800388751,13.999659370928047,13.999659370928047
Q61102,17.753047660760767,17.377723357057974,17.47620486106079,16.476013686607416,16.136332635890025,17.23225872587725,14.122965602463818,14.217979155903953,18.106457263159108,17.46528192331689,16.885962247829426,18.08384131201834,18.17769432893232,17.06857626211557,17.770493521860175,14.28040136377894,17.940259383047355,14.217979155903953,14.160447485855723,16.952142629741115
Q61147,16.829913750250615,16.532303449186387,16.730747053517142,16.251051677362213,16.32425630004023,16.15594742921315,16.456659033451928,16.222612867761242,15.458171745577143,15.993501799324372,17.36436604495036,16.645998088606326,15.772626224322593,16.885962247829426,16.270831575590492,16.25362378937894,15.48143631191096,16.6716372196514,16.746171474409955,16.079291429801394
Q61151,14.648984409954318,15.458171745577143,15.028207656308023,14.555697307567666,15.439160168747303,13.886311384574958,14.373802999779727,14.441374702621863,14.3425171860605,14.239136142095358,14.177079196650975,13.85530049700441,13.278457972626404,14.582650763501414,13.967834079718006,14.555697307567666,14.33556237049331,14.45555725457589,14.387950443331835,14.401394740888382
Q61166,17.400481803234207,17.19691715647509,17.66764489468163,17.235594799084517,17.144795313965545,15.693466230772177,16.890081783255233,16.238817824352793,16.113710259561945,16.43226224160768,17.46528192331689,16.300086306127934,16.07028714623957,17.129346336394057,17.092715795188454,16.934625122232795,16.787786029335575,17.044588470395762,16.07028714623957,16.18497655714814
Q61171,18.47854005534154,17.72669570533258,18.72898466951047,18.053371364474067,18.010658561007176,18.40005578364228,19.4167171666165,19.274803546974578,18.22371761296218,18.36744383225511,18.593601147770293,17.64283619916258,17.712185611519836,18.301966839475945,18.181496184853014,19.42787621286776,18.514167063758197,19.399066184804443,19.103663795414896,18.71980096434951
Q61187,16.687964776367842,17.41218535643221,16.273488590249436,16.524196751485025,16.601578912139423,17.546151514474076,17.554199781535587,16.024994656892396,15.923160456085046,16.357763628245788,15.052524649438727,15.737964457452467,16.056047364008677,15.678778121243937,16.48903053151957,16.079291429801394,16.561728371874693,17.23225872587725,16.538398227481984,16.83850413537635
Q61207,18.58348846784302,18.262653633647734,18.846594247842646,18.98593416380268,18.771725671942427,18.09364616296982,17.680378849380652,18.130353779935874,17.660026804960843,17.35288327889465,19.574639633404903,18.793824082452442,19.051816513941663,19.07991006217845,19.160105526144985,17.8748822153187,18.08384131201834,18.539456527810977,17.803077572188666,17.724576631281554
Q61233,16.674973066060424,16.561728371874693,16.23347695387089,15.666858031868959,15.816300964002306,17.435891899816728,16.29824861008573,17.99046568935768,16.259337364402032,15.995851497078707,17.535813263945876,15.693466230772177,15.584089349200644,17.27037287563324,16.26233331457591,16.413187547665455,16.179445358549913,16.18497655714814,16.242273639791314,16.393977145986078
Q61235,14.609478608434037,14.515542102915552,13.846950111107319,15.46558578726117,13.886311384574958,14.630874262838267,14.265991125321648,14.861652606662267,14.248738773014216,15.910778846355502,13.623938867813456,13.767500755213135,13.711533354560277,14.275977086924176,14.30730686002357,14.429752851758172,14.203368106121394,14.31535159704524,14.28040136377894,14.270094838901835
Q61292,16.413187547665455,16.43226224160768,15.809418026978886,16.690339479527285,17.515169072149675,15.80730916658695,16.09526093946561,17.292205479672383,15.449953890574315,16.22435989700497,16.873239593523063,17.86323756311658,17.032288885952582,16.926708670945615,16.97434640382524,14.811795353353224,16.130618089249857,14.656808366596525,15.753830936774014,15.960724643761818
Q61316,13.830232428651678,13.278457972626404,13.728621800696644,13.643126264002907,14.577215057783437,13.967834079718006,14.08232449851108,14.18839993044656,14.146594214456846,14.686990880815307,14.292441968080615,14.896906612156863,14.641849387528998,13.699518704216942,13.897945585338055,14.248738773014216,14.017539902157285,14.18366768490463,13.830232428651678,14.137130183919183
Q61334,17.535813263945876,16.601578912139423,17.292205479672383,17.507192106131466,17.959806051647202,15.944375519519488,14.762585399243846,15.816300964002306,16.1652186825075,16.685174023944533,17.690454633187283,17.460208108813042,18.161697103703474,17.515169072149675,17.523111509759765,15.566762205268201,16.687964776367842,16.003372415621907,15.71741460476323,16.97434640382524
Q61335,15.569876033521208,15.91345634926184,15.534587295886373,16.30469657248546,15.471360942979416,15.76750925415978,14.949760195107299,15.963748578374577,15.838000730345389,15.654429717894198,17.06857626211557,17.188533071242286,17.487682536857637,16.668493118118167,16.836260442110852,16.00124053740221,16.61820190882106,16.460010932269192,15.647046052546145,15.73263953828744
Q61425,17.924035653696713,18.140068047990248,17.657428131816634,17.615653430863933,17.693148773596796,18.454664213203124,19.003517936108018,18.723395011021903,18.826074357682668,18.325851712263123,18.4399254482473,18.22648183750755,17.6632012656113,17.90936310010048,18.42032813063024,18.901813342549907,18.311485645808958,18.329172761972682,18.73916576183946,18.086295054480505
Q61475,16.242273639791314,15.760018465620925,15.873126298641903,16.52685091056362,15.963748578374577,16.158297537349718,16.609707536279277,16.09081354753402,16.366254946580064,16.741820142523036,15.33976203365576,17.08987074951222,16.318682633493573,15.746777501940187,16.397164474060425,16.127947533337323,16.69630307237967,16.053166412677005,16.327004616900417,16.418303733852664
Q61543,14.18839993044656,14.74764180301203,14.915961338591805,15.368670021996522,14.811795353353224,15.117895499462918,14.566898858168557,16.18284559477804,15.238230910494655,15.001179738394976,15.306068801325093,14.518924946868333,14.48138612488762,14.910714443596529,14.699590138772527,14.177079196650975,15.723802320798422,15.587991321452794,15.185354275029912,14.899768173062478
Q61554,16.885962247829426,18.46028536348611,16.18497655714814,16.848483841971486,17.753047660760767,19.391696701735242,19.039189930955697,18.810520689826916,18.10358233583293,17.81324364664505,17.546151514474076,18.047691560260848,17.41495409195903,17.153192146135545,16.885962247829426,18.282788689007585,17.08987074951222,17.325918356658345,18.150650213044617,17.325918356658345
Q61555,16.198100687288626,18.951325096639316,17.94675630726936,18.047691560260848,19.23747448564327,16.22890902936907,19.26212957792511,19.84166327220762,18.58348846784302,16.49120142113337,18.296495335466297,18.1434254692835,18.23890332629359,16.2100537343874,16.338017838992194,18.826074357682668,16.636251849009206,16.730747053517142,18.710263974402853,18.45017797765226
Q61559,15.951831547470999,15.777536457550315,15.949910442253326,15.566762205268201,15.729934176835012,16.86947840462856,16.668493118118167,16.942231875025136,14.686990880815307,14.603319521362218,15.788824770921277,14.099789020173262,15.32669447364538,16.69630307237967,15.863175304274899,14.989882816397337,14.711241610381103,17.42656305762505,16.53415410684763,14.804441003453238
Q61584,16.03431155983341,16.460010932269192,16.013559000510934,15.171162715763884,16.108339936462162,16.989068549121225,17.587084016245143,18.097294795222542,17.422254590645732,16.848483841971486,15.902391004492808,15.937743787073416,16.332343383587393,16.085461076507418,15.794360139023976,17.457206718666892,17.241396505593773,16.85622845978967,17.58028852863376,17.01146015302819
Q61586,15.65176970848288,15.741560565304336,16.54087236582678,14.661276568861515,15.821530359657421,14.233469173483138,14.907515023251563,14.99244415944482,14.785585365627753,14.695336035229037,15.343794472491595,16.238817824352793,16.053166412677005,15.33320736025556,15.071312921141082,15.089277149632872,14.796198876121887,14.86698558829572,14.853748912406697,14.903513115472753
Q61598,17.58028852863376,16.661205585863478,17.281709373291893,17.182211998304425,17.546151514474076,16.351912672819864,17.072785140321034,17.49166880054688,16.111357251954335,16.70207104070682,17.304793614767682,17.05920804603228,17.129346336394057,17.13279688304349,17.01470997101877,16.593844040743175,16.413187547665455,17.666098234860016,17.330801363230428,17.142533078774907
Q61646,14.017539902157285,13.839584994213547,15.47441539977441,14.253721318747711,14.363775627886259,15.103213421103016,14.84088006378352,14.925511054505955,14.72202022124876,14.653721718334475,16.424905881371096,14.137130183919183,14.099789020173262,17.241396505593773,14.265991125321648,15.035141491993437,14.74245400704712,18.626239694532416,18.487104314023583,14.850310004406982
Q61656,17.01146015302819,17.06601543367322,16.86199249986609,16.438725055416505,16.543428375713663,17.56888122260806,18.049996631740363,18.13604858946716,17.35642472611182,16.421471692334112,16.037168165463562,16.340180531084666,15.659569902510864,16.370958180740086,15.949910442253326,17.888755084302062,17.48161098242767,18.13356929777541,17.847799513901272,17.860062151900163
Q61733,17.572070148932653,17.28867597650831,17.625249119756884,19.310832499133262,18.391234669932494,18.9797163447973,20.05350080830655,20.102767292413223,19.51948616791665,19.421147519134486,17.445311654377253,17.46528192331689,17.432504936631602,17.590341455561234,17.657428131816634,20.213060597303546,18.111954491112115,17.770493521860175,19.727161245671432,19.713395178557512
Q61735,17.079102203389056,16.836260442110852,16.513989720796523,16.934625122232795,16.18284559477804,16.111357251954335,16.46543791465465,15.919773363359813,16.934625122232795,17.324168973995437,16.716125582424148,16.40707162096719,16.401238476283474,16.553805626739788,16.685174023944533,16.474579897193422,16.222612867761242,16.410648780816693,16.103960719082302,16.103960719082302
Q61743,18.787890824588672,18.152241217156128,18.88803098980167,18.2056822853875,19.29167119847474,17.784134571194787,18.121783855142557,18.407858512311783,17.787609002813973,18.359631261846697,18.93298198401946,18.25144033584863,18.866565088085313,19.117650399712225,18.787890824588672,18.7073015155592,18.147228745699543,18.7073015155592,18.42933449937419,19.051816513941663
Q61753,17.22358187073719,15.819247213119016,16.738653938253197,15.954570831544121,16.19369810558993,14.67032680324834,15.359817448018003,15.478099793465702,15.271877341830166,15.144277405546159,16.75813655894027,15.666858031868959,16.097835323629056,15.798304112643843,15.12391128922533,15.525005206405755,15.25291076267798,15.245852991145478,15.297677903815082,15.352651301839472
Q61768,18.91925231201697,19.117650399712225,15.978486584539263,19.034911068699845,19.088696595805597,15.951831547470999,16.51597275232473,16.620638262245475,16.48903053151957,16.246698944825305,15.760018465620925,19.039189930955697,18.974389618446466,18.329172761972682,19.7852576534075,16.649215759391605,16.368133187112512,16.43436391937086,16.504267138042373,16.633687158690016
Q61792,15.414149481143511,13.690663510281889,14.122965602463818,14.10915925009022,15.969730276919824,16.139607269253244,14.641849387528998,14.733792089542609,15.721820317041937,14.467600920295348,15.987853976938865,15.546311011901873,13.989171963932938,16.32425630004023,14.08232449851108,15.746777501940187,14.599270640412508,15.67305097522151,14.619296055769079,14.666037441115648
Q61830,15.866492560276251,15.80730916658695,14.420608989402496,15.286559135065534,15.623232095838185,16.09081354753402,15.372041876910476,15.292237428594898,15.2891617443386,15.286559135065534,15.62550380598837,14.857134232139689,14.506879351747846,15.763314009004318,15.212222429792154,13.330600938345935,15.427884399589866,16.848483841971486,15.229753977939973,14.380747771122333
Q61838,16.340180531084666,15.990727084368192,14.253721318747711,16.612233441917926,14.347682149278148,16.448563249979642,14.825407733139537,14.915961338591805,16.22890902936907,14.630874262838267,16.54087236582678,15.87513181994738,15.321776172646173,16.53415410684763,16.22435989700497,15.022830958760903,16.566323801314113,17.017948097470708,14.779363205280395,14.833253758200758
Q61878,16.46821754903481,16.111357251954335,14.292441968080615,14.95921994936345,14.429752851758172,16.02767846566539,14.910714443596529,14.996463323954822,14.985452886859395,15.442638359072728,14.13086431251486,15.723802320798422,14.779363205280395,14.996463323954822,15.229753977939973,15.092328701255036,16.04892681270931,14.870081030669045,13.946080777784761,14.661276568861515
Q61937,13.109707555396417,14.555697307567666,15.019639960833777,13.481229208574101,14.203368106121394,14.99244415944482,14.630874262838267,14.727242330899045,14.561294032891018,14.45555725457589,14.757050975785557,14.45555725457589,14.821263604570499,14.062436400060017,14.069289646260959,14.825407733139537,14.582650763501414,14.67032680324834,14.613728201454895,14.653721718334475
Q61990,16.36036459147711,17.040107305366032,17.098820699086147,16.836260442110852,17.321352119883912,14.996463323954822,15.670280194345924,16.814114047234536,15.550162481051467,15.368670021996522,16.57599849020238,14.940995594646205,15.763314009004318,15.359817448018003,16.79027606429046,15.843090928927955,15.572737060010379,16.32425630004023,15.587991321452794,15.693466230772177
Q62000,16.270831575590492,16.0762417671677,15.987853976938865,16.51597275232473,17.024240105006363,17.05423224585784,16.97241147402748,15.763314009004318,15.746777501940187,16.922027893751135,16.387790646744357,17.44310380814907,17.040107305366032,16.24508727723093,16.69630307237967,15.845655265924204,15.577601129702632,15.49377535040316,16.912802308066425,15.696427434702581
Q62086,18.436976726954587,17.241396505593773,17.882647677021478,19.63249390499406,17.330801363230428,14.949760195107299,15.612774878484334,15.71741460476323,18.074244921381066,18.147228745699543,18.106457263159108,18.147228745699543,19.013169795939113,17.386934271424803,18.258331325723095,15.79601277558345,18.352961934754212,17.633302005278566,15.550162481051467,15.65176970848288
Q62087,18.89249845473423,18.59745793039929,18.74305245106579,18.763965563509743,18.384281328044707,17.660026804960843,17.558003750686517,18.348411157473027,18.490659285459596,18.922623962031516,18.749285183307155,19.0079271919845,18.93298198401946,18.591312698361396,18.692788423569027,18.377998196352735,18.866565088085313,18.86086854200918,18.661117274514584,19.067381533572725
Q62147,16.476013686607416,15.788824770921277,15.071312921141082,17.098820699086147,15.838000730345389,17.087049784326272,15.705083730230644,15.788824770921277,15.577601129702632,16.150802664772357,14.86698558829572,17.561482262331825,16.90459719162573,16.04892681270931,17.076832889343816,15.878448348424161,15.608703369262836,15.525005206405755,15.620460329038966,15.729934176835012
Q62159,19.21670203632218,18.407858512311783,18.87924242072296,19.071950184196773,18.644300593555197,17.02699335688985,17.432504936631602,17.573960735836984,17.40363371243514,17.175726879509117,19.37927991832144,18.59745793039929,18.937647466272757,19.160105526144985,18.839314764187378,17.538195898734124,17.29507809733934,17.39294590734506,17.472432416418748,17.533413733517648
Q62165,16.227119043561203,17.10432362749829,14.680883599188178,16.0762417671677,17.21340660266442,17.70674967884954,16.14836718949126,15.397084425394757,15.584089349200644,15.067940301130054,15.954570831544121,16.818206817494392,15.937743787073416,15.735578279963727,14.653721718334475,15.471360942979416,15.185354275029912,15.191676221021856,15.245852991145478,15.279527373933542
Q62167,14.711241610381103,14.816195787907578,14.28633067059334,16.532303449186387,14.406009524164423,14.203368106121394,16.024994656892396,16.668493118118167,15.418603104939601,13.886311384574958,14.9367958209861,15.995851497078707,15.418603104939601,14.233469173483138,15.245852991145478,16.37458468825991,14.775499690343585,15.70296752621564,16.883436687236518,14.883048296370884
Q62181,15.623232095838185,14.751412418739244,16.09081354753402,16.61820190882106,15.537445307962363,16.31549540396195,17.737500887304087,17.024240105006363,17.33658040106376,18.446346323106553,16.19369810558993,15.194804531318502,16.198100687288626,16.30697863909287,15.359817448018003,18.161697103703474,18.692788423569027,13.37053814810391,18.217316334788617,18.5881074890872
Q62186,17.936982345578773,17.24474772074774,16.865476847872582,17.19391351441193,16.49120142113337,16.59163716099311,16.26233331457591,15.449953890574315,16.725472251363733,17.396778600638424,16.98531392996711,17.249717783411466,17.49166880054688,16.98531392996711,17.23225872587725,16.30469657248546,17.710019680976686,17.25419194947641,15.750278837626055,17.05920804603228
Q62188,15.321776172646173,14.630874262838267,14.982257922584854,15.414149481143511,13.690663510281889,16.003372415621907,13.96015911609131,14.062436400060017,13.97905257179841,13.897945585338055,15.275488708244358,13.496873682630522,13.496873682630522,15.052524649438727,14.791495295256553,14.099789020173262,13.946080777784761,14.069289646260959,14.03450478540999,14.017539902157285
Q62230,14.552658991718408,14.329504467601879,13.25457301002281,14.883048296370884,13.278457972626404,15.990727084368192,15.486586153627849,13.52364304963227,13.459178614880875,13.313881043529065,14.122965602463818,14.017539902157285,13.028719820976708,15.283322213233806,14.571195640347117,13.535981701700322,15.025521132721678,15.061139700327832,13.437700531367991,13.481229208574101
Q62234,16.136332635890025,16.66343897418977,16.125825506001735,16.982500836146098,18.348411157473027,16.144542022921534,15.584089349200644,15.647046052546145,15.468680919842276,16.628015544109772,15.937743787073416,19.882251481588618,19.103663795414896,16.31140174350425,17.710019680976686,14.13086431251486,15.382465551635125,13.549270547188026,14.13086431251486,16.424905881371096
Q62261,15.552969674347779,17.349907521691502,15.12391128922533,15.907913464931354,15.770030517963258,18.254248057102092,18.072013605180732,17.460208108813042,17.203080746328986,17.235594799084517,16.067821762657353,15.76750925415978,15.025521132721678,15.786485149932307,14.775499690343585,17.554199781535587,16.46821754903481,16.23347695387089,17.2989241082415,16.636251849009206
Q62283,13.967834079718006,13.427473657833062,13.496873682630522,14.03450478540999,13.330600938345935,13.278457972626404,13.472695105067398,13.623938867813456,13.549270547188026,13.437700531367991,12.620838124279555,13.967834079718006,13.586108650129097,14.387950443331835,13.736966157778886,13.633375800209185,13.459178614880875,13.614740642450451,13.52364304963227,13.563233578392788
Q62351,13.791834288818066,13.109707555396417,12.352961733292972,13.459178614880875,12.975513409365107,13.087749506414017,13.087749506414017,13.25457301002281,13.222720222576935,13.087749506414017,13.481229208574101,13.535981701700322,12.876150995395088,13.78457820739689,13.586108650129097,13.235707385054948,12.74310901533909,13.25457301002281,13.192136661784113,13.161066056532908
Q62425,21.33193899713133,22.051509267440423,22.302498667361213,22.91306083021744,21.686792265063367,21.96480189779124,22.543406628988592,22.48836372406036,21.74693365887078,21.74693365887078,21.74693365887078,19.097053476854207,20.90630751244386,21.801532783027568,21.434797352083372,22.625915030671056,21.51139630587692,22.700828530240337,22.48836372406036,22.543406628988592
Q62433,16.818206817494392,16.504267138042373,16.846016622085706,16.580028597084656,16.349674086050076,16.013559000510934,16.27669011398628,16.741820142523036,15.617019433037342,15.743935402950592,17.324168973995437,16.136332635890025,15.30051921708017,16.499030736698753,16.19036102096137,16.14836718949126,15.633335140571507,15.532412706601482,16.29522030376555,15.840375553227057
Q62446,17.519675847328124,17.90936310010048,18.490659285459596,18.54749564834063,18.282788689007585,18.601838602185495,20.293605784796455,20.49371741554465,19.533161115479267,20.1995787623911,18.514167063758197,18.657031606976034,18.85084879159792,18.539456527810977,19.071950184196773,20.340176269531327,19.91224995046066,19.088696595805597,20.68644520397291,20.287058655216576
Q62465,18.61011649476,18.61011649476,17.745887408214095,18.622275947538277,17.721080309621776,18.471715071718833,17.81746538244362,17.175726879509117,17.29507809733934,17.0213242191599,18.10358233583293,17.618685968229787,17.19691715647509,18.10358233583293,17.836101908657188,17.044588470395762,16.883436687236518,18.6681894006985,17.511615798732674,17.543816440328257
Q63844,14.347682149278148,14.090224770988595,14.46093645921196,16.270831575590492,14.58887846344795,16.438725055416505,15.923160456085046,16.368133187112512,15.546311011901873,16.332343383587393,14.355109658645091,14.406009524164423,14.35969373918904,16.415673505322054,14.467600920295348,16.18284559477804,16.056047364008677,15.693466230772177,16.48714026421141,16.25653582328419
Q63918,17.967861438829196,18.15734860652636,17.533413733517648,18.140068047990248,18.152241217156128,19.274803546974578,18.922623962031516,20.111478237255376,18.19080890636426,18.30549751157621,18.262653633647734,17.83361264206847,16.711175800387206,17.538195898734124,17.292205479672383,18.543744335807425,17.01146015302819,19.36781822229532,18.471715071718833,17.879066972991428
Q640N1,16.942231875025136,15.816300964002306,17.344088522086913,16.606386975129716,17.478425207354842,16.24508727723093,16.19036102096137,16.960653085729923,16.056047364008677,17.199668718921735,17.166596287268096,16.713438186894475,16.639477413014212,17.30141000380968,17.29507809733934,16.46243108644962,17.361429718890584,16.01123952872343,16.865476847872582,17.220134823654114
Q64105,15.804180097448219,14.757050975785557,15.834911278904983,15.884419480935644,15.743935402950592,15.155252106707929,15.34672908070157,13.535981701700322,15.155252106707929,15.856121102274775,16.046206000705748,16.29522030376555,15.891418540093472,15.859236768702775,16.483924620080618,13.549270547188026,15.431928984807248,15.368670021996522,15.182263399732554,15.144277405546159
Q64133,16.366254946580064,15.800953315145218,15.362371936910312,15.203312068106726,15.757144155316078,15.843090928927955,15.623232095838185,14.978758858134853,15.693466230772177,16.93154694471169,15.564074872854784,16.30469657248546,16.404276581737186,15.856121102274775,15.814011417767002,15.343794472491595,16.334587330977822,16.87781368465308,15.336221451683153,16.318682633493573
Q64152,14.800177315895255,15.532412706601482,15.59050769044938,15.791663948852058,15.006871282022777,17.70158229840711,18.48267100735208,17.324168973995437,18.04398079198537,17.042576854856794,15.489613020902329,14.816195787907578,15.6762432600685,15.198676850409475,15.010387727874951,17.27865571961508,17.527716637189165,16.769692416051235,18.17769432893232,16.88023568669566
Q64310,19.243443307244604,18.332491664623074,18.810520689826916,19.193705484012746,19.183326446885324,18.17769432893232,17.111976085154247,17.235594799084517,18.57234863521773,18.866565088085313,19.07586113580069,19.141192080497436,18.9797163447973,18.783882482644593,19.334839971773405,17.179197164935637,18.82887547524917,17.05920804603228,17.10432362749829,17.895306208186973
Q64314,17.673738708612575,17.678756085671203,17.153192146135545,17.992397296759187,16.559201263243565,18.622275947538277,17.87059215832019,18.945522558134083,18.217316334788617,18.181496184853014,18.45017797765226,16.4963255057543,16.58837459230723,18.38748437571025,17.68437917947841,16.43436391937086,16.777266686145666,18.496141197857362,17.229432104662298,16.421471692334112
Q64337,14.727242330899045,14.9367958209861,15.486586153627849,15.266985490755014,15.791663948852058,14.762585399243846,15.821530359657421,16.43436391937086,15.556164559079173,15.140516202173425,15.431928984807248,15.520799340052378,15.564074872854784,15.596622301187296,15.51185413975083,15.550162481051467,14.944990304492626,16.46543791465465,16.31549540396195,16.17681671145689
Q64347,14.571195640347117,13.300699006898574,13.767500755213135,14.915961338591805,14.069289646260959,13.699518704216942,14.160447485855723,14.253721318747711,14.18366768490463,14.057060942124656,13.535981701700322,13.67511327356875,14.450960426339009,14.699590138772527,14.609478608434037,14.329504467601879,14.114476873414038,14.248738773014216,14.195536530975028,14.195536530975028
Q64433,20.525462166666408,20.824668874193524,21.22581550263428,20.589683950528062,21.658107014466076,21.20162634180764,21.94216407850464,21.16447481325955,21.16447481325955,20.870592525502502,21.78090432555921,20.516602072428185,20.525462166666408,21.088121906942963,20.734172393783034,22.3534119464251,21.088121906942963,22.086424174001912,21.998585294669542,21.264885827339874
Q64521,21.03251814095913,21.125332749829006,21.48241549278334,21.20162634180764,21.406859971950645,20.255113016293294,20.439140219859453,19.63890817200848,20.824668874193524,20.857605579032814,21.183890892318708,21.088121906942963,21.286548796855786,21.48241549278334,21.14146272984866,20.60394420818158,21.0038293301104,20.76511997495633,20.357578833325334,20.779486658726558
Q64727,14.737392090904624,14.978758858134853,13.994946425764871,13.93852089806406,16.628015544109772,16.797554568629657,14.367576734743116,15.976498132726078,16.26541234489624,16.158297537349718,13.719552549375294,14.495470089463577,14.1515990732055,14.515542102915552,13.908312185962078,14.543658907601387,15.89593452593626,14.450960426339009,16.390896523419872,15.572737060010379
Q64737,18.529294810872006,17.992397296759187,18.704627247880417,18.7469593396453,18.99174485400807,16.79027606429046,17.2989241082415,17.409198252425018,17.220134823654114,16.944540208724522,18.278303594270902,18.91925231201697,18.46028536348611,18.41647565459286,18.446346323106553,17.34744983267199,17.10432362749829,17.22358187073719,17.27037287563324,17.330801363230428
Q66GT5,13.330600938345935,13.481229208574101,13.746756349989221,13.683350255698732,13.78457820739689,13.811601628003093,14.114476873414038,14.211538964026158,14.090224770988595,14.883048296370884,13.508795569801222,13.643126264002907,14.057060942124656,13.846950111107319,13.719552549375294,14.275977086924176,14.67032680324834,14.211538964026158,14.1515990732055,14.300528946357957
Q68FD5,18.397598544786902,17.56888122260806,17.115951302622406,16.201859750574574,17.803077572188666,16.344910077230814,16.707129212252685,16.826278137591675,16.6716372196514,16.40707162096719,17.68437917947841,17.47620486106079,17.66764489468163,17.70158229840711,17.554199781535587,16.79027606429046,16.57599849020238,16.639477413014212,16.693929445147603,16.81093283135739
Q68FE2,13.028719820976708,13.82436664994125,14.31535159704524,14.057060942124656,13.989171963932938,13.803370634225143,13.711533354560277,13.82436664994125,12.620838124279555,13.67511327356875,14.105350340092958,13.563233578392788,13.728621800696644,14.45555725457589,14.062436400060017,13.85530049700441,13.711533354560277,13.872036713214507,13.777446941234263,13.791834288818066
Q69ZN7,15.418603104939601,15.873126298641903,13.056525365969318,15.402178736393243,13.056525365969318,16.518949691130903,13.131169062970418,13.313881043529065,13.25457301002281,15.117895499462918,15.944375519519488,12.876150995395088,14.217979155903953,14.737392090904624,14.67032680324834,13.300699006898574,15.203312068106726,16.17091975889223,15.932836704688048,13.235707385054948
Q69ZQ1,17.64539592994067,16.678592707518952,17.57662844066921,17.917223424827096,16.991715572503388,16.543428375713663,16.836260442110852,17.660026804960843,16.818206817494392,17.39001238932805,17.527716637189165,17.71603560983471,17.678756085671203,17.85464612911659,17.543816440328257,17.55157545207064,17.72669570533258,17.638617854956586,17.111976085154247,17.71603560983471
Q69ZS7,14.630874262838267,14.46093645921196,14.410378302048182,14.80768376681861,15.286559135065534,14.069289646260959,14.661276568861515,14.751412418739244,15.140516202173425,14.48733773741946,14.648984409954318,14.811795353353224,14.699590138772527,15.158685294076179,14.87385320121751,14.845055069767344,14.996463323954822,14.69099556115421,14.641849387528998,15.065253731898377
Q69ZZ6,16.21791391744498,15.699835390189406,16.690339479527285,16.944540208724522,15.878448348424161,16.082544546889245,16.918627187329072,17.05920804603228,16.413187547665455,16.95761746780643,16.674973066060424,16.448563249979642,16.649215759391605,16.1875776383686,16.214653890022383,17.047448565596195,17.42921066183997,16.07028714623957,17.005131623186923,17.276636320853832
Q6DVA0,16.85186738879242,16.977463631114354,17.83049629610969,18.29155753130763,18.531979873129668,17.10927450519619,17.15064329231176,17.63102142942152,17.454568697803854,18.6681894006985,17.753047660760767,18.049996631740363,17.86323756311658,17.59922353105862,17.967861438829196,17.603524959974784,17.767497686699723,15.41012522490404,17.882647677021478,18.17544178972664
Q6GQT9,17.85464612911659,17.101906011921123,17.16068008131952,17.897967989483423,17.153192146135545,16.649215759391605,15.61469005672846,15.866492560276251,16.97434640382524,16.969539343991375,17.63102142942152,17.54112352966739,17.703901703131272,17.65412888628205,17.6632012656113,16.222612867761242,17.33950008122841,17.02699335688985,16.452900984150567,17.19391351441193
Q6IM74,22.435774052327275,21.596772717102628,21.57636748852477,22.543406628988592,21.716789525616964,20.111478237255376,20.331214124513856,20.397139127836336,20.939585313942462,21.51139630587692,21.406859971950645,22.3534119464251,22.435774052327275,22.3534119464251,22.395892365345478,20.516602072428185,21.62914809131313,20.6521141682204,20.461360369751638,20.90630751244386
Q6IRU2,16.19369810558993,16.549028599607304,15.779951529087281,16.34770545001941,16.766417156471043,17.73215520255005,17.905931819264087,17.879066972991428,15.79601277558345,15.596622301187296,16.44534002432181,16.173206043577068,15.927250839663605,16.85622845978967,16.227119043561203,17.71886856773059,16.44534002432181,18.359631261846697,17.380358630795737,15.934899753348358
Q6IRU5,15.608703369262836,15.431928984807248,16.58535434737975,17.05920804603228,17.076832889343816,17.325918356658345,17.008008482948355,15.572737060010379,16.698982060708936,16.448563249979642,17.41996866473105,14.737392090904624,14.666037441115648,17.05920804603228,15.91345634926184,15.631086195556104,16.144542022921534,16.69630307237967,16.476013686607416,15.451979480642668
Q6NSQ9,18.426463008111213,16.944540208724522,16.713438186894475,16.730747053517142,17.625249119756884,17.687931372744202,17.09520084335489,17.215907063364714,18.348411157473027,18.426463008111213,16.476013686607416,17.5305385305905,17.936982345578773,18.030644644693705,17.891761713101424,17.1626813000877,18.73916576183946,17.035220393494512,17.083955166513153,18.22371761296218
Q6NVE9,16.044449650011757,16.749015158910076,16.783324830756815,17.487682536857637,17.660026804960843,17.409198252425018,17.129346336394057,18.22648183750755,17.386934271424803,17.5305385305905,16.741820142523036,16.103960719082302,15.990727084368192,17.005131623186923,16.81093283135739,18.395097893155587,17.7619608328409,18.377998196352735,18.622275947538277,17.75835794584472
Q6NZJ6,16.524196751485025,16.668493118118167,16.329688354536522,16.368133187112512,16.168834998375143,16.606386975129716,16.653226417130497,17.841885355233064,16.728743286387406,15.978486584539263,15.888042193289422,16.214653890022383,15.998559263979374,16.27669011398628,15.919773363359813,16.952142629741115,16.173206043577068,17.083955166513153,17.153192146135545,16.273488590249436
Q6P3A8,18.884170672470745,18.723395011021903,19.22540486398784,18.69737413572631,19.07586113580069,16.460010932269192,17.325918356658345,15.659569902510864,17.173027615381965,18.10013833524055,18.181496184853014,19.160105526144985,19.23252723829608,18.95472545504847,19.02380500564057,15.737964457452467,17.917223424827096,17.05423224585784,18.121783855142557,17.37383959237027
Q6P542,15.605874091019254,14.01009255170475,15.620460329038966,15.2567597941021,16.52880337831991,14.86698558829572,16.61820190882106,17.90240753396987,15.951831547470999,14.833253758200758,15.666858031868959,15.352651301839472,15.714163415413747,15.881943784170412,15.729934176835012,17.422254590645732,14.933044202684439,16.37458468825991,18.00438779402004,15.772626224322593
Q6P5E4,17.841885355233064,16.934625122232795,17.56888122260806,18.080846345477145,17.62798207841176,16.024994656892396,15.269927550078975,13.192136661784113,16.769692416051235,17.1409186454281,17.39001238932805,17.756083062129026,17.799117059635858,17.7619608328409,17.7619608328409,14.506879351747846,17.079102203389056,15.873126298641903,15.577601129702632,16.915725576922526
Q6P6L5,14.073658495565468,17.489184669478796,14.907515023251563,14.796198876121887,17.42921066183997,16.044449650011757,15.427884399589866,11.838927065954136,17.13279688304349,16.22890902936907,13.846950111107319,18.884170672470745,17.992397296759187,15.336221451683153,16.370958180740086,11.838927065954136,11.838927065954136,12.352961733292972,11.838927065954136,15.71741460476323
Q6P8J7,20.131315958109433,20.983915003878874,20.6521141682204,19.903938293102694,20.535389933423893,21.658107014466076,22.156111094101366,21.998585294669542,21.94216407850464,21.716789525616964,20.700801579431218,20.255113016293294,20.516602072428185,20.18969561313046,20.41039484084969,21.998585294669542,21.686792265063367,21.62914809131313,21.905151502965776,21.466732315982902
Q6P9J9,13.879506402985996,11.838927065954136,13.437700531367991,13.004781440199277,13.449451174954442,13.004781440199277,13.614740642450451,13.719552549375294,13.652399849661482,13.535981701700322,13.028719820976708,14.039372800388751,13.897945585338055,13.427473657833062,13.683350255698732,13.736966157778886,13.575266306728485,13.711533354560277,13.664138208619397,13.683350255698732
Q6PA06,17.97015125270846,17.472432416418748,18.637662050699568,18.9261410847361,18.614298355609993,17.334270289259177,17.584181686787865,18.047691560260848,17.943760614616746,18.21364764186422,18.7469593396453,18.633201950403677,18.95472545504847,18.76759134965433,18.397598544786902,18.325851712263123,18.325851712263123,18.10358233583293,18.10358233583293,18.17769432893232
Q6PB66,17.959806051647202,17.690454633187283,17.55157545207064,17.62798207841176,16.915725576922526,17.368742017929026,16.93897973615989,16.746171474409955,17.998613465705397,18.09130970357867,16.99632150856619,18.161697103703474,17.698346687382006,17.451575243857786,17.737500887304087,17.030048383696588,17.911361722190914,17.11861925428686,16.97434640382524,17.734970182160698
Q6PCP5,16.37458468825991,16.329688354536522,16.614893324200175,16.704488174661353,16.390896523419872,16.766417156471043,16.912802308066425,17.09520084335489,16.85395423118609,16.54087236582678,16.15360512349686,16.161261421102417,16.133871220497703,16.270831575590492,16.127947533337323,17.33658040106376,16.85186738879242,17.10432362749829,16.93897973615989,16.98531392996711
Q6PDI5,15.80730916658695,16.287645393904377,15.927250839663605,16.013559000510934,15.212222429792154,14.552658991718408,15.198676850409475,15.323878207902379,15.10816089572246,14.996463323954822,14.850310004406982,15.656926184822169,15.741560565304336,15.085046757346536,15.399578467104721,15.402178736393243,15.095695370956111,15.130888142873536,15.188842202981718,15.215475020312429
Q6PDM2,14.391863026184504,16.711175800387206,14.491691849767449,14.531574197485403,14.619296055769079,17.076832889343816,18.783882482644593,20.38746008034168,17.472432416418748,16.242273639791314,16.410648780816693,14.434993212831833,15.275488708244358,14.47552960617359,14.531574197485403,17.597024764323443,16.97434640382524,17.44310380814907,19.740428547270813,16.875415935757488
Q6PER3,15.336221451683153,16.044449650011757,16.4963255057543,15.572737060010379,17.008008482948355,14.883048296370884,16.03138389863903,16.25653582328419,15.031051227113869,15.22346468772049,15.721820317041937,16.01965978169674,15.2891617443386,16.204566547262473,15.902391004492808,16.300086306127934,15.041589418121031,15.699835390189406,16.37458468825991,15.746777501940187
Q6PHN9,14.099789020173262,14.253721318747711,14.896906612156863,14.41531166554509,14.4987274339632,14.3425171860605,16.259337364402032,15.115875229123228,14.890357016202097,16.108339936462162,14.833253758200758,15.140516202173425,15.442638359072728,14.561294032891018,14.441374702621863,15.215475020312429,14.896906612156863,16.428136181983106,16.121404441351434,15.94784060107689
Q6PHZ2,18.454664213203124,17.703901703131272,18.181496184853014,18.79146027810211,18.359631261846697,17.594061180035187,17.97439179585499,17.78155131191905,18.07730493463513,18.15516598004831,18.395097893155587,18.36744383225511,18.99174485400807,18.432239856528742,18.18472297779476,18.322521618207993,18.18472297779476,17.65412888628205,18.357233912078737,18.454664213203124
Q6PIC6,13.52364304963227,14.005240663069339,14.502381903135184,13.235707385054948,13.313881043529065,13.25457301002281,13.459178614880875,13.614740642450451,13.535981701700322,13.427473657833062,13.917975885149204,12.74310901533909,13.109707555396417,13.711533354560277,13.85530049700441,13.623938867813456,13.449451174954442,13.599475941965656,13.508795569801222,13.549270547188026
Q6PIE5,19.97355464220379,19.281832168516452,19.4468059321889,19.558106854721593,19.498871012520596,18.961968543500387,19.28591908300357,18.5881074890872,18.710263974402853,19.22046835326541,19.480698550016374,19.147614525807302,19.527304879775166,19.63890817200848,19.471323010750343,18.89696239254644,19.34781045427387,19.147614525807302,19.0854050504248,19.22540486398784
Q6Q477,15.489613020902329,15.529758455657156,14.363775627886259,15.743935402950592,15.580907294084653,16.133871220497703,15.506551846886342,15.10004197931255,15.387948646838893,15.489613020902329,15.6762432600685,14.552658991718408,15.617019433037342,15.587991321452794,14.543658907601387,15.723802320798422,15.509521293447989,15.636006941528157,14.944990304492626,15.866492560276251
Q6QD59,16.99632150856619,16.55691743267369,17.06601543367322,15.888042193289422,15.71741460476323,17.2669070316608,17.543816440328257,17.673738708612575,18.09364616296982,17.72669570533258,15.688008406216317,16.614893324200175,17.157336803185128,16.922027893751135,16.90459719162573,18.11797275702317,18.024210207376626,18.106457263159108,18.07730493463513,18.04398079198537
Q6R0H7,18.51033699178351,17.836101908657188,17.90240753396987,18.254248057102092,17.371049351203318,18.11451610645798,18.16829823528978,17.615653430863933,17.65412888628205,18.019457060833666,18.10013833524055,18.359631261846697,17.978783110405505,18.384281328044707,18.301966839475945,17.83049629610969,17.963939655500543,17.87059215832019,17.63102142942152,18.22648183750755
Q6RUT7,18.945522558134083,19.489415819893583,19.960509193081236,19.691825325953484,19.45331986229829,18.701296843331647,19.18799529071361,19.408071203488337,18.974389618446466,18.633201950403677,19.50574895289755,18.997126266878944,19.05842373408581,19.663669211930547,19.42787621286776,19.07991006217845,18.701296843331647,19.965756650739692,19.34781045427387,19.122713897315215
Q6TEK5,18.531979873129668,17.72892478646335,18.56897783590532,16.237094254631142,18.56164854968247,17.238741308058717,17.590341455561234,17.546151514474076,17.46750571381542,17.533413733517648,16.082544546889245,18.444192857756132,18.446346323106553,18.258331325723095,18.09364616296982,17.548703802292344,17.535813263945876,17.587084016245143,17.148137805751453,17.49900907660442
Q6X893,15.834911278904983,14.833253758200758,14.970550303254583,14.857134232139689,14.424835467341442,15.506551846886342,14.829169325914018,14.989882816397337,15.932836704688048,15.714163415413747,14.95921994936345,14.233469173483138,14.561294032891018,14.531574197485403,15.065253731898377,15.085046757346536,15.639869158783554,14.857134232139689,14.850310004406982,15.067940301130054
Q6XPS7,17.25419194947641,17.917223424827096,17.953543654779324,17.83049629610969,17.72669570533258,17.457206718666892,16.698982060708936,16.00904466443058,16.68090428038275,16.977463631114354,17.558003750686517,17.885262923691034,17.548703802292344,17.824170072409693,17.745887408214095,16.858956303892118,17.612279190457876,16.357763628245788,16.52685091056362,17.584181686787865
Q6ZQ38,13.652399849661482,15.010387727874951,14.515542102915552,15.520799340052378,15.127312692947154,14.956319777147453,13.690663510281889,13.803370634225143,13.728621800696644,13.633375800209185,14.555697307567666,13.623938867813456,13.549270547188026,13.746756349989221,13.313881043529065,13.830232428651678,13.683350255698732,13.839584994213547,13.746756349989221,13.767500755213135
Q6ZQ73,17.724576631281554,19.097053476854207,17.891761713101424,18.576219393078546,18.342414565049175,16.88023568669566,16.54629343951786,17.017948097470708,15.708856930318902,16.430217662668,16.418303733852664,17.111976085154247,17.330801363230428,16.504267138042373,16.875415935757488,16.521450904560936,15.726681081032652,16.130618089249857,16.111357251954335,15.834911278904983
Q6ZQI3,18.672591168463025,17.47620486106079,18.23890332629359,18.82108478641925,18.436976726954587,17.263106002509925,17.572070148932653,17.97015125270846,17.594061180035187,17.721080309621776,17.891761713101424,18.198187229296455,18.00438779402004,18.36368084835582,18.87924242072296,17.895306208186973,17.606683138382156,17.703901703131272,17.4854939215759,17.81746538244362
Q6ZWN5,18.614298355609993,18.487104314023583,17.724576631281554,17.860062151900163,16.418303733852664,19.322983406091808,18.391234669932494,17.824170072409693,19.088696595805597,18.672591168463025,17.70674967884954,18.04398079198537,17.885262923691034,17.673738708612575,18.248247983010657,18.007235921607688,19.352586344562038,19.07991006217845,18.348411157473027,18.629563389982003
Q6ZWV7,17.409198252425018,18.359631261846697,17.41495409195903,17.210299331116396,16.26541234489624,18.905955329526073,18.73465024705768,19.498871012520596,18.937647466272757,18.499674445412197,16.55137108546443,17.047448565596195,17.101906011921123,16.538398227481984,16.329688354536522,18.91262845174094,19.129223172140776,18.315346572616036,19.31688579109933,18.61011649476
Q6ZWX6,18.843418222302148,19.06413493087259,19.02380500564057,18.56512310901136,19.129223172140776,18.839314764187378,18.380215367975342,17.129346336394057,18.543744335807425,18.839314764187378,18.88803098980167,18.93298198401946,18.692788423569027,18.9261410847361,18.855741593294095,17.724576631281554,18.614298355609993,18.342414565049175,18.618829691493154,18.357233912078737
Q70IV5,14.321467241527959,15.162577066677898,15.266985490755014,15.168455584868656,17.18501895449103,15.993501799324372,16.43226224160768,16.448563249979642,15.24100722327675,16.046206000705748,15.517907274934771,16.593844040743175,16.53415410684763,15.37612457553998,15.760018465620925,15.605874091019254,15.693466230772177,13.028719820976708,14.962063782381401,15.969730276919824
Q71RI9,16.430217662668,16.49120142113337,16.18284559477804,16.808224534344642,16.26233331457591,14.982257922584854,15.662378708686493,15.753830936774014,15.537445307962363,15.356273123715786,15.80730916658695,16.54629343951786,16.36036459147711,16.78044367973605,16.58837459230723,15.834911278904983,15.560062879765315,15.48143631191096,15.584089349200644,15.678778121243937
Q76MZ3,18.467727291894597,18.839314764187378,18.25144033584863,19.608939339184467,18.88803098980167,16.125825506001735,16.649215759391605,16.704488174661353,15.188842202981718,16.606386975129716,17.724576631281554,17.924035653696713,18.2056822853875,17.967861438829196,17.765247531841293,15.990727084368192,15.168455584868656,16.48903053151957,16.483924620080618,16.43226224160768
Q78IK2,22.199561392149356,21.406859971950645,21.658107014466076,21.716789525616964,20.525462166666408,21.246489872929224,20.470602950874202,20.183146281197608,21.35303781379885,21.466732315982902,21.22581550263428,21.686792265063367,21.51139630587692,21.35303781379885,22.113140596776518,20.700801579431218,21.466732315982902,20.805818273720142,20.31203280886183,21.183890892318708
Q78IK4,18.42357560925522,18.704627247880417,18.411625586945092,18.296495335466297,18.271513398923915,18.072013605180732,18.217316334788617,17.083955166513153,18.688865331389362,18.76759134965433,18.016227110704456,18.377998196352735,18.846594247842646,18.402878997495208,18.714949639421224,17.860062151900163,18.83530907147607,18.855741593294095,17.678756085671203,18.787890824588672
Q78J03,15.471360942979416,16.24508727723093,16.34770545001941,15.564074872854784,15.89593452593626,17.235594799084517,17.69599495355393,17.94675630726936,17.597024764323443,17.22358187073719,15.816300964002306,15.577601129702632,15.462572781100917,16.52685091056362,15.623232095838185,17.844344738337487,17.205889003958692,18.016227110704456,17.439780162952,17.386934271424803
Q78PY7,16.016932364107483,16.51597275232473,16.14836718949126,16.54629343951786,15.681843944807053,16.93629983017057,16.749015158910076,17.16068008131952,17.27037287563324,16.661205585863478,16.039383739696685,15.856121102274775,16.349674086050076,16.103960719082302,15.905608723458263,16.728743286387406,17.024240105006363,17.251737751366313,17.123962244735186,17.12677407889876
Q78XF5,17.040107305366032,14.613728201454895,15.067940301130054,14.989882816397337,15.162577066677898,15.028207656308023,15.699835390189406,15.786485149932307,15.575425213956857,15.399578467104721,15.984670499438124,16.561728371874693,16.40707162096719,14.919730295601003,16.0762417671677,15.87513181994738,15.605874091019254,15.520799340052378,15.61469005672846,15.726681081032652
Q78ZA7,15.593434303665864,15.061139700327832,15.951831547470999,14.3425171860605,16.079291429801394,14.239136142095358,14.923057040878486,15.010387727874951,14.796198876121887,14.705408871168178,15.006871282022777,14.836839379985031,15.111827938804348,15.537445307962363,15.147061046917482,15.115875229123228,14.80768376681861,14.88678289775594,14.86698558829572,14.919730295601003
Q791V5,20.617041747785322,19.84166327220762,19.47736473165941,20.246192435607675,19.489415819893583,20.173150036308524,19.25664609055196,18.411625586945092,20.63034790549067,20.461360369751638,19.18799529071361,19.779311297230684,19.727161245671432,19.77463038618589,20.091714389280952,18.855741593294095,20.236587854097916,19.40287900752608,18.7073015155592,20.02903419202015
Q7M729,18.012846241865773,17.673738708612575,17.940259383047355,18.22371761296218,17.572070148932653,17.810426546486035,17.765247531841293,16.32425630004023,18.287506711155864,18.96816998174542,18.21364764186422,17.775965345639673,17.838488567264722,17.548703802292344,18.12524047716429,17.129346336394057,19.25664609055196,18.644300593555197,16.567981286725523,19.129223172140776
Q7TMF3,19.6552033964088,19.58724806012787,19.360688934216284,18.618829691493154,18.591312698361396,19.183326446885324,19.550747458740126,19.360688934216284,19.6552033964088,19.931389365150654,18.217316334788617,19.75410703050845,19.734998369425703,19.044488544443503,19.663669211930547,19.117650399712225,19.36781822229532,19.622062757535538,19.341665417209892,19.550747458740126
Q7TMK9,14.518924946868333,15.546311011901873,14.716994146381404,14.653721718334475,14.800177315895255,16.428136181983106,15.33976203365576,15.46558578726117,17.330801363230428,15.127312692947154,16.22890902936907,14.653721718334475,17.15064329231176,14.645259977011458,15.699835390189406,15.509521293447989,16.75813655894027,15.226932330793806,15.2891617443386,15.336221451683153
Q7TMM9,16.291331503620277,16.18497655714814,16.383823134188656,15.741560565304336,15.418603104939601,16.942231875025136,17.932923069622174,16.046206000705748,15.990727084368192,15.639869158783554,17.33658040106376,15.34957795524513,15.809418026978886,16.293702306638277,16.606386975129716,17.793981540585406,15.85303305121214,18.053371364474067,17.7619608328409,17.657428131816634
Q7TMS5,17.63102142942152,16.98531392996711,17.11861925428686,16.45080827611912,17.148137805751453,17.558003750686517,16.48714026421141,15.726681081032652,17.448392040985702,17.81746538244362,17.673738708612575,17.349907521691502,17.34744983267199,17.610289029684264,17.409198252425018,15.809418026978886,17.249717783411466,15.468680919842276,15.560062879765315,15.659569902510864
Q7TNC4,14.903513115472753,15.283322213233806,16.43226224160768,15.045579692714375,16.725472251363733,15.085046757346536,15.750278837626055,15.814011417767002,15.61469005672846,15.462572781100917,16.21264374112578,14.99244415944482,15.800953315145218,15.753830936774014,16.067821762657353,15.910778846355502,15.636006941528157,15.572737060010379,15.662378708686493,15.770030517963258
Q7TNG8,14.989882816397337,15.33320736025556,15.693466230772177,15.517907274934771,16.340180531084666,15.092328701255036,15.546311011901873,17.21340660266442,15.791663948852058,15.390940114645725,15.2567597941021,14.675679683646683,14.656808366596525,15.434679876658189,15.185354275029912,16.90166610455756,15.077862658066376,15.980624910186796,15.934899753348358,15.33320736025556
Q7TNS2,21.108414634713746,21.03251814095913,21.088121906942963,21.22581550263428,16.578009219037543,21.183890892318708,20.889285386325295,21.35303781379885,21.22581550263428,21.088121906942963,20.577969344699195,20.734172393783034,21.38127883057511,21.046382325782645,21.35303781379885,20.983915003878874,21.246489872929224,21.14146272984866,21.22581550263428,21.22581550263428
Q7TQ48,21.16447481325955,20.3035476745218,20.41039484084969,20.350264937321363,20.824668874193524,19.485235479494634,19.818511964341873,19.3045127373746,20.734172393783034,21.14146272984866,21.20162634180764,21.434797352083372,21.108414634713746,21.312752627099353,21.542604229589745,19.960509193081236,20.983915003878874,20.037058103164064,19.99685742738694,20.60394420818158
Q7TQ95,17.796124080723235,17.030048383696588,17.648295776658806,17.472432416418748,17.767497686699723,16.073784802715032,17.092715795188454,17.285499519784647,17.032288885952582,17.15064329231176,18.15734860652636,18.007235921607688,18.194695948219703,18.198187229296455,17.98829922347533,17.489184669478796,17.09520084335489,17.673738708612575,17.324168973995437,17.73215520255005
Q7TQD2,14.933044202684439,14.680883599188178,16.15594742921315,16.787786029335575,15.990727084368192,15.12391128922533,15.779951529087281,17.29507809733934,16.150802664772357,17.285499519784647,16.645998088606326,15.092328701255036,15.863175304274899,15.302806723278135,15.103213421103016,15.944375519519488,17.81746538244362,15.605874091019254,17.41996866473105,16.678592707518952
Q7TQK5,14.816195787907578,16.198100687288626,16.227119043561203,16.09347049120067,14.821263604570499,14.970550303254583,15.647046052546145,15.800953315145218,15.275488708244358,16.342710142195553,14.561294032891018,15.130888142873536,16.628015544109772,15.633335140571507,15.532412706601482,16.26233331457591,15.2567597941021,15.25291076267798,16.285263638868965,16.524196751485025
Q7TSQ8,18.7469593396453,18.17769432893232,18.43425631442843,18.922623962031516,17.860062151900163,18.446346323106553,17.73215520255005,17.603524959974784,18.759320948958464,19.013169795939113,17.98829922347533,18.626239694532416,18.322521618207993,18.529294810872006,18.76759134965433,18.248247983010657,18.651603023412967,18.444192857756132,17.666098234860016,18.759320948958464
Q80SZ7,17.981692152974038,17.865897729771294,18.13604858946716,16.578009219037543,16.66343897418977,17.97439179585499,17.001583695950494,17.092715795188454,17.888755084302062,17.790925289665676,18.922623962031516,16.524196751485025,16.46821754903481,18.248247983010657,18.951325096639316,17.049909230909854,16.774641137098122,16.93154694471169,17.561482262331825,17.081270656635375
Q80TB8,15.056502395557676,15.496169175752641,15.866492560276251,14.645259977011458,14.791495295256553,14.653721718334475,15.33320736025556,15.45502866138806,15.2567597941021,15.111827938804348,15.779951529087281,14.645259977011458,14.592657225125063,15.934899753348358,14.711241610381103,15.502012976062119,15.234078346116831,15.219239195269179,15.283322213233806,15.323878207902379
Q80U63,16.966564087445676,17.042576854856794,17.047448565596195,16.44534002432181,16.342710142195553,17.188533071242286,15.115875229123228,15.219239195269179,16.65806289455072,17.90240753396987,16.125825506001735,18.40005578364228,18.09130970357867,15.723802320798422,17.263106002509925,15.321776172646173,17.943760614616746,16.12362162315233,15.811515948934936,15.111827938804348
Q80UE5,12.824136995799364,13.886311384574958,13.908312185962078,13.278457972626404,13.437700531367991,14.211538964026158,13.599475941965656,13.711533354560277,13.633375800209185,13.52364304963227,14.005240663069339,13.056525365969318,12.620838124279555,13.330600938345935,13.407850262011028,13.728621800696644,13.563233578392788,13.652399849661482,13.643126264002907,12.876150995395088
Q80UM7,15.168455584868656,16.518949691130903,16.848483841971486,17.259788065097705,17.334270289259177,16.2100537343874,16.633687158690016,17.712185611519836,16.99632150856619,17.166596287268096,16.51597275232473,14.962063782381401,16.103960719082302,16.730747053517142,17.238741308058717,17.081270656635375,17.173027615381965,17.841885355233064,17.572070148932653,17.049909230909854
Q80UU9,17.005131623186923,15.930362375555934,16.633687158690016,16.59163716099311,17.1409186454281,15.925154716909038,16.013559000510934,16.15594742921315,16.645998088606326,16.499030736698753,17.138246728247502,17.527716637189165,17.106727139790756,16.89332719907149,17.169262625709532,16.52685091056362,16.725472251363733,16.538398227481984,16.130618089249857,16.704488174661353
Q80V26,13.839584994213547,13.407850262011028,14.05004635577146,14.017539902157285,14.13086431251486,13.97905257179841,14.53740175502755,15.905608723458263,14.929283524179317,15.471360942979416,13.86477773999987,14.637108714417446,15.41012522490404,14.005240663069339,13.989171963932938,14.74245400704712,14.491691849767449,16.136332635890025,16.01123952872343,15.329422662025303
Q80VL1,14.057060942124656,14.982257922584854,14.275977086924176,14.270094838901835,14.396098814985631,15.569876033521208,14.857134232139689,17.533413733517648,14.74764180301203,15.504319954149427,14.090224770988595,14.169024887578292,14.13086431251486,14.18839993044656,14.28633067059334,17.079102203389056,14.757050975785557,16.09081354753402,14.811795353353224,14.86698558829572
Q80W54,20.14610819689333,18.51033699178351,19.550747458740126,19.250298328778392,20.41039484084969,18.83530907147607,16.95055949534557,17.032288885952582,17.885262923691034,18.529294810872006,19.721322795429067,19.37403753540534,19.691825325953484,20.340176269531327,19.691825325953484,18.258331325723095,18.467727291894597,18.43425631442843,17.905931819264087,18.622275947538277
Q80WJ7,17.2989241082415,16.88023568669566,17.407137041558357,16.896071198881184,17.424921615061844,16.29522030376555,17.358820359942055,18.342414565049175,17.153192146135545,17.05920804603228,17.22358187073719,17.044588470395762,17.497179088344158,17.457206718666892,17.129346336394057,17.37383959237027,16.738653938253197,17.515169072149675,18.09364616296982,17.1626813000877
Q80WW9,16.578009219037543,15.941678119523658,15.982617858091317,17.049909230909854,16.12362162315233,15.587991321452794,16.046206000705748,16.693929445147603,16.016932364107483,16.0762417671677,16.291331503620277,15.786485149932307,16.553805626739788,17.1409186454281,16.48714026421141,16.66343897418977,16.23347695387089,16.52685091056362,16.806296235562282,16.125825506001735
Q80X19,14.555697307567666,17.008008482948355,13.623938867813456,13.496873682630522,13.652399849661482,16.800842178201734,13.933189616922741,16.79027606429046,13.93852089806406,13.839584994213547,13.388551323513123,13.472695105067398,14.796198876121887,14.811795353353224,13.599475941965656,14.045288320450178,15.662378708686493,16.03431155983341,13.989171963932938,13.973782996108477
Q80X85,17.249717783411466,17.37383959237027,17.396778600638424,17.334270289259177,16.821344257321776,18.262653633647734,17.936982345578773,16.858956303892118,18.10013833524055,18.826074357682668,17.092715795188454,17.27037287563324,17.29507809733934,17.27865571961508,17.47620486106079,18.23890332629359,18.7469593396453,15.639869158783554,17.460208108813042,18.99174485400807
Q80X90,14.495470089463577,14.603319521362218,11.838927065954136,11.838927065954136,11.838927065954136,16.242273639791314,11.838927065954136,12.352961733292972,11.838927065954136,11.838927065954136,13.52364304963227,11.838927065954136,13.967834079718006,11.838927065954136,12.352961733292972,12.620838124279555,12.352961733292972,12.620838124279555,16.40707162096719,12.352961733292972
Q80XB4,15.178295921091552,15.525005206405755,15.811515948934936,16.039383739696685,16.88023568669566,15.041589418121031,15.714163415413747,15.794360139023976,15.59050769044938,15.414149481143511,14.762585399243846,16.220651392307765,16.046206000705748,14.925511054505955,15.33320736025556,15.884419480935644,15.61469005672846,15.539714091504873,15.628136529075363,15.741560565304336
Q80XI4,14.95921994936345,14.31535159704524,15.427884399589866,15.001179738394976,15.881943784170412,14.577215057783437,15.25291076267798,15.372041876910476,15.171162715763884,14.982257922584854,14.853748912406697,14.899768173062478,15.049041827219796,15.229753977939973,15.014580672957644,15.449953890574315,15.155252106707929,15.30051921708017,14.757050975785557,15.2567597941021
Q80XL6,16.532303449186387,15.714163415413747,16.49120142113337,17.19122070489221,15.560062879765315,15.434679876658189,16.085461076507418,16.136332635890025,15.993501799324372,15.750278837626055,16.12362162315233,16.734380303872307,15.688008406216317,16.368133187112512,16.46243108644962,16.19036102096137,15.969730276919824,15.925154716909038,15.971473718228049,16.108339936462162
Q80XN0,17.561482262331825,17.39001238932805,16.538398227481984,15.502012976062119,17.01470997101877,19.23747448564327,18.426463008111213,18.07730493463513,19.45331986229829,19.23747448564327,16.03138389863903,15.708856930318902,16.51597275232473,16.476013686607416,16.136332635890025,18.749285183307155,19.051816513941663,18.89696239254644,18.16521118569236,18.265457180337698
Q80XU3,14.850310004406982,14.609478608434037,15.061139700327832,15.843090928927955,16.751910700204583,14.910714443596529,15.696427434702581,15.78311485094902,15.572737060010379,15.397084425394757,17.587084016245143,15.973505544787937,16.17681671145689,14.915961338591805,15.019639960833777,15.869663246772415,15.602560768202446,15.517907274934771,15.612774878484334,15.723802320798422
Q80Y14,14.275977086924176,15.798304112643843,16.436887524076894,14.48138612488762,14.552658991718408,16.70207104070682,17.199668718921735,17.756083062129026,17.313610719705427,16.633687158690016,16.661205585863478,16.56990338029312,15.821530359657421,16.003372415621907,15.61469005672846,17.703901703131272,16.760498282662866,17.328606285257884,17.454568697803854,17.072785140321034
Q80YD1,15.45502866138806,15.359817448018003,15.035141491993437,15.25291076267798,16.09081354753402,15.881943784170412,16.915725576922526,16.944540208724522,16.58535434737975,16.121404441351434,14.836839379985031,15.279527373933542,15.171162715763884,15.173778990882408,15.266985490755014,17.199668718921735,16.115813493509155,16.18284559477804,16.633687158690016,16.59163716099311
Q80YN3,15.819247213119016,15.362371936910312,15.91345634926184,13.388551323513123,15.517907274934771,13.472695105067398,13.719552549375294,13.839584994213547,13.758144482513714,13.683350255698732,16.103960719082302,13.37053814810391,13.37053814810391,13.459178614880875,14.58887846344795,13.86477773999987,13.719552549375294,13.879506402985996,13.791834288818066,13.811601628003093
Q80ZS3,16.501873074232574,15.954570831544121,16.24508727723093,16.693929445147603,16.912802308066425,17.489184669478796,18.007235921607688,17.54112352966739,17.678756085671203,17.92716344636873,15.631086195556104,16.016932364107483,16.344910077230814,16.90925047217575,16.34770545001941,17.940259383047355,17.879066972991428,16.441415540870686,17.891761713101424,18.012846241865773
Q80ZW2,15.743935402950592,14.861652606662267,15.25291076267798,15.249244462213529,15.372041876910476,16.368133187112512,15.910778846355502,16.00124053740221,16.875415935757488,17.111976085154247,15.134133639824118,15.207975163955378,15.10004197931255,15.117895499462918,16.460010932269192,16.065145679545807,17.2989241082415,15.786485149932307,15.838000730345389,16.23347695387089
Q811D0,16.100081154888752,15.343794472491595,14.877765007010717,16.00589716555891,14.69099556115421,16.49120142113337,16.43436391937086,16.90166610455756,16.61820190882106,17.076832889343816,14.450960426339009,15.721820317041937,15.980624910186796,16.238817824352793,14.592657225125063,16.653226417130497,16.846016622085706,16.401238476283474,17.144795313965545,16.800842178201734
Q811U4,16.318682633493573,16.774641137098122,16.68090428038275,16.504267138042373,16.179445358549913,16.46243108644962,16.318682633493573,16.125825506001735,16.774641137098122,16.71828984543482,16.127947533337323,17.344088522086913,17.594061180035187,16.111357251954335,16.222612867761242,16.59163716099311,16.79027606429046,16.362669500066467,16.065145679545807,16.57599849020238
Q8BFR4,13.563233578392788,14.13086431251486,14.666037441115648,14.978758858134853,15.025521132721678,14.637108714417446,14.195536530975028,14.275977086924176,13.78457820739689,14.073658495565468,15.600086279386511,13.549270547188026,13.67511327356875,14.506879351747846,14.005240663069339,14.35969373918904,14.140774969377352,14.260456353677236,14.226873189644305,14.211538964026158
Q8BFR5,18.618829691493154,19.152663780957134,18.640308249604978,19.533161115479267,18.710263974402853,18.626239694532416,18.701296843331647,18.7073015155592,19.0079271919845,18.85084879159792,19.103663795414896,19.360688934216284,19.439421445372965,19.18799529071361,19.129223172140776,18.76759134965433,18.95472545504847,18.55726760819117,18.71980096434951,18.88803098980167
Q8BFZ3,16.821344257321776,18.4399254482473,17.257308905677952,16.668493118118167,17.615653430863933,18.543744335807425,17.400481803234207,15.681843944807053,15.47441539977441,15.306068801325093,17.361429718890584,18.23890332629359,17.917223424827096,17.83361264206847,17.35288327889465,15.760018465620925,16.59871463476447,15.431928984807248,16.690339479527285,17.017948097470708
Q8BFZ9,15.845655265924204,15.449953890574315,16.1875776383686,15.6762432600685,16.566323801314113,15.923160456085046,17.10432362749829,15.32669447364538,16.580028597084656,16.56990338029312,16.136332635890025,16.711175800387206,16.150802664772357,16.393977145986078,15.993501799324372,17.10927450519619,15.10004197931255,15.134133639824118,15.891418540093472,16.71828984543482
Q8BG28,17.235594799084517,16.754822487223876,18.384281328044707,18.446346323106553,17.554199781535587,14.870081030669045,15.550162481051467,16.84355177219885,16.370958180740086,17.001583695950494,16.84355177219885,17.745887408214095,17.111976085154247,17.693148773596796,18.00438779402004,15.70296752621564,17.044588470395762,15.390940114645725,16.793454712036656,17.148137805751453
Q8BG32,18.74305245106579,19.018045522220042,19.07586113580069,19.1351768758582,20.13781572475612,16.168834998375143,16.730747053517142,16.841050004223348,16.68309367206349,16.800842178201734,19.071950184196773,19.034911068699845,18.080846345477145,19.018045522220042,18.79146027810211,16.80389473844276,16.58265206101555,16.65806289455072,16.70207104070682,16.82437446137775
Q8BG51,17.891761713101424,17.08987074951222,17.85464612911659,17.138246728247502,16.95761746780643,17.967861438829196,15.639869158783554,15.737964457452467,17.533413733517648,17.94675630726936,17.37383959237027,16.942231875025136,17.325918356658345,17.383086084193213,17.017948097470708,15.819247213119016,15.534587295886373,17.41495409195903,15.569876033521208,17.58028852863376
Q8BGA9,15.612774878484334,15.923160456085046,16.393977145986078,15.750278837626055,15.67305097522151,16.734380303872307,16.674973066060424,17.321352119883912,17.225621512021274,16.93629983017057,15.681843944807053,16.133871220497703,16.829913750250615,15.998559263979374,15.552969674347779,17.153192146135545,16.769692416051235,17.4854939215759,16.734380303872307,16.95055949534557
Q8BGB8,18.248247983010657,17.325918356658345,17.62798207841176,18.172232268688965,16.95455758979811,17.246807424795396,16.19569426277907,16.300086306127934,16.173206043577068,17.472432416418748,17.787609002813973,17.62798207841176,17.527716637189165,18.33982683347122,17.472432416418748,16.31549540396195,17.511615798732674,19.113367864576386,16.125825506001735,17.380358630795737
Q8BGC4,18.82108478641925,18.79920134601321,18.937647466272757,18.315346572616036,18.872441716893498,18.444192857756132,18.471715071718833,18.10358233583293,18.79146027810211,18.391234669932494,18.322521618207993,17.860062151900163,17.638617854956586,18.531979873129668,18.23146704142546,18.271513398923915,18.771725671942427,19.097053476854207,18.322521618207993,18.76759134965433
Q8BGD8,16.763008427236834,17.1626813000877,18.12524047716429,17.215907063364714,18.019457060833666,18.032809040033158,18.723395011021903,19.37927991832144,18.391234669932494,17.543816440328257,17.59922353105862,16.538398227481984,17.313610719705427,17.81746538244362,17.615653430863933,19.05842373408581,17.721080309621776,18.866565088085313,19.013169795939113,18.29876602994137
Q8BGD9,15.238230910494655,14.599270640412508,16.318682633493573,16.097835323629056,16.6716372196514,15.963748578374577,16.59871463476447,17.65412888628205,16.524196751485025,16.016932364107483,16.746171474409955,15.365109032161234,15.608703369262836,16.79027606429046,16.27669011398628,16.606386975129716,15.705083730230644,14.531574197485403,17.138246728247502,14.491691849767449
Q8BGF6,17.129346336394057,16.623559038739177,17.169262625709532,18.16521118569236,16.734380303872307,16.687964776367842,15.89593452593626,15.990727084368192,17.09520084335489,17.049909230909854,17.487682536857637,16.580028597084656,17.148137805751453,16.793454712036656,17.2669070316608,16.061497848221492,17.111976085154247,17.344088522086913,16.82437446137775,16.711175800387206
Q8BGH2,19.931389365150654,19.178235370780055,18.322521618207993,18.198187229296455,18.056043985759253,18.997126266878944,17.83049629610969,17.606683138382156,19.103663795414896,19.574639633404903,18.074244921381066,19.341665417209892,19.243443307244604,19.003517936108018,19.152663780957134,18.152241217156128,19.58724806012787,18.121783855142557,17.638617854956586,19.0079271919845
Q8BGS7,17.42921066183997,16.024994656892396,17.2989241082415,14.836839379985031,17.383086084193213,15.934899753348358,15.958288048495424,15.529758455657156,16.841050004223348,16.952142629741115,17.383086084193213,17.2989241082415,17.380358630795737,16.507308218896206,17.251737751366313,15.587991321452794,17.179197164935637,16.206976573942576,16.338017838992194,16.942231875025136
Q8BGT5,18.13356929777541,18.622275947538277,18.787890824588672,18.872441716893498,19.28591908300357,17.963939655500543,17.328606285257884,18.359631261846697,18.315346572616036,18.22648183750755,18.24597604353273,18.02677899116964,17.953543654779324,18.651603023412967,18.543744335807425,17.841885355233064,17.72892478646335,17.734970182160698,18.11797275702317,18.490659285459596
Q8BGX2,16.606386975129716,16.915725576922526,17.400481803234207,16.291331503620277,17.41495409195903,16.653226417130497,17.460208108813042,17.90936310010048,17.15064329231176,16.668493118118167,16.620638262245475,16.730747053517142,16.848483841971486,16.848483841971486,16.318682633493573,17.87059215832019,16.728743286387406,17.71886856773059,17.85464612911659,17.249717783411466
Q8BGY7,18.16521118569236,17.633302005278566,18.2421942306563,17.618685968229787,16.89332719907149,17.62798207841176,16.926708670945615,16.17091975889223,17.666098234860016,17.8748822153187,17.497179088344158,18.010658561007176,17.77323038861822,17.10432362749829,17.721080309621776,16.220651392307765,17.824170072409693,17.182211998304425,16.013559000510934,17.22358187073719
Q8BH40,16.428136181983106,16.421471692334112,16.818206817494392,16.518949691130903,15.158685294076179,16.52880337831991,16.334587330977822,16.390896523419872,16.460010932269192,16.19036102096137,16.549028599607304,15.993501799324372,15.134133639824118,16.578009219037543,16.039383739696685,16.251051677362213,16.572772230787997,16.720466769150967,16.393977145986078,15.915778897513027
Q8BH59,20.461360369751638,21.22581550263428,20.553065900098968,20.535389933423893,20.617041747785322,19.4468059321889,19.734998369425703,18.98593416380268,20.641864882497476,20.670586440403092,20.439140219859453,21.16447481325955,21.088121906942963,20.484376405916862,21.125332749829006,19.734998369425703,20.700801579431218,20.331214124513856,19.281832168516452,20.426704271178217
Q8BH61,16.68090428038275,16.90925047217575,14.804441003453238,17.285499519784647,16.55137108546443,17.573960735836984,15.451979480642668,17.451575243857786,15.365109032161234,15.207975163955378,17.451575243857786,16.54087236582678,16.03431155983341,16.814114047234536,16.944540208724522,17.106727139790756,15.34672908070157,17.478425207354842,17.12677407889876,16.68309367206349
Q8BH64,17.648295776658806,17.803077572188666,16.95055949534557,16.93154694471169,17.27306637301551,18.2344507581869,17.920402409528123,16.952142629741115,17.58028852863376,17.46750571381542,17.12677407889876,17.523111509759765,16.944540208724522,17.042576854856794,16.754822487223876,17.061944200722756,17.238741308058717,17.148137805751453,16.85395423118609,17.344088522086913
Q8BH79,19.310832499133262,18.391234669932494,18.529294810872006,19.7589643453117,18.73120648651043,18.48267100735208,18.287506711155864,17.01146015302819,18.87924242072296,19.600439312634993,19.003517936108018,19.26212957792511,19.088696595805597,19.243443307244604,19.088696595805597,16.977463631114354,19.565356570331566,18.411625586945092,16.924261907615875,19.360688934216284
Q8BH80,20.276047181062605,20.151135820935497,20.700801579431218,21.046382325782645,20.63034790549067,19.713395178557512,20.276047181062605,20.461360369751638,20.340176269531327,20.502017024791027,21.35303781379885,20.60394420818158,21.0038293301104,20.74892253114054,20.525462166666408,20.41039484084969,20.63034790549067,20.246192435607675,20.641864882497476,20.589683950528062
Q8BH86,15.30051921708017,14.637108714417446,14.775499690343585,16.024994656892396,14.919730295601003,14.811795353353224,16.206976573942576,16.922027893751135,15.688008406216317,15.198676850409475,15.319083990332478,15.215475020312429,15.031051227113869,15.185354275029912,15.930362375555934,17.005131623186923,15.863175304274899,16.113710259561945,16.246698944825305,16.082544546889245
Q8BH95,19.274803546974578,19.779311297230684,19.63249390499406,19.734998369425703,19.22046835326541,19.109332588812208,19.3045127373746,18.626239694532416,19.02380500564057,19.23252723829608,20.02903419202015,19.808599642222,19.579730556332454,19.6552033964088,19.622062757535538,19.0079271919845,19.152663780957134,18.319414906206543,19.07586113580069,19.31688579109933
Q8BHC4,17.888755084302062,18.2056822853875,17.535813263945876,17.225621512021274,18.016227110704456,17.507192106131466,17.885262923691034,17.527716637189165,18.024210207376626,18.637662050699568,18.032809040033158,17.749541610941733,17.97439179585499,18.714949639421224,18.384281328044707,17.241396505593773,18.04398079198537,18.25144033584863,18.278303594270902,17.959806051647202
Q8BHE8,17.749541610941733,17.778793335019355,16.720466769150967,16.81093283135739,17.40363371243514,17.538195898734124,15.827583560317256,15.902391004492808,15.723802320798422,15.542422763930091,17.1409186454281,17.963939655500543,18.375162630633092,17.793981540585406,17.827677395424935,15.995851497078707,17.625249119756884,18.23890332629359,17.920402409528123,15.878448348424161
Q8BHN3,17.313610719705427,16.636251849009206,17.39294590734506,17.432504936631602,16.994082835120732,16.559201263243565,17.561482262331825,16.85622845978967,17.188533071242286,16.989068549121225,18.130353779935874,16.885962247829426,17.19391351441193,17.497179088344158,17.680378849380652,18.391234669932494,17.28867597650831,18.00438779402004,17.80772018021429,17.035220393494512
Q8BI84,16.826278137591675,16.27669011398628,16.885962247829426,17.16068008131952,17.210299331116396,15.915778897513027,15.368670021996522,16.896071198881184,16.52880337831991,16.300086306127934,16.6716372196514,15.899214616436035,16.661205585863478,18.019457060833666,16.93629983017057,15.537445307962363,16.452900984150567,18.45017797765226,16.418303733852664,15.362371936910312
Q8BIJ6,17.246807424795396,17.251737751366313,17.487682536857637,17.72892478646335,17.42656305762505,17.95005833609027,17.7619608328409,17.905931819264087,18.27399173833169,17.992397296759187,17.27306637301551,17.610289029684264,17.457206718666892,17.321352119883912,17.787609002813973,18.150650213044617,18.10013833524055,18.2421942306563,17.841885355233064,18.140068047990248
Q8BIW1,16.78044367973605,17.55157545207064,16.44534002432181,16.915725576922526,17.55157545207064,15.798304112643843,12.74310901533909,13.004781440199277,13.004781440199277,12.921331928532961,15.617019433037342,15.958288048495424,15.973505544787937,15.617019433037342,15.80730916658695,13.028719820976708,13.004781440199277,12.975513409365107,12.921331928532961,12.921331928532961
Q8BJS4,15.323878207902379,14.531574197485403,14.531574197485403,14.561294032891018,14.656808366596525,15.41012522490404,15.168455584868656,15.283322213233806,15.089277149632872,14.962063782381401,14.429752851758172,15.22346468772049,15.514854820376925,15.219239195269179,14.566898858168557,15.382465551635125,15.067940301130054,15.103213421103016,15.155252106707929,15.188842202981718
Q8BJU0,15.164972122641009,14.99244415944482,15.971473718228049,15.971473718228049,15.302806723278135,14.929283524179317,16.073784802715032,16.57599849020238,15.49377535040316,14.72202022124876,15.978486584539263,14.592657225125063,14.861652606662267,15.275488708244358,15.045579692714375,16.378556630034833,15.550162481051467,15.919773363359813,16.222612867761242,14.762585399243846
Q8BJW6,16.40707162096719,16.121404441351434,16.6716372196514,16.68309367206349,16.79027606429046,16.115813493509155,16.93629983017057,18.217316334788617,16.86947840462856,16.66343897418977,16.46243108644962,16.693929445147603,17.23225872587725,16.90459719162573,17.203080746328986,17.334270289259177,16.898675748115725,17.27037287563324,17.6632012656113,17.487682536857637
Q8BJY1,17.101906011921123,17.648295776658806,16.494154354786193,14.391863026184504,14.48138612488762,14.321467241527959,14.996463323954822,15.103213421103016,14.87385320121751,14.771562607145128,15.379720975112624,15.506551846886342,14.275977086924176,15.266985490755014,15.65176970848288,15.191676221021856,14.86698558829572,14.953642472499677,14.953642472499677,14.99244415944482
Q8BK08,18.98593416380268,17.687931372744202,17.756083062129026,18.402878997495208,17.34744983267199,18.23890332629359,17.377723357057974,16.78044367973605,18.81530147431623,18.88803098980167,17.657428131816634,18.19080890636426,18.30549751157621,17.650963318645914,18.42933449937419,17.25419194947641,19.039189930955697,17.54112352966739,17.28867597650831,18.539456527810977
Q8BK30,20.470602950874202,20.939585313942462,21.35303781379885,20.484376405916862,21.088121906942963,20.90630751244386,20.502017024791027,20.31203280886183,20.3035476745218,20.525462166666408,22.113140596776518,21.125332749829006,20.577969344699195,20.56442076484551,20.670586440403092,20.08158833043575,20.375852474555902,20.439140219859453,20.56442076484551,20.16274276991077
Q8BK72,16.60387501599841,16.19036102096137,15.969730276919824,16.351912672819864,16.25653582328419,16.769692416051235,16.620638262245475,18.258331325723095,17.606683138382156,17.80772018021429,16.499030736698753,16.83850413537635,16.741820142523036,16.81656309906331,16.966564087445676,17.40363371243514,17.650963318645914,15.978486584539263,17.448392040985702,18.059981592639097
Q8BK84,15.2567597941021,15.049041827219796,15.525005206405755,15.37612457553998,16.14836718949126,15.48143631191096,16.02767846566539,16.285263638868965,15.566762205268201,15.927250839663605,15.117895499462918,15.24100722327675,15.292237428594898,15.458171745577143,15.539714091504873,16.57599849020238,15.564074872854784,16.25362378937894,16.43226224160768,15.966826290328532
Q8BK99,16.441415540870686,16.26233331457591,17.12125179015954,16.865476847872582,16.206976573942576,16.609707536279277,17.175726879509117,16.86947840462856,16.93897973615989,17.276636320853832,16.734380303872307,16.785368655465184,16.720466769150967,16.821344257321776,17.19691715647509,17.188533071242286,17.138246728247502,16.628015544109772,17.225621512021274,17.23225872587725
Q8BKC5,16.55137108546443,17.41996866473105,16.222612867761242,16.966564087445676,17.079102203389056,15.811515948934936,14.045288320450178,14.146594214456846,14.073658495565468,13.97905257179841,15.226932330793806,15.368670021996522,16.04892681270931,15.431928984807248,14.686990880815307,14.195536530975028,14.03450478540999,14.146594214456846,14.10915925009022,14.105350340092958
Q8BKZ9,19.38356789106438,19.485235479494634,19.558106854721593,19.965756650739692,19.767951103545016,19.527304879775166,19.88822502045067,20.11987357426101,20.14610819689333,19.938712598864875,19.727161245671432,19.86456083372228,19.99685742738694,19.825705424439974,19.498871012520596,20.26747510445282,19.88822502045067,19.545033356238292,20.037058103164064,19.97355464220379
Q8BL65,13.449451174954442,13.758144482513714,13.643126264002907,13.535981701700322,13.699518704216942,14.45555725457589,13.967834079718006,14.069289646260959,13.989171963932938,13.908312185962078,13.427473657833062,14.146594214456846,13.699518704216942,13.614740642450451,13.161066056532908,14.105350340092958,13.953949562473236,14.073658495565468,14.039372800388751,14.02509180878422
Q8BL97,17.241396505593773,17.838488567264722,18.030644644693705,16.43436391937086,18.684816863208106,18.9261410847361,19.767951103545016,19.183326446885324,18.651603023412967,18.52254697208366,16.282459613960587,17.5043151855268,16.342710142195553,16.383823134188656,16.507308218896206,16.969539343991375,18.89249845473423,18.397598544786902,19.945017982988453,18.411625586945092
Q8BLF1,16.00589716555891,15.434679876658189,15.699835390189406,15.422037606039911,14.062436400060017,15.995851497078707,14.424835467341442,14.511400022841844,16.912802308066425,17.037710162893823,15.930362375555934,14.985452886859395,16.15594742921315,13.96015911609131,15.786485149932307,17.22358187073719,16.875415935757488,17.2989241082415,16.518949691130903,16.270831575590492
Q8BMD8,17.8748822153187,17.454568697803854,14.861652606662267,17.0213242191599,14.996463323954822,17.690454633187283,15.520799340052378,15.617019433037342,17.19122070489221,16.34770545001941,17.606683138382156,16.57599849020238,16.614893324200175,15.932836704688048,17.39294590734506,15.67305097522151,17.049909230909854,17.790925289665676,15.46558578726117,15.486586153627849
Q8BMF3,18.629563389982003,18.759320948958464,18.475116441287344,18.45017797765226,18.51743738079222,18.647629502202797,18.097294795222542,16.168834998375143,18.444192857756132,18.411625586945092,18.86086854200918,19.20195092901277,19.02380500564057,18.901813342549907,19.268161802531562,17.745887408214095,18.52254697208366,17.959806051647202,17.690454633187283,18.311485645808958
Q8BMF4,20.983915003878874,21.068613119618927,20.870592525502502,20.357578833325334,21.16447481325955,20.889285386325295,20.90630751244386,21.264885827339874,20.95747093359308,21.16447481325955,21.046382325782645,20.700801579431218,20.889285386325295,21.108414634713746,20.824668874193524,21.046382325782645,21.20162634180764,20.577969344699195,20.870592525502502,20.889285386325295
Q8BMK4,16.769692416051235,17.281709373291893,15.22346468772049,16.09081354753402,15.496169175752641,18.69737413572631,16.504267138042373,17.36436604495036,16.81656309906331,16.85186738879242,16.601578912139423,14.01009255170475,14.648984409954318,16.59163716099311,15.534587295886373,13.52364304963227,17.304793614767682,18.96816998174542,16.772562677755865,15.61469005672846
Q8BMS1,20.31203280886183,20.71365778907975,19.691825325953484,19.37403753540534,19.50574895289755,19.748056043631717,19.527304879775166,18.866565088085313,20.18969561313046,20.18969561313046,19.767951103545016,19.871418784677353,19.818511964341873,19.408071203488337,19.825705424439974,19.706281182275273,20.1995787623911,20.32428726971539,19.044488544443503,20.045768994085144
Q8BMS4,18.23146704142546,18.11797275702317,18.55726760819117,16.521450904560936,19.20938396057736,18.016227110704456,18.57234863521773,18.42032813063024,18.85084879159792,18.514167063758197,18.2421942306563,18.12524047716429,18.198187229296455,18.325851712263123,17.95638335560423,18.701296843331647,18.50596603701357,18.629563389982003,18.43425631442843,18.7073015155592
Q8BP40,14.33556237049331,15.47441539977441,14.566898858168557,15.038141619234867,14.675679683646683,16.912802308066425,15.178295921091552,15.30051921708017,16.982500836146098,15.737964457452467,15.286559135065534,16.81656309906331,15.726681081032652,15.662378708686493,15.878448348424161,15.390940114645725,17.235594799084517,15.115875229123228,15.164972122641009,16.370958180740086
Q8BP48,15.085046757346536,14.80768376681861,15.226932330793806,16.340180531084666,15.323878207902379,17.90936310010048,15.866492560276251,17.543816440328257,18.591312698361396,16.501873074232574,15.010387727874951,15.147061046917482,15.038141619234867,15.071312921141082,15.191676221021856,16.042010774422412,16.83850413537635,18.322521618207993,17.573960735836984,17.35288327889465
Q8BP67,18.45017797765226,18.47854005534154,18.33678165279604,17.87059215832019,17.710019680976686,19.480698550016374,18.96816998174542,19.243443307244604,19.341665417209892,18.749285183307155,18.08384131201834,17.564585857108266,18.11451610645798,17.756083062129026,18.15516598004831,18.961968543500387,19.07991006217845,19.45819472017397,19.02380500564057,18.905955329526073
Q8BPB0,13.946080777784761,13.719552549375294,15.431928984807248,14.140774969377352,14.248738773014216,14.090224770988595,14.695336035229037,14.785585365627753,14.609478608434037,14.506879351747846,15.111827938804348,14.446452133127915,14.62443189906935,14.08232449851108,14.211538964026158,14.883048296370884,14.645259977011458,14.603319521362218,14.67032680324834,14.716994146381404
Q8BPE4,16.44534002432181,15.834911278904983,17.083955166513153,15.537445307962363,15.915778897513027,16.03138389863903,15.830567690598183,14.890357016202097,16.168834998375143,16.318682633493573,15.628136529075363,16.240476679594664,16.81093283135739,16.113710259561945,16.52880337831991,14.985452886859395,14.705408871168178,16.70207104070682,14.751412418739244,14.800177315895255
Q8BRF7,14.953642472499677,14.239136142095358,14.737392090904624,14.641849387528998,14.380747771122333,14.275977086924176,14.850310004406982,14.9367958209861,14.737392090904624,14.661276568861515,14.653721718334475,14.18366768490463,14.907515023251563,14.410378302048182,14.260456353677236,15.045579692714375,14.751412418739244,14.829169325914018,14.80768376681861,14.861652606662267
Q8BRK8,16.766417156471043,16.841050004223348,16.03431155983341,17.035220393494512,16.058832424729424,16.95761746780643,14.177079196650975,14.265991125321648,15.041589418121031,16.380650004696243,15.572737060010379,16.251051677362213,16.698982060708936,15.245852991145478,15.934899753348358,14.3425171860605,16.329688354536522,16.29522030376555,16.818206817494392,14.791495295256553
Q8BRK9,17.54112352966739,16.056047364008677,15.760018465620925,17.27865571961508,16.53415410684763,15.869663246772415,17.368742017929026,16.66563303534638,16.344910077230814,17.451575243857786,16.698982060708936,17.330801363230428,16.960653085729923,17.36436604495036,17.220134823654114,16.698982060708936,17.85464612911659,16.787786029335575,16.524196751485025,16.785368655465184
Q8BSM7,16.83850413537635,16.46821754903481,15.292237428594898,16.66563303534638,16.198100687288626,15.286559135065534,15.937743787073416,16.02958742623676,15.848295072584117,15.633335140571507,15.061139700327832,15.238230910494655,16.301723153649952,16.198100687288626,16.351912672819864,16.085461076507418,15.834911278904983,15.800953315145218,15.85303305121214,15.984670499438124
Q8BT35,16.912802308066425,15.41012522490404,15.804180097448219,17.75835794584472,15.910778846355502,17.061944200722756,16.378556630034833,16.452900984150567,16.327004616900417,17.448392040985702,15.539714091504873,15.779951529087281,15.67305097522151,15.71741460476323,16.421471692334112,16.48714026421141,17.803077572188666,16.26541234489624,17.263106002509925,17.673738708612575
Q8BT60,15.87513181994738,15.506551846886342,14.953642472499677,15.506551846886342,15.191676221021856,16.016932364107483,15.596622301187296,15.696427434702581,14.850310004406982,15.315468997917478,16.00589716555891,15.821530359657421,14.949760195107299,15.32669447364538,15.171162715763884,15.772626224322593,15.486586153627849,15.777536457550315,15.529758455657156,15.620460329038966
Q8BTI8,13.623938867813456,13.352337124021167,13.86477773999987,13.811601628003093,13.917975885149204,13.459178614880875,15.30051921708017,15.418603104939601,14.391863026184504,14.114476873414038,13.643126264002907,13.791834288818066,13.736966157778886,13.830232428651678,13.803370634225143,14.387950443331835,14.226873189644305,14.329504467601879,15.517907274934771,14.28040136377894
Q8BTM8,16.082544546889245,17.46750571381542,16.003372415621907,16.436887524076894,16.68309367206349,17.6632012656113,17.292205479672383,17.042576854856794,16.15360512349686,15.529758455657156,17.169262625709532,16.51597275232473,15.958288048495424,16.413187547665455,15.982617858091317,16.53415410684763,15.819247213119016,17.940259383047355,16.362669500066467,15.925154716909038
Q8BTY8,15.162577066677898,15.414149481143511,15.336221451683153,15.2891617443386,15.61469005672846,15.031051227113869,15.439160168747303,15.552969674347779,15.359817448018003,15.203312068106726,15.397084425394757,15.387948646838893,15.319083990332478,14.870081030669045,15.636006941528157,15.612774878484334,14.450960426339009,15.319083990332478,15.397084425394757,15.418603104939601
Q8BU14,16.54629343951786,16.237094254631142,16.593844040743175,17.749541610941733,16.332343383587393,15.772626224322593,15.035141491993437,16.12362162315233,15.506551846886342,16.02958742623676,16.766417156471043,17.199668718921735,17.572070148932653,15.863175304274899,15.723802320798422,15.234078346116831,16.494154354786193,16.242273639791314,14.985452886859395,15.580907294084653
Q8BUK6,14.699590138772527,15.22346468772049,14.929283524179317,15.212222429792154,15.245852991145478,14.429752851758172,13.923539073176169,14.653721718334475,14.233469173483138,14.406009524164423,14.592657225125063,14.28633067059334,14.566898858168557,14.380747771122333,14.406009524164423,14.762585399243846,14.518924946868333,14.619296055769079,14.561294032891018,14.566898858168557
Q8BUY5,16.206976573942576,16.065145679545807,16.561728371874693,16.59625088151106,16.17091975889223,16.329688354536522,16.991715572503388,16.46821754903481,16.83850413537635,16.29522030376555,14.28633067059334,16.349674086050076,16.282459613960587,15.532412706601482,16.061497848221492,17.18501895449103,16.754822487223876,17.061944200722756,16.543428375713663,17.1409186454281
Q8BV57,14.613728201454895,13.330600938345935,13.811601628003093,13.728621800696644,13.811601628003093,15.262574869672303,15.249244462213529,16.71828984543482,14.95921994936345,14.233469173483138,14.973703136480356,13.719552549375294,13.652399849661482,14.420608989402496,13.728621800696644,14.355109658645091,14.13086431251486,16.430217662668,16.18284559477804,15.283322213233806
Q8BVI4,18.810520689826916,18.33982683347122,19.42787621286776,19.22046835326541,19.26212957792511,17.41996866473105,18.09130970357867,17.538195898734124,17.967861438829196,17.99046568935768,19.310832499133262,18.529294810872006,18.475116441287344,19.109332588812208,19.141192080497436,17.981692152974038,18.019457060833666,17.313610719705427,18.714949639421224,18.106457263159108
Q8BVJ7,17.507192106131466,17.304793614767682,18.89696239254644,19.75410703050845,20.90630751244386,16.763008427236834,17.24474772074774,18.086295054480505,16.567981286725523,17.618685968229787,18.961968543500387,20.397139127836336,20.31203280886183,19.579730556332454,19.748056043631717,18.130353779935874,17.573960735836984,16.88023568669566,17.400481803234207,18.444192857756132
Q8BVP5,14.429752851758172,13.96015911609131,14.177079196650975,14.506879351747846,14.571195640347117,14.10915925009022,14.705408871168178,14.800177315895255,14.619296055769079,14.511400022841844,13.973782996108477,14.424835467341442,14.899768173062478,14.923057040878486,14.137130183919183,14.896906612156863,14.648984409954318,14.733792089542609,14.680883599188178,14.727242330899045
Q8BW41,14.226873189644305,14.800177315895255,13.933189616922741,15.550162481051467,13.967834079718006,13.846950111107319,14.899768173062478,14.380747771122333,14.292441968080615,15.48143631191096,14.675679683646683,14.4987274339632,14.555697307567666,14.675679683646683,14.716994146381404,14.48733773741946,14.275977086924176,14.367576734743116,14.329504467601879,15.49377535040316
Q8BW75,18.855741593294095,18.69737413572631,18.79146027810211,18.810520689826916,17.992397296759187,17.99046568935768,17.349907521691502,17.523111509759765,17.920402409528123,17.967861438829196,17.998613465705397,18.749285183307155,18.651603023412967,18.710263974402853,18.661117274514584,17.49900907660442,18.12524047716429,18.402878997495208,17.321352119883912,17.897967989483423
Q8BWB1,14.039372800388751,14.3425171860605,14.985452886859395,15.539714091504873,17.328606285257884,13.879506402985996,12.876150995395088,13.056525365969318,13.056525365969318,14.05004635577146,14.829169325914018,17.157336803185128,16.220651392307765,15.59050769044938,15.685182939271854,13.087749506414017,13.056525365969318,13.056525365969318,13.004781440199277,15.115875229123228
Q8BWF0,15.966826290328532,16.19369810558993,16.653226417130497,16.36036459147711,16.424905881371096,16.03431155983341,16.479737186173647,16.342710142195553,16.29522030376555,16.1875776383686,16.393977145986078,16.362669500066467,16.24508727723093,16.121404441351434,16.26541234489624,17.12125179015954,16.763008427236834,17.4174988667743,16.6716372196514,16.334587330977822
Q8BWG9,14.069289646260959,14.1515990732055,14.648984409954318,13.97905257179841,14.737392090904624,13.93852089806406,14.495470089463577,14.58887846344795,14.46093645921196,14.367576734743116,14.502381903135184,13.652399849661482,14.511400022841844,13.97905257179841,13.872036713214507,14.695336035229037,14.441374702621863,14.561294032891018,14.511400022841844,14.515542102915552
Q8BWM0,16.424905881371096,16.96354293553974,17.46528192331689,17.967861438829196,17.856799493298915,17.06857626211557,16.538398227481984,16.54629343951786,17.072785140321034,16.53415410684763,17.16068008131952,17.87059215832019,17.42656305762505,17.6632012656113,16.438725055416505,16.785368655465184,16.620638262245475,17.824170072409693,17.072785140321034,16.725472251363733
Q8BWP8,13.767500755213135,13.161066056532908,13.549270547188026,14.67032680324834,13.586108650129097,13.508795569801222,13.777446941234263,13.886311384574958,13.811601628003093,13.719552549375294,13.830232428651678,14.13086431251486,14.401394740888382,13.897945585338055,13.52364304963227,13.923539073176169,13.767500755213135,13.917975885149204,13.846950111107319,13.86477773999987
Q8BWT1,19.856019961643533,20.49371741554465,19.4167171666165,19.439421445372965,19.37927991832144,19.22540486398784,18.9797163447973,18.684816863208106,19.42787621286776,19.34781045427387,19.3045127373746,20.111478237255376,19.779311297230684,19.498871012520596,19.77463038618589,18.5881074890872,19.23252723829608,19.183326446885324,18.56164854968247,19.088696595805597
Q8BWY3,16.960653085729923,17.035220393494512,15.729934176835012,15.636006941528157,15.111827938804348,16.566323801314113,15.636006941528157,15.735578279963727,17.001583695950494,16.43436391937086,14.970550303254583,16.438725055416505,16.71828984543482,17.083955166513153,14.966552801142763,16.22890902936907,17.040107305366032,16.86199249986609,16.918627187329072,16.898675748115725
Q8BX10,17.083955166513153,17.507192106131466,17.660026804960843,17.633302005278566,18.032809040033158,18.7469593396453,18.5881074890872,18.48267100735208,18.629563389982003,18.793824082452442,17.115951302622406,17.386934271424803,17.753047660760767,17.533413733517648,17.724576631281554,19.097053476854207,18.647629502202797,18.52254697208366,18.89249845473423,18.73465024705768
Q8BXZ1,16.865476847872582,15.949910442253326,16.130618089249857,16.97241147402748,17.2669070316608,15.356273123715786,15.194804531318502,15.321776172646173,15.714163415413747,14.989882816397337,16.40707162096719,17.554199781535587,17.087049784326272,16.452900984150567,17.36436604495036,15.399578467104721,16.220651392307765,15.12391128922533,15.178295921091552,16.300086306127934
Q8BY89,17.83049629610969,17.75835794584472,17.65412888628205,17.94675630726936,18.262653633647734,16.814114047234536,16.716125582424148,17.1626813000877,16.636251849009206,16.09347049120067,18.76759134965433,18.77624733322788,18.535362894273316,18.30815914135994,18.278303594270902,16.826278137591675,16.59625088151106,17.098820699086147,16.90166610455756,16.89332719907149
Q8BYH7,16.49120142113337,16.56990338029312,17.40363371243514,17.603524959974784,17.10432362749829,16.85186738879242,16.424905881371096,16.121404441351434,16.83334663985811,16.653226417130497,16.404276581737186,16.754822487223876,17.241396505593773,16.707129212252685,16.818206817494392,16.56990338029312,17.13279688304349,16.979922526858495,16.58535434737975,16.969539343991375
Q8BYM8,14.870081030669045,15.368670021996522,15.191676221021856,15.966826290328532,15.995851497078707,16.161261421102417,16.173206043577068,15.140516202173425,17.044588470395762,16.87781368465308,15.191676221021856,15.840375553227057,15.786485149932307,14.816195787907578,14.989882816397337,16.121404441351434,16.428136181983106,14.978758858134853,15.87513181994738,16.578009219037543
Q8BYU6,15.777536457550315,14.406009524164423,14.845055069767344,16.061497848221492,15.164972122641009,15.560062879765315,15.502012976062119,15.602560768202446,15.405411312803832,17.371049351203318,15.990727084368192,16.48903053151957,15.905608723458263,15.80730916658695,14.857134232139689,15.662378708686493,17.74135870295587,15.356273123715786,15.439160168747303,15.42504545962997
Q8BZ52,16.344910077230814,14.727242330899045,16.36036459147711,16.55691743267369,16.2100537343874,14.420608989402496,15.990727084368192,13.811601628003093,15.297677903815082,16.61820190882106,16.858956303892118,16.46543791465465,16.83850413537635,16.65806289455072,16.898675748115725,16.387790646744357,17.02699335688985,13.85530049700441,15.788824770921277,16.291331503620277
Q8BZ71,17.81324364664505,17.2989241082415,17.59922353105862,18.074244921381066,18.047691560260848,15.144277405546159,16.746171474409955,17.02699335688985,15.824182184474855,17.138246728247502,17.803077572188666,17.799117059635858,17.981692152974038,17.500956359130683,17.753047660760767,17.42656305762505,17.087049784326272,17.241396505593773,17.129346336394057,16.787786029335575
Q8BZA9,17.489184669478796,18.18472297779476,17.7619608328409,18.644300593555197,18.82887547524917,16.865476847872582,16.90925047217575,16.504267138042373,16.787786029335575,17.349907521691502,17.622285844580013,17.507192106131466,17.511615798732674,16.982500836146098,18.22648183750755,16.898675748115725,16.982500836146098,16.251051677362213,17.042576854856794,17.047448565596195
Q8BZJ7,14.53740175502755,15.393862260050932,15.46558578726117,14.845055069767344,14.630874262838267,13.767500755213135,14.211538964026158,14.300528946357957,14.217979155903953,14.08232449851108,15.22346468772049,14.88678289775594,14.80768376681861,14.099789020173262,14.13086431251486,14.373802999779727,14.160447485855723,14.270094838901835,14.248738773014216,14.239136142095358
Q8C025,17.860062151900163,16.639477413014212,18.397598544786902,18.282788689007585,18.357233912078737,16.291331503620277,15.878448348424161,15.966826290328532,16.87781368465308,15.587991321452794,17.618685968229787,17.445311654377253,15.061139700327832,18.010658561007176,17.80772018021429,16.04892681270931,17.23225872587725,15.743935402950592,17.558003750686517,17.770493521860175
Q8C0C7,16.31140174350425,16.846016622085706,16.606386975129716,15.800953315145218,15.041589418121031,17.017948097470708,17.820422113049705,17.784134571194787,17.21340660266442,17.098820699086147,16.34770545001941,16.977463631114354,16.836260442110852,16.456659033451928,16.362669500066467,17.39001238932805,17.229432104662298,17.30735540017094,16.85186738879242,17.34744983267199
Q8C0I1,15.963748578374577,15.534587295886373,15.932836704688048,16.424905881371096,15.958288048495424,15.178295921091552,14.929283524179317,15.019639960833777,14.80768376681861,15.47441539977441,15.932836704688048,16.037168165463562,16.01123952872343,15.969730276919824,16.024994656892396,15.12391128922533,16.01123952872343,14.896906612156863,14.87385320121751,14.925511054505955
Q8C0M9,15.954570831544121,15.866492560276251,17.30735540017094,17.129346336394057,17.66764489468163,15.741560565304336,16.690339479527285,16.45080827611912,16.30469657248546,16.645998088606326,17.448392040985702,16.84355177219885,16.89332719907149,16.421471692334112,16.95761746780643,16.501873074232574,17.037710162893823,16.016932364107483,16.601578912139423,16.173206043577068
Q8C0Z1,16.32425630004023,15.845655265924204,15.496169175752641,16.22890902936907,15.746777501940187,14.84088006378352,16.1875776383686,15.6762432600685,15.462572781100917,15.30051921708017,15.910778846355502,16.144542022921534,16.441415540870686,16.342710142195553,16.139607269253244,15.753830936774014,16.543428375713663,15.42504545962997,15.514854820376925,15.593434303665864
Q8C1Q6,15.863175304274899,16.003372415621907,15.973505544787937,15.958288048495424,16.111357251954335,16.924261907615875,16.51100304257015,16.612233441917926,17.810426546486035,17.69599495355393,15.757144155316078,15.951831547470999,15.85303305121214,15.884419480935644,16.003372415621907,17.836101908657188,17.27037287563324,18.04398079198537,17.796124080723235,17.87059215832019
Q8C2Q8,24.587287043611113,24.255392952025183,23.713836007455864,24.587287043611113,22.395892365345478,24.587287043611113,24.255392952025183,24.255392952025183,24.587287043611113,24.587287043611113,23.950971049206274,23.950971049206274,24.587287043611113,23.3932493789621,24.255392952025183,24.255392952025183,24.587287043611113,24.587287043611113,24.255392952025183,24.587287043611113
Q8C3X2,15.48143631191096,15.198676850409475,15.600086279386511,15.577601129702632,15.726681081032652,16.94690031025231,16.2100537343874,17.047448565596195,17.199668718921735,16.58265206101555,15.384267903535005,16.259337364402032,16.168834998375143,15.51185413975083,15.639869158783554,16.318682633493573,17.175726879509117,16.97241147402748,17.157336803185128,16.84355177219885
Q8C5H8,14.645259977011458,15.33976203365576,15.690685011902678,14.925511054505955,16.121404441351434,16.042010774422412,17.205889003958692,15.42504545962997,16.549028599607304,15.59050769044938,15.843090928927955,15.587991321452794,15.306068801325093,15.87513181994738,15.608703369262836,16.754822487223876,16.21264374112578,15.94784060107689,16.46543791465465,16.612233441917926
Q8C5Q4,15.269927550078975,16.380650004696243,17.148137805751453,16.362669500066467,16.139607269253244,16.61820190882106,18.436976726954587,17.41495409195903,16.430217662668,16.915725576922526,15.863175304274899,16.222612867761242,16.86199249986609,15.949910442253326,15.735578279963727,18.593601147770293,17.558003750686517,16.734380303872307,18.172232268688965,17.618685968229787
Q8C7E7,17.666098234860016,17.618685968229787,18.2056822853875,18.15516598004831,18.67534291877795,16.68090428038275,16.982500836146098,16.93629983017057,16.95761746780643,17.19122070489221,17.64283619916258,17.6632012656113,18.032809040033158,18.271513398923915,18.121783855142557,17.263106002509925,16.713438186894475,17.422254590645732,17.734970182160698,17.349907521691502
Q8C7V8,18.17769432893232,16.397164474060425,17.383086084193213,16.042010774422412,17.017948097470708,16.532303449186387,16.58535434737975,16.70207104070682,16.532303449186387,16.52880337831991,17.173027615381965,17.911361722190914,17.22358187073719,15.976498132726078,17.515169072149675,16.69630307237967,17.383086084193213,16.504267138042373,16.57599849020238,16.69630307237967
Q8C7X2,17.844344738337487,16.04892681270931,16.580028597084656,16.826278137591675,16.4963255057543,16.14224510995184,16.35457456800458,15.498881193272101,16.90925047217575,17.687931372744202,16.524196751485025,17.97015125270846,17.210299331116396,17.35642472611182,17.205889003958692,17.21340660266442,17.793981540585406,16.57599849020238,16.19036102096137,17.40363371243514
Q8CA71,17.40363371243514,15.130888142873536,15.925154716909038,15.486586153627849,15.666858031868959,15.529758455657156,16.150802664772357,16.240476679594664,16.115813493509155,15.840375553227057,15.995851497078707,17.49900907660442,17.115951302622406,16.787786029335575,17.259788065097705,16.259337364402032,16.044449650011757,16.024994656892396,16.073784802715032,16.19036102096137
Q8CAK1,16.645998088606326,16.95055949534557,17.489184669478796,15.840375553227057,17.396778600638424,16.883436687236518,17.917223424827096,18.21364764186422,17.63102142942152,17.12125179015954,16.693929445147603,16.471415278768113,16.12362162315233,17.144795313965545,17.13279688304349,18.056043985759253,17.098820699086147,18.172232268688965,17.799117059635858,17.603524959974784
Q8CAQ8,20.16274276991077,20.037058103164064,19.931389365150654,20.037058103164064,19.550747458740126,20.71365778907975,20.350264937321363,19.727161245671432,20.924927643555897,20.74892253114054,19.818511964341873,19.95525363937427,20.340176269531327,19.931389365150654,19.808599642222,20.226670591130407,20.670586440403092,19.91224995046066,20.11987357426101,20.535389933423893
Q8CBY0,18.85084879159792,19.109332588812208,19.856019961643533,20.26747510445282,20.470602950874202,17.19691715647509,19.58724806012787,21.0038293301104,19.018045522220042,17.31862307330163,20.013864707227803,19.067381533572725,19.28591908300357,19.767951103545016,19.545033356238292,20.183146281197608,17.4174988667743,19.882251481588618,19.50574895289755,17.68437917947841
Q8CC36,17.106727139790756,16.818206817494392,17.543816440328257,16.113710259561945,17.500956359130683,17.445311654377253,16.021997449345594,17.42656305762505,16.85622845978967,16.926708670945615,17.42656305762505,16.774641137098122,16.83334663985811,17.179197164935637,17.08987074951222,17.615653430863933,17.032288885952582,17.31025505872205,16.769692416051235,16.896071198881184
Q8CC88,17.368742017929026,17.27865571961508,17.142533078774907,17.734970182160698,16.814114047234536,17.400481803234207,16.83334663985811,16.52880337831991,17.625249119756884,17.71886856773059,16.614893324200175,17.28867597650831,17.39294590734506,16.942231875025136,17.19391351441193,17.144795313965545,17.827677395424935,17.670685290626956,16.58265206101555,17.721080309621776
Q8CCJ3,17.90936310010048,17.97015125270846,18.040558140844034,17.638617854956586,17.507192106131466,15.168455584868656,18.030644644693705,15.891418540093472,16.609707536279277,15.525005206405755,17.95638335560423,17.533413733517648,17.451575243857786,18.202358573416326,17.917223424827096,17.71603560983471,15.696427434702581,17.90936310010048,18.02677899116964,15.859236768702775
Q8CCM6,16.058832424729424,16.922027893751135,16.977463631114354,16.977463631114354,15.402178736393243,17.460208108813042,17.673738708612575,16.609707536279277,18.007235921607688,17.519675847328124,16.24508727723093,15.25291076267798,15.041589418121031,16.518949691130903,16.49120142113337,17.737500887304087,17.799117059635858,17.42921066183997,17.879066972991428,17.633302005278566
Q8CD10,15.006871282022777,15.2891617443386,15.065253731898377,15.056502395557676,15.405411312803832,14.779363205280395,15.259568635207625,15.379720975112624,15.185354275029912,15.049041827219796,15.10004197931255,14.47552960617359,15.185354275029912,14.599270640412508,15.10004197931255,15.45502866138806,15.164972122641009,15.178295921091552,15.226932330793806,15.262574869672303
Q8CD91,16.00124053740221,15.041589418121031,16.00904466443058,15.856121102274775,14.699590138772527,15.757144155316078,14.88678289775594,17.135035808976614,14.766820262661199,15.71741460476323,15.723802320798422,16.100081154888752,15.393862260050932,15.577601129702632,15.052524649438727,16.441415540870686,15.33976203365576,16.338017838992194,14.836839379985031,17.281709373291893
Q8CDN6,15.564074872854784,15.509521293447989,16.344910077230814,16.2100537343874,16.51100304257015,15.297677903815082,16.344910077230814,15.111827938804348,15.006871282022777,14.836839379985031,16.989068549121225,15.321776172646173,15.678778121243937,16.161261421102417,15.990727084368192,15.207975163955378,14.88678289775594,15.902391004492808,15.617019433037342,15.010387727874951
Q8CEE7,15.229753977939973,13.93852089806406,13.67511327356875,14.329504467601879,13.427473657833062,15.001179738394976,13.586108650129097,13.699518704216942,14.699590138772527,14.923057040878486,14.137130183919183,14.86698558829572,14.686990880815307,14.260456353677236,14.329504467601879,13.719552549375294,14.771562607145128,13.699518704216942,13.633375800209185,13.67511327356875
Q8CEI1,17.998613465705397,17.83049629610969,18.50596603701357,18.759320948958464,18.93298198401946,18.16829823528978,18.98593416380268,19.21670203632218,17.97015125270846,18.2421942306563,18.52254697208366,17.675710978247704,17.16068008131952,18.759320948958464,17.756083062129026,18.922623962031516,17.46750571381542,18.91262845174094,19.160105526144985,17.72892478646335
Q8CEY5,18.287506711155864,18.5881074890872,18.22371761296218,18.997126266878944,18.463027013396697,19.38356789106438,19.38356789106438,19.802381269583726,19.38356789106438,19.20195092901277,18.11451610645798,17.827677395424935,18.593601147770293,18.342414565049175,17.30735540017094,19.646816894697274,19.02380500564057,19.871418784677353,19.63249390499406,19.43351784910502
Q8CF66,18.9797163447973,18.097294795222542,18.9261410847361,19.18799529071361,19.067381533572725,18.56512310901136,19.117650399712225,19.051816513941663,17.27865571961508,17.05423224585784,19.044488544443503,18.82108478641925,18.539456527810977,19.86456083372228,18.937647466272757,19.21670203632218,17.18501895449103,18.9261410847361,19.003517936108018,17.4174988667743
Q8CFX1,15.726681081032652,15.45502866138806,15.605874091019254,16.441415540870686,14.74245400704712,14.796198876121887,15.266985490755014,15.384267903535005,15.343794472491595,16.58535434737975,15.542422763930091,15.941678119523658,15.45502866138806,15.498881193272101,16.111357251954335,15.458171745577143,15.47441539977441,16.133871220497703,15.234078346116831,15.266985490755014
Q8CG76,14.446452133127915,14.711241610381103,14.74245400704712,15.770030517963258,15.944375519519488,15.827583560317256,15.741560565304336,17.001583695950494,15.639869158783554,15.772626224322593,15.198676850409475,15.431928984807248,15.382465551635125,14.970550303254583,15.178295921091552,16.10622722246483,15.798304112643843,15.809418026978886,15.382465551635125,15.34957795524513
Q8CGC7,15.878448348424161,15.34957795524513,15.552969674347779,15.944375519519488,15.779951529087281,15.809418026978886,16.21264374112578,15.605874091019254,16.021997449345594,15.78311485094902,15.245852991145478,15.596622301187296,15.219239195269179,15.61469005672846,15.402178736393243,15.111827938804348,15.930362375555934,15.821530359657421,15.259568635207625,15.647046052546145
Q8CGF5,16.873239593523063,14.825407733139537,16.044449650011757,17.01470997101877,15.336221451683153,15.238230910494655,15.869663246772415,15.958288048495424,15.777536457550315,15.584089349200644,16.772562677755865,15.164972122641009,15.052524649438727,15.077862658066376,17.564585857108266,16.046206000705748,15.757144155316078,15.737964457452467,15.794360139023976,15.923160456085046
Q8CGK3,18.51743738079222,18.50596603701357,18.198187229296455,18.5881074890872,17.594061180035187,17.87059215832019,17.49900907660442,17.259788065097705,18.426463008111213,18.262653633647734,17.74135870295587,18.543744335807425,18.502644190664434,18.22648183750755,18.254248057102092,17.70674967884954,18.58348846784302,17.810426546486035,17.71603560983471,18.080846345477145
Q8CGN5,17.721080309621776,18.074244921381066,14.899768173062478,17.83361264206847,16.246698944825305,15.681843944807053,12.824136995799364,13.028719820976708,13.028719820976708,15.478099793465702,16.31140174350425,17.841885355233064,16.43436391937086,15.155252106707929,15.525005206405755,13.056525365969318,13.028719820976708,13.004781440199277,12.975513409365107,12.975513409365107
Q8CGY6,16.751910700204583,17.94675630726936,16.926708670945615,16.567981286725523,17.19391351441193,17.49900907660442,16.460010932269192,15.757144155316078,16.783324830756815,16.03138389863903,15.881943784170412,16.698982060708936,16.858956303892118,16.17091975889223,16.655626642759334,16.09347049120067,16.518949691130903,16.44534002432181,16.133871220497703,16.100081154888752
Q8CHP5,15.572737060010379,15.666858031868959,16.97434640382524,16.370958180740086,16.532303449186387,16.378556630034833,17.29507809733934,18.4399254482473,16.848483841971486,16.368133187112512,16.49120142113337,16.1875776383686,16.214653890022383,16.969539343991375,16.09526093946561,17.670685290626956,16.237094254631142,17.648295776658806,17.737500887304087,16.85186738879242
Q8CHP8,15.387948646838893,14.645259977011458,14.944990304492626,15.468680919842276,14.140774969377352,13.989171963932938,14.552658991718408,14.641849387528998,14.491691849767449,14.396098814985631,15.045579692714375,15.08117573036942,15.071312921141082,15.556164559079173,15.422037606039911,14.751412418739244,14.506879351747846,14.613728201454895,15.092328701255036,14.552658991718408
Q8CHS7,20.41039484084969,19.22046835326541,19.672208865901176,20.71365778907975,19.574639633404903,16.578009219037543,16.4963255057543,15.688008406216317,17.37383959237027,17.690454633187283,19.95525363937427,20.183146281197608,20.06101432067798,20.589683950528062,20.226670591130407,12.921331928532961,18.463027013396697,16.952142629741115,16.00904466443058,17.793981540585406
Q8CHT0,19.558106854721593,20.16274276991077,20.13781572475612,20.450393278249244,20.246192435607675,19.721322795429067,20.08158833043575,20.13781572475612,20.06101432067798,19.779311297230684,19.856019961643533,20.151135820935497,19.945017982988453,20.38746008034168,20.05350080830655,20.18969561313046,19.802381269583726,19.98871169320379,20.111478237255376,19.95525363937427
Q8CHU3,13.192136661784113,13.028719820976708,13.449451174954442,13.300699006898574,14.270094838901835,13.161066056532908,14.13086431251486,14.410378302048182,13.664138208619397,13.563233578392788,13.235707385054948,13.235707385054948,13.25457301002281,13.37053814810391,13.437700531367991,13.746756349989221,13.586108650129097,13.728621800696644,13.652399849661482,13.690663510281889
Q8CI08,13.131169062970418,13.388551323513123,13.352337124021167,13.25457301002281,13.839584994213547,13.300699006898574,13.481229208574101,13.633375800209185,13.563233578392788,13.449451174954442,13.131169062970418,13.109707555396417,13.087749506414017,13.25457301002281,13.278457972626404,13.643126264002907,13.472695105067398,13.623938867813456,13.82436664994125,13.575266306728485
Q8CI12,16.783324830756815,18.629563389982003,17.90936310010048,18.89249845473423,18.997126266878944,17.63102142942152,16.979922526858495,18.50596603701357,16.483924620080618,17.953543654779324,17.703901703131272,17.55157545207064,17.737500887304087,16.82437446137775,17.4854939215759,17.847799513901272,16.655626642759334,16.645998088606326,17.838488567264722,17.963939655500543
Q8CI59,17.210299331116396,17.635246893770123,16.1652186825075,16.150802664772357,15.949910442253326,17.790925289665676,16.83850413537635,16.40707162096719,16.46543791465465,16.351912672819864,16.55691743267369,16.43436391937086,17.10927450519619,17.115951302622406,16.88023568669566,16.71828984543482,16.52880337831991,16.934625122232795,16.0762417671677,16.730747053517142
Q8CI70,17.71603560983471,17.71603560983471,18.258331325723095,18.614298355609993,19.702004928382348,16.524196751485025,17.049909230909854,17.166596287268096,17.05423224585784,16.766417156471043,18.17544178972664,17.606683138382156,17.7619608328409,17.5305385305905,17.865897729771294,17.115951302622406,16.922027893751135,17.460208108813042,17.040107305366032,17.13279688304349
Q8CIB5,17.75835794584472,18.710263974402853,17.188533071242286,18.626239694532416,18.805555003958638,15.162577066677898,15.804180097448219,15.878448348424161,15.6762432600685,15.51185413975083,16.83334663985811,18.18472297779476,18.77624733322788,15.014580672957644,17.494042434587506,15.971473718228049,15.688008406216317,15.642633456787976,15.705083730230644,15.845655265924204
Q8CIB6,18.56897783590532,18.640308249604978,19.38356789106438,19.45819472017397,19.825705424439974,18.352961934754212,18.884170672470745,18.622275947538277,18.41647565459286,18.89249845473423,19.47736473165941,19.34781045427387,18.96816998174542,19.36781822229532,18.79920134601321,17.95005833609027,18.872441716893498,19.02987209840085,18.843418222302148,19.20195092901277
Q8CIE6,16.90734169510734,16.772562677755865,16.82437446137775,16.456659033451928,17.05423224585784,17.01146015302819,16.53415410684763,16.749015158910076,16.751910700204583,16.452900984150567,17.005131623186923,16.97241147402748,16.4963255057543,16.471415278768113,16.639477413014212,16.580028597084656,17.017948097470708,17.215907063364714,16.55137108546443,15.685182939271854
Q8CIV2,13.897945585338055,13.131169062970418,13.131169062970418,14.18839993044656,13.481229208574101,13.535981701700322,13.791834288818066,13.917975885149204,13.830232428651678,13.736966157778886,13.313881043529065,13.407850262011028,13.623938867813456,13.496873682630522,14.05004635577146,13.93852089806406,13.78457820739689,13.933189616922741,13.86477773999987,13.879506402985996
Q8CIZ8,13.614740642450451,13.056525365969318,13.481229208574101,13.330600938345935,13.496873682630522,14.47552960617359,13.652399849661482,13.767500755213135,13.087749506414017,13.599475941965656,13.25457301002281,13.690663510281889,13.300699006898574,13.437700531367991,13.472695105067398,13.78457820739689,13.643126264002907,13.803370634225143,13.719552549375294,13.728621800696644
Q8CJ53,15.111827938804348,16.291331503620277,16.25362378937894,16.044449650011757,17.138246728247502,16.01123952872343,15.390940114645725,16.81656309906331,15.321776172646173,15.173778990882408,16.2100537343874,15.954570831544121,15.605874091019254,15.502012976062119,15.951831547470999,15.572737060010379,15.306068801325093,16.774641137098122,16.49120142113337,16.738653938253197
Q8CJ70,18.040558140844034,17.712185611519836,18.036984773169642,21.62914809131313,21.596772717102628,17.85464612911659,18.265457180337698,21.862405058772858,18.15516598004831,17.897967989483423,17.860062151900163,17.865897729771294,17.775965345639673,21.38127883057511,21.905151502965776,18.254248057102092,22.051509267440423,18.19080890636426,18.254248057102092,18.27399173833169
Q8CJG0,14.270094838901835,14.552658991718408,15.022830958760903,14.566898858168557,14.705408871168178,15.414149481143511,14.804441003453238,15.881943784170412,15.539714091504873,15.311295409527158,14.727242330899045,14.41531166554509,14.870081030669045,14.821263604570499,14.603319521362218,14.45555725457589,15.809418026978886,15.387948646838893,15.546311011901873,14.821263604570499
Q8JZN5,18.657031606976034,18.436976726954587,18.51033699178351,18.33678165279604,18.13604858946716,18.377998196352735,18.181496184853014,18.150650213044617,18.637662050699568,18.56512310901136,17.69599495355393,18.2056822853875,18.33678165279604,18.444192857756132,18.395097893155587,18.030644644693705,18.5881074890872,18.41647565459286,18.262653633647734,18.377998196352735
Q8JZN7,17.587084016245143,17.930067881647798,18.248247983010657,17.847799513901272,16.826278137591675,17.344088522086913,16.92919371305154,16.848483841971486,17.54112352966739,16.999691241811075,17.83361264206847,17.169262625709532,17.790925289665676,17.724576631281554,17.573960735836984,17.205889003958692,17.494042434587506,17.377723357057974,16.915725576922526,17.179197164935637
Q8JZQ2,18.73465024705768,18.672591168463025,18.77624733322788,18.535362894273316,18.637662050699568,18.86086854200918,18.576219393078546,18.61011649476,18.905955329526073,18.7073015155592,18.454664213203124,18.75353672647069,18.945522558134083,18.75353672647069,18.499674445412197,18.86086854200918,18.82108478641925,19.22540486398784,18.467727291894597,18.843418222302148
Q8JZU2,14.791495295256553,14.03450478540999,13.839584994213547,13.313881043529065,13.459178614880875,14.609478608434037,13.623938867813456,13.736966157778886,13.67511327356875,12.74310901533909,14.775499690343585,13.93852089806406,13.599475941965656,14.630874262838267,13.449451174954442,13.758144482513714,13.599475941965656,13.758144482513714,13.683350255698732,13.699518704216942
Q8K003,16.133871220497703,17.30735540017094,17.472432416418748,17.030048383696588,15.600086279386511,17.396778600638424,18.614298355609993,19.297752672549333,17.97439179585499,18.188438189377088,18.067636604510092,16.934625122232795,16.769692416051235,15.845655265924204,17.561482262331825,19.20938396057736,18.688865331389362,17.263106002509925,19.391696701735242,18.188438189377088
Q8K009,14.31535159704524,14.233469173483138,14.552658991718408,13.736966157778886,13.830232428651678,13.736966157778886,14.203368106121394,14.28633067059334,14.195536530975028,16.787786029335575,13.78457820739689,14.321467241527959,14.253721318747711,14.680883599188178,14.01009255170475,14.367576734743116,14.1515990732055,17.138246728247502,14.233469173483138,14.217979155903953
Q8K0D5,16.68309367206349,16.730747053517142,16.251051677362213,17.257308905677952,17.285499519784647,17.561482262331825,17.173027615381965,16.69630307237967,17.953543654779324,17.796124080723235,16.329688354536522,16.99632150856619,16.93629983017057,16.966564087445676,15.566762205268201,17.594061180035187,18.036984773169642,17.967861438829196,17.610289029684264,17.77323038861822
Q8K0E8,13.481229208574101,14.363775627886259,13.161066056532908,13.614740642450451,13.161066056532908,14.099789020173262,13.235707385054948,13.388551323513123,13.37053814810391,13.222720222576935,14.1515990732055,14.195536530975028,14.203368106121394,13.599475941965656,13.427473657833062,13.407850262011028,13.652399849661482,13.407850262011028,13.78457820739689,13.352337124021167
Q8K0Z7,15.891418540093472,16.883436687236518,16.46543791465465,17.092715795188454,16.09526093946561,16.90166610455756,17.044588470395762,16.93154694471169,17.72892478646335,17.249717783411466,16.636251849009206,16.521450904560936,16.327004616900417,16.88023568669566,16.561728371874693,17.368742017929026,16.821344257321776,16.507308218896206,17.032288885952582,17.144795313965545
Q8K190,16.29824861008573,16.02958742623676,16.84355177219885,15.902391004492808,16.78044367973605,14.122965602463818,15.056502395557676,15.155252106707929,14.940995594646205,14.84088006378352,16.29824861008573,16.499030736698753,16.66563303534638,16.738653938253197,16.366254946580064,15.25291076267798,14.9367958209861,14.996463323954822,15.010387727874951,15.041589418121031
Q8K199,15.696427434702581,16.54087236582678,16.674973066060424,17.371049351203318,16.567981286725523,17.148137805751453,17.978783110405505,18.826074357682668,17.852155108346302,17.36436604495036,16.890081783255233,16.383823134188656,16.84355177219885,16.543428375713663,16.713438186894475,18.45017797765226,17.153192146135545,18.467727291894597,18.391234669932494,17.72669570533258
Q8K1A5,17.99046568935768,17.54112352966739,18.010658561007176,17.606683138382156,18.181496184853014,16.746171474409955,16.85395423118609,16.95761746780643,16.81093283135739,16.572772230787997,18.053371364474067,17.737500887304087,17.97015125270846,17.753047660760767,16.59625088151106,16.926708670945615,16.716125582424148,16.79027606429046,16.829913750250615,16.979922526858495
Q8K1M6,15.678778121243937,16.653226417130497,15.442638359072728,16.777266686145666,15.960724643761818,15.362371936910312,14.890357016202097,15.662378708686493,14.160447485855723,13.549270547188026,14.146594214456846,15.705083730230644,15.08117573036942,14.1515990732055,14.877765007010717,14.915961338591805,14.446452133127915,13.719552549375294,15.33320736025556,14.30730686002357
Q8K1R3,15.838000730345389,16.797554568629657,16.774641137098122,17.19691715647509,17.042576854856794,17.044588470395762,18.315346572616036,17.687931372744202,18.056043985759253,17.63102142942152,16.787786029335575,16.606386975129716,17.153192146135545,16.800842178201734,17.047448565596195,18.467727291894597,17.594061180035187,16.989068549121225,18.436976726954587,18.049996631740363
Q8K1Z0,19.98871169320379,20.14610819689333,19.871418784677353,20.56442076484551,19.360688934216284,19.767951103545016,19.574639633404903,19.47736473165941,19.871418784677353,19.663669211930547,19.825705424439974,19.50574895289755,19.61438114817877,19.61438114817877,19.59406065240999,19.79394242013594,19.825705424439974,19.83406788739486,19.243443307244604,19.539457286534645
Q8K273,19.0854050504248,17.179197164935637,18.593601147770293,18.884170672470745,17.940259383047355,17.032288885952582,17.188533071242286,16.567981286725523,17.917223424827096,18.248247983010657,18.901813342549907,18.329172761972682,18.72898466951047,17.98829922347533,18.36744383225511,17.31601303867988,18.161697103703474,17.257308905677952,17.451575243857786,18.11797275702317
Q8K297,15.372041876910476,14.4987274339632,15.741560565304336,16.55137108546443,15.397084425394757,15.723802320798422,16.21791391744498,16.418303733852664,15.37612457553998,16.12362162315233,15.552969674347779,14.58887846344795,14.619296055769079,15.517907274934771,14.762585399243846,16.424905881371096,16.96354293553974,16.78044367973605,16.227119043561203,16.44534002432181
Q8K2B3,20.924927643555897,21.434797352083372,21.466732315982902,21.264885827339874,21.14146272984866,21.312752627099353,21.068613119618927,20.525462166666408,21.286548796855786,21.046382325782645,21.51139630587692,20.76511997495633,21.14146272984866,21.16447481325955,21.246489872929224,21.088121906942963,21.33193899713133,21.264885827339874,20.95747093359308,21.14146272984866
Q8K2C6,15.182263399732554,15.297677903815082,14.821263604570499,16.238817824352793,16.37458468825991,16.067821762657353,16.75813655894027,17.41996866473105,16.883436687236518,16.227119043561203,14.74245400704712,15.219239195269179,15.708856930318902,15.103213421103016,15.035141491993437,17.157336803185128,16.698982060708936,16.456659033451928,17.4174988667743,16.521450904560936
Q8K2H2,16.053166412677005,15.286559135065534,16.979922526858495,16.130618089249857,15.343794472491595,15.343794472491595,16.96354293553974,17.19391351441193,16.342710142195553,16.725472251363733,16.43226224160768,14.853748912406697,15.42504545962997,15.819247213119016,16.40707162096719,16.94690031025231,16.51100304257015,16.896071198881184,17.06601543367322,16.763008427236834
Q8K2I3,17.597024764323443,16.103960719082302,16.93897973615989,14.58887846344795,14.733792089542609,16.620638262245475,15.219239195269179,15.352651301839472,15.147061046917482,15.014580672957644,14.48733773741946,14.515542102915552,14.502381903135184,16.524196751485025,15.478099793465702,15.427884399589866,15.117895499462918,16.580028597084656,15.203312068106726,15.238230910494655
Q8K2M0,15.550162481051467,17.037710162893823,16.35457456800458,15.534587295886373,16.43436391937086,17.83049629610969,17.838488567264722,18.58348846784302,18.140068047990248,17.770493521860175,16.865476847872582,15.10816089572246,16.397164474060425,16.54629343951786,16.378556630034833,18.73465024705768,17.008008482948355,17.618685968229787,18.359631261846697,18.402878997495208
Q8K2Q5,17.978783110405505,18.265457180337698,19.20195092901277,18.76759134965433,18.855741593294095,19.117650399712225,20.6521141682204,20.589683950528062,19.268161802531562,19.310832499133262,16.397164474060425,18.121783855142557,16.494154354786193,18.633201950403677,17.767497686699723,20.151135820935497,18.640308249604978,20.63034790549067,20.484376405916862,19.391696701735242
Q8K2Y7,17.6632012656113,18.319414906206543,18.202358573416326,19.334839971773405,18.91925231201697,19.341665417209892,19.98871169320379,19.903938293102694,19.622062757535538,19.51116008061792,16.977463631114354,17.820422113049705,17.70158229840711,18.51033699178351,18.55726760819117,19.663669211930547,19.480698550016374,19.84166327220762,19.88822502045067,20.151135820935497
Q8K370,15.993501799324372,15.750278837626055,16.430217662668,16.127947533337323,15.602560768202446,15.006871282022777,15.6762432600685,15.76750925415978,15.969730276919824,15.838000730345389,16.97241147402748,16.418303733852664,15.995851497078707,16.559201263243565,17.225621512021274,15.85303305121214,15.584089349200644,15.496169175752641,15.596622301187296,16.344910077230814
Q8K3H0,13.953949562473236,14.779363205280395,14.160447485855723,13.886311384574958,14.653721718334475,12.921331928532961,13.78457820739689,13.897945585338055,13.82436664994125,13.728621800696644,13.300699006898574,13.388551323513123,13.131169062970418,13.67511327356875,13.78457820739689,13.933189616922741,13.777446941234263,13.923539073176169,13.85530049700441,13.872036713214507
Q8K3J1,19.103663795414896,19.931389365150654,20.00442703940837,18.783882482644593,19.893719389206932,19.07991006217845,20.38746008034168,20.516602072428185,19.77463038618589,19.960509193081236,19.802381269583726,19.071950184196773,19.34781045427387,19.051816513941663,19.352586344562038,20.734172393783034,19.95525363937427,20.68644520397291,20.350264937321363,20.14610819689333
Q8K411,15.33976203365576,16.14224510995184,16.073784802715032,16.139607269253244,16.201859750574574,16.227119043561203,16.448563249979642,15.708856930318902,16.00589716555891,16.393977145986078,16.553805626739788,16.267589534256963,16.139607269253244,16.021997449345594,16.501873074232574,16.70207104070682,16.037168165463562,16.301723153649952,15.884419480935644,15.848295072584117
Q8K426,15.980624910186796,15.077862658066376,16.915725576922526,14.970550303254583,15.147061046917482,15.010387727874951,16.65806289455072,15.777536457550315,15.560062879765315,15.379720975112624,16.32425630004023,16.204566547262473,14.86698558829572,18.18472297779476,15.001179738394976,15.863175304274899,15.593434303665864,20.426704271178217,15.605874091019254,15.705083730230644
Q8K4F5,18.27399173833169,19.37403753540534,18.514167063758197,19.59406065240999,18.629563389982003,18.843418222302148,18.997126266878944,18.87924242072296,18.7469593396453,18.375162630633092,18.432239856528742,18.490659285459596,18.73120648651043,18.771725671942427,18.763965563509743,19.1351768758582,18.759320948958464,18.85084879159792,18.93298198401946,18.704627247880417
Q8K4G5,14.396098814985631,15.899214616436035,14.495470089463577,14.233469173483138,14.836839379985031,16.22435989700497,17.0213242191599,17.31601303867988,14.989882816397337,14.391863026184504,14.406009524164423,14.833253758200758,14.396098814985631,14.48138612488762,14.53740175502755,16.725472251363733,15.12391128922533,15.085046757346536,16.471415278768113,15.990727084368192
Q8K4Z3,18.50596603701357,17.905931819264087,17.778793335019355,17.321352119883912,17.603524959974784,17.753047660760767,16.769692416051235,16.2100537343874,17.932923069622174,17.734970182160698,17.99046568935768,18.150650213044617,18.030644644693705,17.897967989483423,17.978783110405505,16.293702306638277,17.888755084302062,16.318682633493573,15.941678119523658,17.129346336394057
Q8N7N5,15.022830958760903,14.989882816397337,15.905608723458263,15.809418026978886,15.617019433037342,14.592657225125063,15.149963912085266,15.266985490755014,15.065253731898377,14.35969373918904,15.770030517963258,15.067940301130054,15.560062879765315,15.525005206405755,15.271877341830166,15.365109032161234,15.049041827219796,15.089277149632872,15.809418026978886,15.171162715763884
Q8QZR5,16.17091975889223,14.396098814985631,16.31549540396195,15.798304112643843,14.982257922584854,14.80768376681861,15.49377535040316,15.596622301187296,15.397084425394757,15.24100722327675,15.486586153627849,14.771562607145128,14.69099556115421,14.751412418739244,16.242273639791314,15.654429717894198,15.379720975112624,15.352651301839472,15.431928984807248,15.47441539977441
Q8QZS1,17.142533078774907,17.57662844066921,17.040107305366032,17.8748822153187,17.072785140321034,17.472432416418748,17.383086084193213,17.69599495355393,17.911361722190914,17.494042434587506,17.292205479672383,17.31862307330163,17.205889003958692,17.737500887304087,17.584181686787865,17.590341455561234,17.622285844580013,17.73215520255005,17.64539592994067,17.615653430863933
Q8QZT1,18.09364616296982,19.713395178557512,19.23747448564327,19.421147519134486,19.856019961643533,19.097053476854207,18.85084879159792,18.606277541330382,19.06413493087259,19.122713897315215,19.740428547270813,19.622062757535538,19.50574895289755,19.45331986229829,19.20938396057736,18.937647466272757,18.79920134601321,19.02380500564057,18.679375850872386,18.826074357682668
Q8R035,17.66764489468163,17.767497686699723,17.10927450519619,18.23890332629359,17.31862307330163,18.576219393078546,19.173638167996735,18.688865331389362,18.866565088085313,18.71980096434951,17.472432416418748,17.590341455561234,17.30141000380968,17.603524959974784,17.959806051647202,19.018045522220042,18.91262845174094,19.129223172140776,19.109332588812208,19.341665417209892
Q8R081,13.746756349989221,14.53740175502755,14.045288320450178,13.897945585338055,13.994946425764871,15.077862658066376,14.347682149278148,14.41531166554509,15.633335140571507,16.410648780816693,13.690663510281889,14.956319777147453,14.956319777147453,14.160447485855723,13.839584994213547,14.515542102915552,14.31535159704524,14.410378302048182,14.35969373918904,14.373802999779727
Q8R086,16.15360512349686,16.83850413537635,17.561482262331825,17.451575243857786,17.142533078774907,17.4174988667743,18.036984773169642,18.074244921381066,17.5043151855268,17.462511612857988,17.05423224585784,16.543428375713663,16.787786029335575,17.01146015302819,16.668493118118167,18.407858512311783,17.533413733517648,18.032809040033158,18.194695948219703,17.612279190457876
Q8R0F8,17.042576854856794,17.698346687382006,17.424921615061844,18.426463008111213,18.315346572616036,18.36744383225511,18.375162630633092,17.462511612857988,18.384281328044707,18.41647565459286,17.457206718666892,17.765247531841293,17.27865571961508,18.080846345477145,18.194695948219703,17.897967989483423,18.106457263159108,17.992397296759187,17.670685290626956,18.09130970357867
Q8R0G7,18.15734860652636,17.546151514474076,17.97439179585499,17.675710978247704,17.8748822153187,17.203080746328986,16.413187547665455,16.49120142113337,16.55691743267369,16.924261907615875,17.784134571194787,17.087049784326272,17.259788065097705,18.278303594270902,17.72669570533258,16.51100304257015,16.83334663985811,16.30697863909287,16.366254946580064,17.489184669478796
Q8R0N6,15.402178736393243,15.323878207902379,15.41012522490404,16.332343383587393,17.005131623186923,15.708856930318902,16.240476679594664,14.896906612156863,15.987853976938865,16.267589534256963,16.639477413014212,15.48143631191096,15.149963912085266,15.941678119523658,15.753830936774014,16.29522030376555,16.342710142195553,15.234078346116831,15.623232095838185,16.40707162096719
Q8R0P4,17.500956359130683,16.57599849020238,17.78155131191905,17.765247531841293,17.749541610941733,16.97241147402748,16.242273639791314,16.332343383587393,16.738653938253197,17.263106002509925,17.56888122260806,17.34744983267199,17.235594799084517,15.534587295886373,18.106457263159108,16.342710142195553,16.127947533337323,16.121404441351434,16.17681671145689,16.31140174350425
Q8R0X7,16.204566547262473,17.081270656635375,16.338017838992194,15.934899753348358,17.199668718921735,16.601578912139423,16.25653582328419,16.59871463476447,16.349674086050076,16.55137108546443,17.29507809733934,16.97434640382524,16.999691241811075,17.032288885952582,17.05920804603228,16.620638262245475,16.436887524076894,17.953543654779324,16.46821754903481,16.977463631114354
Q8R0Y8,17.11861925428686,16.674973066060424,17.276636320853832,16.300086306127934,16.362669500066467,16.56990338029312,17.457206718666892,17.101906011921123,17.745887408214095,17.745887408214095,15.659569902510864,16.58265206101555,16.415673505322054,16.300086306127934,17.188533071242286,17.778793335019355,17.94675630726936,17.98829922347533,17.73215520255005,17.24474772074774
Q8R127,18.905955329526073,18.188438189377088,18.922623962031516,19.05842373408581,18.7469593396453,18.329172761972682,17.721080309621776,17.087049784326272,18.626239694532416,18.93298198401946,18.723395011021903,18.872441716893498,19.02987209840085,18.997126266878944,18.98593416380268,18.010658561007176,19.013169795939113,18.198187229296455,17.90936310010048,18.714949639421224
Q8R164,15.990727084368192,15.856121102274775,15.203312068106726,15.859236768702775,15.41012522490404,16.81093283135739,13.736966157778886,13.86477773999987,16.86199249986609,16.23347695387089,15.525005206405755,16.687964776367842,16.532303449186387,15.814011417767002,16.103960719082302,13.886311384574958,16.896071198881184,15.504319954149427,15.33976203365576,13.830232428651678
Q8R1B4,18.322521618207993,19.07586113580069,18.13356929777541,20.102767292413223,18.640308249604978,20.31203280886183,19.95525363937427,20.470602950874202,20.439140219859453,19.63890817200848,18.661117274514584,19.579730556332454,18.053371364474067,19.360688934216284,18.884170672470745,20.02903419202015,19.408071203488337,19.75410703050845,20.617041747785322,19.183326446885324
Q8R1G2,17.610289029684264,17.439780162952,18.5881074890872,17.71886856773059,18.5881074890872,16.52685091056362,15.978486584539263,16.065145679545807,17.02699335688985,17.39294590734506,18.50596603701357,18.053371364474067,18.432239856528742,18.217316334788617,18.062925606641805,16.133871220497703,15.888042193289422,15.838000730345389,15.888042193289422,16.024994656892396
Q8R1I1,21.20162634180764,20.426704271178217,20.213060597303546,20.02903419202015,18.454664213203124,20.236587854097916,19.59406065240999,18.901813342549907,21.125332749829006,20.6521141682204,20.617041747785322,21.264885827339874,20.79028777744073,20.535389933423893,20.870592525502502,19.539457286534645,21.16447481325955,19.550747458740126,19.193705484012746,19.893719389206932
Q8R1R3,15.498881193272101,15.219239195269179,15.62550380598837,15.596622301187296,15.750278837626055,15.612774878484334,16.237094254631142,17.57662844066921,16.206976573942576,18.040558140844034,15.402178736393243,15.612774878484334,15.502012976062119,15.529758455657156,15.670280194345924,18.106457263159108,17.959806051647202,17.554199781535587,16.168834998375143,16.30469657248546
Q8R1S0,16.918627187329072,17.01470997101877,17.263106002509925,17.377723357057974,17.368742017929026,17.47620486106079,17.08987074951222,17.920402409528123,17.584181686787865,17.49166880054688,16.754822487223876,17.548703802292344,17.57662844066921,16.561728371874693,17.241396505593773,17.35642472611182,17.753047660760767,17.778793335019355,17.285499519784647,17.39294590734506
Q8R1V4,17.229432104662298,16.690339479527285,16.698982060708936,17.424921615061844,17.49166880054688,17.079102203389056,16.287645393904377,15.229753977939973,16.772562677755865,16.793454712036656,17.39294590734506,17.72669570533258,17.687931372744202,17.554199781535587,17.304793614767682,15.329422662025303,16.97241147402748,16.649215759391605,16.204566547262473,16.342710142195553
Q8R2G4,18.805555003958638,18.172232268688965,18.282788689007585,17.590341455561234,18.467727291894597,18.007235921607688,18.710263974402853,16.769692416051235,18.311485645808958,18.629563389982003,18.311485645808958,17.81746538244362,17.439780162952,18.87924242072296,17.69599495355393,16.922027893751135,18.36744383225511,15.688008406216317,18.19080890636426,18.475116441287344
Q8R2Q4,16.841050004223348,16.92919371305154,17.448392040985702,17.573960735836984,16.806296235562282,17.047448565596195,16.628015544109772,17.0213242191599,17.546151514474076,17.153192146135545,16.78044367973605,16.749015158910076,16.96354293553974,16.772562677755865,16.93897973615989,17.68437917947841,17.603524959974784,16.918627187329072,17.175726879509117,17.594061180035187
Q8R2Y8,16.636251849009206,17.386934271424803,16.704488174661353,16.942231875025136,17.612279190457876,17.380358630795737,17.032288885952582,17.115951302622406,17.99567063694154,17.943760614616746,16.58837459230723,17.328606285257884,16.969539343991375,17.285499519784647,16.549028599607304,17.64283619916258,18.049996631740363,17.35642472611182,17.31025505872205,17.46750571381542
Q8R3F5,14.401394740888382,13.614740642450451,16.09526093946561,14.973703136480356,14.645259977011458,17.841885355233064,18.872441716893498,18.93298198401946,18.265457180337698,17.959806051647202,14.420608989402496,17.19391351441193,14.420608989402496,14.4987274339632,16.14224510995184,18.69737413572631,18.02677899116964,16.81093283135739,18.771725671942427,17.767497686699723
Q8R3G9,21.801532783027568,21.088121906942963,21.33193899713133,21.246489872929224,21.33193899713133,18.95472545504847,18.83530907147607,18.576219393078546,18.6681894006985,19.297752672549333,21.801532783027568,21.35303781379885,21.125332749829006,21.542604229589745,21.33193899713133,18.672591168463025,19.75410703050845,18.749285183307155,19.36781822229532,19.46356318692593
Q8R3Q0,18.793824082452442,18.296495335466297,19.297752672549333,19.622062757535538,19.18799529071361,16.55137108546443,17.6632012656113,17.85464612911659,17.41495409195903,17.936982345578773,19.034911068699845,18.723395011021903,18.793824082452442,19.113367864576386,19.02987209840085,18.2344507581869,18.11451610645798,18.2056822853875,18.198187229296455,18.40005578364228
Q8R3V6,14.146594214456846,14.495470089463577,15.321776172646173,15.30051921708017,15.556164559079173,14.195536530975028,14.87385320121751,14.95921994936345,14.762585399243846,14.680883599188178,14.845055069767344,13.711533354560277,14.02509180878422,14.217979155903953,14.925511054505955,15.061139700327832,14.766820262661199,14.84088006378352,14.829169325914018,13.886311384574958
Q8R404,18.33982683347122,18.059981592639097,18.271513398923915,17.92716344636873,17.65412888628205,17.856799493298915,17.44310380814907,17.23225872587725,17.847799513901272,18.67534291877795,17.215907063364714,18.514167063758197,18.202358573416326,17.80772018021429,17.844344738337487,17.673738708612575,18.48267100735208,17.8748822153187,17.173027615381965,18.02677899116964
Q8R429,23.16822471813418,23.007504381532904,22.796844790397937,23.094391847023864,22.265403482846978,21.286548796855786,21.78090432555921,21.286548796855786,21.716789525616964,22.3534119464251,22.91306083021744,23.308918850626934,23.308918850626934,22.91306083021744,23.3932493789621,22.025840215948175,22.625915030671056,22.113140596776518,21.78090432555921,22.302498667361213
Q8R464,15.049041827219796,14.949760195107299,14.766820262661199,13.352337124021167,13.535981701700322,15.067940301130054,15.532412706601482,15.690685011902678,14.48733773741946,15.292237428594898,14.613728201454895,15.343794472491595,13.313881043529065,14.555697307567666,14.226873189644305,13.82436664994125,15.821530359657421,15.552969674347779,15.147061046917482,15.147061046917482
Q8R4E4,14.467600920295348,14.953642472499677,15.372041876910476,14.775499690343585,16.65806289455072,14.160447485855723,14.775499690343585,14.88678289775594,14.680883599188178,14.599270640412508,14.017539902157285,17.879066972991428,16.95455758979811,14.666037441115648,15.714163415413747,14.982257922584854,14.699590138772527,14.785585365627753,14.74764180301203,14.796198876121887
Q8R4N0,18.502644190664434,18.86086854200918,19.067381533572725,19.147614525807302,19.46356318692593,18.723395011021903,18.593601147770293,19.109332588812208,18.839314764187378,18.647629502202797,19.29167119847474,19.06413493087259,18.591312698361396,19.122713897315215,19.20195092901277,19.129223172140776,18.56512310901136,19.109332588812208,18.922623962031516,18.51743738079222
Q8R4S0,18.074244921381066,18.053371364474067,19.039189930955697,18.710263974402853,18.352961934754212,15.863175304274899,18.202358573416326,18.905955329526073,16.80389473844276,17.535813263945876,19.341665417209892,18.282788689007585,17.836101908657188,18.83530907147607,18.38748437571025,18.529294810872006,17.543816440328257,18.13604858946716,18.593601147770293,18.359631261846697
Q8R5J9,15.319083990332478,16.204566547262473,16.81656309906331,15.67305097522151,17.040107305366032,14.28633067059334,14.962063782381401,15.067940301130054,14.84088006378352,16.340180531084666,17.4854939215759,18.771725671942427,18.072013605180732,17.92716344636873,18.411625586945092,15.162577066677898,16.430217662668,14.925511054505955,14.915961338591805,14.953642472499677
Q8R5L1,18.217316334788617,18.846594247842646,19.109332588812208,17.90240753396987,17.852155108346302,18.704627247880417,18.81530147431623,19.63249390499406,18.618829691493154,17.86323756311658,17.936982345578773,19.329185453489227,18.5881074890872,19.37927991832144,19.34781045427387,19.7589643453117,18.097294795222542,19.06413493087259,17.81324364664505,17.998613465705397
Q8VBT0,16.27669011398628,15.958288048495424,16.639477413014212,16.6716372196514,15.804180097448219,15.382465551635125,14.675679683646683,14.766820262661199,15.439160168747303,17.33658040106376,16.85395423118609,17.693148773596796,17.41218535643221,16.66563303534638,16.31140174350425,14.86698558829572,15.958288048495424,16.073784802715032,14.653721718334475,15.587991321452794
Q8VBT9,16.934625122232795,16.1875776383686,18.629563389982003,18.19080890636426,18.52254697208366,17.27306637301551,18.080846345477145,18.579172689319417,17.276636320853832,17.660026804960843,18.010658561007176,17.687931372744202,17.612279190457876,18.121783855142557,18.1434254692835,17.94675630726936,17.05920804603228,17.1409186454281,18.499674445412197,17.28867597650831
Q8VBV7,15.62550380598837,16.29522030376555,15.271877341830166,15.031051227113869,17.115951302622406,15.800953315145218,14.090224770988595,14.195536530975028,14.10915925009022,14.005240663069339,14.552658991718408,14.95921994936345,14.751412418739244,14.771562607145128,13.664138208619397,14.253721318747711,14.062436400060017,14.18839993044656,14.140774969377352,14.140774969377352
Q8VBZ3,16.2100537343874,14.903513115472753,15.821530359657421,15.699835390189406,16.521450904560936,14.03450478540999,14.226873189644305,14.47552960617359,14.949760195107299,15.158685294076179,15.819247213119016,16.380650004696243,16.30469657248546,15.642633456787976,16.065145679545807,15.103213421103016,15.343794472491595,15.600086279386511,15.399578467104721,15.633335140571507
Q8VCA6,19.75410703050845,16.301723153649952,17.712185611519836,18.311485645808958,16.70207104070682,16.51100304257015,17.040107305366032,17.15064329231176,17.030048383696588,16.746171474409955,16.421471692334112,18.86086854200918,18.723395011021903,18.98593416380268,19.18799529071361,17.10432362749829,16.90925047217575,16.969539343991375,17.0213242191599,17.106727139790756
Q8VCE1,17.905931819264087,18.007235921607688,18.679375850872386,18.432239856528742,16.351912672819864,17.41218535643221,16.720466769150967,16.83850413537635,17.2989241082415,16.418303733852664,18.194695948219703,16.179445358549913,16.09081354753402,16.14836718949126,17.650963318645914,16.800842178201734,16.580028597084656,16.655626642759334,16.698982060708936,16.81656309906331
Q8VCF0,15.859236768702775,16.777266686145666,15.602560768202446,15.726681081032652,16.220651392307765,17.249717783411466,17.22358187073719,17.380358630795737,17.24474772074774,16.687964776367842,15.038141619234867,15.600086279386511,16.15360512349686,16.251051677362213,15.173778990882408,17.166596287268096,16.797554568629657,16.924261907615875,17.44310380814907,16.58837459230723
Q8VCL2,17.09520084335489,17.02699335688985,17.70674967884954,17.15064329231176,17.489184669478796,16.777266686145666,17.511615798732674,16.108339936462162,17.44310380814907,17.281709373291893,17.13279688304349,16.93897973615989,16.704488174661353,17.803077572188666,16.84355177219885,18.181496184853014,17.35288327889465,18.062925606641805,17.497179088344158,17.803077572188666
Q8VCM5,16.90925047217575,17.123962244735186,16.69630307237967,14.853748912406697,15.010387727874951,14.850310004406982,15.534587295886373,15.633335140571507,15.434679876658189,15.266985490755014,16.785368655465184,17.622285844580013,17.079102203389056,17.313610719705427,17.55157545207064,15.693466230772177,15.422037606039911,15.37612457553998,15.471360942979416,15.509521293447989
Q8VCM7,15.78311485094902,17.29507809733934,15.575425213956857,15.848295072584117,16.85186738879242,16.81656309906331,14.396098814985631,14.48138612488762,14.367576734743116,15.915778897513027,17.220134823654114,17.46750571381542,17.42921066183997,16.754822487223876,15.569876033521208,14.599270640412508,16.818206817494392,15.930362375555934,15.708856930318902,14.420608989402496
Q8VCM8,17.675710978247704,16.68090428038275,17.515169072149675,17.703901703131272,17.325918356658345,16.95455758979811,16.79027606429046,17.448392040985702,16.890081783255233,17.328606285257884,17.422254590645732,17.584181686787865,17.33658040106376,17.40363371243514,17.5043151855268,16.83850413537635,17.092715795188454,17.19122070489221,17.01146015302819,17.451575243857786
Q8VCN6,20.68644520397291,20.68644520397291,20.924927643555897,21.94216407850464,21.068613119618927,20.38746008034168,20.924927643555897,21.686792265063367,19.84166327220762,20.32428726971539,21.246489872929224,19.07586113580069,19.117650399712225,21.183890892318708,19.36781822229532,21.62914809131313,20.617041747785322,21.312752627099353,21.088121906942963,20.857605579032814
Q8VCR8,17.7619608328409,17.584181686787865,16.725472251363733,17.328606285257884,16.93629983017057,15.234078346116831,13.86477773999987,13.967834079718006,13.886311384574958,15.990727084368192,15.866492560276251,16.95761746780643,16.793454712036656,16.549028599607304,16.690339479527285,13.994946425764871,14.531574197485403,13.97905257179841,13.923539073176169,15.045579692714375
Q8VCT4,17.660026804960843,18.633201950403677,19.268161802531562,18.688865331389362,19.05842373408581,16.563811757202675,16.99632150856619,16.237094254631142,16.690339479527285,17.129346336394057,19.646816894697274,18.9261410847361,18.51743738079222,18.81530147431623,19.4167171666165,17.0213242191599,17.435891899816728,16.067821762657353,16.136332635890025,16.751910700204583
Q8VCX5,16.18284559477804,15.633335140571507,16.751910700204583,16.716125582424148,15.930362375555934,16.479737186173647,14.733792089542609,14.829169325914018,16.042010774422412,16.479737186173647,15.45502866138806,15.763314009004318,16.03138389863903,16.572772230787997,15.368670021996522,14.923057040878486,16.58837459230723,14.74764180301203,16.198100687288626,16.45080827611912
Q8VD26,17.396778600638424,17.12677407889876,16.448563249979642,17.30141000380968,16.267589534256963,16.875415935757488,17.1626813000877,17.12677407889876,17.383086084193213,17.334270289259177,16.340180531084666,17.049909230909854,17.142533078774907,16.474579897193422,16.83850413537635,17.344088522086913,17.615653430863933,16.90925047217575,16.92919371305154,17.497179088344158
Q8VDC0,15.509521293447989,14.686990880815307,14.146594214456846,15.219239195269179,14.045288320450178,14.751412418739244,14.41531166554509,14.4987274339632,15.215475020312429,14.270094838901835,14.903513115472753,15.542422763930091,15.269927550078975,14.10915925009022,14.811795353353224,14.619296055769079,15.32669447364538,14.495470089463577,14.434993212831833,14.434993212831833
Q8VDC1,15.427884399589866,15.315468997917478,15.714163415413747,14.944990304492626,16.056047364008677,15.30051921708017,16.00589716555891,15.587991321452794,15.34672908070157,14.58887846344795,15.092328701255036,14.944990304492626,14.836839379985031,14.907515023251563,14.821263604570499,16.02958742623676,14.686990880815307,15.760018465620925,14.733792089542609,14.785585365627753
Q8VDD5,15.127312692947154,16.413187547665455,14.300528946357957,14.4987274339632,14.915961338591805,16.829913750250615,16.952142629741115,16.885962247829426,16.34770545001941,16.415673505322054,15.266985490755014,15.266985490755014,14.771562607145128,15.067940301130054,13.82436664994125,16.63141210740998,16.340180531084666,15.859236768702775,16.342710142195553,16.720466769150967
Q8VDI7,14.751412418739244,17.535813263945876,17.05920804603228,14.88678289775594,17.690454633187283,14.919730295601003,15.602560768202446,15.70296752621564,15.496169175752641,15.321776172646173,16.021997449345594,16.479737186173647,16.43226224160768,14.84088006378352,14.940995594646205,15.779951529087281,15.498881193272101,15.449953890574315,17.210299331116396,16.513989720796523
Q8VDI9,14.253721318747711,13.472695105067398,13.664138208619397,13.563233578392788,13.711533354560277,13.614740642450451,13.97905257179841,14.08232449851108,13.999659370928047,14.524436914793446,13.437700531367991,14.561294032891018,14.84088006378352,13.994946425764871,14.248738773014216,14.114476873414038,13.967834079718006,14.090224770988595,14.05004635577146,14.039372800388751
Q8VDJ3,16.285263638868965,16.926708670945615,16.342710142195553,15.963748578374577,16.56990338029312,17.824170072409693,17.865897729771294,18.325851712263123,17.81324364664505,16.90925047217575,16.504267138042373,15.834911278904983,16.543428375713663,16.37458468825991,16.25362378937894,17.511615798732674,17.358820359942055,18.657031606976034,17.99567063694154,16.873239593523063
Q8VDK1,14.87385320121751,14.962063782381401,15.077862658066376,15.019639960833777,15.188842202981718,16.29824861008573,16.68090428038275,16.553805626739788,17.182211998304425,16.127947533337323,14.890357016202097,14.978758858134853,15.746777501940187,14.944990304492626,15.365109032161234,17.97439179585499,16.327004616900417,17.572070148932653,16.977463631114354,16.716125582424148
Q8VDL4,13.97905257179841,13.897945585338055,14.33556237049331,14.373802999779727,13.96015911609131,14.18366768490463,13.803370634225143,13.923539073176169,13.643126264002907,14.1515990732055,14.391863026184504,14.10915925009022,14.373802999779727,14.300528946357957,14.420608989402496,13.946080777784761,14.666037441115648,13.93852089806406,13.879506402985996,13.330600938345935
Q8VDM4,14.105350340092958,14.069289646260959,13.575266306728485,14.502381903135184,14.30730686002357,13.437700531367991,13.872036713214507,13.973782996108477,13.897945585338055,13.803370634225143,13.37053814810391,13.449451174954442,14.005240663069339,14.429752851758172,13.999659370928047,13.999659370928047,13.85530049700441,13.989171963932938,13.933189616922741,13.933189616922741
Q8VDN2,19.329185453489227,18.688865331389362,18.69737413572631,18.463027013396697,18.71980096434951,18.531979873129668,18.395097893155587,18.00438779402004,17.753047660760767,18.278303594270902,18.855741593294095,18.591312698361396,18.576219393078546,19.07586113580069,18.82887547524917,18.24597604353273,18.062925606641805,18.471715071718833,18.380215367975342,18.282788689007585
Q8VDP6,17.21340660266442,16.474579897193422,15.863175304274899,15.514854820376925,15.699835390189406,15.564074872854784,16.17091975889223,16.267589534256963,16.14836718949126,15.87513181994738,16.456659033451928,17.037710162893823,16.808224534344642,16.858956303892118,16.924261907615875,16.287645393904377,16.067821762657353,16.046206000705748,16.097835323629056,16.22890902936907
Q8VDQ8,14.785585365627753,15.2567597941021,14.396098814985631,14.737392090904624,13.131169062970418,14.944990304492626,13.192136661784113,13.37053814810391,13.313881043529065,13.508795569801222,13.811601628003093,14.785585365627753,14.30730686002357,13.664138208619397,13.711533354560277,13.37053814810391,13.25457301002281,13.352337124021167,13.313881043529065,13.313881043529065
Q8VDT9,16.518949691130903,16.00904466443058,15.816300964002306,16.90459719162573,17.101906011921123,17.422254590645732,17.787609002813973,17.66764489468163,17.856799493298915,17.827677395424935,16.390896523419872,16.518949691130903,16.841050004223348,17.203080746328986,16.179445358549913,17.587084016245143,17.787609002813973,16.287645393904377,18.049996631740363,17.597024764323443
Q8VE22,16.158297537349718,15.791663948852058,16.31140174350425,16.720466769150967,16.787786029335575,17.618685968229787,18.024210207376626,18.080846345477145,18.00438779402004,18.11797275702317,15.259568635207625,16.079291429801394,16.23347695387089,16.989068549121225,15.881943784170412,18.618829691493154,18.278303594270902,16.90459719162573,18.152241217156128,18.395097893155587
Q8VE91,14.169024887578292,13.946080777784761,14.3425171860605,14.380747771122333,14.46093645921196,14.146594214456846,15.238230910494655,15.869663246772415,14.666037441115648,14.890357016202097,14.195536530975028,14.260456353677236,14.239136142095358,14.292441968080615,14.347682149278148,16.130618089249857,14.850310004406982,16.21264374112578,15.907913464931354,14.962063782381401
Q8VE95,16.639477413014212,17.770493521860175,17.19391351441193,18.00438779402004,17.324168973995437,18.049996631740363,18.09364616296982,17.31025505872205,18.30549751157621,17.963939655500543,17.349907521691502,17.65412888628205,17.448392040985702,17.439780162952,17.712185611519836,17.98829922347533,18.402878997495208,17.55157545207064,17.83361264206847,18.315346572616036
Q8VEA4,18.89696239254644,17.238741308058717,19.498871012520596,19.818511964341873,19.622062757535538,19.938712598864875,21.14146272984866,20.63034790549067,19.922304646269655,19.88822502045067,17.409198252425018,18.640308249604978,17.400481803234207,20.236587854097916,17.612279190457876,20.924927643555897,19.893719389206932,20.450393278249244,21.264885827339874,19.871418784677353
Q8VEE1,16.456659033451928,16.19569426277907,16.46243108644962,16.52880337831991,17.215907063364714,15.654429717894198,15.414149481143511,15.532412706601482,15.786485149932307,16.198100687288626,16.578009219037543,16.329688354536522,16.561728371874693,16.43226224160768,16.56990338029312,15.59050769044938,16.499030736698753,15.824182184474855,15.368670021996522,15.390940114645725
Q8VEH3,16.30469657248546,15.89593452593626,15.014580672957644,16.14836718949126,15.117895499462918,15.504319954149427,15.659569902510864,15.746777501940187,15.529758455657156,15.352651301839472,15.580907294084653,14.923057040878486,15.915778897513027,15.427884399589866,14.973703136480356,15.830567690598183,15.552969674347779,15.478099793465702,15.580907294084653,15.6762432600685
Q8VEK0,17.594061180035187,17.538195898734124,18.150650213044617,18.161697103703474,18.59745793039929,16.48714026421141,16.793454712036656,17.745887408214095,15.71741460476323,15.662378708686493,18.301966839475945,16.270831575590492,16.873239593523063,18.42357560925522,17.325918356658345,16.875415935757488,16.668493118118167,17.34744983267199,16.95761746780643,16.912802308066425
Q8VEK3,14.757050975785557,15.560062879765315,15.171162715763884,14.910714443596529,15.539714091504873,15.670280194345924,15.814011417767002,16.067821762657353,15.971473718228049,14.363775627886259,14.511400022841844,14.641849387528998,13.746756349989221,14.87385320121751,14.300528946357957,14.073658495565468,15.127312692947154,15.819247213119016,16.237094254631142,15.356273123715786
Q8VEL0,18.380215367975342,17.78155131191905,18.457864275280013,19.25664609055196,17.678756085671203,16.57599849020238,14.973703136480356,16.013559000510934,16.63141210740998,17.998613465705397,18.271513398923915,18.43425631442843,18.901813342549907,18.457864275280013,18.614298355609993,15.171162715763884,18.188438189377088,14.9367958209861,16.766417156471043,17.199668718921735
Q8VHE0,16.633687158690016,15.10816089572246,14.949760195107299,15.158685294076179,15.262574869672303,13.872036713214507,14.751412418739244,14.850310004406982,14.656808366596525,15.786485149932307,15.685182939271854,16.55691743267369,16.59871463476447,15.315468997917478,16.259337364402032,14.944990304492626,15.229753977939973,14.766820262661199,14.716994146381404,15.194804531318502
Q8VHW3,20.11987357426101,18.945522558134083,19.129223172140776,20.07209177342391,19.0854050504248,17.940259383047355,18.651603023412967,18.377998196352735,17.424921615061844,19.05842373408581,19.22540486398784,19.59406065240999,19.4468059321889,19.88822502045067,19.391696701735242,18.56897783590532,19.071950184196773,18.704627247880417,18.591312698361396,19.097053476854207
Q8VHX6,14.883048296370884,16.59625088151106,15.478099793465702,16.158297537349718,17.33658040106376,16.55691743267369,17.36436604495036,15.714163415413747,15.670280194345924,16.875415935757488,15.390940114645725,18.254248057102092,17.460208108813042,15.631086195556104,16.524196751485025,15.763314009004318,15.944375519519488,16.0762417671677,16.30697863909287,16.267589534256963
Q8VIB3,15.89593452593626,15.266985490755014,14.434993212831833,16.103960719082302,16.300086306127934,14.711241610381103,14.363775627886259,14.434993212831833,14.33556237049331,16.829913750250615,15.48143631191096,15.971473718228049,16.100081154888752,15.982617858091317,15.800953315145218,14.531574197485403,16.082544546889245,14.446452133127915,14.380747771122333,15.575425213956857
Q8VIJ6,15.750278837626055,16.161261421102417,16.100081154888752,15.746777501940187,16.15360512349686,18.467727291894597,17.888755084302062,18.471715071718833,17.879066972991428,16.524196751485025,15.584089349200644,16.65806289455072,15.593434303665864,15.891418540093472,15.496169175752641,17.77323038861822,17.670685290626956,17.432504936631602,18.210297767040252,17.25419194947641
Q91V01,17.69599495355393,15.556164559079173,16.98531392996711,15.028207656308023,16.754822487223876,15.065253731898377,15.73263953828744,15.80730916658695,15.602560768202446,15.45502866138806,16.85186738879242,16.79027606429046,16.2100537343874,16.567981286725523,17.519675847328124,15.899214616436035,15.628136529075363,15.550162481051467,15.65176970848288,15.760018465620925
Q91V41,18.83530907147607,17.74135870295587,18.17544178972664,18.357233912078737,18.147228745699543,17.31862307330163,16.808224534344642,15.41012522490404,17.368742017929026,17.079102203389056,18.111954491112115,18.397598544786902,18.29876602994137,18.040558140844034,18.296495335466297,15.48143631191096,16.70207104070682,16.85395423118609,15.966826290328532,16.777266686145666
Q91V61,19.79394242013594,19.88822502045067,19.893719389206932,19.297752672549333,19.84166327220762,19.51948616791665,19.399066184804443,19.113367864576386,19.45819472017397,19.147614525807302,19.122713897315215,19.31688579109933,19.250298328778392,19.691825325953484,19.23747448564327,19.23252723829608,19.421147519134486,20.102767292413223,19.28591908300357,19.399066184804443
Q91V79,20.95747093359308,19.600439312634993,20.02903419202015,20.525462166666408,19.117650399712225,17.55157545207064,17.42921066183997,15.446518577762395,17.675710978247704,18.974389618446466,19.097053476854207,20.617041747785322,20.68644520397291,20.131315958109433,21.088121906942963,17.787609002813973,18.997126266878944,16.806296235562282,17.076832889343816,19.23747448564327
Q91VA6,13.437700531367991,13.37053814810391,13.97905257179841,14.434993212831833,13.82436664994125,13.056525365969318,13.946080777784761,14.045288320450178,13.96015911609131,13.86477773999987,13.897945585338055,13.222720222576935,13.999659370928047,13.728621800696644,13.633375800209185,14.069289646260959,13.933189616922741,14.05004635577146,14.005240663069339,14.005240663069339
Q91VA7,19.51116008061792,18.937647466272757,18.463027013396697,19.20938396057736,18.072013605180732,18.12524047716429,17.396778600638424,16.720466769150967,18.487104314023583,18.73120648651043,18.342414565049175,18.99174485400807,18.88803098980167,18.47854005534154,18.922623962031516,17.72892478646335,18.531979873129668,18.130353779935874,17.2669070316608,18.16521118569236
Q91VC3,16.563811757202675,16.918627187329072,16.95761746780643,16.821344257321776,16.19569426277907,16.021997449345594,17.650963318645914,18.24597604353273,16.858956303892118,16.80389473844276,16.37458468825991,16.067821762657353,16.410648780816693,17.047448565596195,16.334587330977822,17.648295776658806,16.136332635890025,16.563811757202675,17.95005833609027,17.42921066183997
Q91VC9,19.34781045427387,17.380358630795737,16.57599849020238,17.032288885952582,15.73263953828744,16.327004616900417,16.214653890022383,16.31549540396195,16.1875776383686,15.91345634926184,17.259788065097705,18.783882482644593,17.71603560983471,17.46750571381542,18.601838602185495,16.321836088578138,16.108339936462162,16.085461076507418,16.144542022921534,16.285263638868965
Q91VD9,20.577969344699195,21.0038293301104,21.14146272984866,20.426704271178217,20.734172393783034,21.125332749829006,21.125332749829006,20.76511997495633,21.246489872929224,20.84050959246877,20.641864882497476,20.805818273720142,20.734172393783034,20.857605579032814,20.805818273720142,21.183890892318708,21.35303781379885,20.90630751244386,21.0038293301104,21.20162634180764
Q91VI7,16.566323801314113,15.422037606039911,17.1409186454281,16.769692416051235,16.100081154888752,14.903513115472753,15.580907294084653,15.678778121243937,15.471360942979416,15.302806723278135,16.797554568629657,16.30697863909287,14.775499690343585,16.93629983017057,16.797554568629657,15.757144155316078,15.471360942979416,15.427884399589866,15.520799340052378,15.602560768202446
Q91VJ2,16.43226224160768,15.905608723458263,14.811795353353224,15.915778897513027,15.315468997917478,18.074244921381066,17.210299331116396,16.777266686145666,16.227119043561203,15.851780380157976,15.022830958760903,13.989171963932938,14.03450478540999,14.86698558829572,14.582650763501414,16.639477413014212,15.575425213956857,17.445311654377253,16.300086306127934,16.097835323629056
Q91VK1,17.71886856773059,17.11861925428686,16.806296235562282,17.796124080723235,17.175726879509117,16.85622845978967,15.824182184474855,15.899214616436035,16.606386975129716,17.584181686787865,16.922027893751135,17.432504936631602,17.445311654377253,17.049909230909854,17.42656305762505,15.993501799324372,17.71886856773059,15.678778121243937,16.18497655714814,16.94690031025231
Q91VM9,15.937743787073416,16.366254946580064,16.471415278768113,16.57599849020238,16.690339479527285,16.501873074232574,17.257308905677952,15.038141619234867,16.58837459230723,17.5043151855268,16.836260442110852,16.628015544109772,15.932836704688048,16.60387501599841,16.977463631114354,17.41218535643221,16.649215759391605,14.907515023251563,17.05423224585784,16.501873074232574
Q91VN4,15.584089349200644,15.937743787073416,16.661205585863478,15.617019433037342,16.1652186825075,17.377723357057974,17.99567063694154,18.57234863521773,17.4854939215759,17.06601543367322,15.804180097448219,16.09347049120067,16.19569426277907,15.721820317041937,16.03138389863903,18.30815914135994,17.12125179015954,17.330801363230428,18.2421942306563,17.572070148932653
Q91VT4,17.49166880054688,17.33658040106376,17.28867597650831,18.499674445412197,17.650963318645914,16.896071198881184,16.826278137591675,16.55137108546443,17.737500887304087,16.75813655894027,17.10432362749829,18.019457060833666,17.635246893770123,17.10927450519619,17.64283619916258,17.220134823654114,16.641864068934417,16.40707162096719,16.841050004223348,17.827677395424935
Q91VU0,15.971473718228049,16.368133187112512,14.69099556115421,14.630874262838267,14.779363205280395,14.641849387528998,16.301723153649952,16.59625088151106,15.226932330793806,15.095695370956111,16.43436391937086,14.619296055769079,14.577215057783437,16.6716372196514,15.843090928927955,15.489613020902329,15.219239195269179,16.95455758979811,16.14836718949126,15.978486584539263
Q91VW3,14.373802999779727,14.67032680324834,15.323878207902379,14.160447485855723,14.265991125321648,15.905608723458263,14.716994146381404,14.816195787907578,14.630874262838267,14.531574197485403,15.185354275029912,14.062436400060017,14.045288320450178,15.10004197931255,14.146594214456846,14.907515023251563,14.661276568861515,16.521450904560936,14.69099556115421,14.74245400704712
Q91VX2,13.599475941965656,13.953949562473236,13.830232428651678,13.746756349989221,13.846950111107319,14.699590138772527,14.796198876121887,16.115813493509155,15.08117573036942,13.767500755213135,13.586108650129097,13.736966157778886,13.427473657833062,13.777446941234263,13.758144482513714,14.380747771122333,14.137130183919183,15.035141491993437,15.944375519519488,13.803370634225143
Q91W18,15.262574869672303,14.973703136480356,15.390940114645725,15.315468997917478,15.504319954149427,15.418603104939601,17.169262625709532,18.1434254692835,16.300086306127934,15.705083730230644,15.147061046917482,15.393862260050932,15.2567597941021,15.249244462213529,15.32669447364538,17.487682536857637,16.37458468825991,15.881943784170412,17.790925289665676,16.37458468825991
Q91W52,13.67511327356875,13.811601628003093,13.946080777784761,13.872036713214507,13.973782996108477,14.02509180878422,14.321467241527959,14.387950443331835,14.300528946357957,14.177079196650975,14.467600920295348,14.877765007010717,14.292441968080615,13.643126264002907,13.923539073176169,14.491691849767449,14.090224770988595,14.380747771122333,14.33556237049331,14.355109658645091
Q91W90,13.586108650129097,14.062436400060017,14.105350340092958,13.719552549375294,13.933189616922741,14.005240663069339,14.28633067059334,14.35969373918904,14.265991125321648,14.122965602463818,14.630874262838267,13.999659370928047,13.908312185962078,14.01009255170475,13.67511327356875,14.450960426339009,14.239136142095358,14.3425171860605,14.300528946357957,14.292441968080615
Q91WB2,15.147061046917482,14.48138612488762,15.608703369262836,15.47441539977441,15.321776172646173,15.038141619234867,15.496169175752641,16.100081154888752,15.502012976062119,15.843090928927955,15.982617858091317,15.198676850409475,15.46558578726117,15.659569902510864,15.219239195269179,16.370958180740086,16.43226224160768,15.726681081032652,16.513989720796523,16.655626642759334
Q91WC3,16.991715572503388,15.498881193272101,15.399578467104721,15.998559263979374,15.085046757346536,15.34957795524513,14.766820262661199,14.86698558829572,16.415673505322054,16.251051677362213,15.173778990882408,16.321836088578138,15.923160456085046,15.372041876910476,16.29824861008573,14.966552801142763,16.772562677755865,14.779363205280395,14.737392090904624,16.332343383587393
Q91WD5,20.331214124513856,20.79028777744073,20.76511997495633,20.183146281197608,20.32428726971539,20.16274276991077,20.131315958109433,19.013169795939113,20.461360369751638,20.60394420818158,20.76511997495633,20.246192435607675,20.49371741554465,20.151135820935497,20.293605784796455,20.14610819689333,20.589683950528062,19.88822502045067,19.7589643453117,20.450393278249244
Q91WK1,16.81656309906331,14.88678289775594,16.54629343951786,15.234078346116831,16.073784802715032,15.2891617443386,15.944375519519488,16.03138389863903,15.85303305121214,15.636006941528157,16.915725576922526,15.245852991145478,16.1652186825075,16.329688354536522,16.383823134188656,16.09081354753402,15.840375553227057,15.804180097448219,15.856121102274775,15.987853976938865
Q91WK5,19.68123742930542,19.98871169320379,20.350264937321363,20.3035476745218,20.805818273720142,19.882251481588618,20.939585313942462,20.369485073973614,18.672591168463025,18.47854005534154,18.56164854968247,19.945017982988453,19.86456083372228,20.76511997495633,20.350264937321363,20.236587854097916,18.672591168463025,19.721322795429067,20.502017024791027,19.727161245671432
Q91WQ3,14.996463323954822,14.853748912406697,15.504319954149427,14.762585399243846,14.373802999779727,14.603319521362218,15.723802320798422,14.933044202684439,15.368670021996522,14.899768173062478,15.605874091019254,15.509521293447989,15.59050769044938,15.690685011902678,15.30051921708017,15.041589418121031,15.402178736393243,14.825407733139537,14.804441003453238,15.51185413975083
Q91WS0,20.824668874193524,20.924927643555897,20.617041747785322,20.805818273720142,20.1995787623911,20.700801579431218,19.691825325953484,19.4468059321889,20.516602072428185,20.68644520397291,20.805818273720142,20.589683950528062,20.71365778907975,20.617041747785322,20.924927643555897,19.748056043631717,20.779486658726558,20.350264937321363,19.825705424439974,20.461360369751638
Q91X72,17.74135870295587,17.462511612857988,17.734970182160698,18.16829823528978,17.46528192331689,17.703901703131272,18.407858512311783,16.593844040743175,17.31862307330163,17.27037287563324,19.46356318692593,18.345830547556012,17.37383959237027,18.601838602185495,18.22371761296218,18.13604858946716,17.396778600638424,18.1434254692835,18.688865331389362,16.87781368465308
Q91XB7,15.382465551635125,15.089277149632872,16.079291429801394,15.446518577762395,15.631086195556104,15.49377535040316,16.11869691998081,18.15516598004831,16.0762417671677,15.804180097448219,17.081270656635375,15.504319954149427,15.359817448018003,15.393862260050932,16.728743286387406,18.21364764186422,16.021997449345594,16.00124053740221,16.02958742623676,17.257308905677952
Q91XD7,17.24474772074774,16.713438186894475,17.68437917947841,17.511615798732674,17.94675630726936,16.19369810558993,16.922027893751135,18.33982683347122,16.612233441917926,16.84355177219885,17.97439179585499,17.334270289259177,17.59922353105862,17.841885355233064,17.435891899816728,18.11451610645798,16.800842178201734,17.70158229840711,17.564585857108266,17.251737751366313
Q91XE8,15.941678119523658,16.144542022921534,15.537445307962363,16.885962247829426,16.15594742921315,15.85303305121214,15.382465551635125,15.504319954149427,16.065145679545807,15.973505544787937,16.17091975889223,16.436887524076894,16.57599849020238,15.656926184822169,16.567981286725523,16.179445358549913,15.666858031868959,16.84355177219885,15.323878207902379,15.33976203365576
Q91YE8,15.286559135065534,16.067821762657353,16.09347049120067,16.71828984543482,18.7073015155592,15.884419480935644,16.693929445147603,16.85395423118609,16.179445358549913,16.061497848221492,15.824182184474855,18.539456527810977,17.95005833609027,16.401238476283474,16.785368655465184,16.168834998375143,16.31140174350425,15.446518577762395,16.580028597084656,17.0213242191599
Q91YH5,12.74310901533909,13.087749506414017,12.876150995395088,12.74310901533909,12.876150995395088,13.664138208619397,13.004781440199277,13.131169062970418,13.161066056532908,13.028719820976708,11.838927065954136,12.824136995799364,12.352961733292972,12.824136995799364,12.921331928532961,13.131169062970418,13.131169062970418,13.161066056532908,13.087749506414017,13.056525365969318
Q91YN9,16.749015158910076,17.334270289259177,17.95638335560423,19.178235370780055,15.934899753348358,16.749015158910076,17.97015125270846,18.759320948958464,17.687931372744202,16.90734169510734,18.535362894273316,15.798304112643843,16.896071198881184,17.847799513901272,17.94675630726936,18.73120648651043,18.543744335807425,17.678756085671203,18.111954491112115,17.917223424827096
Q91YP0,18.04398079198537,18.181496184853014,18.4399254482473,18.29876602994137,18.296495335466297,17.72892478646335,17.478425207354842,18.357233912078737,17.90936310010048,18.150650213044617,18.086295054480505,18.42032813063024,18.047691560260848,18.311485645808958,18.29876602994137,18.370078823069214,18.33678165279604,17.905931819264087,17.885262923691034,17.680378849380652
Q91YQ5,19.22046835326541,19.352586344562038,19.45331986229829,19.848324430086176,19.533161115479267,18.937647466272757,18.961968543500387,19.07991006217845,18.763965563509743,19.352586344562038,19.98119932773872,19.122713897315215,19.408071203488337,19.545033356238292,19.45331986229829,19.310832499133262,19.59406065240999,19.931389365150654,19.4468059321889,19.40287900752608
Q91YT0,20.102767292413223,20.56442076484551,20.71365778907975,19.63890817200848,20.516602072428185,21.33193899713133,21.658107014466076,20.779486658726558,21.434797352083372,21.183890892318708,20.293605784796455,20.287058655216576,20.1995787623911,20.350264937321363,20.375852474555902,21.264885827339874,21.38127883057511,20.79028777744073,21.35303781379885,20.983915003878874
Q91YT2,15.958288048495424,15.721820317041937,16.53415410684763,17.072785140321034,15.670280194345924,15.532412706601482,16.15360512349686,16.246698944825305,16.12362162315233,15.845655265924204,17.31025505872205,16.70207104070682,16.69630307237967,15.85303305121214,16.942231875025136,16.26541234489624,16.046206000705748,16.02767846566539,16.079291429801394,16.19569426277907
Q91YW3,17.678756085671203,16.36036459147711,15.71741460476323,16.806296235562282,17.28867597650831,17.281709373291893,16.300086306127934,17.10927450519619,17.27306637301551,18.593601147770293,15.449953890574315,17.4174988667743,16.912802308066425,15.623232095838185,15.763314009004318,17.33950008122841,17.745887408214095,16.1875776383686,18.5881074890872,17.285499519784647
Q91Z38,16.31549540396195,16.578009219037543,16.2100537343874,16.68090428038275,16.685174023944533,15.987853976938865,16.26541234489624,17.710019680976686,16.661205585863478,15.431928984807248,16.07028714623957,16.082544546889245,15.753830936774014,16.01123952872343,15.708856930318902,16.85622845978967,16.14836718949126,16.922027893751135,16.48903053151957,16.349674086050076
Q91Z53,17.276636320853832,17.199668718921735,17.445311654377253,18.121783855142557,18.09364616296982,17.838488567264722,16.977463631114354,17.68437917947841,17.259788065097705,17.507192106131466,17.967861438829196,17.10432362749829,17.650963318645914,17.21340660266442,17.625249119756884,17.48161098242767,17.313610719705427,17.179197164935637,17.46528192331689,17.606683138382156
Q91Z83,13.811601628003093,17.35642472611182,15.038141619234867,15.899214616436035,17.229432104662298,16.410648780816693,18.332491664623074,18.032809040033158,17.31601303867988,16.95455758979811,15.442638359072728,17.703901703131272,17.745887408214095,15.873126298641903,15.777536457550315,17.86323756311658,17.37383959237027,17.400481803234207,17.65412888628205,17.5043151855268
Q91ZA3,18.202358573416326,18.24597604353273,18.75353672647069,18.10013833524055,18.91262845174094,17.94675630726936,18.793824082452442,18.704627247880417,18.714949639421224,18.51743738079222,18.397598544786902,18.593601147770293,18.58348846784302,18.640308249604978,18.535362894273316,19.18799529071361,18.637662050699568,18.48267100735208,18.74305245106579,18.72898466951047
Q91ZJ5,19.013169795939113,19.02987209840085,18.502644190664434,19.268161802531562,19.122713897315215,17.680378849380652,16.52685091056362,15.798304112643843,16.293702306638277,17.16068008131952,17.281709373291893,17.690454633187283,18.08384131201834,17.472432416418748,18.019457060833666,16.549028599607304,16.6716372196514,15.753830936774014,16.52880337831991,16.774641137098122
Q91ZV0,13.222720222576935,14.114476873414038,13.472695105067398,13.999659370928047,15.031051227113869,13.407850262011028,13.643126264002907,13.758144482513714,13.690663510281889,13.586108650129097,14.410378302048182,13.973782996108477,13.82436664994125,13.407850262011028,13.459178614880875,13.777446941234263,13.633375800209185,13.791834288818066,13.711533354560277,13.719552549375294
Q91ZX7,15.525005206405755,16.158297537349718,14.883048296370884,16.121404441351434,15.2567597941021,16.513989720796523,16.18497655714814,16.4963255057543,15.203312068106726,15.038141619234867,16.501873074232574,14.31535159704524,14.910714443596529,15.714163415413747,15.028207656308023,15.681843944807053,15.212222429792154,17.28867597650831,15.693466230772177,14.169024887578292
Q920A7,15.827583560317256,15.056502395557676,16.26233331457591,14.919730295601003,16.30697863909287,15.824182184474855,15.763314009004318,16.29824861008573,17.047448565596195,15.329422662025303,16.30469657248546,15.67305097522151,14.811795353353224,14.845055069767344,16.291331503620277,15.786485149932307,16.720466769150967,16.572772230787997,16.039383739696685,16.139607269253244
Q920Q4,15.642633456787976,14.929283524179317,14.903513115472753,15.077862658066376,14.845055069767344,15.22346468772049,15.608703369262836,15.496169175752641,15.587991321452794,15.517907274934771,15.140516202173425,14.566898858168557,15.130888142873536,14.829169325914018,15.198676850409475,15.556164559079173,15.269927550078975,15.439160168747303,15.266985490755014,15.319083990332478
Q921F2,14.956319777147453,14.648984409954318,14.380747771122333,15.279527373933542,14.666037441115648,15.577601129702632,15.10816089572246,15.212222429792154,14.429752851758172,14.877765007010717,14.329504467601879,14.380747771122333,14.33556237049331,14.543658907601387,14.80768376681861,15.306068801325093,14.989882816397337,15.534587295886373,15.654429717894198,15.10004197931255
Q921G7,19.63890817200848,19.243443307244604,19.0854050504248,18.679375850872386,18.905955329526073,19.37403753540534,18.36744383225511,17.64283619916258,19.360688934216284,19.4468059321889,18.701296843331647,19.480698550016374,19.47736473165941,18.9797163447973,19.31688579109933,18.375162630633092,19.45819472017397,19.408071203488337,18.54749564834063,19.034911068699845
Q921H8,14.962063782381401,14.84088006378352,15.269927550078975,15.70296752621564,14.944990304492626,13.235707385054948,14.387950443331835,14.45555725457589,14.355109658645091,14.253721318747711,16.065145679545807,15.976498132726078,15.721820317041937,15.62550380598837,15.427884399589866,14.577215057783437,14.347682149278148,14.47552960617359,14.401394740888382,14.410378302048182
Q921H9,14.13086431251486,14.87385320121751,15.212222429792154,14.929283524179317,15.696427434702581,15.969730276919824,16.40707162096719,17.049909230909854,17.035220393494512,16.18284559477804,15.925154716909038,15.34672908070157,16.00904466443058,15.171162715763884,15.76750925415978,16.95055949534557,17.41996866473105,15.960724643761818,16.60387501599841,16.00904466443058
Q921I1,18.301966839475945,17.765247531841293,18.00438779402004,18.359631261846697,17.606683138382156,17.633302005278566,17.538195898734124,17.882647677021478,16.93629983017057,17.41218535643221,19.4468059321889,18.188438189377088,17.963939655500543,18.499674445412197,18.370078823069214,17.932923069622174,17.68437917947841,18.24597604353273,17.721080309621776,17.445311654377253
Q921J2,16.95455758979811,16.00124053740221,17.2669070316608,17.597024764323443,16.982500836146098,16.136332635890025,15.80730916658695,15.884419480935644,16.713438186894475,16.751910700204583,16.95761746780643,17.2669070316608,17.21340660266442,16.633687158690016,17.024240105006363,15.976498132726078,16.826278137591675,15.647046052546145,15.714163415413747,15.851780380157976
Q921L3,18.08384131201834,17.358820359942055,18.688865331389362,18.454664213203124,19.071950184196773,17.678756085671203,17.734970182160698,17.48161098242767,17.99046568935768,18.25144033584863,18.17769432893232,17.80772018021429,18.43425631442843,18.872441716893498,18.345830547556012,17.633302005278566,18.29876602994137,17.58028852863376,17.756083062129026,18.296495335466297
Q921M4,14.561294032891018,17.734970182160698,16.115813493509155,17.246807424795396,14.857134232139689,17.169262625709532,18.4399254482473,17.13279688304349,17.101906011921123,16.81656309906331,16.108339936462162,17.030048383696588,18.10358233583293,15.830567690598183,14.757050975785557,17.46528192331689,15.292237428594898,17.040107305366032,15.329422662025303,18.457864275280013
Q921M7,15.969730276919824,16.31549540396195,15.405411312803832,16.02767846566539,14.511400022841844,14.35969373918904,15.025521132721678,15.127312692947154,14.903513115472753,14.80768376681861,14.962063782381401,15.418603104939601,15.077862658066376,14.953642472499677,15.292237428594898,15.22346468772049,14.903513115472753,14.962063782381401,14.973703136480356,15.025521132721678
Q921R8,18.036984773169642,17.533413733517648,18.73465024705768,18.640308249604978,18.4399254482473,16.60387501599841,17.78155131191905,18.202358573416326,17.396778600638424,17.615653430863933,18.23146704142546,17.587084016245143,18.348411157473027,18.17544178972664,18.552335107410464,18.062925606641805,17.83361264206847,18.2344507581869,17.523111509759765,17.953543654779324
Q921S7,14.9367958209861,15.045579692714375,15.234078346116831,14.940995594646205,14.757050975785557,15.930362375555934,16.321836088578138,14.446452133127915,16.800842178201734,16.378556630034833,13.728621800696644,15.041589418121031,15.647046052546145,14.226873189644305,14.446452133127915,14.561294032891018,16.814114047234536,14.46093645921196,15.951831547470999,16.814114047234536
Q921T2,15.960724643761818,15.654429717894198,15.827583560317256,16.246698944825305,16.024994656892396,14.355109658645091,15.954570831544121,16.772562677755865,15.729934176835012,16.058832424729424,15.907913464931354,16.494154354786193,16.378556630034833,15.259568635207625,15.78311485094902,16.115813493509155,16.246698944825305,15.910778846355502,16.494154354786193,15.951831547470999
Q922B1,19.86456083372228,19.334839971773405,19.808599642222,20.79028777744073,19.848324430086176,20.63034790549067,21.046382325782645,20.00442703940837,20.535389933423893,19.856019961643533,19.545033356238292,18.95472545504847,19.360688934216284,19.882251481588618,19.341665417209892,20.369485073973614,19.97355464220379,19.59406065240999,20.525462166666408,20.213060597303546
Q922B2,17.358820359942055,15.757144155316078,16.144542022921534,17.111976085154247,16.19036102096137,16.754822487223876,14.925511054505955,15.014580672957644,14.800177315895255,15.575425213956857,16.220651392307765,17.487682536857637,16.127947533337323,15.207975163955378,16.161261421102417,15.117895499462918,14.811795353353224,14.890357016202097,14.870081030669045,14.923057040878486
Q922D8,15.34957795524513,15.028207656308023,14.962063782381401,14.84088006378352,14.933044202684439,14.450960426339009,13.300699006898574,13.449451174954442,13.407850262011028,14.146594214456846,14.711241610381103,14.925511054505955,14.925511054505955,14.850310004406982,14.648984409954318,13.459178614880875,13.313881043529065,13.459178614880875,14.363775627886259,13.407850262011028
Q922J3,14.450960426339009,14.10915925009022,14.785585365627753,13.86477773999987,15.134133639824118,14.057060942124656,15.37612457553998,14.771562607145128,14.321467241527959,14.062436400060017,14.434993212831833,14.105350340092958,14.441374702621863,14.401394740888382,13.994946425764871,14.53740175502755,14.045288320450178,14.406009524164423,15.384267903535005,14.48733773741946
Q922J9,15.690685011902678,15.746777501940187,15.794360139023976,16.19369810558993,15.550162481051467,15.014580672957644,15.688008406216317,15.779951529087281,15.564074872854784,15.382465551635125,15.368670021996522,15.379720975112624,15.845655265924204,15.134133639824118,15.690685011902678,15.866492560276251,15.600086279386511,15.51185413975083,15.608703369262836,15.708856930318902
Q922Q1,18.88803098980167,18.23146704142546,18.95472545504847,18.86086854200918,17.85464612911659,18.432239856528742,17.992397296759187,17.58028852863376,18.644300593555197,18.759320948958464,18.525854919879848,18.395097893155587,18.672591168463025,18.704627247880417,18.73120648651043,18.049996631740363,18.843418222302148,17.97015125270846,18.097294795222542,18.651603023412967
Q922Q8,18.22648183750755,17.625249119756884,17.49900907660442,17.7619608328409,16.865476847872582,18.6681894006985,17.860062151900163,18.539456527810977,18.77624733322788,19.360688934216284,18.161697103703474,17.64539592994067,18.48267100735208,17.64283619916258,17.784134571194787,18.58348846784302,19.18799529071361,18.805555003958638,18.79920134601321,18.763965563509743
Q922Q9,16.113710259561945,15.851780380157976,16.206976573942576,17.10927450519619,16.318682633493573,17.648295776658806,19.0854050504248,18.72898466951047,18.99174485400807,19.160105526144985,16.024994656892396,16.15360512349686,16.0762417671677,16.11869691998081,16.220651392307765,20.07209177342391,19.274803546974578,18.311485645808958,19.83406788739486,19.003517936108018
Q923B6,18.342414565049175,16.593844040743175,14.74764180301203,14.675679683646683,14.84088006378352,17.138246728247502,16.741820142523036,15.49377535040316,15.302806723278135,15.155252106707929,14.577215057783437,16.097835323629056,14.613728201454895,14.661276568861515,14.74764180301203,15.552969674347779,16.34770545001941,16.725472251363733,15.315468997917478,16.430217662668
Q923T9,17.533413733517648,17.235594799084517,18.301966839475945,18.097294795222542,18.097294795222542,16.553805626739788,17.523111509759765,17.199668718921735,17.457206718666892,17.985082802911954,17.368742017929026,17.58028852863376,18.41647565459286,17.891761713101424,17.981692152974038,17.92716344636873,17.445311654377253,16.977463631114354,17.680378849380652,17.985082802911954
Q923X4,15.791663948852058,16.09526093946561,16.61820190882106,15.85303305121214,17.061944200722756,14.571195640347117,17.153192146135545,17.703901703131272,15.168455584868656,15.031051227113869,15.915778897513027,16.456659033451928,16.797554568629657,15.809418026978886,16.46821754903481,15.442638359072728,15.149963912085266,15.164972122641009,16.428136181983106,15.25291076267798
Q924D0,18.086295054480505,17.90240753396987,17.943760614616746,17.745887408214095,17.635246893770123,17.5305385305905,16.410648780816693,14.705408871168178,17.670685290626956,18.130353779935874,17.386934271424803,17.48161098242767,17.985082802911954,17.74135870295587,17.49900907660442,14.804441003453238,17.675710978247704,17.930067881647798,15.814011417767002,17.457206718666892
Q924M7,15.907913464931354,13.699518704216942,15.915778897513027,14.62443189906935,14.233469173483138,14.073658495565468,14.67032680324834,14.762585399243846,14.592657225125063,14.4987274339632,14.4987274339632,15.987853976938865,15.596622301187296,15.960724643761818,15.602560768202446,14.861652606662267,14.637108714417446,14.705408871168178,14.648984409954318,14.695336035229037
Q924T2,15.10816089572246,15.319083990332478,15.902391004492808,15.605874091019254,16.327004616900417,14.973703136480356,16.380650004696243,17.358820359942055,16.282459613960587,15.659569902510864,15.164972122641009,15.816300964002306,16.02958742623676,15.45502866138806,15.111827938804348,17.072785140321034,16.133871220497703,16.321836088578138,17.235594799084517,16.494154354786193
Q924X2,20.00442703940837,19.59406065240999,19.334839971773405,18.843418222302148,18.9797163447973,19.471323010750343,19.0079271919845,18.007235921607688,19.825705424439974,20.151135820935497,18.95472545504847,19.727161245671432,19.713395178557512,19.22540486398784,19.600439312634993,18.866565088085313,20.06101432067798,19.341665417209892,18.67534291877795,19.767951103545016
Q925I1,17.546151514474076,17.42921066183997,17.519675847328124,17.047448565596195,17.74135870295587,18.787890824588672,18.89696239254644,19.173638167996735,19.039189930955697,18.997126266878944,16.53415410684763,17.462511612857988,17.610289029684264,17.584181686787865,17.396778600638424,19.147614525807302,18.76759134965433,18.843418222302148,18.961968543500387,19.147614525807302
Q93092,16.720466769150967,15.382465551635125,16.301723153649952,16.161261421102417,16.46821754903481,15.292237428594898,16.0762417671677,14.811795353353224,15.025521132721678,14.716994146381404,17.049909230909854,16.59163716099311,16.10622722246483,16.86199249986609,16.800842178201734,15.134133639824118,14.829169325914018,15.869663246772415,15.103213421103016,15.049041827219796
Q99020,13.711533354560277,13.508795569801222,13.967834079718006,13.917975885149204,14.01009255170475,14.53740175502755,15.449953890574315,14.603319521362218,14.836839379985031,14.169024887578292,13.699518704216942,13.839584994213547,13.791834288818066,13.923539073176169,13.886311384574958,14.420608989402496,14.48138612488762,14.424835467341442,15.014580672957644,14.391863026184504
Q99J39,17.325918356658345,18.09364616296982,17.824170072409693,18.072013605180732,17.90936310010048,17.879066972991428,19.02380500564057,18.657031606976034,18.810520689826916,18.601838602185495,17.210299331116396,17.081270656635375,17.680378849380652,17.680378849380652,17.618685968229787,19.352586344562038,18.606277541330382,19.193705484012746,18.997126266878944,18.83530907147607
Q99J47,16.71828984543482,16.45080827611912,16.785368655465184,17.349907521691502,16.479737186173647,16.237094254631142,15.51185413975083,16.979922526858495,16.578009219037543,17.439780162952,16.383823134188656,16.821344257321776,16.952142629741115,16.418303733852664,16.749015158910076,17.249717783411466,17.05423224585784,17.451575243857786,17.01470997101877,16.92919371305154
Q99J56,17.39001238932805,16.43436391937086,16.56990338029312,17.144795313965545,17.2989241082415,16.58837459230723,16.204566547262473,16.92919371305154,16.85186738879242,17.44310380814907,16.60387501599841,17.18501895449103,17.02699335688985,17.380358630795737,17.18501895449103,16.86199249986609,16.969539343991375,15.746777501940187,15.633335140571507,17.328606285257884
Q99J99,17.985082802911954,18.329172761972682,18.074244921381066,19.4167171666165,18.1434254692835,18.81530147431623,18.771725671942427,19.141192080497436,18.75353672647069,18.622275947538277,18.384281328044707,18.24597604353273,18.52254697208366,18.535362894273316,18.579172689319417,19.07586113580069,19.018045522220042,19.051816513941663,18.86086854200918,19.16530833970769
Q99JB2,16.471415278768113,17.368742017929026,17.77323038861822,17.12125179015954,17.885262923691034,17.44310380814907,18.514167063758197,18.43425631442843,17.91382045657661,17.527716637189165,16.924261907615875,17.175726879509117,17.435891899816728,17.573960735836984,17.34744983267199,18.402878997495208,17.487682536857637,17.83049629610969,18.24597604353273,17.90240753396987
Q99JB8,17.803077572188666,18.357233912078737,17.803077572188666,17.810426546486035,18.007235921607688,17.57662844066921,18.248247983010657,17.59922353105862,17.860062151900163,17.548703802292344,18.097294795222542,18.056043985759253,18.2421942306563,18.36744383225511,18.072013605180732,17.462511612857988,17.49900907660442,16.561728371874693,17.698346687382006,17.111976085154247
Q99JI1,15.434679876658189,16.942231875025136,16.387790646744357,17.515169072149675,18.15734860652636,17.39001238932805,18.47854005534154,17.138246728247502,16.251051677362213,15.984670499438124,18.07730493463513,15.729934176835012,17.12125179015954,18.475116441287344,18.657031606976034,17.276636320853832,16.242273639791314,17.448392040985702,17.77323038861822,15.757144155316078
Q99JI4,17.047448565596195,17.276636320853832,16.896071198881184,17.572070148932653,18.22371761296218,16.130618089249857,16.55691743267369,17.985082802911954,16.51100304257015,16.282459613960587,16.538398227481984,16.720466769150967,16.746171474409955,16.483924620080618,17.166596287268096,16.674973066060424,16.415673505322054,16.46821754903481,16.549028599607304,16.668493118118167
Q99JI6,17.606683138382156,18.315346572616036,17.844344738337487,17.554199781535587,18.61011649476,19.129223172140776,18.27399173833169,18.271513398923915,17.799117059635858,17.70158229840711,17.810426546486035,17.409198252425018,18.311485645808958,17.963939655500543,17.838488567264722,18.09364616296982,17.778793335019355,19.808599642222,18.030644644693705,18.16829823528978
Q99JR1,18.147228745699543,17.953543654779324,17.246807424795396,17.361429718890584,15.786485149932307,18.36368084835582,17.313610719705427,18.79920134601321,17.749541610941733,16.97434640382524,16.952142629741115,15.659569902510864,15.534587295886373,17.827677395424935,17.924035653696713,17.31025505872205,17.680378849380652,19.480698550016374,17.017948097470708,17.27306637301551
Q99JW6,14.925511054505955,14.28633067059334,14.4987274339632,14.771562607145128,14.716994146381404,14.347682149278148,15.019639960833777,15.117895499462918,14.896906612156863,14.804441003453238,14.67032680324834,14.329504467601879,14.74764180301203,14.982257922584854,15.077862658066376,15.219239195269179,14.899768173062478,14.95921994936345,14.966552801142763,15.022830958760903
Q99JY0,19.938712598864875,20.450393278249244,19.86456083372228,18.940754451289063,19.322983406091808,20.131315958109433,19.721322795429067,18.679375850872386,20.111478237255376,20.183146281197608,19.281832168516452,20.02385423405834,19.802381269583726,19.58724806012787,19.740428547270813,19.61438114817877,19.938712598864875,19.706281182275273,19.360688934216284,20.037058103164064
Q99JY4,18.6681894006985,17.5043151855268,18.42032813063024,17.778793335019355,18.502644190664434,17.670685290626956,17.796124080723235,18.30549751157621,17.77323038861822,17.59922353105862,18.411625586945092,17.558003750686517,18.17544178972664,18.007235921607688,18.73465024705768,18.012846241865773,16.378556630034833,17.721080309621776,18.395097893155587,17.91382045657661
Q99JY8,13.004781440199277,13.535981701700322,13.222720222576935,13.087749506414017,13.222720222576935,13.777446941234263,13.330600938345935,13.472695105067398,13.427473657833062,13.330600938345935,12.975513409365107,12.975513409365107,12.975513409365107,13.131169062970418,12.74310901533909,13.472695105067398,13.330600938345935,13.496873682630522,13.37053814810391,13.427473657833062
Q99JY9,16.994082835120732,16.513989720796523,15.85303305121214,16.421471692334112,15.91345634926184,17.35642472611182,15.471360942979416,15.580907294084653,15.384267903535005,15.234078346116831,16.821344257321776,16.024994656892396,15.670280194345924,16.97434640382524,16.238817824352793,15.639869158783554,15.368670021996522,16.841050004223348,15.995851497078707,15.46558578726117
Q99K23,15.031051227113869,14.017539902157285,13.78457820739689,13.78457820739689,13.879506402985996,13.78457820739689,14.253721318747711,14.33556237049331,14.239136142095358,13.192136661784113,14.265991125321648,15.439160168747303,14.896906612156863,13.85530049700441,14.896906612156863,14.410378302048182,14.18839993044656,14.300528946357957,14.270094838901835,14.253721318747711
Q99K28,15.194804531318502,15.387948646838893,16.645998088606326,17.153192146135545,16.977463631114354,15.960724643761818,16.507308218896206,16.645998088606326,16.15594742921315,16.344910077230814,17.0213242191599,16.53415410684763,16.668493118118167,16.55691743267369,16.725472251363733,16.68090428038275,16.43436391937086,16.168834998375143,16.96354293553974,16.66343897418977
Q99K48,13.78457820739689,14.33556237049331,14.446452133127915,14.18366768490463,15.399578467104721,14.940995594646205,15.215475020312429,16.079291429801394,14.518924946868333,14.609478608434037,14.380747771122333,13.879506402985996,13.664138208619397,14.073658495565468,13.933189616922741,15.319083990332478,14.28040136377894,14.373802999779727,15.539714091504873,14.347682149278148
Q99KB8,14.853748912406697,15.24100722327675,15.800953315145218,15.525005206405755,15.800953315145218,15.194804531318502,14.515542102915552,14.613728201454895,15.498881193272101,14.796198876121887,16.1875776383686,15.569876033521208,15.402178736393243,15.34672908070157,15.458171745577143,14.72202022124876,14.45555725457589,14.58887846344795,14.531574197485403,14.531574197485403
Q99KC8,14.890357016202097,14.907515023251563,14.10915925009022,14.08232449851108,14.18839993044656,14.737392090904624,14.613728201454895,14.711241610381103,14.543658907601387,14.441374702621863,14.785585365627753,15.760018465620925,13.96015911609131,15.019639960833777,15.164972122641009,14.80768376681861,15.685182939271854,14.653721718334475,14.599270640412508,14.637108714417446
Q99KF1,19.61438114817877,19.4167171666165,19.281832168516452,20.091714389280952,19.47736473165941,19.61438114817877,18.345830547556012,18.384281328044707,19.498871012520596,19.622062757535538,19.579730556332454,19.36781822229532,19.480698550016374,19.50574895289755,19.51116008061792,18.454664213203124,19.856019961643533,19.1351768758582,18.692788423569027,19.748056043631717
Q99KI0,20.426704271178217,21.108414634713746,20.68644520397291,20.857605579032814,20.95747093359308,20.939585313942462,20.95747093359308,21.088121906942963,21.183890892318708,21.108414634713746,20.79028777744073,21.03251814095913,20.983915003878874,21.20162634180764,21.068613119618927,21.068613119618927,21.068613119618927,21.108414634713746,20.824668874193524,21.108414634713746
Q99KI3,17.91382045657661,16.321836088578138,18.352961934754212,17.39294590734506,19.485235479494634,15.502012976062119,15.158685294076179,15.271877341830166,16.58265206101555,14.944990304492626,17.54112352966739,16.690339479527285,17.462511612857988,17.324168973995437,17.860062151900163,15.372041876910476,16.71828984543482,15.095695370956111,15.130888142873536,16.83334663985811
Q99KJ8,16.46243108644962,17.44310380814907,17.27865571961508,17.584181686787865,17.81324364664505,18.22371761296218,17.548703802292344,16.380650004696243,17.841885355233064,17.229432104662298,16.86199249986609,15.982617858091317,15.963748578374577,17.489184669478796,16.769692416051235,16.053166412677005,17.1626813000877,17.856799493298915,16.994082835120732,16.29824861008573
Q99KK2,15.259568635207625,14.925511054505955,15.092328701255036,15.10816089572246,14.599270640412508,15.729934176835012,16.127947533337323,15.434679876658189,15.737964457452467,15.763314009004318,15.188842202981718,15.690685011902678,15.566762205268201,15.092328701255036,15.41012522490404,16.03431155983341,15.80730916658695,15.65176970848288,15.78311485094902,15.721820317041937
Q99KQ4,15.729934176835012,15.071312921141082,16.053166412677005,16.12362162315233,16.636251849009206,14.48733773741946,15.628136529075363,15.73263953828744,14.996463323954822,15.33976203365576,15.292237428594898,15.271877341830166,15.612774878484334,15.726681081032652,15.158685294076179,15.814011417767002,15.525005206405755,14.910714443596529,16.201859750574574,15.662378708686493
Q99KR7,17.554199781535587,18.444192857756132,18.618829691493154,19.51948616791665,19.281832168516452,18.42933449937419,19.29167119847474,19.871418784677353,19.250298328778392,18.82108478641925,18.287506711155864,17.35642472611182,18.016227110704456,18.375162630633092,18.457864275280013,19.75410703050845,18.4399254482473,19.46356318692593,19.574639633404903,19.21670203632218
Q99KV1,15.266985490755014,14.829169325914018,16.01965978169674,16.267589534256963,16.45080827611912,14.645259977011458,15.207975163955378,16.678592707518952,15.949910442253326,16.32425630004023,16.83850413537635,16.772562677755865,16.042010774422412,16.1652186825075,16.206976573942576,16.751910700204583,15.927250839663605,17.21340660266442,16.59163716099311,16.03431155983341
Q99L04,15.843090928927955,15.468680919842276,15.824182184474855,16.198100687288626,15.80730916658695,15.42504545962997,14.836839379985031,14.923057040878486,15.685182939271854,15.930362375555934,15.560062879765315,16.127947533337323,15.478099793465702,15.681843944807053,15.772626224322593,15.031051227113869,15.859236768702775,15.830567690598183,15.041589418121031,15.537445307962363
Q99L13,17.285499519784647,17.666098234860016,17.827677395424935,17.71603560983471,18.11451610645798,18.514167063758197,18.46028536348611,18.16829823528978,18.684816863208106,18.539456527810977,18.150650213044617,18.032809040033158,17.46750571381542,17.91382045657661,18.059981592639097,18.82887547524917,18.357233912078737,17.81746538244362,18.13604858946716,17.99046568935768
Q99L45,17.12125179015954,18.030644644693705,17.358820359942055,15.708856930318902,18.2344507581869,17.1409186454281,17.281709373291893,17.978783110405505,17.292205479672383,17.10432362749829,17.377723357057974,16.655626642759334,18.121783855142557,15.670280194345924,15.804180097448219,17.606683138382156,16.806296235562282,17.622285844580013,17.5305385305905,17.21340660266442
Q99L47,16.383823134188656,16.32425630004023,16.966564087445676,17.06857626211557,14.953642472499677,16.85395423118609,15.552969674347779,15.639869158783554,16.238817824352793,15.275488708244358,17.73215520255005,14.821263604570499,14.74245400704712,16.57599849020238,16.53415410684763,15.708856930318902,16.559201263243565,17.911361722190914,17.241396505593773,15.532412706601482
Q99L88,17.625249119756884,17.91382045657661,17.4854939215759,17.70158229840711,15.498881193272101,16.738653938253197,17.05423224585784,16.10622722246483,15.927250839663605,15.699835390189406,16.960653085729923,17.203080746328986,16.85395423118609,16.513989720796523,16.14836718949126,16.15360512349686,15.923160456085046,15.87513181994738,15.919773363359813,16.056047364008677
Q99LB2,17.349907521691502,18.395097893155587,16.769692416051235,17.543816440328257,16.58837459230723,18.047691560260848,18.552335107410464,17.80772018021429,18.36744383225511,18.679375850872386,16.90459719162573,17.251737751366313,17.622285844580013,16.639477413014212,16.65806289455072,18.46028536348611,18.17544178972664,17.030048383696588,18.22648183750755,18.601838602185495
Q99LC3,19.663669211930547,19.68123742930542,19.28591908300357,19.408071203488337,18.704627247880417,19.574639633404903,19.533161115479267,18.6681894006985,20.02385423405834,20.131315958109433,18.72898466951047,19.498871012520596,19.485235479494634,19.47736473165941,19.37403753540534,19.37927991832144,20.00442703940837,20.013864707227803,19.20938396057736,20.091714389280952
Q99LC5,19.051816513941663,19.329185453489227,18.426463008111213,19.173638167996735,18.42357560925522,18.75353672647069,18.23890332629359,18.016227110704456,18.89249845473423,18.872441716893498,18.940754451289063,19.40287900752608,19.268161802531562,18.723395011021903,19.26212957792511,18.359631261846697,18.884170672470745,18.622275947538277,17.998613465705397,18.342414565049175
Q99LD4,13.803370634225143,14.441374702621863,14.41531166554509,15.283322213233806,14.090224770988595,13.917975885149204,14.47552960617359,14.566898858168557,14.441374702621863,14.33556237049331,13.82436664994125,13.746756349989221,14.300528946357957,13.973782996108477,13.973782996108477,14.67032680324834,14.420608989402496,14.543658907601387,14.491691849767449,14.4987274339632
Q99LD8,17.017948097470708,16.332343383587393,16.413187547665455,16.415673505322054,15.937743787073416,17.01470997101877,16.452900984150567,16.03431155983341,16.046206000705748,16.082544546889245,16.68090428038275,16.021997449345594,16.222612867761242,16.698982060708936,16.415673505322054,16.51597275232473,15.843090928927955,16.636251849009206,16.614893324200175,16.58535434737975
Q99LE6,16.94690031025231,17.612279190457876,17.606683138382156,16.95761746780643,17.304793614767682,17.888755084302062,17.77323038861822,18.345830547556012,17.963939655500543,17.304793614767682,17.179197164935637,16.944540208724522,17.690454633187283,16.797554568629657,16.918627187329072,17.7619608328409,17.460208108813042,18.514167063758197,18.40005578364228,17.66764489468163
Q99LF4,15.73263953828744,16.85395423118609,15.984670499438124,15.905608723458263,16.00124053740221,17.749541610941733,18.00438779402004,18.11451610645798,17.710019680976686,17.115951302622406,16.130618089249857,15.990727084368192,16.438725055416505,16.18497655714814,16.03431155983341,17.472432416418748,17.648295776658806,16.532303449186387,17.95638335560423,17.203080746328986
Q99LM2,14.766820262661199,14.177079196650975,14.543658907601387,15.262574869672303,14.850310004406982,15.111827938804348,14.656808366596525,14.74764180301203,14.582650763501414,14.800177315895255,14.3425171860605,14.796198876121887,14.816195787907578,14.883048296370884,14.599270640412508,14.84088006378352,14.619296055769079,14.686990880815307,14.637108714417446,14.686990880815307
Q99LP6,17.037710162893823,18.07730493463513,18.16521118569236,18.67534291877795,17.73215520255005,18.188438189377088,18.905955329526073,19.06413493087259,18.701296843331647,18.342414565049175,18.33982683347122,18.33678165279604,18.036984773169642,18.454664213203124,17.73215520255005,19.088696595805597,18.444192857756132,19.122713897315215,18.945522558134083,18.552335107410464
Q99LR1,15.514854820376925,16.108339936462162,16.71828984543482,16.543428375713663,17.098820699086147,15.393862260050932,16.144542022921534,16.22435989700497,16.10622722246483,15.343794472491595,16.90166610455756,15.794360139023976,16.52685091056362,16.441415540870686,16.476013686607416,16.25653582328419,16.042010774422412,16.543428375713663,16.058832424729424,16.34770545001941
Q99LX0,18.370078823069214,17.603524959974784,18.543744335807425,18.42933449937419,18.937647466272757,17.985082802911954,18.490659285459596,18.09364616296982,17.756083062129026,18.258331325723095,19.013169795939113,18.759320948958464,18.07730493463513,18.629563389982003,18.89249845473423,18.490659285459596,17.66764489468163,17.69599495355393,18.047691560260848,17.74135870295587
Q99LY9,19.646816894697274,19.310832499133262,19.141192080497436,18.88803098980167,19.02380500564057,19.622062757535538,19.322983406091808,18.51743738079222,19.691825325953484,19.99685742738694,18.714949639421224,19.051816513941663,19.329185453489227,19.0854050504248,18.997126266878944,19.550747458740126,19.672208865901176,19.95525363937427,19.1351768758582,19.779311297230684
Q99M08,16.22890902936907,16.03138389863903,17.166596287268096,17.12677407889876,17.519675847328124,15.575425213956857,15.65176970848288,18.140068047990248,15.525005206405755,15.34957795524513,17.19122070489221,16.83334663985811,16.421471692334112,17.330801363230428,16.240476679594664,17.435891899816728,15.542422763930091,16.259337364402032,16.94690031025231,16.042010774422412
Q99M71,15.198676850409475,15.234078346116831,16.483924620080618,16.15594742921315,17.02699335688985,15.061139700327832,16.366254946580064,16.994082835120732,16.11869691998081,15.422037606039911,17.153192146135545,15.514854820376925,16.380650004696243,16.912802308066425,15.958288048495424,16.85186738879242,16.058832424729424,16.201859750574574,16.238817824352793,15.87513181994738
Q99M87,18.181496184853014,18.062925606641805,18.080846345477145,18.02677899116964,17.978783110405505,18.00438779402004,18.342414565049175,18.36368084835582,18.593601147770293,18.319414906206543,17.90936310010048,18.13356929777541,18.15734860652636,17.981692152974038,18.325851712263123,18.51033699178351,18.265457180337698,18.54749564834063,18.370078823069214,18.446346323106553
Q99MN1,15.302806723278135,15.379720975112624,15.162577066677898,15.80730916658695,15.690685011902678,15.666858031868959,14.073658495565468,14.18366768490463,14.105350340092958,15.85303305121214,14.953642472499677,13.599475941965656,15.249244462213529,14.989882816397337,14.978758858134853,14.233469173483138,16.103960719082302,14.169024887578292,14.137130183919183,14.13086431251486
Q99MN9,17.328606285257884,17.936982345578773,18.348411157473027,17.959806051647202,18.42933449937419,17.78155131191905,18.432239856528742,18.647629502202797,18.38748437571025,18.19080890636426,18.33678165279604,18.27399173833169,17.998613465705397,18.15734860652636,18.080846345477145,18.81530147431623,18.380215367975342,18.36368084835582,18.640308249604978,18.38748437571025
Q99MQ4,19.07991006217845,18.618829691493154,18.210297767040252,17.879066972991428,17.59922353105862,19.42787621286776,19.02987209840085,18.787890824588672,19.044488544443503,19.281832168516452,17.852155108346302,18.5881074890872,18.69737413572631,18.606277541330382,18.380215367975342,18.42933449937419,19.23747448564327,18.525854919879848,19.29167119847474,19.706281182275273
Q99MR8,18.315346572616036,18.10013833524055,18.496141197857362,18.543744335807425,18.202358573416326,17.13279688304349,17.59922353105862,17.790925289665676,17.72669570533258,17.852155108346302,17.917223424827096,18.287506711155864,18.40005578364228,18.262653633647734,18.198187229296455,18.00438779402004,17.81324364664505,17.457206718666892,17.78155131191905,18.13356929777541
Q99MR9,17.538195898734124,18.024210207376626,18.278303594270902,18.09130970357867,17.917223424827096,17.321352119883912,17.80772018021429,17.888755084302062,17.75835794584472,17.6632012656113,18.325851712263123,17.603524959974784,17.770493521860175,17.978783110405505,18.217316334788617,18.36744383225511,17.73215520255005,17.615653430863933,18.2056822853875,18.047691560260848
Q99MS7,15.633335140571507,15.927250839663605,16.168834998375143,15.925154716909038,16.81656309906331,15.856121102274775,16.18284559477804,15.623232095838185,14.821263604570499,15.791663948852058,16.161261421102417,15.907913464931354,15.550162481051467,16.133871220497703,15.721820317041937,15.838000730345389,15.478099793465702,15.907913464931354,15.845655265924204,15.699835390189406
Q99MZ7,15.529758455657156,14.62443189906935,13.758144482513714,15.662378708686493,14.10915925009022,13.946080777784761,14.4987274339632,14.592657225125063,14.467600920295348,14.518924946868333,13.839584994213547,16.02767846566539,15.140516202173425,14.321467241527959,15.580907294084653,14.699590138772527,16.065145679545807,14.566898858168557,14.515542102915552,14.518924946868333
Q99N15,18.714949639421224,18.95472545504847,18.606277541330382,16.649215759391605,18.961968543500387,18.579172689319417,19.61438114817877,18.17769432893232,18.29155753130763,18.42933449937419,18.96816998174542,18.96816998174542,18.701296843331647,18.843418222302148,19.003517936108018,18.41647565459286,17.8748822153187,17.31601303867988,18.444192857756132,18.1434254692835
Q99N84,14.716994146381404,14.446452133127915,14.248738773014216,15.041589418121031,14.3425171860605,15.94784060107689,16.614893324200175,16.46543791465465,17.05920804603228,16.44534002432181,13.933189616922741,15.458171745577143,15.486586153627849,14.825407733139537,15.546311011901873,16.84355177219885,16.80389473844276,14.28633067059334,17.081270656635375,17.02699335688985
Q99N85,16.410648780816693,15.612774878484334,15.556164559079173,16.334587330977822,15.840375553227057,15.902391004492808,15.537445307962363,15.636006941528157,16.730747053517142,15.269927550078975,15.168455584868656,16.415673505322054,16.130618089249857,15.46558578726117,15.998559263979374,15.696427434702581,16.150802664772357,15.379720975112624,15.47441539977441,16.351912672819864
Q99N87,15.85303305121214,15.971473718228049,16.259337364402032,16.344910077230814,15.966826290328532,17.19391351441193,18.397598544786902,17.91382045657661,17.985082802911954,17.99567063694154,15.786485149932307,16.641864068934417,16.227119043561203,16.291331503620277,16.24508727723093,18.525854919879848,17.790925289665676,16.741820142523036,18.463027013396697,18.2056822853875
Q99N91,15.035141491993437,14.699590138772527,14.99244415944482,15.259568635207625,14.829169325914018,15.596622301187296,15.365109032161234,15.489613020902329,15.286559135065534,15.998559263979374,14.811795353353224,14.511400022841844,14.853748912406697,15.329422662025303,15.041589418121031,15.534587295886373,15.262574869672303,15.262574869672303,15.311295409527158,15.827583560317256
Q99N92,15.393862260050932,15.052524649438727,14.940995594646205,13.758144482513714,13.86477773999987,15.449953890574315,14.233469173483138,14.31535159704524,17.138246728247502,16.60387501599841,14.41531166554509,15.830567690598183,15.25291076267798,15.514854820376925,14.953642472499677,14.391863026184504,16.593844040743175,14.275977086924176,14.260456353677236,17.238741308058717
Q99N94,15.041589418121031,14.791495295256553,14.406009524164423,14.177079196650975,15.019639960833777,15.743935402950592,16.058832424729424,14.836839379985031,16.693929445147603,16.130618089249857,14.695336035229037,15.155252106707929,15.48143631191096,14.248738773014216,15.08117573036942,14.929283524179317,16.81093283135739,15.951831547470999,15.899214616436035,16.058832424729424
Q99N95,14.420608989402496,14.506879351747846,13.897945585338055,13.839584994213547,14.641849387528998,14.329504467601879,16.220651392307765,16.15360512349686,15.966826290328532,14.140774969377352,13.96015911609131,14.949760195107299,15.092328701255036,13.86477773999987,14.177079196650975,14.467600920295348,14.260456353677236,14.861652606662267,16.456659033451928,15.804180097448219
Q99N96,15.315468997917478,15.095695370956111,15.393862260050932,15.115875229123228,14.613728201454895,15.899214616436035,15.905608723458263,15.2567597941021,16.085461076507418,15.971473718228049,15.144277405546159,14.429752851758172,15.297677903815082,14.95921994936345,15.446518577762395,16.86947840462856,16.601578912139423,15.08117573036942,16.04892681270931,16.397164474060425
Q99NB1,15.504319954149427,16.424905881371096,14.675679683646683,16.641864068934417,17.787609002813973,14.613728201454895,15.279527373933542,15.393862260050932,15.207975163955378,15.065253731898377,15.878448348424161,15.631086195556104,15.620460329038966,16.287645393904377,14.645259977011458,15.468680919842276,15.182263399732554,15.188842202981718,15.24100722327675,15.275488708244358
Q99P72,20.3035476745218,18.75353672647069,18.805555003958638,19.329185453489227,17.936982345578773,17.924035653696713,16.34770545001941,16.27669011398628,18.56512310901136,19.20938396057736,19.848324430086176,20.484376405916862,19.77463038618589,19.79394242013594,20.236587854097916,17.11861925428686,19.399066184804443,17.527716637189165,17.166596287268096,18.57234863521773
Q99PL5,15.117895499462918,16.808224534344642,15.158685294076179,14.890357016202097,14.41531166554509,17.86323756311658,17.25419194947641,17.827677395424935,17.040107305366032,16.013559000510934,16.471415278768113,15.115875229123228,15.489613020902329,16.139607269253244,15.746777501940187,16.93629983017057,16.338017838992194,17.793981540585406,17.358820359942055,16.32425630004023
Q99PR8,15.786485149932307,14.420608989402496,15.587991321452794,16.037168165463562,17.179197164935637,14.825407733139537,15.514854820376925,15.612774878484334,15.41012522490404,16.285263638868965,16.085461076507418,16.424905881371096,16.60387501599841,16.349674086050076,16.15594742921315,15.666858031868959,15.387948646838893,15.362371936910312,15.458171745577143,16.93629983017057
Q99PT1,17.92716344636873,17.451575243857786,17.87059215832019,16.661205585863478,18.08384131201834,15.794360139023976,16.641864068934417,16.273488590249436,16.25362378937894,16.067821762657353,18.626239694532416,17.8748822153187,17.349907521691502,17.72669570533258,18.02677899116964,16.24508727723093,16.40707162096719,15.249244462213529,16.287645393904377,15.963748578374577
Q9BCZ4,15.08117573036942,15.608703369262836,16.061497848221492,15.910778846355502,16.553805626739788,15.229753977939973,15.863175304274899,15.949910442253326,15.770030517963258,15.577601129702632,16.19569426277907,15.144277405546159,15.387948646838893,16.21264374112578,15.840375553227057,16.039383739696685,15.753830936774014,16.55691743267369,15.786485149932307,16.368133187112512
Q9CPP6,19.42787621286776,19.818511964341873,19.802381269583726,19.808599642222,18.974389618446466,20.02385423405834,20.246192435607675,19.99685742738694,20.246192435607675,20.16274276991077,19.903938293102694,19.268161802531562,19.6552033964088,19.622062757535538,19.281832168516452,20.79028777744073,20.31203280886183,19.903938293102694,20.1995787623911,20.484376405916862
Q9CPQ1,22.3534119464251,22.086424174001912,22.265403482846978,22.700828530240337,20.26747510445282,23.3932493789621,22.700828530240337,22.302498667361213,22.91306083021744,22.700828530240337,22.051509267440423,21.905151502965776,21.998585294669542,22.199561392149356,22.3534119464251,22.22933874399538,21.96480189779124,21.596772717102628,22.3534119464251,22.796844790397937
Q9CPQ3,15.449953890574315,14.45555725457589,14.429752851758172,13.85530049700441,14.253721318747711,14.491691849767449,14.699590138772527,14.796198876121887,14.915961338591805,14.637108714417446,14.883048296370884,16.065145679545807,15.215475020312429,15.001179738394976,14.18839993044656,14.890357016202097,14.566898858168557,14.727242330899045,14.675679683646683,14.72202022124876
Q9CPQ8,19.767951103545016,19.26212957792511,18.51743738079222,18.024210207376626,18.16829823528978,19.489415819893583,18.150650213044617,16.561728371874693,19.98119932773872,19.871418784677353,18.622275947538277,20.779486658726558,19.825705424439974,18.679375850872386,19.05842373408581,17.99046568935768,19.98871169320379,18.67534291877795,17.500956359130683,19.4167171666165
Q9CPR4,17.157336803185128,17.86323756311658,17.75835794584472,15.504319954149427,17.7619608328409,18.375162630633092,18.359631261846697,18.315346572616036,18.51743738079222,17.71603560983471,17.1626813000877,16.2100537343874,16.865476847872582,16.366254946580064,16.513989720796523,18.22371761296218,17.737500887304087,18.651603023412967,18.601838602185495,17.8748822153187
Q9CPR5,17.543816440328257,17.606683138382156,17.847799513901272,16.401238476283474,18.086295054480505,18.679375850872386,18.79920134601321,19.646816894697274,18.771725671942427,18.75353672647069,17.2989241082415,17.454568697803854,17.1409186454281,17.24474772074774,17.489184669478796,19.122713897315215,18.901813342549907,18.633201950403677,19.122713897315215,19.18799529071361
Q9CPS6,17.573960735836984,19.51948616791665,19.3045127373746,19.018045522220042,19.341665417209892,19.039189930955697,18.539456527810977,17.95638335560423,18.467727291894597,18.46028536348611,19.16530833970769,19.4468059321889,19.22540486398784,17.594061180035187,19.533161115479267,17.885262923691034,18.749285183307155,17.77323038861822,17.86323756311658,18.33982683347122
Q9CPU0,15.71741460476323,16.70207104070682,19.22046835326541,18.287506711155864,17.673738708612575,17.144795313965545,16.567981286725523,18.111954491112115,16.90459719162573,18.787890824588672,19.527304879775166,18.00438779402004,18.359631261846697,18.626239694532416,16.841050004223348,18.6681894006985,19.243443307244604,17.99567063694154,18.9261410847361,18.783882482644593
Q9CPU2,21.62914809131313,21.466732315982902,21.686792265063367,21.96480189779124,22.086424174001912,21.434797352083372,21.406859971950645,21.801532783027568,21.62914809131313,21.862405058772858,21.716789525616964,21.716789525616964,21.62914809131313,21.596772717102628,21.596772717102628,21.57636748852477,21.862405058772858,21.48241549278334,21.14146272984866,21.834591425720966
Q9CPU4,18.640308249604978,18.57234863521773,17.856799493298915,18.325851712263123,16.499030736698753,19.071950184196773,17.225621512021274,18.04398079198537,18.940754451289063,19.527304879775166,18.810520689826916,19.527304879775166,17.48161098242767,17.48161098242767,19.051816513941663,18.172232268688965,19.097053476854207,18.056043985759253,18.33982683347122,18.6681894006985
Q9CPV4,13.736966157778886,14.217979155903953,13.087749506414017,14.292441968080615,13.087749506414017,14.88678289775594,13.161066056532908,13.330600938345935,13.278457972626404,13.161066056532908,14.10915925009022,13.004781440199277,13.78457820739689,13.028719820976708,13.028719820976708,13.313881043529065,13.235707385054948,13.313881043529065,13.25457301002281,13.278457972626404
Q9CPW2,15.688008406216317,15.446518577762395,16.83334663985811,15.794360139023976,15.954570831544121,16.707129212252685,17.448392040985702,18.024210207376626,16.915725576922526,16.383823134188656,15.587991321452794,15.814011417767002,15.699835390189406,15.743935402950592,15.87513181994738,17.625249119756884,16.270831575590492,17.523111509759765,17.594061180035187,17.175726879509117
Q9CPY7,17.943760614616746,17.749541610941733,18.062925606641805,17.767497686699723,17.810426546486035,17.81746538244362,17.882647677021478,17.584181686787865,18.130353779935874,18.007235921607688,17.86323756311658,18.248247983010657,18.086295054480505,18.352961934754212,18.432239856528742,18.019457060833666,17.91382045657661,17.860062151900163,17.895306208186973,17.749541610941733
Q9CPZ6,14.28040136377894,13.25457301002281,13.683350255698732,14.396098814985631,14.05004635577146,13.633375800209185,13.999659370928047,14.105350340092958,14.017539902157285,13.933189616922741,13.449451174954442,13.52364304963227,13.52364304963227,13.946080777784761,13.25457301002281,14.140774969377352,13.989171963932938,14.10915925009022,14.069289646260959,14.057060942124656
Q9CPZ8,16.021997449345594,16.966564087445676,15.798304112643843,17.40363371243514,18.111954491112115,17.5043151855268,18.454664213203124,19.36781822229532,17.784134571194787,17.590341455561234,17.321352119883912,15.770030517963258,15.666858031868959,17.05423224585784,15.845655265924204,18.884170672470745,17.981692152974038,18.73916576183946,18.33678165279604,17.95005833609027
Q9CQ00,18.30549751157621,18.311485645808958,18.407858512311783,18.348411157473027,17.71886856773059,18.11797275702317,16.754822487223876,17.11861925428686,18.047691560260848,17.737500887304087,18.047691560260848,18.202358573416326,18.352961934754212,18.265457180337698,18.606277541330382,17.856799493298915,17.95638335560423,17.543816440328257,17.037710162893823,17.784134571194787
Q9CQ06,16.777266686145666,16.538398227481984,16.390896523419872,16.763008427236834,16.846016622085706,17.19122070489221,17.72669570533258,17.445311654377253,17.144795313965545,17.523111509759765,15.382465551635125,15.819247213119016,15.471360942979416,17.030048383696588,16.693929445147603,17.546151514474076,17.001583695950494,17.072785140321034,17.543816440328257,17.59922353105862
Q9CQ19,17.424921615061844,18.457864275280013,17.670685290626956,16.633687158690016,18.444192857756132,18.111954491112115,17.035220393494512,19.34781045427387,18.71980096434951,16.738653938253197,16.80389473844276,18.024210207376626,16.513989720796523,17.040107305366032,17.37383959237027,17.092715795188454,16.89332719907149,16.960653085729923,17.1626813000877,17.101906011921123
Q9CQ22,16.754822487223876,17.148137805751453,16.349674086050076,16.969539343991375,16.898675748115725,17.092715795188454,16.14224510995184,15.158685294076179,16.734380303872307,16.329688354536522,17.80772018021429,16.501873074232574,16.678592707518952,17.71886856773059,16.98531392996711,15.2567597941021,16.404276581737186,16.04892681270931,15.019639960833777,15.052524649438727
Q9CQ40,14.543658907601387,14.292441968080615,14.727242330899045,14.666037441115648,14.825407733139537,15.845655265924204,16.198100687288626,15.48143631191096,16.404276581737186,16.15594742921315,14.566898858168557,14.67032680324834,14.114476873414038,14.656808366596525,14.733792089542609,15.529758455657156,15.878448348424161,15.2567597941021,16.00589716555891,15.763314009004318
Q9CQ54,21.22581550263428,21.312752627099353,20.857605579032814,21.125332749829006,20.577969344699195,21.03251814095913,20.734172393783034,20.71365778907975,20.870592525502502,20.63034790549067,20.516602072428185,20.439140219859453,21.264885827339874,20.553065900098968,20.397139127836336,20.857605579032814,20.90630751244386,20.939585313942462,20.805818273720142,21.125332749829006
Q9CQ60,17.527716637189165,17.590341455561234,17.917223424827096,17.386934271424803,17.238741308058717,16.393977145986078,16.738653938253197,16.846016622085706,16.687964776367842,16.428136181983106,17.721080309621776,17.36436604495036,17.024240105006363,17.16068008131952,18.010658561007176,16.808224534344642,16.538398227481984,17.123962244735186,16.704488174661353,16.829913750250615
Q9CQ62,19.097053476854207,20.1995787623911,19.702004928382348,20.32428726971539,20.16274276991077,20.102767292413223,20.617041747785322,20.700801579431218,20.31203280886183,20.213060597303546,19.945017982988453,19.646816894697274,19.59406065240999,19.779311297230684,19.68123742930542,20.84050959246877,19.903938293102694,20.173150036308524,20.151135820935497,19.818511964341873
Q9CQ69,21.068613119618927,21.834591425720966,21.183890892318708,22.156111094101366,21.125332749829006,21.94216407850464,21.48241549278334,21.48241549278334,22.051509267440423,21.96480189779124,21.14146272984866,21.96480189779124,22.265403482846978,20.95747093359308,22.051509267440423,21.406859971950645,22.025840215948175,22.199561392149356,21.406859971950645,21.998585294669542
Q9CQ75,21.542604229589745,21.542604229589745,22.22933874399538,22.265403482846978,21.312752627099353,21.834591425720966,21.542604229589745,21.834591425720966,21.905151502965776,21.834591425720966,21.542604229589745,20.74892253114054,21.406859971950645,21.57636748852477,21.38127883057511,22.156111094101366,21.801532783027568,21.94216407850464,21.96480189779124,22.22933874399538
Q9CQ85,18.30815914135994,17.981692152974038,18.08384131201834,17.737500887304087,16.80389473844276,17.432504936631602,17.115951302622406,17.238741308058717,17.838488567264722,16.826278137591675,17.5305385305905,17.81324364664505,18.049996631740363,17.523111509759765,18.04398079198537,17.182211998304425,17.796124080723235,18.08384131201834,17.106727139790756,17.882647677021478
Q9CQ91,18.432239856528742,18.805555003958638,18.370078823069214,18.11797275702317,15.596622301187296,19.02987209840085,19.360688934216284,18.7469593396453,19.960509193081236,19.922304646269655,17.911361722190914,18.618829691493154,18.79146027810211,18.067636604510092,19.122713897315215,19.471323010750343,19.734998369425703,19.039189930955697,19.329185453489227,19.802381269583726
Q9CQ92,18.019457060833666,18.701296843331647,18.140068047990248,18.062925606641805,17.790925289665676,17.69599495355393,18.319414906206543,17.8748822153187,18.411625586945092,18.884170672470745,17.42921066183997,18.98593416380268,18.73916576183946,18.411625586945092,18.471715071718833,17.827677395424935,18.72898466951047,18.345830547556012,18.053371364474067,18.525854919879848
Q9CQA3,19.808599642222,20.013864707227803,20.18969561313046,19.79394242013594,20.07209177342391,20.183146281197608,19.931389365150654,19.7589643453117,20.293605784796455,20.226670591130407,20.111478237255376,19.713395178557512,20.091714389280952,19.721322795429067,19.893719389206932,20.06101432067798,20.11987357426101,20.670586440403092,19.960509193081236,20.276047181062605
Q9CQA6,14.239136142095358,14.355109658645091,15.302806723278135,14.467600920295348,15.182263399732554,14.87385320121751,14.069289646260959,14.177079196650975,15.019639960833777,15.071312921141082,14.940995594646205,14.53740175502755,14.996463323954822,14.857134232139689,15.2567597941021,14.226873189644305,15.566762205268201,14.160447485855723,15.001179738394976,15.306068801325093
Q9CQB4,20.037058103164064,20.00442703940837,20.226670591130407,20.06101432067798,20.02385423405834,20.49371741554465,20.589683950528062,20.734172393783034,20.60394420818158,20.617041747785322,19.79394242013594,19.550747458740126,19.84166327220762,19.600439312634993,19.848324430086176,20.63034790549067,20.369485073973614,21.286548796855786,20.779486658726558,20.870592525502502
Q9CQB5,18.576219393078546,16.875415935757488,17.721080309621776,17.173027615381965,17.472432416418748,15.779951529087281,15.144277405546159,15.249244462213529,16.873239593523063,17.210299331116396,17.940259383047355,17.648295776658806,17.81746538244362,18.059981592639097,18.51743738079222,15.352651301839472,17.246807424795396,15.067940301130054,15.760018465620925,16.70207104070682
Q9CQC7,22.156111094101366,21.94216407850464,21.96480189779124,22.086424174001912,21.51139630587692,22.113140596776518,21.62914809131313,20.824668874193524,22.302498667361213,22.435774052327275,21.862405058772858,21.998585294669542,22.025840215948175,21.905151502965776,22.199561392149356,21.466732315982902,22.543406628988592,21.801532783027568,21.596772717102628,22.625915030671056
Q9CQC9,18.463027013396697,17.448392040985702,17.321352119883912,17.65412888628205,18.09130970357867,17.615653430863933,15.08117573036942,15.173778990882408,17.554199781535587,17.895306208186973,18.866565088085313,19.77463038618589,17.784134571194787,17.799117059635858,18.783882482644593,15.271877341830166,18.074244921381066,16.614893324200175,15.035141491993437,16.78044367973605
Q9CQD1,12.921331928532961,12.620838124279555,13.192136661784113,13.028719820976708,13.192136661784113,13.994946425764871,13.25457301002281,13.427473657833062,13.300699006898574,13.235707385054948,12.921331928532961,13.028719820976708,14.733792089542609,13.056525365969318,13.131169062970418,13.437700531367991,13.278457972626404,13.427473657833062,13.575266306728485,13.37053814810391
Q9CQF0,15.91345634926184,16.293702306638277,17.106727139790756,15.804180097448219,16.037168165463562,17.179197164935637,17.852155108346302,18.375162630633092,17.36436604495036,17.400481803234207,15.838000730345389,16.291331503620277,16.448563249979642,15.899214616436035,16.09081354753402,17.852155108346302,17.251737751366313,17.775965345639673,17.784134571194787,17.47620486106079
Q9CQF4,16.26233331457591,16.1652186825075,16.065145679545807,16.23347695387089,16.370958180740086,17.673738708612575,18.161697103703474,17.5043151855268,18.067636604510092,17.767497686699723,16.561728371874693,16.21264374112578,16.113710259561945,16.19369810558993,16.45080827611912,18.07730493463513,17.78155131191905,16.678592707518952,18.319414906206543,17.622285844580013
Q9CQF8,18.030644644693705,18.763965563509743,19.097053476854207,18.056043985759253,18.529294810872006,20.287058655216576,18.25144033584863,20.14610819689333,20.226670591130407,19.740428547270813,18.319414906206543,18.467727291894597,18.805555003958638,19.013169795939113,18.905955329526073,20.287058655216576,18.016227110704456,18.17544178972664,20.3035476745218,20.41039484084969
Q9CQF9,16.836260442110852,15.168455584868656,15.659569902510864,16.125825506001735,15.077862658066376,15.387948646838893,15.292237428594898,14.30730686002357,15.930362375555934,16.237094254631142,16.150802664772357,16.441415540870686,16.287645393904377,16.56990338029312,16.46543791465465,15.859236768702775,16.438725055416505,15.168455584868656,14.88678289775594,15.405411312803832
Q9CQH3,20.357578833325334,19.871418784677353,19.243443307244604,19.960509193081236,19.23252723829608,20.26747510445282,20.013864707227803,18.661117274514584,20.357578833325334,20.41039484084969,19.672208865901176,19.7589643453117,19.960509193081236,19.91224995046066,19.727161245671432,19.767951103545016,20.183146281197608,19.748056043631717,19.550747458740126,20.226670591130407
Q9CQH7,18.23890332629359,18.961968543500387,18.951325096639316,18.22648183750755,19.250298328778392,19.63249390499406,20.461360369751638,22.265403482846978,19.706281182275273,19.18799529071361,18.446346323106553,18.17544178972664,18.13356929777541,17.77323038861822,18.46028536348611,21.22581550263428,19.250298328778392,20.369485073973614,20.90630751244386,19.922304646269655
Q9CQJ6,17.31862307330163,16.251051677362213,18.019457060833666,17.35288327889465,16.763008427236834,15.866492560276251,17.70674967884954,17.940259383047355,16.479737186173647,18.059981592639097,18.42357560925522,17.27306637301551,17.368742017929026,18.2421942306563,17.92716344636873,18.42032813063024,18.00438779402004,15.506551846886342,18.352961934754212,17.57662844066921
Q9CQJ8,21.658107014466076,21.35303781379885,21.264885827339874,21.16447481325955,21.03251814095913,22.025840215948175,21.22581550263428,20.857605579032814,21.658107014466076,21.596772717102628,20.68644520397291,21.108414634713746,21.246489872929224,21.51139630587692,21.20162634180764,21.33193899713133,21.658107014466076,21.38127883057511,21.20162634180764,21.801532783027568
Q9CQL5,17.377723357057974,17.998613465705397,18.161697103703474,18.030644644693705,17.97439179585499,17.97015125270846,18.446346323106553,18.67534291877795,18.2056822853875,18.282788689007585,17.675710978247704,17.135035808976614,17.62798207841176,17.633302005278566,17.66764489468163,18.629563389982003,18.053371364474067,17.597024764323443,18.426463008111213,18.7469593396453
Q9CQL6,15.685182939271854,15.019639960833777,15.111827938804348,16.53415410684763,15.203312068106726,17.666098234860016,15.770030517963258,15.821530359657421,17.638617854956586,18.016227110704456,14.929283524179317,15.529758455657156,15.884419480935644,14.962063782381401,15.995851497078707,15.923160456085046,17.106727139790756,15.593434303665864,16.410648780816693,17.407137041558357
Q9CQM5,15.134133639824118,14.733792089542609,15.636006941528157,16.079291429801394,15.819247213119016,15.584089349200644,14.966552801142763,15.071312921141082,14.845055069767344,14.74764180301203,15.951831547470999,15.103213421103016,14.737392090904624,15.963748578374577,15.925154716909038,16.738653938253197,15.275488708244358,15.811515948934936,16.566323801314113,14.956319777147453
Q9CQM9,16.572772230787997,16.821344257321776,16.10622722246483,16.829913750250615,16.93154694471169,16.730747053517142,15.362371936910312,15.486586153627849,15.283322213233806,15.149963912085266,16.17681671145689,16.11869691998081,16.329688354536522,15.760018465620925,16.037168165463562,15.532412706601482,15.259568635207625,15.259568635207625,15.306068801325093,15.359817448018003
Q9CQN1,18.047691560260848,18.194695948219703,17.523111509759765,17.930067881647798,17.675710978247704,17.99567063694154,17.083955166513153,16.636251849009206,18.352961934754212,18.032809040033158,17.603524959974784,18.086295054480505,17.72892478646335,17.796124080723235,17.606683138382156,17.324168973995437,18.22371761296218,17.047448565596195,16.926708670945615,17.847799513901272
Q9CQN6,13.407850262011028,13.908312185962078,14.45555725457589,13.967834079718006,14.217979155903953,14.062436400060017,14.645259977011458,14.737392090904624,14.571195640347117,14.47552960617359,14.506879351747846,14.686990880815307,14.3425171860605,15.065253731898377,14.95921994936345,14.829169325914018,14.603319521362218,14.675679683646683,14.62443189906935,14.67032680324834
Q9CQN7,17.072785140321034,18.411625586945092,18.38748437571025,19.113367864576386,17.188533071242286,19.95525363937427,19.672208865901176,20.357578833325334,19.86456083372228,20.00442703940837,18.29876602994137,18.296495335466297,18.301966839475945,17.072785140321034,17.963939655500543,20.05350080830655,19.83406788739486,18.83530907147607,19.893719389206932,19.86456083372228
Q9CQP3,16.18497655714814,16.69630307237967,17.860062151900163,15.777536457550315,18.198187229296455,15.78311485094902,16.401238476283474,16.471415278768113,16.338017838992194,16.09081354753402,17.037710162893823,16.22890902936907,16.601578912139423,17.41495409195903,16.915725576922526,16.494154354786193,16.26541234489624,16.291331503620277,16.34770545001941,16.49120142113337
Q9CQQ7,21.716789525616964,21.57636748852477,20.824668874193524,21.406859971950645,20.56442076484551,21.406859971950645,20.641864882497476,20.226670591130407,21.38127883057511,21.686792265063367,20.824668874193524,21.57636748852477,21.466732315982902,21.125332749829006,21.286548796855786,20.641864882497476,21.542604229589745,20.95747093359308,20.246192435607675,21.16447481325955
Q9CQR2,18.010658561007176,19.07991006217845,19.23252723829608,18.79920134601321,18.601838602185495,19.79394242013594,20.111478237255376,20.484376405916862,19.4468059321889,19.071950184196773,19.22046835326541,17.824170072409693,18.679375850872386,18.614298355609993,18.74305245106579,19.965756650739692,19.02987209840085,20.779486658726558,20.16274276991077,19.28591908300357
Q9CQR4,19.109332588812208,18.810520689826916,18.325851712263123,19.088696595805597,18.525854919879848,18.426463008111213,18.33678165279604,17.098820699086147,18.73465024705768,18.714949639421224,18.5881074890872,19.018045522220042,18.601838602185495,18.810520689826916,19.16530833970769,17.687931372744202,18.684816863208106,17.75835794584472,18.072013605180732,17.891761713101424
Q9CQS4,17.712185611519836,17.173027615381965,18.032809040033158,16.19569426277907,17.680378849380652,18.91925231201697,19.498871012520596,20.151135820935497,19.29167119847474,18.640308249604978,17.511615798732674,17.182211998304425,16.524196751485025,17.572070148932653,16.865476847872582,19.882251481588618,18.88803098980167,20.07209177342391,19.903938293102694,19.23252723829608
Q9CQS8,18.73120648651043,17.594061180035187,17.932923069622174,18.591312698361396,15.12391128922533,17.259788065097705,17.879066972991428,18.552335107410464,17.612279190457876,18.02677899116964,17.91382045657661,18.319414906206543,18.24597604353273,17.23225872587725,17.790925289665676,18.661117274514584,17.820422113049705,19.034911068699845,18.77624733322788,18.36368084835582
Q9CQU0,18.21364764186422,17.024240105006363,19.152663780957134,16.59871463476447,18.457864275280013,16.48903053151957,17.017948097470708,17.111976085154247,16.98531392996711,16.716125582424148,18.99174485400807,17.7619608328409,17.81324364664505,18.58348846784302,18.09130970357867,17.06601543367322,16.873239593523063,16.93897973615989,17.001583695950494,17.087049784326272
Q9CQV1,18.053371364474067,18.644300593555197,17.978783110405505,17.98829922347533,17.24474772074774,18.053371364474067,17.91382045657661,17.721080309621776,18.040558140844034,18.357233912078737,17.770493521860175,18.072013605180732,18.217316334788617,18.89696239254644,18.024210207376626,18.12524047716429,18.258331325723095,18.16829823528978,17.836101908657188,18.397598544786902
Q9CQV7,18.352961934754212,18.463027013396697,19.250298328778392,18.93298198401946,18.514167063758197,18.33982683347122,18.86086854200918,19.574639633404903,19.109332588812208,18.69737413572631,18.74305245106579,17.753047660760767,18.11797275702317,18.56897783590532,18.342414565049175,19.43351784910502,18.855741593294095,19.663669211930547,19.018045522220042,19.439421445372965
Q9CQV8,13.313881043529065,13.52364304963227,13.459178614880875,13.690663510281889,13.472695105067398,13.758144482513714,13.633375800209185,13.746756349989221,13.683350255698732,13.575266306728485,14.039372800388751,14.347682149278148,13.933189616922741,13.472695105067398,13.37053814810391,13.767500755213135,13.614740642450451,13.777446941234263,13.699518704216942,13.711533354560277
Q9CQW0,20.535389933423893,19.408071203488337,20.173150036308524,20.95747093359308,19.99685742738694,18.51033699178351,18.56512310901136,17.86323756311658,19.3045127373746,19.79394242013594,20.670586440403092,20.31203280886183,19.856019961643533,20.00442703940837,20.71365778907975,18.332491664623074,19.767951103545016,17.635246893770123,18.296495335466297,19.691825325953484
Q9CQW2,19.43351784910502,19.471323010750343,18.945522558134083,19.58724806012787,18.79146027810211,18.805555003958638,15.949910442253326,16.037168165463562,18.16521118569236,18.33982683347122,19.51948616791665,18.661117274514584,19.31688579109933,19.38356789106438,18.629563389982003,16.09526093946561,18.471715071718833,18.111954491112115,15.859236768702775,17.19691715647509
Q9CQW9,18.40005578364228,18.7073015155592,18.106457263159108,19.152663780957134,18.17544178972664,19.018045522220042,18.053371364474067,16.441415540870686,16.31140174350425,16.053166412677005,19.399066184804443,17.673738708612575,17.606683138382156,19.152663780957134,18.040558140844034,16.46543791465465,16.238817824352793,18.9797163447973,16.31140174350425,16.456659033451928
Q9CQX2,18.52254697208366,17.527716637189165,17.72669570533258,17.678756085671203,17.15064329231176,18.644300593555197,18.08384131201834,18.922623962031516,17.519675847328124,18.2056822853875,14.87385320121751,16.00904466443058,17.10432362749829,17.246807424795396,16.95055949534557,18.29876602994137,18.09130970357867,18.763965563509743,17.687931372744202,18.15734860652636
Q9CQX8,22.796844790397937,23.54270572200917,23.950971049206274,23.950971049206274,23.308918850626934,22.302498667361213,22.91306083021744,22.91306083021744,23.308918850626934,23.16822471813418,23.713836007455864,23.007504381532904,23.713836007455864,23.16822471813418,23.308918850626934,23.308918850626934,23.3932493789621,22.3534119464251,23.007504381532904,23.3932493789621
Q9CQY5,19.740428547270813,17.841885355233064,18.446346323106553,18.839314764187378,18.380215367975342,17.936982345578773,18.15516598004831,17.548703802292344,18.049996631740363,19.25664609055196,19.07991006217845,18.73916576183946,18.30815914135994,18.945522558134083,19.07991006217845,18.502644190664434,19.16530833970769,18.82108478641925,18.432239856528742,19.071950184196773
Q9CQY6,17.49900907660442,17.017948097470708,16.991715572503388,16.674973066060424,16.494154354786193,17.285499519784647,17.712185611519836,17.210299331116396,17.95005833609027,17.321352119883912,16.214653890022383,16.90734169510734,17.246807424795396,17.09520084335489,16.93154694471169,17.97015125270846,17.448392040985702,18.11797275702317,17.590341455561234,17.49166880054688
Q9CQZ5,21.246489872929224,20.577969344699195,20.484376405916862,20.08158833043575,19.7852576534075,21.264885827339874,20.516602072428185,19.579730556332454,21.264885827339874,21.246489872929224,20.49371741554465,20.84050959246877,20.670586440403092,20.450393278249244,20.461360369751638,20.16274276991077,21.183890892318708,20.484376405916862,20.236587854097916,20.939585313942462
Q9CQZ6,21.125332749829006,21.046382325782645,21.16447481325955,20.76511997495633,21.108414634713746,21.22581550263428,21.03251814095913,20.1995787623911,21.312752627099353,21.264885827339874,20.63034790549067,20.470602950874202,21.33193899713133,20.870592525502502,20.76511997495633,20.68644520397291,21.14146272984866,20.824668874193524,20.889285386325295,21.406859971950645
Q9CR00,16.415673505322054,15.786485149932307,16.754822487223876,15.78311485094902,17.454568697803854,16.401238476283474,16.404276581737186,17.572070148932653,17.076832889343816,16.68090428038275,16.81656309906331,15.80730916658695,15.693466230772177,16.977463631114354,16.418303733852664,16.499030736698753,16.267589534256963,16.293702306638277,16.351912672819864,17.494042434587506
Q9CR09,18.46028536348611,18.345830547556012,18.85084879159792,19.109332588812208,19.352586344562038,18.21364764186422,16.285263638868965,16.366254946580064,17.978783110405505,15.982617858091317,18.42933449937419,16.053166412677005,17.94675630726936,17.638617854956586,17.803077572188666,16.397164474060425,17.734970182160698,16.1652186825075,17.37383959237027,16.944540208724522
Q9CR24,16.024994656892396,15.753830936774014,16.113710259561945,16.10622722246483,16.238817824352793,17.39294590734506,18.22371761296218,18.529294810872006,17.633302005278566,17.42921066183997,15.927250839663605,16.10622722246483,15.982617858091317,16.024994656892396,16.158297537349718,18.514167063758197,17.584181686787865,16.559201263243565,18.040558140844034,16.728743286387406
Q9CR29,17.44310380814907,17.144795313965545,18.52254697208366,18.91925231201697,19.22540486398784,18.062925606641805,19.018045522220042,19.922304646269655,18.198187229296455,18.287506711155864,18.672591168463025,16.875415935757488,17.081270656635375,17.95005833609027,18.152241217156128,19.565356570331566,18.787890824588672,19.071950184196773,19.38356789106438,18.805555003958638
Q9CR57,19.45331986229829,19.98119932773872,19.608939339184467,19.3045127373746,19.391696701735242,20.68644520397291,20.805818273720142,22.22933874399538,19.903938293102694,20.14610819689333,19.702004928382348,18.76759134965433,18.961968543500387,19.4468059321889,19.22540486398784,20.375852474555902,20.426704271178217,19.960509193081236,21.125332749829006,20.734172393783034
Q9CR59,15.94784060107689,15.824182184474855,17.08987074951222,17.368742017929026,17.523111509759765,17.675710978247704,18.704627247880417,19.20195092901277,18.202358573416326,17.879066972991428,16.633687158690016,15.359817448018003,16.111357251954335,16.97241147402748,16.66343897418977,18.9797163447973,18.130353779935874,18.325851712263123,18.85084879159792,18.69737413572631
Q9CR60,20.1995787623911,19.672208865901176,19.818511964341873,17.753047660760767,20.11987357426101,18.342414565049175,17.985082802911954,18.067636604510092,17.770493521860175,17.64539592994067,20.02385423405834,19.471323010750343,19.91224995046066,19.97355464220379,19.960509193081236,18.016227110704456,17.756083062129026,17.891761713101424,17.981692152974038,18.010658561007176
Q9CR61,20.340176269531327,20.07209177342391,20.525462166666408,18.787890824588672,19.95525363937427,19.663669211930547,19.98119932773872,20.02385423405834,19.945017982988453,19.808599642222,19.91224995046066,19.79394242013594,19.63890817200848,19.527304879775166,19.646816894697274,20.357578833325334,20.045768994085144,20.11987357426101,19.600439312634993,19.99685742738694
Q9CR62,20.79028777744073,20.111478237255376,19.903938293102694,20.255113016293294,18.901813342549907,19.98119932773872,19.334839971773405,18.86086854200918,20.589683950528062,20.516602072428185,19.193705484012746,20.350264937321363,20.450393278249244,19.574639633404903,20.38746008034168,19.23747448564327,20.397139127836336,19.893719389206932,19.58724806012787,20.293605784796455
Q9CR68,20.63034790549067,20.553065900098968,20.60394420818158,20.779486658726558,20.331214124513856,21.51139630587692,21.088121906942963,20.90630751244386,21.406859971950645,21.33193899713133,20.246192435607675,20.32428726971539,20.74892253114054,20.357578833325334,20.641864882497476,21.03251814095913,21.406859971950645,21.33193899713133,20.84050959246877,21.35303781379885
Q9CR98,15.534587295886373,16.436887524076894,17.594061180035187,17.63102142942152,17.047448565596195,16.674973066060424,17.079102203389056,18.56512310901136,17.11861925428686,16.543428375713663,17.047448565596195,15.888042193289422,16.48714026421141,16.93897973615989,16.81656309906331,18.198187229296455,16.293702306638277,17.06601543367322,17.56888122260806,17.09520084335489
Q9CRA2,19.550747458740126,17.409198252425018,19.938712598864875,20.1995787623911,20.76511997495633,16.846016622085706,18.411625586945092,18.749285183307155,18.111954491112115,19.31688579109933,20.102767292413223,20.3035476745218,20.461360369751638,20.525462166666408,20.450393278249244,19.439421445372965,19.391696701735242,18.73120648651043,19.26212957792511,19.45331986229829
Q9CRB6,17.94675630726936,18.047691560260848,18.380215367975342,17.56888122260806,18.81530147431623,18.370078823069214,18.467727291894597,19.20938396057736,18.614298355609993,18.33678165279604,18.531979873129668,17.895306208186973,17.500956359130683,18.637662050699568,18.16829823528978,18.99174485400807,18.475116441287344,18.38748437571025,18.23146704142546,18.301966839475945
Q9CRB8,17.46528192331689,17.25419194947641,17.138246728247502,17.587084016245143,16.378556630034833,18.633201950403677,17.657428131816634,18.072013605180732,18.749285183307155,18.322521618207993,16.370958180740086,17.422254590645732,17.199668718921735,16.763008427236834,17.257308905677952,18.02677899116964,18.56164854968247,18.51743738079222,17.74135870295587,18.254248057102092
Q9CRB9,20.173150036308524,20.641864882497476,20.805818273720142,20.68644520397291,20.484376405916862,20.95747093359308,21.35303781379885,21.596772717102628,21.20162634180764,20.983915003878874,20.397139127836336,20.131315958109433,20.56442076484551,20.49371741554465,20.045768994085144,21.434797352083372,21.22581550263428,20.870592525502502,21.48241549278334,21.38127883057511
Q9CRC0,18.007235921607688,17.587084016245143,17.210299331116396,17.724576631281554,16.890081783255233,16.969539343991375,16.85622845978967,16.966564087445676,16.999691241811075,17.21340660266442,17.625249119756884,17.325918356658345,17.64539592994067,17.220134823654114,17.673738708612575,16.92919371305154,17.324168973995437,17.349907521691502,16.83850413537635,16.883436687236518
Q9CRD0,18.539456527810977,18.6681894006985,18.961968543500387,18.049996631740363,18.714949639421224,19.178235370780055,18.91262845174094,18.9797163447973,19.20195092901277,18.810520689826916,18.684816863208106,18.552335107410464,18.22371761296218,18.85084879159792,18.531979873129668,19.071950184196773,19.044488544443503,19.42787621286776,19.43351784910502,19.06413493087259
Q9CRD2,18.688865331389362,17.106727139790756,17.793981540585406,18.601838602185495,17.36436604495036,17.27037287563324,17.39001238932805,17.35288327889465,17.618685968229787,17.756083062129026,18.502644190664434,17.959806051647202,18.181496184853014,18.496141197857362,18.7469593396453,17.424921615061844,18.16829823528978,17.210299331116396,17.35642472611182,18.062925606641805
Q9CRY7,17.386934271424803,17.71886856773059,17.698346687382006,18.150650213044617,18.688865331389362,15.966826290328532,16.52880337831991,16.639477413014212,16.499030736698753,17.98829922347533,18.6681894006985,15.984670499438124,17.932923069622174,18.7469593396453,18.352961934754212,16.661205585863478,18.25144033584863,16.448563249979642,16.521450904560936,18.194695948219703
Q9CTY5,16.251051677362213,16.053166412677005,16.728743286387406,15.587991321452794,16.59871463476447,15.462572781100917,17.687931372744202,17.70674967884954,16.760498282662866,16.27669011398628,15.496169175752641,16.19369810558993,15.944375519519488,16.19036102096137,15.647046052546145,17.377723357057974,16.674973066060424,16.818206817494392,17.27306637301551,17.135035808976614
Q9CWE0,16.693929445147603,17.753047660760767,18.007235921607688,17.856799493298915,18.074244921381066,17.911361722190914,18.626239694532416,18.81530147431623,17.6632012656113,17.70674967884954,17.573960735836984,16.95055949534557,17.590341455561234,17.992397296759187,17.27037287563324,18.759320948958464,17.678756085671203,18.75353672647069,18.672591168463025,18.030644644693705
Q9CWF2,17.885262923691034,18.067636604510092,18.839314764187378,17.953543654779324,18.106457263159108,16.282459613960587,16.82437446137775,16.93897973615989,16.79027606429046,16.553805626739788,18.475116441287344,17.435891899816728,16.246698944825305,18.210297767040252,16.410648780816693,16.90925047217575,16.693929445147603,16.772562677755865,16.81093283135739,16.95761746780643
Q9CWJ9,15.071312921141082,14.467600920295348,15.198676850409475,15.178295921091552,15.038141619234867,14.226873189644305,13.830232428651678,13.946080777784761,13.85530049700441,14.137130183919183,14.919730295601003,15.534587295886373,15.575425213956857,14.933044202684439,15.025521132721678,15.542422763930091,13.811601628003093,13.953949562473236,15.089277149632872,13.908312185962078
Q9CWK8,16.52685091056362,17.6632012656113,14.02509180878422,17.793981540585406,14.073658495565468,16.421471692334112,14.441374702621863,14.531574197485403,16.044449650011757,14.300528946357957,16.71828984543482,16.00589716555891,15.811515948934936,16.09081354753402,16.00904466443058,15.937743787073416,14.396098814985631,16.698982060708936,14.45555725457589,14.467600920295348
Q9CWS0,15.405411312803832,15.147061046917482,15.851780380157976,13.946080777784761,14.72202022124876,15.696427434702581,16.734380303872307,17.1409186454281,15.399578467104721,15.580907294084653,15.506551846886342,14.48138612488762,14.062436400060017,14.903513115472753,14.923057040878486,14.571195640347117,15.546311011901873,15.359817448018003,16.332343383587393,15.566762205268201
Q9CWW6,17.734970182160698,18.426463008111213,18.46028536348611,18.91262845174094,18.265457180337698,17.793981540585406,19.938712598864875,19.721322795429067,18.24597604353273,19.4167171666165,18.380215367975342,18.012846241865773,18.4399254482473,18.11451610645798,17.46750571381542,19.408071203488337,18.98593416380268,18.793824082452442,20.226670591130407,19.734998369425703
Q9CWX2,16.97241147402748,16.25653582328419,16.693929445147603,16.393977145986078,15.714163415413747,15.572737060010379,16.179445358549913,16.287645393904377,16.161261421102417,15.881943784170412,15.34957795524513,17.19122070489221,16.785368655465184,16.460010932269192,17.106727139790756,16.29824861008573,16.079291429801394,16.065145679545807,16.108339936462162,16.240476679594664
Q9CWZ7,17.47620486106079,16.785368655465184,17.558003750686517,17.841885355233064,18.395097893155587,15.659569902510864,14.506879351747846,16.220651392307765,16.024994656892396,15.976498132726078,17.895306208186973,16.042010774422412,17.27037287563324,17.687931372744202,17.46528192331689,17.12677407889876,16.448563249979642,16.494154354786193,14.524436914793446,16.02767846566539
Q9CX30,18.11797275702317,18.54749564834063,18.905955329526073,19.051816513941663,19.36781822229532,18.391234669932494,18.52254697208366,19.329185453489227,18.76759134965433,18.661117274514584,19.088696595805597,18.16829823528978,18.531979873129668,18.692788423569027,18.672591168463025,19.013169795939113,18.287506711155864,18.688865331389362,18.79146027810211,18.961968543500387
Q9CX34,14.779363205280395,15.194804531318502,15.32669447364538,15.025521132721678,14.67032680324834,13.683350255698732,14.779363205280395,14.87385320121751,13.879506402985996,13.879506402985996,13.879506402985996,14.122965602463818,14.571195640347117,13.886311384574958,14.169024887578292,14.552658991718408,13.623938867813456,14.429752851758172,14.217979155903953,13.449451174954442
Q9CXE7,19.113367864576386,18.591312698361396,19.113367864576386,19.893719389206932,19.07991006217845,18.384281328044707,18.271513398923915,18.475116441287344,18.47854005534154,18.531979873129668,19.489415819893583,19.322983406091808,19.341665417209892,19.067381533572725,19.58724806012787,17.985082802911954,18.633201950403677,19.281832168516452,18.36744383225511,18.606277541330382
Q9CXF4,13.973782996108477,14.933044202684439,14.603319521362218,13.623938867813456,14.973703136480356,14.804441003453238,14.039372800388751,14.140774969377352,14.925511054505955,13.973782996108477,13.575266306728485,14.03450478540999,14.46093645921196,14.80768376681861,14.396098814985631,14.18839993044656,14.592657225125063,14.140774969377352,15.162577066677898,14.099789020173262
Q9CXI0,17.87059215832019,17.4854939215759,17.129346336394057,17.68437917947841,16.87781368465308,16.690339479527285,16.368133187112512,16.58535434737975,17.10432362749829,17.044588470395762,16.846016622085706,17.712185611519836,17.409198252425018,17.101906011921123,17.334270289259177,16.22435989700497,16.944540208724522,15.984670499438124,16.067821762657353,17.169262625709532
Q9CXI5,16.623559038739177,17.166596287268096,16.883436687236518,17.44310380814907,16.926708670945615,16.92919371305154,16.924261907615875,17.24474772074774,17.115951302622406,17.64283619916258,18.36368084835582,17.500956359130683,17.65412888628205,17.47620486106079,17.71886856773059,17.4174988667743,17.34744983267199,17.008008482948355,17.597024764323443,17.2989241082415
Q9CXJ4,18.072013605180732,17.285499519784647,17.687931372744202,17.6632012656113,17.610289029684264,17.799117059635858,17.5043151855268,18.15734860652636,18.147228745699543,17.932923069622174,17.205889003958692,17.940259383047355,17.787609002813973,17.460208108813042,17.74135870295587,18.311485645808958,18.172232268688965,18.040558140844034,17.852155108346302,18.00438779402004
Q9CXK3,14.99244415944482,16.349674086050076,15.788824770921277,15.12391128922533,18.432239856528742,15.149963912085266,15.800953315145218,15.873126298641903,15.666858031868959,15.506551846886342,15.283322213233806,15.056502395557676,14.973703136480356,16.52880337831991,15.888042193289422,15.963748578374577,15.6762432600685,15.633335140571507,15.696427434702581,15.838000730345389
Q9CXT8,17.41218535643221,17.799117059635858,17.328606285257884,17.27037287563324,17.035220393494512,17.590341455561234,17.573960735836984,17.328606285257884,17.70674967884954,17.538195898734124,17.48161098242767,17.001583695950494,17.31862307330163,16.95055949534557,17.383086084193213,17.5043151855268,17.657428131816634,17.494042434587506,17.724576631281554,17.90936310010048
Q9CXV1,18.319414906206543,17.724576631281554,16.55137108546443,14.923057040878486,16.934625122232795,18.10358233583293,17.235594799084517,16.797554568629657,18.783882482644593,18.576219393078546,15.178295921091552,18.535362894273316,18.150650213044617,17.4174988667743,17.05423224585784,17.30735540017094,18.56897783590532,18.601838602185495,16.93154694471169,18.432239856528742
Q9CXW2,19.539457286534645,19.46356318692593,19.779311297230684,19.84166327220762,19.922304646269655,20.02903419202015,20.375852474555902,20.641864882497476,20.484376405916862,20.79028777744073,19.471323010750343,18.51743738079222,19.113367864576386,19.893719389206932,19.178235370780055,20.870592525502502,20.56442076484551,19.439421445372965,20.340176269531327,20.824668874193524
Q9CXW4,18.42933449937419,19.05842373408581,18.539456527810977,18.395097893155587,17.457206718666892,19.40287900752608,19.51948616791665,19.23747448564327,19.329185453489227,18.901813342549907,18.618829691493154,18.13604858946716,18.579172689319417,18.647629502202797,18.50596603701357,18.56512310901136,19.113367864576386,19.848324430086176,19.45819472017397,18.79146027810211
Q9CXY9,16.883436687236518,16.82437446137775,15.743935402950592,15.690685011902678,15.827583560317256,15.70296752621564,16.332343383587393,16.397164474060425,16.270831575590492,16.01123952872343,17.123962244735186,17.83049629610969,17.810426546486035,15.65176970848288,17.87059215832019,16.43226224160768,16.198100687288626,16.2100537343874,16.270831575590492,16.413187547665455
Q9CXZ1,19.7852576534075,20.06101432067798,20.470602950874202,19.129223172140776,19.960509193081236,21.088121906942963,21.33193899713133,21.57636748852477,21.088121906942963,21.03251814095913,18.591312698361396,19.23252723829608,19.46356318692593,19.938712598864875,19.734998369425703,21.14146272984866,20.76511997495633,21.046382325782645,21.74693365887078,21.068613119618927
Q9CY16,16.23347695387089,16.521450904560936,17.34744983267199,16.873239593523063,17.29507809733934,18.552335107410464,19.391696701735242,20.246192435607675,19.013169795939113,19.003517936108018,17.2669070316608,15.329422662025303,16.549028599607304,16.85186738879242,16.30697863909287,20.02385423405834,18.81530147431623,18.436976726954587,19.533161115479267,19.018045522220042
Q9CY27,18.633201950403677,18.21364764186422,19.489415819893583,18.89696239254644,18.41647565459286,17.737500887304087,15.856121102274775,15.941678119523658,16.04892681270931,18.18472297779476,20.037058103164064,19.43351784910502,20.045768994085144,18.99174485400807,19.329185453489227,17.618685968229787,18.370078823069214,17.63102142942152,15.779951529087281,18.24597604353273
Q9CY50,18.644300593555197,18.41647565459286,18.672591168463025,19.067381533572725,16.29522030376555,17.80772018021429,16.6716372196514,16.787786029335575,16.633687158690016,17.57662844066921,19.86456083372228,18.922623962031516,18.36744383225511,18.96816998174542,18.89696239254644,16.760498282662866,17.59922353105862,16.606386975129716,16.66563303534638,16.766417156471043
Q9CY57,13.758144482513714,13.683350255698732,14.347682149278148,13.427473657833062,13.67511327356875,13.746756349989221,14.18839993044656,15.824182184474855,14.211538964026158,13.664138208619397,13.407850262011028,13.131169062970418,13.407850262011028,13.575266306728485,13.300699006898574,14.711241610381103,13.923539073176169,14.045288320450178,15.402178736393243,14.751412418739244
Q9CY58,15.636006941528157,16.99632150856619,17.572070148932653,15.984670499438124,16.960653085729923,18.194695948219703,18.111954491112115,18.73916576183946,18.030644644693705,17.432504936631602,16.97434640382524,15.149963912085266,15.993501799324372,16.566323801314113,16.35457456800458,17.99567063694154,17.523111509759765,18.33982683347122,18.51743738079222,17.703901703131272
Q9CY64,16.63141210740998,15.61469005672846,15.681843944807053,16.793454712036656,14.910714443596529,14.74764180301203,15.42504545962997,15.542422763930091,15.34957795524513,15.194804531318502,16.321836088578138,16.532303449186387,16.024994656892396,15.840375553227057,16.21264374112578,15.602560768202446,15.323878207902379,15.306068801325093,15.387948646838893,15.402178736393243
Q9CYG7,16.12362162315233,17.321352119883912,17.220134823654114,17.564585857108266,17.687931372744202,15.73263953828744,17.024240105006363,17.457206718666892,16.390896523419872,17.478425207354842,16.738653938253197,17.21340660266442,16.606386975129716,15.666858031868959,16.70207104070682,16.960653085729923,17.507192106131466,17.487682536857637,17.31601303867988,16.99632150856619
Q9CYH2,16.86199249986609,16.612233441917926,16.912802308066425,17.076832889343816,16.067821762657353,15.537445307962363,16.494154354786193,17.31862307330163,16.553805626739788,17.083955166513153,16.494154354786193,17.42656305762505,17.54112352966739,16.873239593523063,16.54087236582678,17.01470997101877,17.076832889343816,17.079102203389056,15.48143631191096,15.546311011901873
Q9CYL5,15.848295072584117,15.134133639824118,14.653721718334475,15.071312921141082,15.173778990882408,16.397164474060425,15.746777501940187,15.343794472491595,14.907515023251563,14.915961338591805,16.10622722246483,14.903513115472753,14.531574197485403,15.834911278904983,15.117895499462918,15.418603104939601,15.596622301187296,16.19036102096137,15.393862260050932,15.234078346116831
Q9CYN2,16.612233441917926,16.17091975889223,16.628015544109772,15.919773363359813,15.115875229123228,16.471415278768113,15.654429717894198,15.743935402950592,16.54629343951786,16.777266686145666,16.70207104070682,16.198100687288626,16.499030736698753,16.612233441917926,16.883436687236518,15.827583560317256,17.19122070489221,16.499030736698753,15.575425213956857,16.86947840462856
Q9CYR0,15.670280194345924,15.173778990882408,17.31862307330163,15.960724643761818,18.024210207376626,16.483924620080618,17.507192106131466,18.85084879159792,17.4174988667743,17.603524959974784,17.7619608328409,16.668493118118167,16.563811757202675,17.519675847328124,17.703901703131272,19.02987209840085,15.984670499438124,18.202358573416326,17.70158229840711,17.78155131191905
Q9CYT6,17.203080746328986,18.91925231201697,16.80389473844276,16.92919371305154,17.80772018021429,16.793454712036656,17.179197164935637,15.770030517963258,15.552969674347779,16.397164474060425,15.851780380157976,17.660026804960843,17.344088522086913,14.896906612156863,16.85186738879242,15.856121102274775,15.587991321452794,15.498881193272101,16.777266686145666,16.85622845978967
Q9CYZ2,14.233469173483138,15.390940114645725,14.073658495565468,15.94784060107689,15.422037606039911,16.370958180740086,16.415673505322054,16.80389473844276,15.699835390189406,15.468680919842276,15.10816089572246,15.168455584868656,15.115875229123228,15.061139700327832,14.039372800388751,16.40707162096719,15.249244462213529,16.100081154888752,16.021997449345594,15.600086279386511
Q9CZ13,21.596772717102628,21.96480189779124,21.94216407850464,21.905151502965776,21.57636748852477,22.395892365345478,22.199561392149356,21.62914809131313,22.435774052327275,21.998585294669542,21.658107014466076,21.33193899713133,21.596772717102628,22.156111094101366,21.834591425720966,22.48836372406036,22.199561392149356,22.302498667361213,22.086424174001912,22.113140596776518
Q9CZ28,15.934899753348358,16.6716372196514,16.612233441917926,16.741820142523036,15.306068801325093,15.726681081032652,15.848295072584117,15.932836704688048,15.750278837626055,15.556164559079173,15.462572781100917,15.12391128922533,15.633335140571507,15.608703369262836,15.67305097522151,16.01965978169674,15.729934176835012,15.71741460476323,15.757144155316078,15.902391004492808
Q9CZ42,16.707129212252685,17.932923069622174,17.897967989483423,17.2669070316608,18.217316334788617,17.59922353105862,18.1434254692835,18.210297767040252,18.329172761972682,17.95005833609027,17.8748822153187,17.41996866473105,17.215907063364714,18.254248057102092,17.594061180035187,17.657428131816634,18.426463008111213,17.235594799084517,18.27399173833169,17.92716344636873
Q9CZB0,17.41495409195903,14.582650763501414,13.923539073176169,13.846950111107319,13.953949562473236,13.830232428651678,14.31535159704524,14.373802999779727,14.28633067059334,16.456659033451928,14.751412418739244,15.560062879765315,15.035141491993437,13.633375800209185,15.856121102274775,14.48138612488762,14.270094838901835,14.363775627886259,14.321467241527959,14.33556237049331
Q9CZD5,15.067940301130054,14.845055069767344,15.777536457550315,15.372041876910476,15.359817448018003,15.2567597941021,15.891418540093472,17.6632012656113,15.978486584539263,16.327004616900417,15.025521132721678,15.191676221021856,15.089277149632872,15.006871282022777,15.215475020312429,17.507192106131466,15.779951529087281,15.770030517963258,17.507192106131466,16.760498282662866
Q9CZJ2,16.073784802715032,16.01123952872343,14.757050975785557,14.966552801142763,14.467600920295348,16.251051677362213,16.521450904560936,16.22890902936907,15.811515948934936,16.056047364008677,14.609478608434037,14.695336035229037,14.248738773014216,14.3425171860605,14.552658991718408,16.344910077230814,15.973505544787937,16.49120142113337,16.139607269253244,16.499030736698753
Q9CZM2,16.806296235562282,18.2344507581869,18.377998196352735,16.645998088606326,16.674973066060424,19.565356570331566,20.173150036308524,20.74892253114054,19.539457286534645,19.243443307244604,17.325918356658345,16.661205585863478,18.210297767040252,17.15064329231176,17.10927450519619,20.276047181062605,19.608939339184467,19.05842373408581,20.49371741554465,19.938712598864875
Q9CZN7,16.370958180740086,16.716125582424148,16.559201263243565,16.655626642759334,17.13279688304349,16.58535434737975,17.13279688304349,17.005131623186923,17.087049784326272,16.797554568629657,16.285263638868965,16.777266686145666,16.55137108546443,16.783324830756815,16.25653582328419,16.87781368465308,17.06601543367322,17.199668718921735,16.774641137098122,17.138246728247502
Q9CZN8,15.422037606039911,15.65176970848288,16.287645393904377,16.22435989700497,14.603319521362218,14.48138612488762,15.134133639824118,15.234078346116831,15.038141619234867,14.910714443596529,14.367576734743116,14.915961338591805,14.367576734743116,15.777536457550315,15.302806723278135,15.33320736025556,15.022830958760903,16.71828984543482,15.10004197931255,15.140516202173425
Q9CZP5,15.203312068106726,14.883048296370884,14.561294032891018,14.816195787907578,14.169024887578292,14.396098814985631,14.58887846344795,14.680883599188178,15.049041827219796,15.041589418121031,14.441374702621863,15.605874091019254,15.311295409527158,14.800177315895255,15.343794472491595,14.785585365627753,14.543658907601387,14.630874262838267,14.582650763501414,14.613728201454895
Q9CZR3,16.259337364402032,15.888042193289422,16.873239593523063,14.99244415944482,15.168455584868656,15.035141491993437,15.708856930318902,15.791663948852058,15.580907294084653,15.41012522490404,14.870081030669045,14.970550303254583,14.890357016202097,16.829913750250615,16.130618089249857,15.881943784170412,15.612774878484334,15.537445307962363,15.62550380598837,15.735578279963727
Q9CZR8,16.48714026421141,16.898675748115725,17.037710162893823,17.42656305762505,17.68437917947841,17.424921615061844,18.357233912078737,18.426463008111213,18.12524047716429,17.4854939215759,17.175726879509117,16.073784802715032,16.98531392996711,17.22358187073719,16.10622722246483,19.322983406091808,17.489184669478796,17.690454633187283,18.016227110704456,17.920402409528123
Q9CZU6,20.49371741554465,20.502017024791027,19.965756650739692,20.924927643555897,20.276047181062605,19.802381269583726,19.46356318692593,19.95525363937427,20.369485073973614,20.102767292413223,20.38746008034168,20.56442076484551,20.350264937321363,20.255113016293294,20.553065900098968,20.091714389280952,19.945017982988453,19.922304646269655,19.59406065240999,19.945017982988453
Q9CZW4,15.092328701255036,13.85530049700441,14.699590138772527,14.686990880815307,15.071312921141082,15.321776172646173,15.049041827219796,15.608703369262836,15.888042193289422,16.55691743267369,15.422037606039911,15.014580672957644,15.028207656308023,15.035141491993437,15.329422662025303,16.401238476283474,16.612233441917926,15.33320736025556,15.927250839663605,16.158297537349718
Q9CZX8,18.704627247880417,19.29167119847474,19.044488544443503,18.48267100735208,17.22358187073719,20.18969561313046,18.951325096639316,19.122713897315215,19.802381269583726,19.02987209840085,18.457864275280013,18.499674445412197,18.940754451289063,18.4399254482473,18.4399254482473,18.83530907147607,19.43351784910502,19.856019961643533,19.297752672549333,19.37403753540534
Q9CZX9,17.799117059635858,16.52685091056362,17.497179088344158,18.111954491112115,17.249717783411466,16.713438186894475,17.594061180035187,17.891761713101424,17.361429718890584,17.675710978247704,17.188533071242286,17.535813263945876,17.09520084335489,17.660026804960843,18.10358233583293,17.796124080723235,17.6632012656113,18.07730493463513,17.856799493298915,18.18472297779476
Q9CZY3,21.96480189779124,22.395892365345478,22.435774052327275,23.007504381532904,23.007504381532904,21.74693365887078,21.905151502965776,22.625915030671056,21.14146272984866,21.35303781379885,21.96480189779124,20.00442703940837,21.068613119618927,22.302498667361213,21.74693365887078,22.199561392149356,21.125332749829006,21.862405058772858,22.302498667361213,21.658107014466076
Q9D023,19.003517936108018,18.56897783590532,16.83850413537635,18.18472297779476,17.756083062129026,19.281832168516452,18.543744335807425,18.030644644693705,19.663669211930547,19.97355464220379,17.756083062129026,19.18799529071361,19.42787621286776,18.2056822853875,18.866565088085313,18.626239694532416,19.088696595805597,19.29167119847474,17.72892478646335,19.1351768758582
Q9D024,17.169262625709532,15.827583560317256,16.793454712036656,17.445311654377253,15.639869158783554,14.861652606662267,15.915778897513027,16.19369810558993,15.623232095838185,16.14224510995184,17.035220393494512,16.95455758979811,17.358820359942055,17.008008482948355,17.138246728247502,16.438725055416505,15.699835390189406,16.340180531084666,16.59871463476447,16.438725055416505
Q9D051,20.350264937321363,20.6521141682204,20.11987357426101,19.95525363937427,20.369485073973614,20.13781572475612,20.26747510445282,19.4167171666165,20.670586440403092,20.939585313942462,20.287058655216576,20.670586440403092,20.397139127836336,20.824668874193524,20.340176269531327,20.3035476745218,20.79028777744073,20.02385423405834,19.922304646269655,20.63034790549067
Q9D0E1,15.061139700327832,15.631086195556104,15.056502395557676,16.18497655714814,18.490659285459596,16.78044367973605,18.311485645808958,19.399066184804443,16.94690031025231,16.636251849009206,15.24100722327675,14.005240663069339,14.45555725457589,15.757144155316078,15.10816089572246,17.4854939215759,16.966564087445676,16.763008427236834,18.91262845174094,17.079102203389056
Q9D0F3,18.10358233583293,17.68437917947841,18.049996631740363,18.30815914135994,18.471715071718833,18.024210207376626,17.86323756311658,17.594061180035187,17.68437917947841,18.38748437571025,17.99567063694154,17.68437917947841,18.010658561007176,18.2344507581869,18.282788689007585,17.660026804960843,18.490659285459596,19.489415819893583,18.21364764186422,18.130353779935874
Q9D0F9,19.922304646269655,19.003517936108018,19.734998369425703,19.545033356238292,19.86456083372228,18.15734860652636,18.56897783590532,17.724576631281554,18.258331325723095,18.91262845174094,20.41039484084969,20.38746008034168,19.893719389206932,19.98119932773872,20.357578833325334,18.59745793039929,18.974389618446466,18.049996631740363,18.47854005534154,18.152241217156128
Q9D0G0,15.708856930318902,15.969730276919824,15.954570831544121,16.48903053151957,16.460010932269192,17.035220393494512,18.210297767040252,18.52254697208366,17.895306208186973,17.257308905677952,15.85303305121214,15.827583560317256,16.061497848221492,16.037168165463562,15.770030517963258,18.974389618446466,17.784134571194787,17.27865571961508,18.73120648651043,17.888755084302062
Q9D0I4,16.93154694471169,17.897967989483423,17.371049351203318,18.13604858946716,17.670685290626956,17.30141000380968,16.90734169510734,16.98531392996711,16.846016622085706,17.368742017929026,17.5043151855268,17.66764489468163,17.47620486106079,16.22890902936907,17.64539592994067,16.95455758979811,17.424921615061844,17.612279190457876,16.88023568669566,17.008008482948355
Q9D0I9,17.098820699086147,15.729934176835012,15.723802320798422,16.25362378937894,16.83850413537635,16.567981286725523,16.751910700204583,16.48714026421141,17.106727139790756,16.52685091056362,15.596622301187296,15.966826290328532,15.628136529075363,16.479737186173647,16.36036459147711,15.564074872854784,16.287645393904377,16.95761746780643,16.628015544109772,16.48903053151957
Q9D0J8,16.977463631114354,16.01965978169674,16.300086306127934,16.58837459230723,15.42504545962997,17.106727139790756,16.814114047234536,16.413187547665455,15.859236768702775,15.642633456787976,17.72669570533258,16.989068549121225,16.173206043577068,16.661205585863478,15.259568635207625,16.108339936462162,15.856121102274775,17.1626813000877,16.90734169510734,16.00589716555891
Q9D0K2,17.380358630795737,18.42032813063024,18.402878997495208,18.17769432893232,19.097053476854207,18.57234863521773,18.69737413572631,18.543744335807425,18.194695948219703,18.56897783590532,18.38748437571025,18.87924242072296,18.454664213203124,18.16521118569236,18.71980096434951,18.783882482644593,18.032809040033158,18.27399173833169,18.637662050699568,18.217316334788617
Q9D0L4,16.734380303872307,16.222612867761242,16.655626642759334,16.56990338029312,16.003372415621907,16.704488174661353,16.053166412677005,14.637108714417446,16.566323801314113,17.101906011921123,15.696427434702581,16.49120142113337,16.501873074232574,16.144542022921534,16.456659033451928,15.905608723458263,17.166596287268096,15.834911278904983,15.352651301839472,17.182211998304425
Q9D0L7,13.933189616922741,13.791834288818066,13.614740642450451,13.161066056532908,13.633375800209185,14.270094838901835,13.879506402985996,13.97905257179841,14.695336035229037,14.321467241527959,13.472695105067398,13.575266306728485,14.233469173483138,13.953949562473236,13.352337124021167,14.005240663069339,14.48733773741946,13.994946425764871,13.93852089806406,13.93852089806406
Q9D0M3,21.905151502965776,22.199561392149356,21.406859971950645,21.088121906942963,20.924927643555897,22.086424174001912,21.596772717102628,20.889285386325295,22.113140596776518,22.48836372406036,21.48241549278334,21.658107014466076,21.905151502965776,21.74693365887078,21.96480189779124,21.246489872929224,22.113140596776518,21.834591425720966,21.466732315982902,21.716789525616964
Q9D0M5,16.51597275232473,16.14836718949126,16.46821754903481,15.688008406216317,16.580028597084656,15.699835390189406,16.32425630004023,16.393977145986078,16.267589534256963,16.00904466443058,17.238741308058717,17.30141000380968,16.777266686145666,17.349907521691502,17.16068008131952,16.430217662668,16.19369810558993,16.204566547262473,16.267589534256963,16.410648780816693
Q9D0Q7,15.873126298641903,15.984670499438124,16.00124053740221,14.804441003453238,16.410648780816693,16.404276581737186,17.497179088344158,18.147228745699543,17.587084016245143,17.383086084193213,14.686990880815307,15.681843944807053,16.338017838992194,14.74764180301203,16.21791391744498,17.936982345578773,17.69599495355393,16.890081783255233,17.953543654779324,17.930067881647798
Q9D0R8,16.401238476283474,17.745887408214095,16.52880337831991,16.494154354786193,16.59163716099311,17.40363371243514,18.640308249604978,18.18472297779476,17.690454633187283,16.89332719907149,16.327004616900417,17.142533078774907,17.05920804603228,16.438725055416505,16.563811757202675,18.33982683347122,17.865897729771294,16.873239593523063,18.73465024705768,18.036984773169642
Q9D0S9,21.088121906942963,21.74693365887078,21.801532783027568,22.435774052327275,22.113140596776518,22.156111094101366,22.302498667361213,23.007504381532904,21.998585294669542,21.658107014466076,22.265403482846978,20.983915003878874,21.312752627099353,21.94216407850464,21.78090432555921,22.796844790397937,21.716789525616964,22.48836372406036,22.543406628988592,21.96480189779124
Q9D0T1,14.380747771122333,14.661276568861515,14.48138612488762,15.014580672957644,15.275488708244358,14.441374702621863,15.164972122641009,15.25291076267798,15.056502395557676,15.022830958760903,14.396098814985631,15.049041827219796,14.944990304492626,15.379720975112624,14.502381903135184,15.356273123715786,15.329422662025303,15.071312921141082,15.085046757346536,15.70296752621564
Q9D0Y8,17.39294590734506,17.81324364664505,19.0079271919845,18.375162630633092,17.57662844066921,17.42921066183997,19.6552033964088,20.983915003878874,18.29876602994137,18.51033699178351,17.358820359942055,17.371049351203318,17.19122070489221,17.182211998304425,17.587084016245143,19.99685742738694,17.99046568935768,19.97355464220379,20.06101432067798,19.533161115479267
Q9D154,17.633302005278566,17.079102203389056,17.19122070489221,15.642633456787976,15.788824770921277,15.642633456787976,16.273488590249436,16.35457456800458,16.240476679594664,15.969730276919824,17.432504936631602,16.63141210740998,15.537445307962363,16.58265206101555,17.083955166513153,16.383823134188656,16.161261421102417,16.15594742921315,16.22435989700497,16.362669500066467
Q9D162,17.334270289259177,15.980624910186796,17.457206718666892,15.838000730345389,15.978486584539263,15.819247213119016,16.428136181983106,16.518949691130903,16.383823134188656,16.136332635890025,17.313610719705427,17.615653430863933,17.4854939215759,17.33658040106376,17.148137805751453,16.532303449186387,16.282459613960587,16.334587330977822,16.380650004696243,16.518949691130903
Q9D172,18.771725671942427,19.173638167996735,19.21670203632218,20.287058655216576,20.00442703940837,20.41039484084969,19.113367864576386,19.825705424439974,19.608939339184467,19.7852576534075,19.965756650739692,19.22540486398784,18.629563389982003,19.608939339184467,19.310832499133262,18.9261410847361,18.9261410847361,20.734172393783034,19.871418784677353,19.50574895289755
Q9D1A2,15.800953315145218,14.675679683646683,15.259568635207625,15.198676850409475,16.293702306638277,15.62550380598837,15.34957795524513,15.414149481143511,14.363775627886259,14.9367958209861,15.891418540093472,16.31549540396195,15.78311485094902,16.00904466443058,16.01123952872343,14.592657225125063,14.35969373918904,16.593844040743175,15.2567597941021,14.41531166554509
Q9D1B9,17.737500887304087,17.793981540585406,17.548703802292344,17.23225872587725,17.70158229840711,18.25144033584863,18.644300593555197,17.554199781535587,18.679375850872386,18.57234863521773,17.698346687382006,17.546151514474076,17.30735540017094,17.49900907660442,17.422254590645732,18.19080890636426,18.487104314023583,17.519675847328124,18.41647565459286,18.41647565459286
Q9D1D4,19.37927991832144,19.20938396057736,18.940754451289063,19.713395178557512,19.109332588812208,17.895306208186973,17.005131623186923,16.977463631114354,18.188438189377088,17.978783110405505,19.88822502045067,19.37927991832144,19.808599642222,18.846594247842646,19.018045522220042,17.285499519784647,18.411625586945092,18.29155753130763,17.371049351203318,17.515169072149675
Q9D1E8,19.29167119847474,18.16829823528978,18.152241217156128,18.633201950403677,16.30469657248546,16.113710259561945,16.678592707518952,16.793454712036656,18.48267100735208,16.387790646744357,18.22648183750755,19.21670203632218,19.18799529071361,18.74305245106579,18.487104314023583,16.763008427236834,18.2056822853875,16.612233441917926,16.668493118118167,16.772562677755865
Q9D1G1,17.361429718890584,16.698982060708936,16.922027893751135,18.210297767040252,17.257308905677952,17.111976085154247,15.065253731898377,15.162577066677898,16.628015544109772,17.27865571961508,17.044588470395762,17.838488567264722,17.8748822153187,16.875415935757488,17.24474772074774,15.259568635207625,16.977463631114354,16.15360512349686,15.022830958760903,15.056502395557676
Q9D1G3,21.35303781379885,19.7589643453117,20.02385423405834,20.49371741554465,19.672208865901176,18.30815914135994,18.67534291877795,17.770493521860175,19.07991006217845,19.903938293102694,20.173150036308524,21.14146272984866,20.939585313942462,20.63034790549067,21.312752627099353,18.843418222302148,20.111478237255376,18.50596603701357,18.846594247842646,19.740428547270813
Q9D1G5,18.130353779935874,15.229753977939973,17.71886856773059,15.600086279386511,15.753830936774014,15.61469005672846,16.238817824352793,16.329688354536522,16.21264374112578,15.937743787073416,17.257308905677952,15.61469005672846,15.504319954149427,17.844344738337487,17.478425207354842,16.340180531084666,16.125825506001735,16.11869691998081,16.17091975889223,16.30697863909287
Q9D1H8,15.397084425394757,17.138246728247502,15.532412706601482,17.710019680976686,15.659569902510864,17.527716637189165,18.056043985759253,18.432239856528742,18.67534291877795,17.820422113049705,15.297677903815082,15.532412706601482,15.384267903535005,15.41012522490404,15.542422763930091,18.787890824588672,18.502644190664434,18.73465024705768,18.325851712263123,18.502644190664434
Q9D1I2,13.989171963932938,13.803370634225143,14.217979155903953,14.217979155903953,14.300528946357957,15.786485149932307,14.985452886859395,14.883048296370884,15.958288048495424,16.003372415621907,14.84088006378352,14.08232449851108,14.08232449851108,14.114476873414038,14.18366768490463,15.873126298641903,16.00589716555891,15.405411312803832,14.391863026184504,16.037168165463562
Q9D1I6,14.160447485855723,15.171162715763884,15.593434303665864,15.103213421103016,15.6762432600685,15.631086195556104,14.531574197485403,16.501873074232574,15.542422763930091,15.387948646838893,15.219239195269179,15.537445307962363,15.654429717894198,14.890357016202097,15.42504545962997,14.737392090904624,15.449953890574315,15.584089349200644,16.179445358549913,15.365109032161234
Q9D1J3,14.18366768490463,13.767500755213135,16.00589716555891,14.401394740888382,14.495470089463577,15.372041876910476,16.22890902936907,17.924035653696713,15.517907274934771,16.00124053740221,16.19036102096137,14.28040136377894,15.451979480642668,15.539714091504873,15.405411312803832,17.44310380814907,15.891418540093472,16.150802664772357,16.87781368465308,16.044449650011757
Q9D1L0,19.071950184196773,19.83406788739486,20.3035476745218,20.889285386325295,21.0038293301104,18.359631261846697,20.84050959246877,22.086424174001912,19.408071203488337,19.37927991832144,20.14610819689333,18.56164854968247,18.57234863521773,20.226670591130407,19.013169795939113,21.35303781379885,19.0854050504248,21.183890892318708,20.983915003878874,20.470602950874202
Q9D1L9,18.496141197857362,18.48267100735208,18.329172761972682,18.866565088085313,19.77463038618589,19.003517936108018,19.75410703050845,19.565356570331566,19.21670203632218,18.688865331389362,19.20938396057736,18.446346323106553,18.59745793039929,19.16530833970769,18.086295054480505,19.3045127373746,18.710263974402853,18.940754451289063,19.663669211930547,18.181496184853014
Q9D1N9,18.097294795222542,18.45017797765226,19.013169795939113,19.097053476854207,18.370078823069214,19.37927991832144,19.21670203632218,19.779311297230684,19.471323010750343,19.28591908300357,17.793981540585406,17.70158229840711,18.111954491112115,18.074244921381066,18.475116441287344,19.740428547270813,18.961968543500387,18.714949639421224,19.545033356238292,19.310832499133262
Q9D1P0,16.357763628245788,16.29824861008573,16.952142629741115,15.191676221021856,17.31601303867988,17.770493521860175,19.129223172140776,19.28591908300357,18.345830547556012,18.210297767040252,16.378556630034833,15.185354275029912,15.873126298641903,15.925154716909038,16.044449650011757,19.22046835326541,18.150650213044617,17.650963318645914,18.55726760819117,18.531979873129668
Q9D1Q6,14.666037441115648,15.226932330793806,15.30051921708017,15.238230910494655,13.777446941234263,17.257308905677952,16.873239593523063,17.27306637301551,17.432504936631602,15.94784060107689,15.47441539977441,15.117895499462918,14.929283524179317,15.038141619234867,14.796198876121887,16.989068549121225,16.370958180740086,16.994082835120732,16.875415935757488,16.061497848221492
Q9D1R9,17.1626813000877,18.086295054480505,17.380358630795737,17.083955166513153,15.546311011901873,18.407858512311783,19.097053476854207,19.391696701735242,18.640308249604978,18.111954491112115,17.12125179015954,17.179197164935637,17.75835794584472,16.83850413537635,16.678592707518952,19.003517936108018,18.45017797765226,18.248247983010657,19.439421445372965,19.02380500564057
Q9D1X0,16.438725055416505,16.418303733852664,17.330801363230428,17.344088522086913,17.235594799084517,15.427884399589866,16.728743286387406,16.99632150856619,16.100081154888752,15.932836704688048,17.478425207354842,17.15064329231176,16.86947840462856,17.328606285257884,17.660026804960843,16.979922526858495,16.628015544109772,16.707129212252685,16.760498282662866,16.452900984150567
Q9D273,15.753830936774014,16.456659033451928,17.06857626211557,16.991715572503388,17.836101908657188,16.783324830756815,16.22435989700497,18.08384131201834,17.251737751366313,15.520799340052378,17.882647677021478,17.324168973995437,17.251737751366313,17.19391351441193,17.40363371243514,17.037710162893823,16.68309367206349,14.985452886859395,17.304793614767682,16.404276581737186
Q9D2G2,19.485235479494634,19.622062757535538,20.90630751244386,20.05350080830655,20.889285386325295,19.740428547270813,19.79394242013594,20.07209177342391,20.11987357426101,20.091714389280952,21.068613119618927,20.037058103164064,20.226670591130407,20.90630751244386,19.945017982988453,19.938712598864875,19.7852576534075,19.28591908300357,20.07209177342391,19.480698550016374
Q9D2M8,19.779311297230684,20.045768994085144,20.31203280886183,20.31203280886183,21.22581550263428,18.278303594270902,19.07991006217845,19.748056043631717,17.66764489468163,18.315346572616036,20.151135820935497,19.173638167996735,19.51948616791665,19.702004928382348,19.579730556332454,19.250298328778392,18.42357560925522,19.45331986229829,18.6681894006985,18.463027013396697
Q9D2N4,14.329504467601879,15.384267903535005,13.719552549375294,13.633375800209185,15.33320736025556,15.203312068106726,16.082544546889245,16.578009219037543,14.18839993044656,13.999659370928047,13.496873682630522,14.3425171860605,14.637108714417446,13.690663510281889,13.746756349989221,14.239136142095358,14.057060942124656,14.177079196650975,15.194804531318502,13.97905257179841
Q9D2R6,19.58724806012787,19.533161115479267,19.565356570331566,19.802381269583726,18.839314764187378,19.3045127373746,19.608939339184467,19.0079271919845,19.574639633404903,19.46356318692593,19.565356570331566,19.25664609055196,19.07586113580069,19.46356318692593,19.527304879775166,19.36781822229532,19.50574895289755,19.51948616791665,19.21670203632218,19.663669211930547
Q9D2R8,19.268161802531562,19.141192080497436,19.61438114817877,17.462511612857988,19.02987209840085,19.36781822229532,19.84166327220762,19.46356318692593,20.05350080830655,20.31203280886183,19.329185453489227,17.281709373291893,18.82887547524917,18.91925231201697,19.117650399712225,19.7852576534075,20.13781572475612,19.485235479494634,19.808599642222,20.525462166666408
Q9D338,15.045579692714375,14.811795353353224,14.779363205280395,14.870081030669045,16.48903053151957,16.655626642759334,17.790925289665676,18.23146704142546,17.358820359942055,17.017948097470708,15.031051227113869,15.636006941528157,15.405411312803832,15.564074872854784,15.323878207902379,17.753047660760767,17.27306637301551,17.101906011921123,17.41218535643221,17.790925289665676
Q9D358,15.978486584539263,15.539714091504873,15.34672908070157,15.32669447364538,15.442638359072728,16.12362162315233,17.56888122260806,17.55157545207064,16.896071198881184,17.546151514474076,15.509521293447989,15.306068801325093,15.191676221021856,15.612774878484334,15.297677903815082,18.032809040033158,17.660026804960843,17.33658040106376,17.959806051647202,17.33950008122841
Q9D3D9,23.308918850626934,23.713836007455864,24.255392952025183,23.308918850626934,24.255392952025183,23.54270572200917,23.950971049206274,23.950971049206274,23.54270572200917,23.54270572200917,23.308918850626934,22.91306083021744,23.007504381532904,23.950971049206274,23.16822471813418,23.950971049206274,23.54270572200917,23.713836007455864,23.950971049206274,23.54270572200917
Q9D3L3,15.431928984807248,15.191676221021856,16.321836088578138,16.03138389863903,16.397164474060425,14.907515023251563,12.620838124279555,12.921331928532961,12.975513409365107,12.824136995799364,16.003372415621907,16.115813493509155,15.62550380598837,16.327004616900417,15.85303305121214,14.853748912406697,14.72202022124876,15.24100722327675,12.876150995395088,12.824136995799364
Q9D3P8,16.82437446137775,17.092715795188454,17.41218535643221,15.356273123715786,17.584181686787865,17.698346687382006,18.525854919879848,18.262653633647734,18.496141197857362,17.34744983267199,17.157336803185128,16.982500836146098,17.1626813000877,15.306068801325093,16.738653938253197,18.535362894273316,17.936982345578773,18.661117274514584,18.007235921607688,18.471715071718833
Q9D404,14.896906612156863,15.48143631191096,15.384267903535005,15.471360942979416,14.766820262661199,14.4987274339632,15.323878207902379,15.840375553227057,15.393862260050932,14.779363205280395,15.194804531318502,15.031051227113869,15.33976203365576,15.486586153627849,15.393862260050932,15.10004197931255,15.115875229123228,15.207975163955378,15.427884399589866,15.41012522490404
Q9D517,17.01470997101877,15.628136529075363,15.24100722327675,16.29824861008573,13.758144482513714,15.848295072584117,14.057060942124656,14.160447485855723,16.125825506001735,16.513989720796523,16.133871220497703,16.653226417130497,16.620638262245475,16.097835323629056,16.772562677755865,14.211538964026158,16.46543791465465,15.723802320798422,14.122965602463818,16.35457456800458
Q9D5T0,16.924261907615875,17.396778600638424,17.500956359130683,17.497179088344158,17.564585857108266,17.68437917947841,17.564585857108266,17.81324364664505,18.08384131201834,17.625249119756884,17.40363371243514,17.56888122260806,18.15516598004831,17.42921066183997,17.324168973995437,18.09130970357867,17.690454633187283,18.150650213044617,17.612279190457876,17.687931372744202
Q9D5V5,18.29155753130763,17.959806051647202,16.942231875025136,18.771725671942427,18.067636604510092,16.056047364008677,15.182263399732554,15.302806723278135,16.37458468825991,16.30469657248546,16.18284559477804,16.800842178201734,17.422254590645732,16.179445358549913,16.687964776367842,15.393862260050932,15.085046757346536,15.117895499462918,15.168455584868656,15.198676850409475
Q9D6F9,15.816300964002306,16.22890902936907,15.517907274934771,14.424835467341442,17.439780162952,14.695336035229037,15.095695370956111,15.188842202981718,14.970550303254583,15.035141491993437,14.796198876121887,14.883048296370884,14.28040136377894,16.013559000510934,15.038141619234867,15.286559135065534,14.973703136480356,15.028207656308023,15.489613020902329,15.478099793465702
Q9D6J5,24.255392952025183,24.587287043611113,24.587287043611113,24.255392952025183,24.587287043611113,23.950971049206274,23.713836007455864,23.308918850626934,23.950971049206274,24.255392952025183,24.255392952025183,24.255392952025183,24.255392952025183,24.587287043611113,24.587287043611113,23.713836007455864,24.255392952025183,23.950971049206274,23.713836007455864,24.255392952025183
Q9D6J6,20.450393278249244,20.870592525502502,21.046382325782645,18.937647466272757,20.870592525502502,21.48241549278334,21.466732315982902,20.26747510445282,21.596772717102628,21.22581550263428,20.870592525502502,20.577969344699195,20.357578833325334,20.71365778907975,20.857605579032814,20.535389933423893,21.046382325782645,20.18969561313046,21.03251814095913,20.79028777744073
Q9D6K8,19.152663780957134,19.0854050504248,18.29155753130763,19.36781822229532,18.51033699178351,18.496141197857362,17.930067881647798,17.7619608328409,19.147614525807302,18.710263974402853,18.9261410847361,19.439421445372965,19.4167171666165,18.684816863208106,19.45819472017397,18.202358573416326,19.329185453489227,18.59745793039929,18.181496184853014,18.9797163447973
Q9D6M3,16.620638262245475,16.95761746780643,16.763008427236834,14.877765007010717,15.468680919842276,15.980624910186796,15.577601129702632,15.67305097522151,16.198100687288626,15.297677903815082,16.580028597084656,16.979922526858495,17.188533071242286,16.623559038739177,16.78044367973605,15.750278837626055,15.468680919842276,17.037710162893823,15.509521293447989,15.584089349200644
Q9D6N4,16.725472251363733,15.772626224322593,17.796124080723235,17.407137041558357,18.36744383225511,15.158685294076179,16.580028597084656,15.830567690598183,16.127947533337323,16.37458468825991,18.377998196352735,17.358820359942055,17.56888122260806,17.953543654779324,17.62798207841176,16.30697863909287,16.58535434737975,15.577601129702632,16.81656309906331,17.044588470395762
Q9D6R2,21.286548796855786,21.246489872929224,21.03251814095913,21.434797352083372,21.286548796855786,20.74892253114054,20.41039484084969,20.375852474555902,20.74892253114054,20.76511997495633,21.0038293301104,21.20162634180764,21.16447481325955,21.14146272984866,21.466732315982902,20.56442076484551,20.68644520397291,21.0038293301104,20.589683950528062,20.6521141682204
Q9D6S7,16.09347049120067,17.42656305762505,16.179445358549913,16.179445358549913,16.999691241811075,18.202358573416326,18.370078823069214,19.003517936108018,18.95472545504847,18.432239856528742,16.016932364107483,17.37383959237027,17.538195898734124,16.808224534344642,17.01146015302819,18.771725671942427,18.359631261846697,16.61820190882106,18.88803098980167,18.56897783590532
Q9D6T9,18.951325096639316,19.250298328778392,19.439421445372965,19.360688934216284,19.579730556332454,18.217316334788617,18.29876602994137,18.38748437571025,17.959806051647202,17.91382045657661,19.748056043631717,19.408071203488337,18.86086854200918,19.097053476854207,18.83530907147607,18.10358233583293,18.07730493463513,17.220134823654114,18.1434254692835,18.121783855142557
Q9D6U8,19.044488544443503,19.034911068699845,19.45819472017397,18.95472545504847,18.345830547556012,20.32428726971539,19.4468059321889,19.622062757535538,19.767951103545016,19.579730556332454,18.47854005534154,18.937647466272757,19.68123742930542,18.940754451289063,18.9261410847361,19.6552033964088,19.702004928382348,20.1995787623911,19.672208865901176,19.42787621286776
Q9D6W8,13.664138208619397,13.633375800209185,14.1515990732055,14.105350340092958,14.33556237049331,12.824136995799364,14.062436400060017,14.169024887578292,14.099789020173262,13.994946425764871,13.93852089806406,13.352337124021167,13.643126264002907,14.62443189906935,14.253721318747711,14.217979155903953,14.05004635577146,13.472695105067398,13.278457972626404,14.122965602463818
Q9D6Y7,17.911361722190914,18.040558140844034,18.661117274514584,18.217316334788617,18.552335107410464,17.361429718890584,18.42357560925522,18.287506711155864,18.09130970357867,17.85464612911659,18.19080890636426,18.217316334788617,18.19080890636426,18.55726760819117,18.15734860652636,18.475116441287344,17.462511612857988,18.22648183750755,18.657031606976034,18.33678165279604
Q9D710,17.462511612857988,17.0213242191599,17.454568697803854,16.99632150856619,17.087049784326272,16.259337364402032,15.845655265924204,15.923160456085046,15.741560565304336,17.19391351441193,16.934625122232795,17.115951302622406,17.721080309621776,17.698346687382006,17.1626813000877,16.013559000510934,16.99632150856619,16.751910700204583,16.430217662668,15.89593452593626
Q9D773,15.656926184822169,16.021997449345594,17.967861438829196,17.040107305366032,17.573960735836984,17.8748822153187,18.940754451289063,19.960509193081236,18.25144033584863,18.951325096639316,16.29522030376555,15.633335140571507,16.206976573942576,16.883436687236518,16.108339936462162,19.480698550016374,18.579172689319417,18.348411157473027,19.408071203488337,19.36781822229532
Q9D783,16.59871463476447,16.766417156471043,16.572772230787997,17.10432362749829,18.42032813063024,15.140516202173425,15.79601277558345,15.863175304274899,15.659569902510864,15.502012976062119,16.097835323629056,18.030644644693705,17.229432104662298,16.620638262245475,17.044588470395762,15.960724643761818,15.659569902510864,15.628136529075363,15.690685011902678,15.830567690598183
Q9D7J4,16.378556630034833,16.858956303892118,17.042576854856794,15.866492560276251,16.85622845978967,17.25419194947641,16.829913750250615,17.803077572188666,16.924261907615875,16.532303449186387,16.63141210740998,16.25653582328419,16.90925047217575,16.03431155983341,16.150802664772357,17.41996866473105,16.86199249986609,17.115951302622406,17.257308905677952,16.846016622085706
Q9D7J6,15.76750925415978,14.762585399243846,15.617019433037342,15.580907294084653,14.195536530975028,14.039372800388751,14.619296055769079,14.716994146381404,14.552658991718408,14.450960426339009,15.814011417767002,16.26541234489624,15.827583560317256,15.405411312803832,14.804441003453238,14.816195787907578,14.571195640347117,14.661276568861515,14.603319521362218,14.641849387528998
Q9D7J9,15.647046052546145,15.397084425394757,16.45080827611912,15.670280194345924,16.113710259561945,16.287645393904377,17.487682536857637,17.432504936631602,16.952142629741115,16.841050004223348,16.21791391744498,15.925154716909038,15.881943784170412,15.647046052546145,16.121404441351434,17.74135870295587,15.188842202981718,16.690339479527285,17.135035808976614,16.214653890022383
Q9D7N3,16.214653890022383,15.587991321452794,14.62443189906935,14.69099556115421,14.86698558829572,16.061497848221492,16.969539343991375,17.33658040106376,17.123962244735186,16.81093283135739,15.028207656308023,15.182263399732554,15.525005206405755,14.67032680324834,15.414149481143511,17.29507809733934,16.95761746780643,15.275488708244358,16.979922526858495,16.885962247829426
Q9D7N9,18.901813342549907,18.2421942306563,18.701296843331647,19.565356570331566,18.866565088085313,17.657428131816634,17.18501895449103,17.39001238932805,17.57662844066921,18.618829691493154,18.73916576183946,18.73465024705768,18.622275947538277,18.763965563509743,18.901813342549907,17.963939655500543,18.377998196352735,17.865897729771294,17.753047660760767,18.30815914135994
Q9D7P6,15.028207656308023,15.279527373933542,15.869663246772415,15.529758455657156,16.214653890022383,15.451979480642668,16.848483841971486,16.875415935757488,16.826278137591675,15.888042193289422,15.949910442253326,15.750278837626055,15.840375553227057,15.496169175752641,15.504319954149427,16.704488174661353,16.024994656892396,15.269927550078975,16.397164474060425,16.003372415621907
Q9D7S7,16.848483841971486,15.542422763930091,15.891418540093472,17.34744983267199,16.03138389863903,17.638617854956586,17.75835794584472,16.55691743267369,17.897967989483423,16.173206043577068,15.693466230772177,15.891418540093472,15.770030517963258,15.824182184474855,16.92919371305154,16.58265206101555,17.561482262331825,16.368133187112512,17.99046568935768,16.572772230787997
Q9D7X3,17.30735540017094,16.441415540870686,17.249717783411466,18.17544178972664,17.535813263945876,17.030048383696588,16.340180531084666,16.227119043561203,16.43436391937086,16.48903053151957,15.642633456787976,15.699835390189406,15.602560768202446,16.240476679594664,15.937743787073416,16.578009219037543,16.410648780816693,16.19569426277907,16.21264374112578,16.366254946580064
Q9D819,14.592657225125063,14.146594214456846,15.387948646838893,14.248738773014216,15.593434303665864,14.177079196650975,15.735578279963727,14.919730295601003,14.716994146381404,15.171162715763884,15.848295072584117,15.37612457553998,13.953949562473236,14.940995594646205,15.612774878484334,16.452900984150567,14.737392090904624,14.811795353353224,14.791495295256553,14.836839379985031
Q9D823,14.47552960617359,14.203368106121394,14.645259977011458,14.599270640412508,14.74764180301203,18.487104314023583,17.1409186454281,18.012846241865773,17.257308905677952,16.991715572503388,14.518924946868333,14.555697307567666,14.53740175502755,14.577215057783437,14.630874262838267,17.533413733517648,17.182211998304425,18.5881074890872,17.59922353105862,17.44310380814907
Q9D880,19.06413493087259,18.77624733322788,19.18799529071361,18.75353672647069,18.79920134601321,19.243443307244604,18.672591168463025,18.9261410847361,19.63249390499406,19.47736473165941,18.22371761296218,18.51033699178351,19.352586344562038,19.20195092901277,18.56897783590532,19.141192080497436,19.646816894697274,19.672208865901176,18.99174485400807,19.329185453489227
Q9D8B3,15.575425213956857,14.956319777147453,16.65806289455072,16.01123952872343,16.338017838992194,16.639477413014212,15.509521293447989,16.698982060708936,15.840375553227057,15.954570831544121,17.135035808976614,15.960724643761818,15.907913464931354,16.222612867761242,16.59871463476447,16.873239593523063,15.67305097522151,16.685174023944533,15.451979480642668,15.869663246772415
Q9D8B4,20.08158833043575,19.748056043631717,19.721322795429067,19.352586344562038,18.24597604353273,18.72898466951047,18.50596603701357,17.173027615381965,18.98593416380268,19.16530833970769,19.1351768758582,19.63249390499406,19.558106854721593,19.334839971773405,19.47736473165941,18.315346572616036,19.37403753540534,18.51033699178351,18.2344507581869,18.98593416380268
Q9D8E6,18.684816863208106,19.558106854721593,19.02987209840085,17.73215520255005,17.16068008131952,19.91224995046066,20.00442703940837,20.502017024791027,20.013864707227803,19.95525363937427,18.36744383225511,18.2421942306563,19.044488544443503,18.426463008111213,18.311485645808958,19.98119932773872,20.293605784796455,18.7469593396453,20.41039484084969,20.13781572475612
Q9D8N0,17.80772018021429,18.826074357682668,16.999691241811075,16.797554568629657,17.533413733517648,18.945522558134083,18.77624733322788,18.531979873129668,19.59406065240999,17.73215520255005,17.34744983267199,18.33982683347122,17.587084016245143,17.97015125270846,18.359631261846697,18.140068047990248,18.945522558134083,19.51116008061792,17.49900907660442,18.111954491112115
Q9D8P4,14.845055069767344,14.045288320450178,14.524436914793446,14.9367958209861,13.93852089806406,16.25653582328419,14.300528946357957,14.367576734743116,15.095695370956111,15.788824770921277,13.664138208619397,14.203368106121394,14.017539902157285,14.446452133127915,14.506879351747846,15.46558578726117,15.031051227113869,14.355109658645091,15.262574869672303,15.321776172646173
Q9D8S9,15.902391004492808,16.113710259561945,16.501873074232574,16.754822487223876,18.172232268688965,16.944540208724522,17.41495409195903,17.71603560983471,16.704488174661353,17.09520084335489,17.030048383696588,16.741820142523036,16.80389473844276,17.29507809733934,16.285263638868965,17.78155131191905,16.30469657248546,17.024240105006363,17.41495409195903,17.27037287563324
Q9D8T7,18.13604858946716,19.43351784910502,19.68123742930542,18.85084879159792,19.691825325953484,19.088696595805597,19.965756650739692,20.439140219859453,19.713395178557512,19.322983406091808,18.71980096434951,18.074244921381066,18.843418222302148,18.905955329526073,18.644300593555197,20.38746008034168,19.471323010750343,20.276047181062605,20.293605784796455,20.183146281197608
Q9D8U8,14.836839379985031,14.95921994936345,14.996463323954822,14.53740175502755,14.387950443331835,15.019639960833777,15.726681081032652,15.262574869672303,14.733792089542609,14.933044202684439,15.215475020312429,14.441374702621863,14.391863026184504,15.33976203365576,14.495470089463577,15.726681081032652,15.045579692714375,15.2891617443386,15.12391128922533,15.162577066677898
Q9D8W7,18.17544178972664,18.43425631442843,18.444192857756132,18.73120648651043,17.920402409528123,17.710019680976686,17.519675847328124,17.936982345578773,17.98829922347533,17.924035653696713,17.95005833609027,18.866565088085313,19.0079271919845,18.062925606641805,18.529294810872006,17.584181686787865,18.282788689007585,17.882647677021478,17.548703802292344,17.745887408214095
Q9D8X2,17.263106002509925,16.991715572503388,18.657031606976034,18.647629502202797,18.29155753130763,17.891761713101424,19.558106854721593,20.450393278249244,18.54749564834063,18.692788423569027,18.41647565459286,17.173027615381965,17.847799513901272,18.6681894006985,17.796124080723235,19.91224995046066,18.67534291877795,18.618829691493154,20.08158833043575,18.93298198401946
Q9D8Y1,20.56442076484551,20.276047181062605,20.287058655216576,19.856019961643533,19.779311297230684,19.23252723829608,17.106727139790756,17.229432104662298,19.352586344562038,19.38356789106438,19.608939339184467,20.14610819689333,20.287058655216576,20.1995787623911,19.88822502045067,17.175726879509117,19.622062757535538,18.47854005534154,17.57662844066921,19.37927991832144
Q9D938,16.24508727723093,17.81746538244362,16.94690031025231,17.31601303867988,16.989068549121225,17.81324364664505,18.42933449937419,19.088696595805597,17.87059215832019,17.83049629610969,16.730747053517142,17.635246893770123,18.36368084835582,16.86947840462856,16.85622845978967,18.951325096639316,18.15516598004831,18.783882482644593,18.749285183307155,18.391234669932494
Q9D967,16.716125582424148,17.64283619916258,17.368742017929026,17.548703802292344,18.397598544786902,16.300086306127934,15.94784060107689,16.19036102096137,16.572772230787997,16.424905881371096,16.808224534344642,16.601578912139423,16.885962247829426,16.960653085729923,16.934625122232795,16.113710259561945,16.393977145986078,16.393977145986078,15.881943784170412,15.79601277558345
Q9DAK9,15.343794472491595,15.399578467104721,16.66563303534638,16.115813493509155,14.1515990732055,15.888042193289422,16.760498282662866,16.898675748115725,15.804180097448219,16.293702306638277,16.48903053151957,15.969730276919824,16.073784802715032,15.927250839663605,16.082544546889245,17.087049784326272,16.29522030376555,16.22435989700497,16.90925047217575,16.614893324200175
Q9DAS9,16.84355177219885,15.575425213956857,15.502012976062119,16.30697863909287,14.609478608434037,16.15360512349686,15.315468997917478,15.24100722327675,15.934899753348358,15.987853976938865,15.620460329038966,16.81093283135739,16.383823134188656,15.705083730230644,16.287645393904377,15.33976203365576,16.17091975889223,15.987853976938865,15.642633456787976,15.45502866138806
Q9DAT5,14.637108714417446,14.511400022841844,15.149963912085266,14.933044202684439,15.899214616436035,14.821263604570499,15.569876033521208,16.766417156471043,15.647046052546145,15.10004197931255,14.966552801142763,14.613728201454895,14.41531166554509,15.144277405546159,14.853748912406697,16.024994656892396,15.356273123715786,15.851780380157976,16.25653582328419,15.819247213119016
Q9DAV9,14.3425171860605,15.352651301839472,15.990727084368192,14.613728201454895,15.735578279963727,14.619296055769079,15.283322213233806,15.402178736393243,15.212222429792154,16.413187547665455,15.726681081032652,17.106727139790756,16.693929445147603,16.14224510995184,14.661276568861515,15.47441539977441,15.191676221021856,15.198676850409475,15.249244462213529,15.286559135065534
Q9DB05,17.584181686787865,16.580028597084656,17.049909230909854,16.746171474409955,16.653226417130497,15.685182939271854,15.356273123715786,14.944990304492626,14.641849387528998,15.80730916658695,17.435891899816728,17.304793614767682,17.2989241082415,17.173027615381965,17.27865571961508,15.446518577762395,15.489613020902329,15.451979480642668,15.302806723278135,15.62550380598837
Q9DB15,18.471715071718833,18.783882482644593,19.646816894697274,19.039189930955697,19.818511964341873,19.141192080497436,19.97355464220379,20.08158833043575,19.421147519134486,19.498871012520596,19.498871012520596,18.839314764187378,18.73465024705768,19.329185453489227,19.0854050504248,19.848324430086176,19.360688934216284,18.301966839475945,20.045768994085144,19.25664609055196
Q9DB20,22.265403482846978,22.265403482846978,21.998585294669542,21.834591425720966,21.20162634180764,22.22933874399538,21.246489872929224,20.68644520397291,22.265403482846978,22.22933874399538,22.086424174001912,21.862405058772858,22.156111094101366,21.862405058772858,22.025840215948175,21.312752627099353,22.22933874399538,21.78090432555921,21.286548796855786,22.051509267440423
Q9DB25,15.927250839663605,14.30730686002357,15.840375553227057,14.695336035229037,15.693466230772177,15.478099793465702,15.397084425394757,15.517907274934771,15.32669447364538,15.960724643761818,15.067940301130054,16.48714026421141,16.351912672819864,16.501873074232574,15.693466230772177,15.577601129702632,16.214653890022383,15.283322213233806,15.34957795524513,15.382465551635125
Q9DB27,15.311295409527158,14.18366768490463,15.178295921091552,15.951831547470999,14.177079196650975,14.01009255170475,14.599270640412508,14.69099556115421,14.524436914793446,16.460010932269192,14.956319777147453,14.491691849767449,15.458171745577143,14.039372800388751,16.115813493509155,14.791495295256553,14.555697307567666,14.641849387528998,14.58887846344795,14.62443189906935
Q9DB60,18.357233912078737,18.248247983010657,18.02677899116964,18.11451610645798,17.72892478646335,18.76759134965433,17.422254590645732,17.635246893770123,18.601838602185495,18.444192857756132,17.87059215832019,18.325851712263123,18.47854005534154,17.856799493298915,18.067636604510092,18.496141197857362,18.593601147770293,18.217316334788617,18.29155753130763,18.23890332629359
Q9DB73,18.96816998174542,18.08384131201834,17.48161098242767,18.019457060833666,16.633687158690016,18.59745793039929,16.501873074232574,16.563811757202675,18.723395011021903,18.961968543500387,17.407137041558357,19.178235370780055,19.097053476854207,18.08384131201834,18.810520689826916,16.991715572503388,18.714949639421224,17.62798207841176,17.008008482948355,18.019457060833666
Q9DB76,19.07586113580069,18.73120648651043,20.111478237255376,19.61438114817877,20.013864707227803,17.31601303867988,17.698346687382006,17.793981540585406,17.603524959974784,17.386934271424803,17.246807424795396,19.088696595805597,19.36781822229532,19.740428547270813,19.6552033964088,17.712185611519836,17.497179088344158,17.561482262331825,17.69599495355393,17.7619608328409
Q9DB77,21.312752627099353,21.16447481325955,21.068613119618927,20.983915003878874,21.046382325782645,21.542604229589745,21.862405058772858,21.03251814095913,21.96480189779124,21.62914809131313,21.264885827339874,21.312752627099353,21.20162634180764,21.22581550263428,21.16447481325955,21.834591425720966,21.78090432555921,21.125332749829006,22.051509267440423,21.596772717102628
Q9DBB8,15.735578279963727,14.940995594646205,15.746777501940187,15.343794472491595,16.150802664772357,14.966552801142763,15.642633456787976,15.741560565304336,15.520799340052378,15.34672908070157,15.323878207902379,15.617019433037342,15.51185413975083,15.70296752621564,15.628136529075363,15.824182184474855,15.539714091504873,15.47441539977441,15.572737060010379,15.670280194345924
Q9DBC7,14.775499690343585,14.666037441115648,15.283322213233806,15.297677903815082,15.446518577762395,14.502381903135184,14.450960426339009,14.543658907601387,14.424835467341442,14.30730686002357,14.53740175502755,14.090224770988595,13.777446941234263,14.74245400704712,14.114476873414038,14.656808366596525,14.406009524164423,14.518924946868333,14.467600920295348,14.48138612488762
Q9DBE8,16.90459719162573,13.777446941234263,15.48143631191096,16.168834998375143,14.292441968080615,14.140774969377352,14.757050975785557,14.853748912406697,14.661276568861515,14.566898858168557,15.149963912085266,15.584089349200644,16.037168165463562,15.572737060010379,15.6762432600685,14.953642472499677,16.09347049120067,14.771562607145128,14.72202022124876,16.0762417671677
Q9DBF1,15.899214616436035,17.098820699086147,17.587084016245143,16.83850413537635,18.059981592639097,16.808224534344642,14.69099556115421,14.779363205280395,14.603319521362218,14.502381903135184,17.77323038861822,17.396778600638424,17.31025505872205,17.422254590645732,17.11861925428686,14.877765007010717,14.641849387528998,14.716994146381404,14.661276568861515,14.711241610381103
Q9DBG1,17.182211998304425,16.246698944825305,16.797554568629657,17.06601543367322,16.58265206101555,18.287506711155864,16.97434640382524,17.72669570533258,18.579172689319417,18.487104314023583,15.960724643761818,17.235594799084517,15.80730916658695,16.59625088151106,17.005131623186923,18.059981592639097,18.74305245106579,17.78155131191905,17.188533071242286,18.380215367975342
Q9DBG3,17.838488567264722,15.605874091019254,16.22890902936907,16.785368655465184,15.089277149632872,16.18497655714814,16.349674086050076,15.458171745577143,16.2100537343874,16.021997449345594,15.59050769044938,15.33320736025556,15.10816089572246,17.670685290626956,14.766820262661199,15.504319954149427,15.238230910494655,15.22346468772049,15.286559135065534,16.60387501599841
Q9DBG5,15.542422763930091,16.982500836146098,15.6762432600685,17.820422113049705,16.344910077230814,16.641864068934417,15.329422662025303,16.934625122232795,15.834911278904983,15.617019433037342,15.737964457452467,15.696427434702581,15.587991321452794,15.262574869672303,15.34672908070157,16.45080827611912,15.052524649438727,16.54629343951786,15.10816089572246,15.794360139023976
Q9DBG6,17.615653430863933,16.139607269253244,16.127947533337323,16.82437446137775,15.859236768702775,16.720466769150967,16.944540208724522,17.044588470395762,17.409198252425018,17.673738708612575,16.31549540396195,17.33950008122841,16.818206817494392,17.225621512021274,17.175726879509117,17.325918356658345,17.770493521860175,17.246807424795396,16.952142629741115,17.35642472611182
Q9DBG7,18.106457263159108,16.994082835120732,17.42656305762505,18.152241217156128,17.259788065097705,16.17091975889223,15.811515948934936,16.09526093946561,16.593844040743175,17.666098234860016,17.590341455561234,17.92716344636873,17.844344738337487,17.68437917947841,17.693148773596796,16.32425630004023,17.478425207354842,16.26233331457591,16.51100304257015,17.241396505593773
Q9DBH5,16.19569426277907,15.859236768702775,15.666858031868959,16.021997449345594,14.966552801142763,15.978486584539263,15.478099793465702,15.584089349200644,15.390940114645725,15.907913464931354,15.800953315145218,17.75835794584472,16.645998088606326,15.923160456085046,15.811515948934936,15.642633456787976,15.372041876910476,15.343794472491595,15.422037606039911,15.468680919842276
Q9DBJ1,16.98531392996711,16.566323801314113,17.087049784326272,16.87781368465308,18.21364764186422,17.58028852863376,18.622275947538277,18.19080890636426,16.979922526858495,17.799117059635858,18.688865331389362,15.757144155316078,17.035220393494512,17.44310380814907,17.061944200722756,18.51743738079222,17.87059215832019,18.951325096639316,18.454664213203124,17.83049629610969
Q9DBL1,18.29876602994137,18.514167063758197,18.614298355609993,18.749285183307155,18.72898466951047,17.081270656635375,16.59163716099311,15.631086195556104,17.793981540585406,17.37383959237027,18.348411157473027,18.629563389982003,18.514167063758197,18.82887547524917,18.679375850872386,16.368133187112512,17.47620486106079,16.58837459230723,16.553805626739788,17.030048383696588
Q9DBP5,15.851780380157976,14.915961338591805,15.642633456787976,15.532412706601482,14.122965602463818,13.953949562473236,14.518924946868333,14.619296055769079,14.47552960617359,14.380747771122333,15.359817448018003,15.203312068106726,14.966552801142763,15.010387727874951,15.188842202981718,14.727242330899045,14.46093645921196,14.592657225125063,14.53740175502755,14.53740175502755
Q9DBS1,17.225621512021274,16.334587330977822,16.93629983017057,17.49166880054688,15.925154716909038,15.941678119523658,14.260456353677236,14.3425171860605,16.397164474060425,16.483924620080618,16.513989720796523,16.46821754903481,17.175726879509117,16.785368655465184,16.471415278768113,14.424835467341442,16.711175800387206,15.056502395557676,14.275977086924176,14.265991125321648
Q9DBZ1,16.460010932269192,16.21791391744498,14.450960426339009,14.515542102915552,15.045579692714375,17.024240105006363,15.47441539977441,16.48903053151957,15.319083990332478,15.319083990332478,15.79601277558345,14.396098814985631,14.355109658645091,16.016932364107483,14.46093645921196,15.794360139023976,16.10622722246483,18.23146704142546,16.22890902936907,14.766820262661199
Q9DC51,16.653226417130497,14.69099556115421,15.127312692947154,16.49120142113337,15.226932330793806,16.342710142195553,15.78311485094902,15.848295072584117,15.743935402950592,16.02767846566539,14.949760195107299,15.025521132721678,14.978758858134853,16.351912672819864,15.115875229123228,15.94784060107689,16.29824861008573,16.198100687288626,15.670280194345924,15.811515948934936
Q9DC61,16.896071198881184,17.500956359130683,17.02699335688985,17.4174988667743,17.558003750686517,17.844344738337487,17.83361264206847,17.454568697803854,17.86323756311658,17.325918356658345,17.992397296759187,17.810426546486035,17.554199781535587,17.587084016245143,17.182211998304425,17.73215520255005,17.42656305762505,16.754822487223876,17.68437917947841,17.554199781535587
Q9DC69,20.287058655216576,20.255113016293294,19.26212957792511,18.951325096639316,19.38356789106438,19.439421445372965,19.06413493087259,17.796124080723235,19.965756650739692,20.357578833325334,19.421147519134486,20.173150036308524,20.32428726971539,19.250298328778392,20.14610819689333,18.75353672647069,20.287058655216576,19.767951103545016,18.787890824588672,19.84166327220762
Q9DC70,19.95525363937427,20.26747510445282,20.102767292413223,20.553065900098968,19.565356570331566,19.960509193081236,20.18969561313046,19.79394242013594,20.375852474555902,20.49371741554465,19.45819472017397,19.51116008061792,20.08158833043575,20.26747510445282,19.79394242013594,20.102767292413223,20.461360369751638,20.14610819689333,19.965756650739692,20.357578833325334
Q9DC77,16.332343383587393,16.082544546889245,17.076832889343816,17.693148773596796,18.57234863521773,16.66563303534638,17.445311654377253,18.062925606641805,17.18501895449103,17.47620486106079,16.641864068934417,18.17769432893232,17.897967989483423,17.111976085154247,17.535813263945876,18.074244921381066,16.68090428038275,17.852155108346302,18.10013833524055,17.69599495355393
Q9DCA2,16.300086306127934,16.168834998375143,15.449953890574315,16.766417156471043,16.507308218896206,15.439160168747303,18.086295054480505,18.09130970357867,15.998559263979374,16.806296235562282,15.203312068106726,15.449953890574315,16.259337364402032,16.66343897418977,16.499030736698753,18.188438189377088,17.19691715647509,15.927250839663605,18.059981592639097,16.111357251954335
Q9DCB8,16.11869691998081,16.81093283135739,17.035220393494512,16.698982060708936,17.39294590734506,16.99632150856619,18.29155753130763,17.35642472611182,17.650963318645914,17.035220393494512,17.19691715647509,16.22435989700497,16.01965978169674,17.511615798732674,16.340180531084666,17.6632012656113,17.285499519784647,16.90734169510734,17.917223424827096,16.80389473844276
Q9DCC8,19.122713897315215,19.341665417209892,20.1995787623911,19.550747458740126,20.439140219859453,19.58724806012787,19.77463038618589,19.83406788739486,19.34781045427387,18.87924242072296,19.734998369425703,19.044488544443503,19.545033356238292,20.14610819689333,19.46356318692593,19.95525363937427,19.05842373408581,20.340176269531327,19.4167171666165,19.421147519134486
Q9DCE9,16.538398227481984,15.830567690598183,16.741820142523036,16.206976573942576,16.474579897193422,15.520799340052378,15.67305097522151,14.645259977011458,14.495470089463577,15.402178736393243,16.926708670945615,16.952142629741115,16.49120142113337,16.846016622085706,17.246807424795396,15.678778121243937,14.511400022841844,16.270831575590492,14.552658991718408,14.555697307567666
Q9DCF9,16.448563249979642,16.35457456800458,16.982500836146098,14.35969373918904,16.273488590249436,16.693929445147603,15.212222429792154,15.34672908070157,16.424905881371096,16.760498282662866,16.90734169510734,17.101906011921123,17.25419194947641,17.199668718921735,17.035220393494512,15.422037606039911,16.65806289455072,17.888755084302062,16.808224534344642,16.685174023944533
Q9DCH4,14.653721718334475,14.373802999779727,14.829169325914018,14.785585365627753,14.95921994936345,16.36036459147711,15.468680919842276,15.577601129702632,16.90166610455756,15.681843944807053,14.656808366596525,14.751412418739244,14.675679683646683,14.733792089542609,14.845055069767344,15.636006941528157,16.609707536279277,15.321776172646173,16.27669011398628,15.462572781100917
Q9DCJ5,19.706281182275273,19.480698550016374,19.6552033964088,18.55726760819117,19.003517936108018,20.502017024791027,20.091714389280952,19.23252723829608,20.00442703940837,20.111478237255376,18.85084879159792,19.38356789106438,19.539457286534645,19.310832499133262,19.408071203488337,19.931389365150654,20.26747510445282,20.397139127836336,19.79394242013594,20.131315958109433
Q9DCJ7,13.728621800696644,13.643126264002907,14.401394740888382,13.803370634225143,14.239136142095358,13.496873682630522,14.275977086924176,15.149963912085266,13.946080777784761,14.10915925009022,13.633375800209185,14.045288320450178,14.10915925009022,13.82436664994125,13.087749506414017,15.42504545962997,14.779363205280395,13.78457820739689,15.071312921141082,14.114476873414038
Q9DCL9,16.240476679594664,15.932836704688048,16.609707536279277,15.995851497078707,16.966564087445676,14.524436914793446,13.811601628003093,13.933189616922741,13.839584994213547,13.758144482513714,15.654429717894198,15.010387727874951,15.71741460476323,16.115813493509155,15.750278837626055,13.953949562473236,13.791834288818066,15.85303305121214,13.886311384574958,15.605874091019254
Q9DCM0,16.26541234489624,17.203080746328986,16.890081783255233,17.30735540017094,17.561482262331825,17.001583695950494,18.019457060833666,18.69737413572631,17.765247531841293,17.313610719705427,17.650963318645914,17.042576854856794,16.75813655894027,17.037710162893823,17.31862307330163,18.637662050699568,17.554199781535587,18.79146027810211,18.311485645808958,17.71886856773059
Q9DCM2,16.69630307237967,16.227119043561203,16.524196751485025,17.383086084193213,15.427884399589866,14.555697307567666,14.137130183919183,14.226873189644305,14.779363205280395,15.878448348424161,16.95055949534557,17.793981540585406,16.774641137098122,16.678592707518952,17.377723357057974,14.300528946357957,14.62443189906935,14.226873189644305,14.169024887578292,15.019639960833777
Q9DCN2,18.872441716893498,18.147228745699543,17.41996866473105,18.248247983010657,16.456659033451928,18.30549751157621,17.241396505593773,15.238230910494655,18.152241217156128,18.407858512311783,18.13604858946716,18.262653633647734,18.152241217156128,18.172232268688965,18.25144033584863,15.336221451683153,18.080846345477145,17.943760614616746,16.85622845978967,17.115951302622406
Q9DCS3,17.2669070316608,18.04398079198537,18.16829823528978,18.579172689319417,18.826074357682668,18.13356929777541,18.661117274514584,19.58724806012787,18.395097893155587,17.87059215832019,17.879066972991428,17.35288327889465,17.820422113049705,18.072013605180732,17.888755084302062,19.334839971773405,17.97439179585499,18.826074357682668,18.684816863208106,18.42032813063024
Q9DCS9,19.84166327220762,20.287058655216576,20.255113016293294,19.26212957792511,20.14610819689333,19.46356318692593,20.553065900098968,20.06101432067798,20.450393278249244,20.38746008034168,19.408071203488337,20.013864707227803,20.276047181062605,19.59406065240999,20.013864707227803,20.397139127836336,20.3035476745218,21.466732315982902,20.450393278249244,20.617041747785322
Q9DCT2,19.91224995046066,20.779486658726558,20.74892253114054,18.56897783590532,20.037058103164064,20.246192435607675,20.525462166666408,19.034911068699845,20.71365778907975,20.589683950528062,20.71365778907975,20.11987357426101,20.293605784796455,20.213060597303546,20.276047181062605,19.97355464220379,20.857605579032814,19.99685742738694,20.287058655216576,20.32428726971539
Q9DCT5,15.283322213233806,14.74245400704712,15.89593452593626,15.418603104939601,15.70296752621564,15.130888142873536,16.121404441351434,16.26233331457591,16.18284559477804,16.2100537343874,15.446518577762395,16.058832424729424,15.87513181994738,15.888042193289422,15.356273123715786,16.61820190882106,15.884419480935644,16.421471692334112,16.623559038739177,16.198100687288626
Q9DCU6,16.246698944825305,15.735578279963727,16.198100687288626,14.751412418739244,15.848295072584117,17.478425207354842,16.787786029335575,16.649215759391605,17.64283619916258,17.179197164935637,15.468680919842276,14.953642472499677,15.777536457550315,15.08117573036942,15.596622301187296,16.915725576922526,17.852155108346302,15.971473718228049,16.83334663985811,17.561482262331825
Q9DCV4,16.504267138042373,15.566762205268201,15.356273123715786,15.275488708244358,15.462572781100917,16.34770545001941,15.984670499438124,16.0762417671677,16.814114047234536,16.366254946580064,15.103213421103016,15.593434303665864,16.29522030376555,16.127947533337323,16.15360512349686,16.14224510995184,16.441415540870686,15.840375553227057,15.89593452593626,16.03138389863903
Q9DCW4,21.264885827339874,21.862405058772858,21.434797352083372,21.74693365887078,22.025840215948175,21.57636748852477,21.998585294669542,21.94216407850464,21.542604229589745,21.406859971950645,22.199561392149356,20.924927643555897,21.03251814095913,22.051509267440423,21.62914809131313,21.96480189779124,21.57636748852477,21.658107014466076,21.834591425720966,21.542604229589745
Q9DCX2,21.78090432555921,22.22933874399538,22.199561392149356,21.38127883057511,22.302498667361213,21.686792265063367,22.395892365345478,22.199561392149356,22.395892365345478,22.265403482846978,21.108414634713746,21.78090432555921,21.74693365887078,21.716789525616964,22.086424174001912,22.395892365345478,21.998585294669542,23.007504381532904,22.22933874399538,22.086424174001912
Q9DCZ1,16.07028714623957,15.78311485094902,17.072785140321034,15.816300964002306,16.538398227481984,16.21791391744498,16.70207104070682,16.097835323629056,15.809418026978886,16.370958180740086,15.809418026978886,16.71828984543482,16.578009219037543,15.869663246772415,15.927250839663605,15.315468997917478,15.905608723458263,14.695336035229037,15.923160456085046,16.21264374112578
Q9DCZ4,20.553065900098968,20.183146281197608,20.516602072428185,20.700801579431218,20.3035476745218,20.3035476745218,19.600439312634993,18.961968543500387,20.151135820935497,20.11987357426101,20.350264937321363,21.068613119618927,20.870592525502502,20.31203280886183,20.439140219859453,19.47736473165941,20.255113016293294,20.06101432067798,19.40287900752608,20.05350080830655
Q9DD03,16.87781368465308,16.11869691998081,15.61469005672846,15.59050769044938,15.741560565304336,16.69630307237967,16.227119043561203,16.321836088578138,17.079102203389056,15.934899753348358,17.594061180035187,16.763008427236834,16.18284559477804,17.41218535643221,15.656926184822169,16.332343383587393,16.121404441351434,16.108339936462162,16.15360512349686,16.29522030376555
Q9DD18,17.081270656635375,16.30697863909287,17.70158229840711,17.70674967884954,16.34770545001941,16.19036102096137,18.51743738079222,19.097053476854207,17.281709373291893,18.16521118569236,18.056043985759253,17.210299331116396,16.979922526858495,17.69599495355393,17.511615798732674,18.940754451289063,18.181496184853014,17.680378849380652,19.23747448564327,18.21364764186422
Q9EP69,18.348411157473027,17.246807424795396,17.584181686787865,18.130353779935874,17.47620486106079,17.083955166513153,16.93154694471169,16.628015544109772,17.325918356658345,17.97439179585499,17.648295776658806,17.90240753396987,18.140068047990248,18.1434254692835,18.188438189377088,17.451575243857786,17.54112352966739,17.660026804960843,17.47620486106079,17.62798207841176
Q9EP72,18.9261410847361,17.69599495355393,18.024210207376626,18.329172761972682,18.85084879159792,15.34672908070157,15.980624910186796,18.30815914135994,17.85464612911659,17.457206718666892,17.18501895449103,18.402878997495208,18.997126266878944,18.036984773169642,18.626239694532416,16.136332635890025,18.301966839475945,18.254248057102092,18.514167063758197,18.23146704142546
Q9EP89,16.685174023944533,17.220134823654114,17.22358187073719,17.358820359942055,16.769692416051235,17.765247531841293,17.94675630726936,17.587084016245143,17.844344738337487,18.072013605180732,16.86947840462856,17.698346687382006,17.959806051647202,16.841050004223348,17.445311654377253,18.55726760819117,18.23146704142546,17.106727139790756,17.992397296759187,18.09364616296982
Q9EPJ9,15.215475020312429,16.267589534256963,15.963748578374577,15.311295409527158,16.44534002432181,16.097835323629056,15.881943784170412,15.973505544787937,16.22435989700497,15.593434303665864,16.36036459147711,15.178295921091552,15.24100722327675,15.089277149632872,15.434679876658189,16.471415278768113,15.763314009004318,16.31549540396195,16.30469657248546,15.930362375555934
Q9EQ20,19.37403753540534,19.945017982988453,19.7589643453117,19.702004928382348,20.38746008034168,19.07586113580069,19.779311297230684,19.50574895289755,19.37927991832144,19.391696701735242,19.808599642222,19.748056043631717,19.58724806012787,19.960509193081236,19.856019961643533,19.68123742930542,19.22540486398784,19.322983406091808,19.489415819893583,19.59406065240999
Q9EQH3,18.049996631740363,16.97241147402748,16.02767846566539,17.648295776658806,14.890357016202097,16.6716372196514,15.418603104939601,15.534587295886373,15.336221451683153,15.185354275029912,16.777266686145666,16.35457456800458,16.59163716099311,16.48903053151957,16.07028714623957,15.593434303665864,15.315468997917478,15.297677903815082,15.372041876910476,15.393862260050932
Q9EQI8,16.96354293553974,17.494042434587506,18.11797275702317,18.30549751157621,17.891761713101424,18.529294810872006,20.255113016293294,20.805818273720142,19.31688579109933,19.018045522220042,17.500956359130683,16.18284559477804,17.06601543367322,17.597024764323443,16.952142629741115,20.76511997495633,19.1351768758582,19.20195092901277,20.397139127836336,19.7589643453117
Q9EQK5,16.58535434737975,17.888755084302062,16.687964776367842,16.70207104070682,17.409198252425018,18.661117274514584,18.91925231201697,17.19691715647509,17.905931819264087,16.79027606429046,17.57662844066921,16.89332719907149,16.567981286725523,16.59871463476447,16.763008427236834,17.905931819264087,17.5043151855268,19.103663795414896,18.48267100735208,18.067636604510092
Q9EQP2,17.33950008122841,17.46528192331689,16.428136181983106,16.841050004223348,16.668493118118167,16.46543791465465,14.853748912406697,16.370958180740086,15.10004197931255,15.690685011902678,16.793454712036656,16.829913750250615,16.653226417130497,16.898675748115725,16.896071198881184,15.788824770921277,15.41012522490404,17.08987074951222,15.59050769044938,15.269927550078975
Q9ER00,16.108339936462162,15.76750925415978,16.021997449345594,14.87385320121751,15.056502395557676,15.442638359072728,15.575425213956857,15.670280194345924,15.45502866138806,15.2891617443386,15.87513181994738,14.870081030669045,15.188842202981718,16.362669500066467,14.907515023251563,15.743935402950592,15.46558578726117,15.422037606039911,15.506551846886342,14.853748912406697
Q9ER41,14.515542102915552,15.30051921708017,15.546311011901873,15.188842202981718,16.251051677362213,14.836839379985031,15.321776172646173,15.94784060107689,15.422037606039911,15.25291076267798,15.279527373933542,14.804441003453238,14.705408871168178,15.147061046917482,14.86698558829572,16.418303733852664,15.405411312803832,16.058832424729424,15.746777501940187,15.498881193272101
Q9ER60,15.25291076267798,13.711533354560277,13.652399849661482,13.549270547188026,14.355109658645091,14.253721318747711,13.973782996108477,14.073658495565468,13.994946425764871,13.917975885149204,13.614740642450451,15.249244462213529,14.72202022124876,14.495470089463577,14.705408871168178,14.10915925009022,13.96015911609131,14.08232449851108,14.045288320450178,14.03450478540999
Q9ER72,13.719552549375294,14.122965602463818,13.52364304963227,13.407850262011028,14.53740175502755,15.365109032161234,16.00124053740221,13.846950111107319,16.387790646744357,15.010387727874951,14.057060942124656,14.890357016202097,14.4987274339632,14.441374702621863,14.429752851758172,13.872036713214507,15.207975163955378,16.300086306127934,13.803370634225143,15.995851497078707
Q9ER88,15.757144155316078,15.737964457452467,16.685174023944533,16.999691241811075,16.746171474409955,17.721080309621776,18.45017797765226,17.963939655500543,18.301966839475945,18.09364616296982,16.242273639791314,16.013559000510934,17.001583695950494,15.91345634926184,16.021997449345594,18.74305245106579,18.55726760819117,17.092715795188454,18.45017797765226,18.884170672470745
Q9ERD7,17.16068008131952,16.26541234489624,14.978758858134853,16.26541234489624,15.08117573036942,14.933044202684439,15.605874091019254,15.705083730230644,15.504319954149427,15.32669447364538,14.791495295256553,15.647046052546145,14.804441003453238,15.770030517963258,14.944990304492626,15.78311485094902,15.504319954149427,15.45502866138806,15.537445307962363,15.642633456787976
Q9ERF3,12.620838124279555,13.004781440199277,13.711533354560277,12.620838124279555,12.620838124279555,12.620838124279555,13.313881043529065,12.975513409365107,12.74310901533909,12.876150995395088,12.824136995799364,12.620838124279555,11.838927065954136,12.74310901533909,12.620838124279555,13.004781440199277,12.975513409365107,13.330600938345935,13.690663510281889,11.838927065954136
Q9ERG0,14.28633067059334,15.471360942979416,15.67305097522151,14.48733773741946,16.085461076507418,17.241396505593773,16.785368655465184,15.194804531318502,14.973703136480356,14.861652606662267,16.332343383587393,14.363775627886259,14.31535159704524,14.41531166554509,14.434993212831833,15.292237428594898,14.978758858134853,15.729934176835012,15.065253731898377,15.089277149632872
Q9ERI6,17.612279190457876,17.087049784326272,17.092715795188454,18.793824082452442,17.12125179015954,17.981692152974038,17.27865571961508,16.725472251363733,18.463027013396697,18.377998196352735,16.48714026421141,17.02699335688985,17.24474772074774,17.229432104662298,17.229432104662298,17.734970182160698,18.15734860652636,18.499674445412197,17.238741308058717,18.007235921607688
Q9ERK4,16.760498282662866,18.198187229296455,16.220651392307765,17.85464612911659,17.12677407889876,16.474579897193422,13.989171963932938,14.090224770988595,14.005240663069339,15.12391128922533,15.869663246772415,17.148137805751453,17.166596287268096,14.653721718334475,15.971473718228049,14.122965602463818,13.973782996108477,14.099789020173262,14.057060942124656,14.045288320450178
Q9ERR7,15.306068801325093,14.47552960617359,15.514854820376925,15.65176970848288,15.155252106707929,15.306068801325093,16.362669500066467,16.31140174350425,15.191676221021856,16.024994656892396,16.59871463476447,15.275488708244358,15.162577066677898,15.504319954149427,15.382465551635125,16.282459613960587,15.873126298641903,15.681843944807053,15.45502866138806,15.937743787073416
Q9ERS2,18.552335107410464,19.16530833970769,18.884170672470745,17.304793614767682,19.1351768758582,18.710263974402853,18.937647466272757,18.194695948219703,19.23252723829608,19.250298328778392,18.16829823528978,19.0854050504248,19.039189930955697,18.89249845473423,19.274803546974578,18.52254697208366,19.26212957792511,20.02903419202015,18.539456527810977,19.20938396057736
Q9ES74,17.42656305762505,16.95455758979811,17.19691715647509,17.97439179585499,16.720466769150967,14.387950443331835,15.041589418121031,15.144277405546159,14.919730295601003,14.825407733139537,15.439160168747303,16.370958180740086,16.99632150856619,16.81093283135739,16.51597275232473,15.24100722327675,14.923057040878486,14.989882816397337,14.99244415944482,15.035141491993437
Q9ES83,15.47441539977441,14.944990304492626,15.001179738394976,15.387948646838893,15.87513181994738,14.978758858134853,15.089277149632872,15.182263399732554,14.966552801142763,14.857134232139689,15.502012976062119,16.01123952872343,15.365109032161234,15.546311011901873,15.127312692947154,15.279527373933542,14.962063782381401,15.022830958760903,15.045579692714375,15.08117573036942
Q9ESB3,15.34672908070157,15.910778846355502,15.786485149932307,15.678778121243937,15.824182184474855,15.539714091504873,16.09347049120067,16.81093283135739,16.00124053740221,14.925511054505955,16.301723153649952,15.62550380598837,15.662378708686493,16.130618089249857,15.095695370956111,16.614893324200175,16.016932364107483,16.66343897418977,16.593844040743175,15.158685294076179
Q9ESP1,15.052524649438727,14.796198876121887,15.207975163955378,15.162577066677898,15.311295409527158,15.219239195269179,15.85303305121214,17.612279190457876,15.757144155316078,15.564074872854784,15.001179738394976,16.366254946580064,15.022830958760903,15.056502395557676,16.144542022921534,17.622285844580013,15.737964457452467,17.47620486106079,15.772626224322593,15.91345634926184
Q9ESW4,16.173206043577068,16.55137108546443,16.96354293553974,16.65806289455072,16.11869691998081,15.600086279386511,14.816195787907578,14.910714443596529,16.66563303534638,15.336221451683153,16.25362378937894,16.039383739696685,16.387790646744357,16.22435989700497,16.173206043577068,15.014580672957644,16.474579897193422,16.179445358549913,14.771562607145128,15.442638359072728
Q9ET22,13.459178614880875,12.876150995395088,13.109707555396417,14.073658495565468,13.736966157778886,13.028719820976708,12.921331928532961,13.087749506414017,12.824136995799364,12.975513409365107,14.275977086924176,13.917975885149204,13.614740642450451,13.791834288818066,13.643126264002907,12.74310901533909,12.620838124279555,13.109707555396417,13.028719820976708,12.620838124279555
Q9ET30,15.577601129702632,15.944375519519488,15.550162481051467,17.666098234860016,15.633335140571507,16.97434640382524,16.125825506001735,16.206976573942576,16.079291429801394,15.809418026978886,16.342710142195553,15.788824770921277,15.816300964002306,16.12362162315233,16.02767846566539,16.240476679594664,16.36036459147711,17.0213242191599,16.037168165463562,16.1652186825075
Q9ET78,19.98119932773872,19.91224995046066,20.63034790549067,20.41039484084969,20.779486658726558,19.421147519134486,20.857605579032814,21.22581550263428,19.91224995046066,20.824668874193524,20.589683950528062,19.98871169320379,20.26747510445282,20.670586440403092,20.3035476745218,21.48241549278334,20.824668874193524,20.74892253114054,21.312752627099353,21.246489872929224
Q9ET80,18.12524047716429,18.130353779935874,18.626239694532416,18.502644190664434,18.36368084835582,18.147228745699543,19.044488544443503,19.550747458740126,18.514167063758197,19.545033356238292,18.73120648651043,18.644300593555197,19.0854050504248,18.77624733322788,18.647629502202797,19.779311297230684,19.574639633404903,17.998613465705397,19.42787621286776,19.51948616791665
Q9JHI5,19.965756650739692,20.357578833325334,20.091714389280952,20.641864882497476,20.08158833043575,19.034911068699845,18.7469593396453,18.161697103703474,19.003517936108018,19.45819472017397,20.236587854097916,20.375852474555902,19.931389365150654,20.3035476745218,20.369485073973614,18.79146027810211,19.42787621286776,18.872441716893498,18.496141197857362,19.268161802531562
Q9JHJ0,15.772626224322593,14.653721718334475,15.085046757346536,15.035141491993437,15.194804531318502,17.584181686787865,17.64539592994067,17.368742017929026,16.130618089249857,16.54629343951786,15.743935402950592,14.989882816397337,14.923057040878486,15.993501799324372,15.061139700327832,17.49166880054688,16.380650004696243,15.564074872854784,16.787786029335575,16.639477413014212
Q9JHS4,15.788824770921277,15.907913464931354,16.438725055416505,16.144542022921534,15.509521293447989,14.1515990732055,16.31140174350425,16.559201263243565,16.27669011398628,16.220651392307765,15.321776172646173,16.273488590249436,16.22890902936907,16.687964776367842,15.662378708686493,14.95921994936345,14.680883599188178,14.775499690343585,16.783324830756815,16.206976573942576
Q9JHU4,16.649215759391605,17.076832889343816,16.19569426277907,16.81656309906331,16.829913750250615,16.238817824352793,15.819247213119016,15.315468997917478,15.794360139023976,16.222612867761242,15.873126298641903,16.158297537349718,16.370958180740086,15.699835390189406,16.23347695387089,14.434993212831833,15.42504545962997,15.941678119523658,16.03431155983341,15.617019433037342
Q9JHW2,14.857134232139689,14.450960426339009,15.006871282022777,14.169024887578292,14.28040136377894,14.248738773014216,14.737392090904624,14.833253758200758,15.130888142873536,14.434993212831833,14.582650763501414,14.33556237049331,14.146594214456846,13.623938867813456,14.675679683646683,14.925511054505955,14.800177315895255,14.757050975785557,14.695336035229037,14.226873189644305
Q9JI39,15.982617858091317,15.869663246772415,16.04892681270931,16.24508727723093,16.25362378937894,16.83334663985811,16.885962247829426,16.982500836146098,16.96354293553974,16.441415540870686,15.46558578726117,16.86199249986609,16.593844040743175,16.390896523419872,15.379720975112624,17.138246728247502,16.994082835120732,17.281709373291893,16.741820142523036,16.865476847872582
Q9JI48,17.487682536857637,16.924261907615875,15.279527373933542,15.226932330793806,15.379720975112624,15.279527373933542,15.930362375555934,16.021997449345594,15.830567690598183,15.623232095838185,15.899214616436035,15.226932330793806,15.117895499462918,17.2669070316608,16.814114047234536,16.073784802715032,15.816300964002306,15.798304112643843,15.848295072584117,15.973505544787937
Q9JI91,14.733792089542609,17.70158229840711,15.188842202981718,15.811515948934936,18.58348846784302,15.468680919842276,15.70296752621564,14.62443189906935,15.111827938804348,17.330801363230428,14.35969373918904,19.22046835326541,18.688865331389362,15.226932330793806,16.54629343951786,14.637108714417446,15.439160168747303,14.203368106121394,15.442638359072728,16.746171474409955
Q9JI99,14.05004635577146,13.86477773999987,14.265991125321648,14.265991125321648,14.391863026184504,15.878448348424161,15.932836704688048,16.479737186173647,15.976498132726078,14.666037441115648,14.073658495565468,14.1515990732055,14.122965602463818,14.18366768490463,14.28040136377894,16.393977145986078,15.678778121243937,17.032288885952582,16.11869691998081,15.681843944807053
Q9JIF9,15.390940114645725,16.725472251363733,16.30697863909287,16.282459613960587,18.95472545504847,15.171162715763884,15.971473718228049,15.33976203365576,14.275977086924176,16.039383739696685,16.02767846566539,19.16530833970769,18.471715071718833,16.19569426277907,17.527716637189165,15.405411312803832,14.785585365627753,12.74310901533909,14.666037441115648,16.27669011398628
Q9JII6,17.281709373291893,16.783324830756815,17.061944200722756,17.680378849380652,16.711175800387206,17.304793614767682,15.973505544787937,16.061497848221492,15.881943784170412,16.566323801314113,17.30141000380968,16.612233441917926,16.566323801314113,17.371049351203318,17.361429718890584,16.125825506001735,15.881943784170412,16.90166610455756,15.878448348424161,16.016932364107483
Q9JIK9,17.173027615381965,16.51100304257015,16.97241147402748,16.301723153649952,16.896071198881184,17.98829922347533,17.633302005278566,17.917223424827096,18.475116441287344,18.502644190664434,16.623559038739177,16.760498282662866,16.989068549121225,16.75813655894027,16.994082835120732,18.072013605180732,18.783882482644593,16.95055949534557,17.83049629610969,18.692788423569027
Q9JIQ3,14.940995594646205,15.600086279386511,15.960724643761818,15.827583560317256,15.59050769044938,14.506879351747846,15.600086279386511,16.690339479527285,15.73263953828744,15.279527373933542,15.546311011901873,15.077862658066376,15.147061046917482,15.811515948934936,15.791663948852058,16.711175800387206,15.198676850409475,16.601578912139423,16.161261421102417,15.297677903815082
Q9JIW9,16.0762417671677,15.302806723278135,15.79601277558345,15.76750925415978,14.039372800388751,15.617019433037342,14.401394740888382,14.48733773741946,14.373802999779727,14.260456353677236,14.915961338591805,13.86477773999987,13.839584994213547,15.352651301839472,15.25291076267798,14.603319521362218,14.363775627886259,14.48733773741946,14.41531166554509,14.424835467341442
Q9JIY5,15.869663246772415,15.504319954149427,16.201859750574574,15.134133639824118,15.271877341830166,16.51597275232473,15.809418026978886,15.888042193289422,17.092715795188454,17.123962244735186,16.59163716099311,16.999691241811075,16.636251849009206,16.318682633493573,16.532303449186387,15.978486584539263,17.042576854856794,15.654429717894198,15.721820317041937,15.856121102274775
Q9JJI8,19.22540486398784,19.088696595805597,19.051816513941663,18.36368084835582,18.258331325723095,19.7852576534075,17.98829922347533,17.169262625709532,19.36781822229532,19.067381533572725,18.82887547524917,18.787890824588672,18.644300593555197,18.73465024705768,18.496141197857362,17.784134571194787,19.45331986229829,18.89249845473423,18.525854919879848,18.96816998174542
Q9JJL8,15.631086195556104,16.84355177219885,16.749015158910076,16.566323801314113,16.413187547665455,15.984670499438124,15.560062879765315,18.640308249604978,18.72898466951047,15.726681081032652,15.941678119523658,16.474579897193422,15.834911278904983,16.704488174661353,15.954570831544121,18.688865331389362,17.005131623186923,17.334270289259177,17.325918356658345,17.693148773596796
Q9JJV2,17.98829922347533,16.404276581737186,17.72892478646335,18.13356929777541,17.19691715647509,16.053166412677005,16.883436687236518,17.558003750686517,16.563811757202675,17.081270656635375,17.75835794584472,15.006871282022777,14.940995594646205,17.712185611519836,17.940259383047355,17.690454633187283,16.785368655465184,17.19391351441193,17.64283619916258,17.334270289259177
Q9JJZ2,17.95005833609027,18.30549751157621,17.678756085671203,15.185354275029912,19.06413493087259,16.848483841971486,18.487104314023583,17.361429718890584,17.62798207841176,17.19691715647509,16.800842178201734,17.383086084193213,16.63141210740998,17.917223424827096,17.06601543367322,18.30549751157621,17.030048383696588,16.800842178201734,17.824170072409693,17.690454633187283
Q9JK37,15.271877341830166,15.442638359072728,16.246698944825305,17.008008482948355,19.721322795429067,15.33320736025556,15.275488708244358,14.524436914793446,14.9367958209861,16.994082835120732,16.09081354753402,19.98119932773872,19.16530833970769,16.54087236582678,17.572070148932653,14.28633067059334,15.496169175752641,13.767500755213135,14.239136142095358,16.769692416051235
Q9JK42,18.056043985759253,18.539456527810977,17.64539592994067,18.471715071718833,17.39001238932805,17.712185611519836,16.841050004223348,16.760498282662866,17.80772018021429,17.712185611519836,17.538195898734124,18.58348846784302,18.380215367975342,17.932923069622174,18.30549751157621,17.19391351441193,17.836101908657188,16.793454712036656,17.182211998304425,17.70158229840711
Q9JK48,14.919730295601003,15.843090928927955,16.456659033451928,16.00904466443058,16.818206817494392,16.173206043577068,17.101906011921123,16.728743286387406,16.09347049120067,15.980624910186796,16.227119043561203,15.851780380157976,15.498881193272101,16.15594742921315,15.923160456085046,16.633687158690016,15.580907294084653,17.188533071242286,15.418603104939601,16.836260442110852
Q9JK53,19.802381269583726,19.23747448564327,18.98593416380268,17.81746538244362,18.254248057102092,19.250298328778392,17.612279190457876,17.383086084193213,18.407858512311783,18.370078823069214,19.63249390499406,19.1351768758582,18.771725671942427,19.75410703050845,19.097053476854207,16.338017838992194,18.42032813063024,18.454664213203124,17.422254590645732,17.97015125270846
Q9JK92,13.923539073176169,16.037168165463562,16.55691743267369,15.319083990332478,17.998613465705397,15.384267903535005,16.01965978169674,16.111357251954335,15.937743787073416,15.708856930318902,15.834911278904983,17.138246728247502,16.456659033451928,16.387790646744357,16.251051677362213,16.15594742921315,15.925154716909038,15.884419480935644,15.925154716909038,16.065145679545807
Q9JKB1,15.486586153627849,15.925154716909038,13.989171963932938,13.923539073176169,14.017539902157285,15.471360942979416,14.35969373918904,14.429752851758172,14.329504467601879,14.226873189644305,13.711533354560277,13.846950111107319,13.811601628003093,15.25291076267798,14.321467241527959,14.524436914793446,14.329504467601879,14.441374702621863,14.373802999779727,14.396098814985631
Q9JKB3,16.144542022921534,16.387790646744357,17.079102203389056,16.800842178201734,14.877765007010717,16.18284559477804,17.030048383696588,17.670685290626956,16.53415410684763,15.147061046917482,17.017948097470708,15.944375519519488,16.65806289455072,16.766417156471043,16.37458468825991,16.814114047234536,16.168834998375143,16.53415410684763,17.24474772074774,16.18284559477804
Q9JKF7,16.238817824352793,16.282459613960587,15.884419480935644,15.379720975112624,15.951831547470999,17.847799513901272,18.95472545504847,18.846594247842646,18.370078823069214,18.172232268688965,16.628015544109772,16.397164474060425,16.09347049120067,16.35457456800458,16.390896523419872,19.034911068699845,18.09364616296982,17.361429718890584,18.82108478641925,18.58348846784302
Q9JKL4,17.4174988667743,17.670685290626956,18.111954491112115,17.673738708612575,16.90925047217575,17.166596287268096,17.897967989483423,17.47620486106079,18.33982683347122,17.83361264206847,17.024240105006363,17.678756085671203,17.281709373291893,17.885262923691034,17.285499519784647,18.194695948219703,17.98829922347533,17.687931372744202,18.58348846784302,17.6632012656113
Q9JKP5,17.092715795188454,16.89332719907149,17.460208108813042,17.91382045657661,18.036984773169642,17.1626813000877,17.157336803185128,17.775965345639673,16.90734169510734,16.48714026421141,17.533413733517648,16.237094254631142,16.016932364107483,17.079102203389056,17.135035808976614,17.515169072149675,16.63141210740998,16.668493118118167,17.633302005278566,17.371049351203318
Q9JKR6,16.641864068934417,16.707129212252685,16.237094254631142,18.10358233583293,17.276636320853832,17.08987074951222,16.713438186894475,17.590341455561234,17.024240105006363,17.650963318645914,18.024210207376626,17.790925289665676,17.920402409528123,17.42656305762505,17.895306208186973,15.821530359657421,17.21340660266442,17.710019680976686,17.30141000380968,17.538195898734124
Q9JL56,17.930067881647798,17.188533071242286,18.499674445412197,18.51743738079222,18.846594247842646,16.841050004223348,16.133871220497703,16.214653890022383,17.215907063364714,17.648295776658806,18.839314764187378,18.380215367975342,18.254248057102092,18.30549751157621,18.704627247880417,17.259788065097705,18.24597604353273,17.920402409528123,17.554199781535587,17.670685290626956
Q9JLB0,17.138246728247502,16.989068549121225,16.452900984150567,16.609707536279277,15.688008406216317,16.934625122232795,14.771562607145128,14.877765007010717,16.329688354536522,16.471415278768113,15.504319954149427,15.859236768702775,15.951831547470999,15.971473718228049,15.529758455657156,14.978758858134853,16.678592707518952,16.09347049120067,15.593434303665864,16.204566547262473
Q9JLH8,13.699518704216942,15.743935402950592,15.010387727874951,15.973505544787937,17.784134571194787,16.66343897418977,15.798304112643843,16.103960719082302,16.641864068934417,16.240476679594664,15.019639960833777,19.02380500564057,18.10013833524055,15.468680919842276,16.301723153649952,14.511400022841844,14.30730686002357,14.396098814985631,14.355109658645091,16.01965978169674
Q9JLJ1,16.29522030376555,15.584089349200644,15.052524649438727,16.728743286387406,14.970550303254583,14.800177315895255,15.48143631191096,15.59050769044938,15.919773363359813,15.238230910494655,14.661276568861515,14.757050975785557,14.680883599188178,15.593434303665864,14.850310004406982,15.647046052546145,15.37612457553998,15.34672908070157,15.42504545962997,15.471360942979416
Q9JLR9,22.302498667361213,22.625915030671056,22.91306083021744,22.051509267440423,22.435774052327275,21.862405058772858,22.051509267440423,22.156111094101366,21.51139630587692,21.286548796855786,22.543406628988592,22.199561392149356,22.302498667361213,22.625915030671056,22.543406628988592,22.113140596776518,21.48241549278334,22.435774052327275,22.625915030671056,21.74693365887078
Q9JLT4,15.279527373933542,16.800842178201734,16.291331503620277,17.001583695950494,17.27865571961508,16.87781368465308,18.106457263159108,18.79146027810211,17.55157545207064,17.008008482948355,17.040107305366032,16.639477413014212,16.821344257321776,16.720466769150967,16.704488174661353,17.80772018021429,17.169262625709532,16.48714026421141,18.36368084835582,16.75813655894027
Q9JLV1,14.680883599188178,15.486586153627849,15.566762205268201,15.458171745577143,16.678592707518952,15.639869158783554,16.042010774422412,15.834911278904983,16.25653582328419,15.372041876910476,16.474579897193422,16.476013686607416,16.738653938253197,16.079291429801394,16.013559000510934,16.693929445147603,15.620460329038966,15.049041827219796,15.990727084368192,15.560062879765315
Q9JLZ3,17.86323756311658,18.278303594270902,18.09130970357867,18.42032813063024,17.86323756311658,18.714949639421224,20.102767292413223,19.98871169320379,19.46356318692593,19.691825325953484,18.080846345477145,18.352961934754212,18.23146704142546,18.282788689007585,18.07730493463513,19.893719389206932,19.63249390499406,17.897967989483423,20.183146281197608,19.77463038618589
Q9JMG1,17.95638335560423,17.790925289665676,19.527304879775166,19.117650399712225,19.25664609055196,18.47854005534154,19.893719389206932,19.545033356238292,19.16530833970769,19.40287900752608,19.117650399712225,18.436976726954587,18.759320948958464,19.173638167996735,18.96816998174542,19.38356789106438,19.727161245671432,18.09364616296982,20.102767292413223,19.63249390499406
Q9JMG3,16.168834998375143,15.59050769044938,16.99632150856619,16.858956303892118,16.641864068934417,14.531574197485403,15.760018465620925,16.44534002432181,15.149963912085266,15.827583560317256,16.448563249979642,15.399578467104721,16.609707536279277,16.760498282662866,16.300086306127934,16.428136181983106,16.00904466443058,16.846016622085706,15.993501799324372,16.11869691998081
Q9JMH3,15.462572781100917,14.985452886859395,16.415673505322054,16.93897973615989,16.404276581737186,15.207975163955378,15.851780380157976,15.934899753348358,15.753830936774014,15.560062879765315,16.287645393904377,15.127312692947154,15.019639960833777,16.45080827611912,16.1875776383686,16.021997449345594,15.73263953828744,15.721820317041937,15.763314009004318,15.905608723458263
Q9QUH0,16.79027606429046,16.885962247829426,17.001583695950494,17.58028852863376,17.169262625709532,17.597024764323443,18.040558140844034,18.651603023412967,17.635246893770123,17.810426546486035,17.660026804960843,16.620638262245475,15.976498132726078,17.612279190457876,16.734380303872307,18.633201950403677,17.70158229840711,18.210297767040252,17.978783110405505,17.56888122260806
Q9QUI0,20.870592525502502,20.484376405916862,20.939585313942462,21.108414634713746,20.857605579032814,20.151135820935497,20.369485073973614,19.91224995046066,19.95525363937427,20.276047181062605,21.16447481325955,20.213060597303546,20.6521141682204,20.641864882497476,20.213060597303546,20.045768994085144,19.706281182275273,20.525462166666408,20.18969561313046,19.965756650739692
Q9QUJ7,14.825407733139537,14.387950443331835,14.195536530975028,14.28040136377894,14.401394740888382,14.925511054505955,14.86698558829572,14.953642472499677,15.173778990882408,14.821263604570499,14.062436400060017,14.680883599188178,14.785585365627753,14.391863026184504,14.401394740888382,15.052524649438727,14.816195787907578,14.833253758200758,14.821263604570499,14.87385320121751
Q9QUR6,14.686990880815307,13.967834079718006,15.219239195269179,14.321467241527959,15.390940114645725,13.652399849661482,14.989882816397337,15.092328701255036,14.86698558829572,14.953642472499677,14.907515023251563,14.982257922584854,14.424835467341442,14.899768173062478,15.049041827219796,15.185354275029912,15.006871282022777,14.28040136377894,14.933044202684439,14.978758858134853
Q9QXS1,15.798304112643843,17.523111509759765,16.37458468825991,16.883436687236518,17.827677395424935,17.33658040106376,17.71886856773059,17.142533078774907,16.942231875025136,16.69630307237967,16.115813493509155,17.99567063694154,17.558003750686517,16.321836088578138,16.707129212252685,17.032288885952582,16.479737186173647,15.336221451683153,17.19391351441193,16.922027893751135
Q9QXT0,16.34770545001941,16.127947533337323,16.841050004223348,16.501873074232574,16.661205585863478,16.45080827611912,16.46821754903481,17.28867597650831,15.735578279963727,16.30697863909287,16.606386975129716,16.17091975889223,15.600086279386511,16.95455758979811,16.806296235562282,17.13279688304349,16.22435989700497,17.12677407889876,16.934625122232795,16.52880337831991
Q9QY80,23.950971049206274,22.302498667361213,22.48836372406036,23.54270572200917,22.543406628988592,21.596772717102628,21.801532783027568,21.74693365887078,21.834591425720966,22.199561392149356,22.796844790397937,22.700828530240337,23.16822471813418,22.796844790397937,23.713836007455864,21.905151502965776,22.700828530240337,21.716789525616964,22.113140596776518,22.700828530240337
Q9QYA2,16.222612867761242,15.623232095838185,15.422037606039911,13.767500755213135,15.525005206405755,15.127312692947154,14.239136142095358,14.321467241527959,15.941678119523658,15.723802320798422,15.329422662025303,16.334587330977822,16.25362378937894,15.049041827219796,16.746171474409955,14.401394740888382,15.434679876658189,15.471360942979416,14.265991125321648,14.248738773014216
Q9QYB5,15.019639960833777,16.53415410684763,14.355109658645091,14.387950443331835,16.48714026421141,17.101906011921123,14.99244415944482,17.037710162893823,14.870081030669045,14.766820262661199,14.211538964026158,14.275977086924176,14.260456353677236,14.30730686002357,14.35969373918904,15.188842202981718,14.861652606662267,14.949760195107299,14.9367958209861,14.985452886859395
Q9QYC0,15.49377535040316,16.85186738879242,14.48733773741946,16.11869691998081,16.065145679545807,16.991715572503388,16.95761746780643,16.95055949534557,16.301723153649952,14.62443189906935,16.056047364008677,15.800953315145218,15.446518577762395,15.34957795524513,14.511400022841844,15.359817448018003,15.035141491993437,15.077862658066376,15.115875229123228,15.155252106707929
Q9QYF1,15.226932330793806,14.86698558829572,15.843090928927955,15.881943784170412,15.79601277558345,14.757050975785557,15.2891617443386,15.628136529075363,15.001179738394976,15.546311011901873,14.899768173062478,15.446518577762395,15.856121102274775,15.164972122641009,14.996463323954822,15.688008406216317,15.362371936910312,15.685182939271854,15.656926184822169,15.368670021996522
Q9QYG0,19.498871012520596,18.679375850872386,19.193705484012746,19.51116008061792,19.539457286534645,17.905931819264087,18.012846241865773,17.46528192331689,17.73215520255005,18.7469593396453,18.763965563509743,18.826074357682668,18.7073015155592,19.352586344562038,19.034911068699845,17.35288327889465,18.529294810872006,18.490659285459596,18.4399254482473,18.467727291894597
Q9QYI3,13.777446941234263,14.140774969377352,14.53740175502755,13.699518704216942,14.491691849767449,13.897945585338055,14.146594214456846,14.239136142095358,12.876150995395088,14.039372800388751,14.203368106121394,13.758144482513714,13.352337124021167,13.535981701700322,13.830232428651678,14.31535159704524,14.105350340092958,14.239136142095358,14.18366768490463,14.18366768490463
Q9QYI4,16.797554568629657,15.259568635207625,17.1626813000877,17.199668718921735,16.687964776367842,16.046206000705748,16.471415278768113,17.10432362749829,16.418303733852664,17.11861925428686,17.11861925428686,16.896071198881184,17.377723357057974,17.58028852863376,17.678756085671203,17.39294590734506,16.93154694471169,16.4963255057543,17.54112352966739,17.076832889343816
Q9QYJ0,17.12677407889876,17.36436604495036,16.668493118118167,17.932923069622174,15.30051921708017,17.33950008122841,16.158297537349718,15.925154716909038,17.229432104662298,16.6716372196514,17.251737751366313,17.74135870295587,17.383086084193213,16.95761746780643,17.911361722190914,16.4963255057543,16.45080827611912,16.58265206101555,17.047448565596195,16.428136181983106
Q9QYR9,16.125825506001735,16.693929445147603,16.204566547262473,16.499030736698753,16.84355177219885,16.926708670945615,17.087049784326272,16.90925047217575,17.2669070316608,17.657428131816634,16.00124053740221,16.03431155983341,16.242273639791314,16.039383739696685,15.984670499438124,17.035220393494512,16.93629983017057,17.497179088344158,17.35288327889465,17.31601303867988
Q9QZ23,15.103213421103016,16.039383739696685,16.016932364107483,16.220651392307765,16.22890902936907,15.777536457550315,16.821344257321776,17.148137805751453,16.201859750574574,16.03431155983341,15.827583560317256,15.028207656308023,15.372041876910476,15.995851497078707,15.33976203365576,17.09520084335489,15.397084425394757,17.005131623186923,16.95055949534557,15.203312068106726
Q9QZ47,18.395097893155587,20.38746008034168,19.922304646269655,20.276047181062605,22.796844790397937,19.6552033964088,19.945017982988453,19.767951103545016,20.08158833043575,19.848324430086176,19.6552033964088,22.435774052327275,21.716789525616964,19.734998369425703,20.779486658726558,18.50596603701357,17.64539592994067,17.49900907660442,17.603524959974784,19.38356789106438
Q9QZ83,15.362371936910312,19.646816894697274,15.498881193272101,15.434679876658189,19.480698550016374,13.839584994213547,16.108339936462162,16.1875776383686,16.058832424729424,15.721820317041937,18.657031606976034,18.496141197857362,18.09364616296982,18.147228745699543,18.265457180337698,16.23347695387089,16.013559000510934,16.524196751485025,16.016932364107483,16.150802664772357
Q9QZ88,15.275488708244358,14.996463323954822,15.414149481143511,15.33976203365576,15.520799340052378,16.59625088151106,17.203080746328986,16.999691241811075,16.808224534344642,16.563811757202675,15.162577066677898,15.41012522490404,15.262574869672303,15.271877341830166,15.34957795524513,16.161261421102417,16.09081354753402,17.203080746328986,17.27865571961508,16.07028714623957
Q9QZD9,15.158685294076179,14.890357016202097,15.045579692714375,15.431928984807248,16.097835323629056,15.379720975112624,16.499030736698753,16.58265206101555,16.321836088578138,15.67305097522151,14.982257922584854,14.355109658645091,14.515542102915552,15.215475020312429,14.929283524179317,16.553805626739788,15.418603104939601,17.087049784326272,17.33658040106376,14.989882816397337
Q9QZE5,14.01009255170475,13.746756349989221,12.921331928532961,14.30730686002357,13.872036713214507,13.131169062970418,13.028719820976708,13.161066056532908,13.192136661784113,12.352961733292972,13.803370634225143,13.82436664994125,13.803370634225143,12.876150995395088,13.575266306728485,13.161066056532908,13.161066056532908,13.192136661784113,13.109707555396417,13.087749506414017
Q9QZF2,16.713438186894475,16.02767846566539,16.63141210740998,17.263106002509925,16.649215759391605,16.774641137098122,17.259788065097705,17.787609002813973,17.35288327889465,17.882647677021478,17.285499519784647,16.55137108546443,17.092715795188454,17.076832889343816,16.332343383587393,17.017948097470708,17.409198252425018,15.6762432600685,17.710019680976686,17.507192106131466
Q9QZH6,16.655626642759334,16.829913750250615,17.225621512021274,14.05004635577146,16.808224534344642,17.603524959974784,17.33658040106376,17.40363371243514,18.13356929777541,17.445311654377253,16.668493118118167,16.85395423118609,17.35288327889465,17.235594799084517,16.68090428038275,17.69599495355393,17.749541610941733,17.753047660760767,17.432504936631602,17.454568697803854
Q9QZJ6,16.387790646744357,19.922304646269655,17.765247531841293,18.067636604510092,18.56512310901136,20.870592525502502,20.79028777744073,20.870592525502502,19.034911068699845,19.113367864576386,18.61011649476,18.348411157473027,18.51033699178351,17.35288327889465,16.982500836146098,19.558106854721593,18.329172761972682,18.88803098980167,19.498871012520596,18.672591168463025
Q9QZQ8,15.115875229123228,16.60387501599841,15.049041827219796,15.207975163955378,15.368670021996522,15.266985490755014,15.907913464931354,15.998559263979374,15.814011417767002,15.608703369262836,15.041589418121031,17.27865571961508,16.93897973615989,15.111827938804348,16.113710259561945,16.678592707518952,15.79601277558345,15.78311485094902,15.830567690598183,17.10927450519619
Q9R049,15.292237428594898,13.923539073176169,14.30730686002357,14.33556237049331,15.51185413975083,16.21264374112578,14.919730295601003,15.006871282022777,14.791495295256553,15.323878207902379,14.989882816397337,14.211538964026158,14.169024887578292,15.866492560276251,14.695336035229037,15.10816089572246,15.741560565304336,14.883048296370884,14.861652606662267,15.34672908070157
Q9R059,13.96015911609131,13.728621800696644,14.169024887578292,14.146594214456846,15.144277405546159,14.105350340092958,15.262574869672303,14.791495295256553,14.613728201454895,14.907515023251563,13.953949562473236,16.865476847872582,15.34672908070157,15.12391128922533,14.949760195107299,14.88678289775594,14.211538964026158,14.72202022124876,15.359817448018003,14.592657225125063
Q9R062,16.922027893751135,15.212222429792154,17.229432104662298,17.721080309621776,18.45017797765226,14.561294032891018,15.925154716909038,13.407850262011028,14.899768173062478,14.87385320121751,16.749015158910076,17.0213242191599,16.46243108644962,16.979922526858495,17.157336803185128,13.427473657833062,15.532412706601482,15.144277405546159,15.08117573036942,15.809418026978886
Q9R069,15.41012522490404,15.723802320798422,14.836839379985031,15.753830936774014,16.23347695387089,15.746777501940187,16.079291429801394,16.044449650011757,16.14224510995184,15.811515948934936,16.30697863909287,15.678778121243937,14.791495295256553,15.788824770921277,14.829169325914018,15.982617858091317,15.851780380157976,16.111357251954335,15.984670499438124,15.798304112643843
Q9R099,16.728743286387406,15.62550380598837,15.919773363359813,16.46543791465465,16.0762417671677,16.222612867761242,14.727242330899045,14.825407733139537,16.03431155983341,15.458171745577143,15.840375553227057,15.873126298641903,16.085461076507418,16.734380303872307,16.787786029335575,14.919730295601003,16.26233331457591,14.74245400704712,15.144277405546159,14.757050975785557
Q9R0E1,16.30697863909287,15.552969674347779,15.998559263979374,14.648984409954318,14.796198876121887,14.661276568861515,15.336221451683153,15.462572781100917,15.259568635207625,15.115875229123228,15.791663948852058,14.648984409954318,14.603319521362218,14.641849387528998,16.17681671145689,15.506551846886342,15.24100722327675,18.17769432893232,17.169262625709532,15.32669447364538
Q9R0G6,13.549270547188026,13.437700531367991,14.211538964026158,13.575266306728485,15.130888142873536,14.511400022841844,14.005240663069339,14.10915925009022,14.02509180878422,13.93852089806406,14.28040136377894,14.073658495565468,13.535981701700322,13.767500755213135,13.699518704216942,14.146594214456846,13.994946425764871,14.114476873414038,14.073658495565468,14.062436400060017
Q9R0P3,19.1351768758582,18.33678165279604,19.173638167996735,19.013169795939113,18.884170672470745,17.71603560983471,19.47736473165941,18.25144033584863,17.820422113049705,19.550747458740126,19.160105526144985,18.843418222302148,18.71980096434951,18.72898466951047,19.40287900752608,19.579730556332454,19.193705484012746,18.11451610645798,19.46356318692593,18.974389618446466
Q9R0P5,17.920402409528123,17.15064329231176,16.969539343991375,17.660026804960843,17.292205479672383,17.210299331116396,16.113710259561945,16.201859750574574,16.053166412677005,15.798304112643843,18.04398079198537,16.898675748115725,16.44534002432181,17.251737751366313,17.487682536857637,16.237094254631142,16.66563303534638,15.995851497078707,16.35457456800458,16.15360512349686
Q9R0P6,17.31025505872205,16.18284559477804,15.2891617443386,16.293702306638277,15.387948646838893,17.515169072149675,15.934899753348358,16.02767846566539,15.843090928927955,17.703901703131272,16.158297537349718,16.966564087445676,16.924261907615875,16.282459613960587,16.82437446137775,16.082544546889245,15.830567690598183,17.454568697803854,15.851780380157976,15.982617858091317
Q9R0X4,17.304793614767682,17.558003750686517,16.85186738879242,17.943760614616746,16.71828984543482,17.06601543367322,15.772626224322593,15.827583560317256,15.628136529075363,16.31549540396195,17.083955166513153,18.322521618207993,18.329172761972682,17.435891899816728,16.969539343991375,15.930362375555934,16.48903053151957,15.596622301187296,15.67305097522151,15.786485149932307
Q9R0Y5,20.183146281197608,20.340176269531327,20.49371741554465,20.60394420818158,20.700801579431218,18.030644644693705,19.23747448564327,18.884170672470745,18.787890824588672,19.439421445372965,20.779486658726558,20.525462166666408,20.151135820935497,20.183146281197608,20.516602072428185,19.329185453489227,19.4468059321889,19.003517936108018,18.89696239254644,19.4468059321889
Q9R112,18.407858512311783,18.161697103703474,17.911361722190914,18.467727291894597,17.95005833609027,18.52254697208366,17.31862307330163,16.524196751485025,18.51033699178351,18.614298355609993,17.229432104662298,18.7469593396453,18.296495335466297,18.07730493463513,18.69737413572631,17.30141000380968,18.905955329526073,17.745887408214095,16.620638262245475,18.210297767040252
Q9R1P3,15.639869158783554,15.207975163955378,15.539714091504873,15.496169175752641,15.798304112643843,15.164972122641009,15.987853976938865,15.642633456787976,15.134133639824118,14.561294032891018,15.633335140571507,15.777536457550315,15.362371936910312,14.796198876121887,15.593434303665864,15.721820317041937,15.442638359072728,15.612774878484334,15.478099793465702,15.182263399732554
Q9R1P4,17.445311654377253,16.734380303872307,17.790925289665676,17.827677395424935,18.030644644693705,16.858956303892118,17.12677407889876,16.924261907615875,16.806296235562282,16.92919371305154,17.62798207841176,16.59625088151106,16.46543791465465,17.31025505872205,17.460208108813042,16.746171474409955,16.991715572503388,17.368742017929026,16.944540208724522,16.641864068934417
Q9R1Q7,20.805818273720142,20.76511997495633,20.84050959246877,22.025840215948175,19.545033356238292,20.79028777744073,20.56442076484551,21.246489872929224,20.331214124513856,20.439140219859453,22.302498667361213,18.974389618446466,19.98119932773872,21.33193899713133,21.0038293301104,20.889285386325295,20.357578833325334,21.434797352083372,20.924927643555897,20.397139127836336
Q9WTI7,15.856121102274775,17.001583695950494,14.711241610381103,15.449953890574315,14.146594214456846,18.1434254692835,17.953543654779324,16.989068549121225,16.966564087445676,16.26233331457591,15.647046052546145,15.608703369262836,15.509521293447989,15.178295921091552,14.524436914793446,16.707129212252685,16.113710259561945,16.09526093946561,16.413187547665455,16.227119043561203
Q9WTK3,17.70158229840711,15.639869158783554,15.930362375555934,17.454568697803854,16.883436687236518,15.431928984807248,15.62550380598837,15.729934176835012,15.973505544787937,16.507308218896206,16.201859750574574,17.19691715647509,16.6716372196514,17.368742017929026,16.321836088578138,16.158297537349718,16.27669011398628,16.161261421102417,15.804180097448219,16.43436391937086
Q9WTP6,18.749285183307155,18.7469593396453,19.59406065240999,19.29167119847474,19.646816894697274,18.402878997495208,18.679375850872386,19.40287900752608,18.499674445412197,18.58348846784302,19.02380500564057,18.315346572616036,19.178235370780055,18.88803098980167,18.723395011021903,19.37403753540534,18.7073015155592,19.646816894697274,19.039189930955697,18.75353672647069
Q9WTP7,16.097835323629056,16.479737186173647,15.770030517963258,16.085461076507418,16.21791391744498,15.821530359657421,15.130888142873536,17.008008482948355,15.91345634926184,15.753830936774014,15.623232095838185,16.121404441351434,16.25653582328419,15.73263953828744,16.042010774422412,16.46821754903481,15.502012976062119,16.51597275232473,16.438725055416505,16.067821762657353
Q9WTQ8,16.342710142195553,15.49377535040316,16.111357251954335,15.365109032161234,14.686990880815307,15.623232095838185,14.791495295256553,14.899768173062478,16.51597275232473,16.100081154888752,15.049041827219796,15.726681081032652,15.723802320798422,15.168455584868656,15.737964457452467,14.99244415944482,16.357763628245788,15.546311011901873,15.534587295886373,16.242273639791314
Q9WTR5,18.325851712263123,18.348411157473027,18.76759134965433,16.85395423118609,19.40287900752608,18.301966839475945,19.20195092901277,19.16530833970769,18.282788689007585,17.765247531841293,19.59406065240999,18.15516598004831,18.33982683347122,19.103663795414896,18.016227110704456,19.06413493087259,17.844344738337487,17.827677395424935,18.61011649476,17.978783110405505
Q9WTZ1,16.042010774422412,15.995851497078707,16.097835323629056,16.07028714623957,16.800842178201734,15.269927550078975,15.919773363359813,16.01123952872343,15.819247213119016,15.61469005672846,15.794360139023976,15.741560565304336,15.925154716909038,15.78311485094902,15.633335140571507,16.07028714623957,15.800953315145218,15.788824770921277,15.840375553227057,15.954570831544121
Q9WU78,14.966552801142763,16.136332635890025,14.850310004406982,15.382465551635125,15.259568635207625,15.37612457553998,13.388551323513123,13.508795569801222,14.137130183919183,13.300699006898574,14.08232449851108,14.829169325914018,14.653721718334475,14.434993212831833,14.02509180878422,13.508795569801222,13.352337124021167,13.535981701700322,13.427473657833062,13.472695105067398
Q9WUA2,17.19691715647509,17.361429718890584,17.175726879509117,16.04892681270931,15.49377535040316,18.27399173833169,17.90240753396987,17.34744983267199,18.13604858946716,17.775965345639673,16.479737186173647,15.963748578374577,17.371049351203318,16.80389473844276,16.826278137591675,17.5305385305905,18.007235921607688,18.502644190664434,17.515169072149675,17.940259383047355
Q9WUB3,20.13781572475612,18.626239694532416,18.552335107410464,19.0854050504248,18.56897783590532,18.282788689007585,18.33982683347122,17.22358187073719,18.062925606641805,18.723395011021903,18.59745793039929,19.83406788739486,19.20938396057736,19.22046835326541,19.965756650739692,17.698346687382006,18.704627247880417,17.787609002813973,17.648295776658806,18.688865331389362
Q9WUM3,15.025521132721678,16.097835323629056,15.185354275029912,15.144277405546159,15.2891617443386,18.09130970357867,16.95455758979811,17.650963318645914,15.726681081032652,16.83334663985811,16.222612867761242,15.10004197931255,15.001179738394976,15.041589418121031,15.696427434702581,16.97434640382524,15.708856930318902,17.19691715647509,16.79027606429046,17.625249119756884
Q9WUM5,19.31688579109933,20.236587854097916,20.450393278249244,20.824668874193524,20.375852474555902,20.525462166666408,20.037058103164064,19.945017982988453,20.79028777744073,20.246192435607675,20.07209177342391,19.63890817200848,20.484376405916862,19.808599642222,19.818511964341873,20.525462166666408,20.516602072428185,20.516602072428185,20.516602072428185,20.577969344699195
Q9WUQ2,18.19080890636426,17.182211998304425,17.888755084302062,17.790925289665676,17.799117059635858,16.751910700204583,16.329688354536522,16.494154354786193,17.22358187073719,17.460208108813042,17.796124080723235,17.920402409528123,18.019457060833666,17.778793335019355,17.97439179585499,16.806296235562282,17.56888122260806,16.81656309906331,17.101906011921123,17.648295776658806
Q9WUR2,19.848324430086176,20.375852474555902,20.670586440403092,20.213060597303546,20.357578833325334,18.525854919879848,18.194695948219703,19.527304879775166,18.901813342549907,18.1434254692835,20.369485073973614,19.856019961643533,20.102767292413223,20.05350080830655,19.98119932773872,19.103663795414896,18.11797275702317,19.243443307244604,18.42032813063024,18.91925231201697
Q9WUR9,17.690454633187283,19.113367864576386,18.436976726954587,18.74305245106579,18.499674445412197,16.100081154888752,15.631086195556104,16.751910700204583,15.514854820376925,16.07028714623957,17.920402409528123,18.016227110704456,17.72669570533258,18.194695948219703,17.943760614616746,15.816300964002306,15.529758455657156,16.875415935757488,15.566762205268201,15.666858031868959
Q9WUU7,17.19122070489221,16.952142629741115,16.918627187329072,17.519675847328124,17.251737751366313,17.734970182160698,17.472432416418748,17.422254590645732,16.793454712036656,16.818206817494392,18.370078823069214,15.915778897513027,15.788824770921277,17.959806051647202,17.313610719705427,17.675710978247704,16.59163716099311,18.475116441287344,17.660026804960843,16.538398227481984
Q9WUZ7,15.038141619234867,15.688008406216317,15.80730916658695,16.01965978169674,16.329688354536522,14.373802999779727,15.031051227113869,15.134133639824118,14.910714443596529,14.816195787907578,16.01965978169674,16.93629983017057,16.058832424729424,15.321776172646173,16.424905881371096,15.229753977939973,14.910714443596529,15.856121102274775,14.982257922584854,15.031051227113869
Q9WV35,17.166596287268096,16.25362378937894,16.79027606429046,16.601578912139423,17.97015125270846,16.01965978169674,15.286559135065534,15.811515948934936,15.608703369262836,16.19569426277907,16.690339479527285,19.99685742738694,19.07991006217845,17.06601543367322,17.920402409528123,15.907913464931354,15.631086195556104,15.566762205268201,15.659569902510864,15.506551846886342
Q9WV55,19.088696595805597,18.12524047716429,18.81530147431623,19.341665417209892,18.763965563509743,18.73465024705768,18.02677899116964,17.838488567264722,18.73916576183946,19.672208865901176,19.38356789106438,19.113367864576386,19.297752672549333,19.25664609055196,19.25664609055196,18.4399254482473,19.341665417209892,17.847799513901272,18.036984773169642,18.82887547524917
Q9WV60,16.397164474060425,15.517907274934771,15.737964457452467,16.66343897418977,17.06601543367322,15.173778990882408,15.737964457452467,16.291331503620277,15.311295409527158,15.434679876658189,15.566762205268201,15.78311485094902,15.681843944807053,16.058832424729424,15.907913464931354,16.227119043561203,15.794360139023976,14.970550303254583,15.279527373933542,15.520799340052378
Q9WV98,19.691825325953484,19.50574895289755,20.013864707227803,19.663669211930547,18.50596603701357,19.702004928382348,19.86456083372228,20.553065900098968,19.702004928382348,19.702004928382348,19.334839971773405,18.73120648651043,18.763965563509743,19.088696595805597,19.067381533572725,20.131315958109433,19.882251481588618,20.255113016293294,20.131315958109433,19.68123742930542
Q9WVA2,20.255113016293294,20.700801579431218,21.286548796855786,21.48241549278334,21.434797352083372,20.983915003878874,21.716789525616964,22.435774052327275,21.068613119618927,20.71365778907975,21.125332749829006,20.06101432067798,20.41039484084969,21.068613119618927,20.246192435607675,22.051509267440423,20.84050959246877,22.156111094101366,22.025840215948175,21.312752627099353
Q9WVA4,17.515169072149675,16.86199249986609,16.01123952872343,17.249717783411466,16.83334663985811,18.012846241865773,16.54087236582678,16.653226417130497,16.504267138042373,16.259337364402032,17.670685290626956,16.00124053740221,16.35457456800458,16.90734169510734,17.27306637301551,16.668493118118167,16.401238476283474,17.6632012656113,16.532303449186387,16.65806289455072
Q9WVJ3,16.858956303892118,16.999691241811075,17.564585857108266,18.704627247880417,17.90240753396987,17.042576854856794,16.267589534256963,16.351912672819864,16.237094254631142,15.966826290328532,19.067381533572725,15.654429717894198,16.68090428038275,18.622275947538277,16.494154354786193,16.380650004696243,16.15594742921315,18.007235921607688,16.220651392307765,16.357763628245788
Q9WVK4,13.388551323513123,14.05004635577146,12.824136995799364,14.406009524164423,12.824136995799364,13.67511327356875,12.975513409365107,13.109707555396417,13.131169062970418,13.004781440199277,12.74310901533909,13.25457301002281,13.459178614880875,13.352337124021167,11.838927065954136,13.109707555396417,13.109707555396417,13.131169062970418,13.056525365969318,13.028719820976708
Q9WVL0,16.368133187112512,15.840375553227057,16.51597275232473,16.79027606429046,16.046206000705748,15.927250839663605,15.566762205268201,15.654429717894198,16.287645393904377,16.549028599607304,16.428136181983106,16.841050004223348,16.19369810558993,16.30469657248546,16.578009219037543,15.735578279963727,16.85622845978967,15.705083730230644,15.496169175752641,16.085461076507418
Q9WVQ5,16.580028597084656,14.260456353677236,16.51100304257015,14.656808366596525,14.804441003453238,14.666037441115648,15.343794472491595,15.468680919842276,15.262574869672303,15.130888142873536,17.824170072409693,14.656808366596525,16.321836088578138,17.409198252425018,16.073784802715032,15.51185413975083,15.245852991145478,15.229753977939973,15.292237428594898,15.343794472491595
Q9WVT6,16.452900984150567,15.418603104939601,15.45502866138806,16.749015158910076,15.642633456787976,14.705408871168178,15.379720975112624,15.502012976062119,15.315468997917478,15.162577066677898,15.729934176835012,16.410648780816693,15.47441539977441,16.40707162096719,15.788824770921277,16.98531392996711,15.286559135065534,15.266985490755014,16.59625088151106,16.79027606429046
Q9Z0N1,15.944375519519488,16.78044367973605,16.59625088151106,15.845655265924204,16.17681671145689,15.275488708244358,15.556164559079173,15.306068801325093,15.681843944807053,15.620460329038966,16.04892681270931,16.387790646744357,16.55691743267369,15.446518577762395,15.48143631191096,14.9367958209861,15.919773363359813,15.915778897513027,15.737964457452467,15.750278837626055
Q9Z0V7,19.018045522220042,18.661117274514584,19.727161245671432,18.407858512311783,18.843418222302148,18.38748437571025,18.016227110704456,18.402878997495208,18.539456527810977,18.140068047990248,18.644300593555197,18.42933449937419,18.855741593294095,18.974389618446466,18.539456527810977,18.329172761972682,18.33982683347122,18.395097893155587,18.15516598004831,18.749285183307155
Q9Z0X1,19.960509193081236,19.734998369425703,20.151135820935497,19.160105526144985,20.045768994085144,20.045768994085144,20.13781572475612,19.938712598864875,20.213060597303546,19.882251481588618,19.25664609055196,19.109332588812208,19.43351784910502,19.63249390499406,19.439421445372965,20.13781572475612,19.871418784677353,20.16274276991077,19.97355464220379,20.246192435607675
Q9Z130,16.273488590249436,15.215475020312429,15.612774878484334,16.321836088578138,15.737964457452467,15.605874091019254,18.13604858946716,18.525854919879848,16.204566547262473,15.925154716909038,15.399578467104721,15.602560768202446,15.496169175752641,16.636251849009206,15.654429717894198,16.329688354536522,16.11869691998081,16.10622722246483,18.490659285459596,16.293702306638277
Q9Z1E4,17.259788065097705,15.804180097448219,16.746171474409955,17.5043151855268,16.97241147402748,15.656926184822169,15.22346468772049,15.356273123715786,15.925154716909038,16.133871220497703,15.919773363359813,16.90166610455756,16.716125582424148,16.51597275232473,17.02699335688985,16.21264374112578,15.87513181994738,16.02958742623676,16.329688354536522,16.606386975129716
Q9Z1G4,16.43436391937086,15.25291076267798,15.685182939271854,16.03431155983341,15.219239195269179,16.441415540870686,14.978758858134853,15.085046757346536,14.857134232139689,15.951831547470999,15.529758455657156,15.639869158783554,15.757144155316078,15.804180097448219,15.149963912085266,15.173778990882408,14.853748912406697,14.940995594646205,14.925511054505955,14.970550303254583
Q9Z1J3,16.58837459230723,16.606386975129716,16.760498282662866,17.39001238932805,16.401238476283474,16.836260442110852,17.19391351441193,16.623559038739177,17.523111509759765,17.251737751366313,16.144542022921534,16.846016622085706,16.87781368465308,16.61820190882106,16.63141210740998,17.28867597650831,17.225621512021274,17.153192146135545,17.215907063364714,17.448392040985702
Q9Z1M4,14.355109658645091,14.099789020173262,14.467600920295348,14.524436914793446,14.592657225125063,15.688008406216317,17.330801363230428,17.74135870295587,15.035141491993437,16.065145679545807,14.363775627886259,14.410378302048182,14.363775627886259,14.450960426339009,14.47552960617359,17.2989241082415,16.21791391744498,15.045579692714375,17.489184669478796,15.737964457452467
Q9Z1P6,19.20938396057736,19.882251481588618,20.641864882497476,20.131315958109433,19.91224995046066,20.450393278249244,20.68644520397291,21.542604229589745,20.350264937321363,20.013864707227803,19.274803546974578,19.489415819893583,20.11987357426101,19.848324430086176,19.539457286534645,21.125332749829006,20.16274276991077,21.57636748852477,21.046382325782645,20.76511997495633
Q9Z1Q2,18.377998196352735,17.810426546486035,18.24597604353273,17.635246893770123,17.963939655500543,17.587084016245143,17.276636320853832,17.06601543367322,18.342414565049175,18.651603023412967,18.18472297779476,18.688865331389362,18.248247983010657,18.024210207376626,18.59745793039929,17.799117059635858,18.40005578364228,18.282788689007585,17.142533078774907,18.11451610645798
Q9Z1Q9,13.999659370928047,14.265991125321648,13.879506402985996,13.953949562473236,15.279527373933542,15.399578467104721,14.3425171860605,14.406009524164423,15.198676850409475,14.195536530975028,14.114476873414038,14.420608989402496,14.446452133127915,14.265991125321648,14.10915925009022,14.502381903135184,14.300528946357957,15.171162715763884,14.347682149278148,14.367576734743116
Q9Z1T2,16.037168165463562,16.21264374112578,16.474579897193422,16.09526093946561,16.69630307237967,15.958288048495424,16.56990338029312,16.362669500066467,15.509521293447989,15.566762205268201,16.85622845978967,16.69630307237967,16.11869691998081,15.628136529075363,16.058832424729424,15.198676850409475,15.111827938804348,16.413187547665455,15.915778897513027,15.24100722327675
Q9Z1Z0,14.829169325914018,15.966826290328532,15.596622301187296,15.656926184822169,15.971473718228049,14.896906612156863,13.917975885149204,14.01009255170475,13.933189616922741,13.830232428651678,14.766820262661199,15.022830958760903,15.431928984807248,14.619296055769079,14.62443189906935,14.039372800388751,13.886311384574958,14.017539902157285,13.97905257179841,13.967834079718006
Q9Z204,15.001179738394976,15.178295921091552,15.584089349200644,15.556164559079173,17.91382045657661,17.30735540017094,17.54112352966739,18.46028536348611,17.31025505872205,17.12677407889876,15.362371936910312,16.68090428038275,16.85186738879242,15.471360942979416,15.431928984807248,17.54112352966739,17.1409186454281,17.31862307330163,19.067381533572725,16.26541234489624
Q9Z239,20.889285386325295,21.14146272984866,21.38127883057511,21.35303781379885,20.6521141682204,20.08158833043575,21.434797352083372,21.51139630587692,20.02903419202015,20.173150036308524,21.286548796855786,20.226670591130407,20.07209177342391,21.434797352083372,20.79028777744073,21.16447481325955,20.470602950874202,21.542604229589745,21.658107014466076,21.33193899713133
Q9Z247,17.41996866473105,17.787609002813973,17.615653430863933,17.90936310010048,17.435891899816728,17.330801363230428,16.19369810558993,16.29522030376555,16.17091975889223,15.89593452593626,18.140068047990248,15.566762205268201,16.52880337831991,17.535813263945876,17.810426546486035,16.31140174350425,16.097835323629056,17.59922353105862,16.12362162315233,16.259337364402032
Q9Z266,16.085461076507418,15.08117573036942,15.147061046917482,15.681843944807053,15.198676850409475,14.599270640412508,15.117895499462918,15.22346468772049,15.234078346116831,14.543658907601387,15.830567690598183,15.234078346116831,15.414149481143511,15.191676221021856,15.384267903535005,15.323878207902379,15.092328701255036,15.038141619234867,14.48138612488762,15.117895499462918
Q9Z2C5,16.362669500066467,16.238817824352793,17.12677407889876,17.59922353105862,17.888755084302062,15.791663948852058,16.563811757202675,16.90459719162573,16.448563249979642,16.966564087445676,17.02699335688985,16.623559038739177,16.90734169510734,15.958288048495424,17.235594799084517,17.05920804603228,17.31025505872205,16.044449650011757,16.678592707518952,17.292205479672383
Q9Z2G6,16.549028599607304,15.976498132726078,16.90459719162573,15.194804531318502,15.356273123715786,15.25291076267798,15.888042193289422,15.987853976938865,15.800953315145218,15.605874091019254,16.338017838992194,15.188842202981718,15.085046757346536,16.774641137098122,16.614893324200175,16.058832424729424,15.777536457550315,15.76750925415978,15.821530359657421,15.941678119523658
Q9Z2I0,18.1434254692835,18.593601147770293,18.535362894273316,17.48161098242767,18.23146704142546,18.395097893155587,17.68437917947841,17.49900907660442,18.633201950403677,18.50596603701357,17.932923069622174,18.46028536348611,18.6681894006985,18.152241217156128,18.053371364474067,17.810426546486035,18.601838602185495,18.552335107410464,17.943760614616746,18.25144033584863
Q9Z2I8,17.879066972991428,18.55726760819117,17.638617854956586,17.891761713101424,18.329172761972682,17.610289029684264,17.02699335688985,16.521450904560936,18.278303594270902,17.847799513901272,18.23890332629359,18.47854005534154,18.147228745699543,18.345830547556012,18.11451610645798,16.65806289455072,17.856799493298915,16.19369810558993,16.725472251363733,17.992397296759187
Q9Z2I9,19.533161115479267,19.903938293102694,19.825705424439974,19.721322795429067,19.439421445372965,19.7589643453117,19.071950184196773,18.56164854968247,19.818511964341873,19.767951103545016,19.931389365150654,19.721322795429067,19.767951103545016,19.871418784677353,19.903938293102694,19.28591908300357,19.77463038618589,19.558106854721593,19.097053476854207,19.527304879775166
Q9Z2P8,18.69737413572631,18.019457060833666,18.375162630633092,17.775965345639673,18.325851712263123,16.82437446137775,16.161261421102417,16.25362378937894,17.734970182160698,17.885262923691034,18.345830547556012,18.09364616296982,18.345830547556012,18.33678165279604,18.48267100735208,17.042576854856794,17.30141000380968,15.763314009004318,16.085461076507418,17.70674967884954
Q9Z2Q5,16.04892681270931,16.746171474409955,17.432504936631602,14.953642472499677,16.738653938253197,17.885262923691034,19.109332588812208,19.322983406091808,18.23146704142546,17.865897729771294,16.96354293553974,14.9367958209861,16.915725576922526,16.55137108546443,16.504267138042373,19.173638167996735,17.92716344636873,17.784134571194787,18.951325096639316,18.47854005534154
Q9Z2U1,18.258331325723095,17.561482262331825,18.36368084835582,19.07991006217845,18.33678165279604,17.123962244735186,15.963748578374577,16.04892681270931,15.869663246772415,16.93897973615989,18.254248057102092,15.286559135065534,15.173778990882408,18.40005578364228,17.344088522086913,16.111357251954335,16.890081783255233,18.36744383225511,15.869663246772415,17.246807424795396
Q9Z2Y8,15.881943784170412,16.430217662668,16.636251849009206,14.766820262661199,18.053371364474067,14.766820262661199,15.45502866138806,17.435891899816728,15.372041876910476,15.212222429792154,16.563811757202675,17.005131623186923,15.520799340052378,16.042010774422412,16.404276581737186,15.617019433037342,15.352651301839472,16.079291429801394,17.035220393494512,15.427884399589866
Q9Z2Z6,18.81530147431623,17.610289029684264,17.603524959974784,18.040558140844034,17.135035808976614,18.29155753130763,17.454568697803854,17.400481803234207,18.377998196352735,18.543744335807425,16.969539343991375,18.614298355609993,18.106457263159108,18.130353779935874,18.097294795222542,17.386934271424803,18.626239694532416,18.21364764186422,17.19691715647509,17.666098234860016
S4R261,14.811795353353224,15.951831547470999,15.379720975112624,14.86698558829572,15.035141491993437,16.572772230787997,15.564074872854784,15.65176970848288,15.117895499462918,15.612774878484334,15.845655265924204,15.045579692714375,14.757050975785557,15.696427434702581,15.262574869672303,15.729934176835012,15.45502866138806,15.402178736393243,15.49377535040316,15.552969674347779
S4R2K0,17.123962244735186,16.48903053151957,17.235594799084517,16.93629983017057,15.891418540093472,16.26541234489624,15.91345634926184,16.00589716555891,16.829913750250615,16.044449650011757,16.518949691130903,17.489184669478796,16.922027893751135,17.169262625709532,17.210299331116396,16.067821762657353,16.460010932269192,15.843090928927955,15.149963912085266,16.476013686607416
W6PPR4,19.16530833970769,19.63249390499406,19.352586344562038,19.579730556332454,19.51948616791665,18.771725671942427,17.63102142942152,17.737500887304087,17.56888122260806,17.344088522086913,18.872441716893498,19.281832168516452,18.76759134965433,17.276636320853832,19.0079271919845,17.678756085671203,17.44310380814907,17.5305385305905,17.657428131816634,17.710019680976686
