protein,VEH_F1,VEH_F2,VEH_F3,VEH_F4,VEH_F5,VEH_M1,VEH_M2,VEH_M3,VEH_M4,VEH_M5,PAS_F1,PAS_F2,PAS_F3,PAS_F4,PAS_F5,PAS_M1,PAS_M2,PAS_M3,PAS_M4,PAS_M5
A0A0A0MQE1,1.70234589540617,1.9709865879281965,3.5803876160663766,2.1505420947394343,1.3845003343203146,1.8745694101796935,3.539400259559354,1.5594436066708504,5.482656469432496,3.206118254256002,2.0838697535654545,2.927834419788259,3.408538178583711,3.377164803329999,7.66385273299262,5.105404761040453,2.969236993736255,1.929920757376459,4.769135724141622,5.2481525794313635
A0A0G2JFH2,3.008139561373474,3.634785972873754,6.354307508450538,4.044361388849847,2.5769699195413143,3.695897493063537,6.747046308607456,2.971798805002684,11.466253557586812,5.929432118465117,3.8491647259267916,5.313629308868177,5.9464301723985145,6.243584407311794,13.374608587188519,9.704529173870744,5.070765578862148,3.5057395757034215,9.378220419057778,10.451465489682917
A0A0G2JGL0,1.7455639046128304,2.6632671998641597,3.6468557969026625,2.3336844648499944,1.549211798941187,1.9268950932610198,3.6381971007293537,1.602973044152729,5.979324019436316,3.2956120477546236,2.1428068170282035,2.7563020366019795,3.2084990073149053,3.678914493044041,8.671118026099894,5.231525371774457,3.0425871002589937,1.977596269109822,4.886949362502299,5.717887470042903
A0A0R4J083,3.8533630700069654,4.188187952002715,8.022831962485116,4.51952673623396,2.8595405682784265,3.9287096165827258,7.2616696615790035,3.0546305664941658,12.299828705577674,6.649049160279757,4.151125144254791,6.0469305487431555,7.217153381755282,7.431420729781643,15.737121741405366,10.441088957956001,6.137978358310727,3.8515034954539704,9.699051294259087,11.280864854487932
A0A0R4J0D3,2.851006143848767,2.539483629045708,5.024599415650158,2.6859766040995714,1.4032090596411828,2.5994888019585183,3.8160455280508345,1.6875842595718573,8.058364041106797,4.725074807462874,3.063709098933099,4.069628109103008,5.015519115578997,4.977057401366866,11.268755399728839,6.093983566350037,4.36425620406479,2.3056053636235037,5.685662929702734,7.729647454907163
A0A0R4J0I1,2.5751970775426156,2.5978212040950837,5.159997227180812,2.4855834253469085,1.9915283791739542,2.612408617718741,3.3815942025243086,1.4899149778946648,7.209445848721367,3.7373587361389444,2.891302393405524,3.197956635372789,4.242327650138196,4.731542107443235,9.548172449781074,4.672143693999718,3.2090257762485455,2.079462254373708,4.365686693550684,5.1020843376686535
A0A0R4J0P1,3.520690394521768,3.742143062048039,6.708152040571636,3.9974323446362803,2.2360659201226634,3.2071197632989903,4.689448676276483,1.7312262132899958,9.43999662741456,5.213769239903359,3.7483675798309375,5.383644621292806,6.38193345217351,6.567070766076643,14.307715674580955,6.712394516786871,4.654502881390169,2.3710015791399313,5.817266952315435,8.500424830503672
A0A0R4J1J1,1.7022407218741975,1.8074088948298956,3.610543856635265,2.085862997199877,1.395988033681871,1.7287167379633153,3.3281862572827534,1.4276566980450092,5.324088288484785,2.956729599135807,1.9126950582484517,2.707968515475148,3.128609089574837,3.3122171016154676,7.096629166768039,4.793816632910831,2.7287782539473344,1.8121356993104882,4.478070442810518,5.0924760587479865
A0A0U1RPL0,2.1939487041845163,2.3294777663814665,3.715522982417237,2.1635611261081262,1.4487338870954234,1.7883753750363747,4.1969101826784,1.8491394790609064,5.555147603827242,3.050718875745992,1.9882048249612239,3.0347948311787682,3.2523228830316278,3.4144336558403605,7.347415630608523,6.052826658445347,2.831679129523992,1.8424992243542573,5.654155390207608,5.314417607642151
A0A1B0GRA5,1.8001903608324585,1.9113953816765072,3.787191206520846,2.205876891517883,1.464366995120257,1.7166199565591294,3.2411887487139244,1.4280527896872333,5.626817028710028,2.935987438773585,2.020154300577789,2.8383142873469165,3.3043202668343663,3.468336424693695,7.429526260487368,4.662290656735088,2.7115632116782145,1.762437002412514,4.606325291266061,5.095798673728204
A0A1B0GSX6,3.2943156825279667,3.716326078668529,7.380032274625492,3.8379166594085103,2.7500763630834717,3.053066012695107,5.558277682120724,1.7917994094972087,8.775848336050641,4.644894741313801,4.000470706529882,5.624939337896455,6.555932449607633,6.649235149581711,14.4885238643434,7.405343038901823,3.7172324934158656,2.6232178639407318,7.19631492921797,6.985730018321803
A0A1D5RLF1,2.92764172119284,2.924300281683733,6.159716011190721,3.3758212540290398,2.0459720327766924,1.827942097124371,4.1815837212627764,1.5398449932629428,5.6583230118385455,4.281344765251048,3.489412588490421,4.984514950272852,6.080140983172701,5.313872553295146,12.83025367220261,6.047879199674321,2.9195448069600958,1.8987648807471595,5.670946458258527,6.587359149826064
A0A1W2P7M9,2.196206539997777,1.8742751191004776,3.7168730315238143,2.69113831569528,1.438182790491519,1.9449578254138102,3.672301593485273,1.617999328067165,6.035374257249233,3.3265051451039755,2.167788071750351,3.4592605237640925,4.027215980939975,4.227114428645913,9.054905236444423,5.282413724177915,3.072183104019495,1.996832841371745,4.934485938101954,5.7735067879093025
A0A286YCW8,2.2566857108237146,2.3960902910118733,4.74755362869551,2.2284584012844846,1.8357036817826295,1.832109448954642,3.457054098593197,1.5820515432786715,7.026262627905887,3.1269312792089807,2.538383364732993,3.566425479887725,4.151975715262678,4.358066847280892,9.335418518315237,5.161457006363539,3.5826828529214416,1.8831588907826478,5.75444156804648,6.73288116948675
A0A2R8VHX1,1.7030186915548342,1.8082210263815708,3.582764108466064,2.364163996732687,1.5694455756706835,1.716824802205137,3.672301593485273,1.617999328067165,5.327457531492404,2.9363241007873384,1.9134581841854363,2.688406376117448,3.1297998652556682,3.7218039870112065,7.037129700282893,4.662872324664074,2.7118658855639826,1.762636756450135,4.3557508212404255,5.096368142158747
A0A411P8U6,2.4954341587131585,2.6495871936768176,5.2498260783709325,3.057799144343954,1.5353481350511622,2.5168511325761456,4.752101204435179,1.7747971438990837,7.810009212743101,4.304627140279516,2.5894938736086353,3.322519236175107,4.235540086348046,4.798242862593745,9.516421496302682,6.31897955040004,3.3600243243684274,2.1839140919757156,5.9040076579173455,6.894172890370294
A0A494B9G1,1.7030449338740659,1.808248889794727,3.5828193163389623,2.364163996732687,1.3853439317488077,1.7169223227018482,3.241744627653798,1.4282978932378971,5.327760146123793,2.9364908922878143,1.9134988382699636,3.045739552780423,3.1298663622135465,3.2852231720530547,7.972479330729388,4.663101201713216,2.711998997478343,1.762723275460615,4.355964623233134,5.096618297346471
A0A4Y5WWJ7,1.7411630390102457,1.8503408398958983,4.452926235254271,2.139711208885172,2.0407397930598443,1.748025223200383,3.628551748432117,1.460530274941762,5.412868765332653,3.0071619411200605,2.401957318754588,2.762616875841636,4.622131286634688,3.389712128757758,7.239428502582581,4.798646354269421,2.7863716193867085,1.9671995700668459,4.486953152533882,5.233203132771651
A0A571BD03,2.7638989362716186,3.197266393891417,5.8206875633142525,3.534781805197961,2.355547442484558,3.0292136699444625,4.63803911096013,2.191054023394601,7.646219504106893,4.187651105918248,2.9250344043933003,4.553144108864663,5.0772753875871075,5.789952470180841,11.917697427194263,6.68408511420541,3.200658337591172,2.309454005523928,6.683355142141372,7.816204102543052
A0A571BE98,1.982224087347056,2.278598971128683,4.539962734871987,2.8478982928068333,2.0301998810349757,1.7167439257395447,3.2411469702804503,1.4928862536701204,5.326941272220094,3.3746038996020915,2.215088625704119,3.118951148802732,3.9328136469421082,3.8099877343162536,8.160784261186175,5.4088119305753395,2.8675736748295924,2.0318388959249285,5.044519124290971,5.094437810872862
A0A571BEC9,3.9267753666421537,4.525714545056364,7.755577196303601,5.019598434185417,2.9336190566806284,3.9252011338755337,6.548281488342443,2.638176872457757,11.59913258042407,6.019059432626111,4.438019973644485,6.388918154787241,7.346468245293919,7.521380196434127,16.310233995782518,7.779108208386768,4.840762467892064,3.0375746894343902,8.027140128342777,9.333585723736189
A0A5F8MPM4,3.718462443553236,3.916729944674058,7.462437817635477,4.262107552406609,2.6521498636754535,3.776426841379245,6.987417396728403,3.0032153760866,11.564218554990648,6.285559754854636,4.138172330682908,5.584171579351775,6.228871393923151,7.053584210260001,14.609907525259121,9.791130771235213,5.597462477716694,3.602974511536777,9.218738113377672,10.70599192418595
A0A5F8MQC8,3.195748817227488,3.265563249705856,6.364076599651054,3.408101924524274,2.3641871068892173,2.624718456887788,4.155331548566736,1.7300779960184296,7.543525050047283,4.975428717523268,3.463111535981741,4.949288657622486,5.663829128598794,5.8504016140492245,13.174495797326259,6.0101314104304615,4.162943548275486,2.2712865977946106,5.306967995318251,8.273026847745934
A0A7N9VR94,1.7477910428602996,2.2786229083829035,4.058948680965691,2.364163996732687,1.5694455756706835,2.1691287485554445,3.298765381734629,1.617999328067165,6.035374257249233,3.3265051451039755,2.4163754646658133,3.045739552780423,3.5458014556797717,3.3443871644375505,7.158438363487493,5.282413724177915,3.072183104019495,1.996832841371745,4.934485938101954,5.7735067879093025
A0A991EQV5,1.9293666181963447,2.048551377575414,3.582842012198293,2.086852226277777,1.3853527073995517,1.7166129033538615,3.2411604087315062,1.4280404890460983,5.326799990822154,2.935961685412671,1.9135218786904076,3.045739552780423,3.5458014556797717,3.285262729392533,7.037363949714829,4.662383275897899,3.072183104019495,1.7624518885680793,4.355293983819931,5.7735067879093025
A0AAQ4VMQ4,3.703093877174051,3.794230825361138,6.948381119212026,4.37510381403412,2.514957242530885,2.842877823811223,4.1999890322687055,1.585777715219662,6.883570419458051,4.598583636365168,3.3269355655085744,5.605400919360823,6.525565665583635,5.9423569538316166,13.650534660009797,5.136754418071921,3.5187541706216785,1.9364411810108948,4.778141311509076,5.6789265733932215
A0AAQ4VMW9,1.702662326083521,1.911696074772824,3.5820873788046543,2.0864316502723677,1.3850394537992652,1.8216386812656227,3.4394610230393416,1.51541083500967,5.65270416626172,2.936014517242284,2.167788071750351,2.687837117348259,3.304533198072763,3.7218039870112065,7.035682410910229,4.946013504224011,2.876537112263773,1.8696684346964283,4.620242820918762,5.4058322635780405
A2AAJ9,4.586467814132667,4.953301041788724,9.402958101315983,5.41902801284168,3.6287276535520223,4.401703057080952,8.212879009967885,3.3723762401827027,13.598642866908369,7.724901507857685,4.941494543424364,7.38867021409001,8.601117733560462,8.442020696278103,18.59320299640528,11.69472102731852,7.108528774256325,4.039251716743109,11.03788474669791,13.388193022411771
A2AIL4,1.9369007774197218,1.8549529545459003,3.6995594957051154,2.086165729591619,1.5115773908597971,1.7643465936431892,3.3312351469242034,1.427630637478013,5.475336910577112,3.0175838246732445,1.912701202172591,2.7705683697761847,3.205473423579867,3.587531139099025,7.211955781042874,4.791031095291335,2.786627942732204,1.7619940110884302,4.474832935705293,5.236901987417438
A2AJ88,1.9007363828469281,2.018152537089522,3.582468415116535,2.086619581443055,1.471277139010193,1.9141193524686335,3.6140750490031937,1.5923449782134353,5.668079954174334,3.1240642794893057,1.9133084502318796,2.9997293969459573,3.492237165395998,3.4906490176549387,7.036589572667358,4.662517855765246,2.7115376522349615,1.7624937499336837,4.649608496516861,5.440191045733651
A2AKU9,3.502462152284485,3.9163033446613538,7.475822647963409,4.225704780830881,2.7552452484702705,3.677539655671986,6.620495060126892,2.8065448118508733,11.662975030239402,6.2590871009932,4.024523527227488,5.73507165411936,6.6732196791648155,6.588092080736678,14.589726171540784,9.511541343804627,5.806924419602451,3.653275715321547,8.725611860141862,10.908270577953223
A2AMM0,2.752785375479421,2.7808364493773254,5.51413171118494,2.835893248220174,2.239268700353061,2.8828949447653396,4.36468394227637,1.9222449023815804,7.184918399483555,3.65453922485663,3.090494490253796,4.3423187132272165,5.055173126997641,5.306198611357044,11.365849542923629,6.276624764800436,4.156435892870224,1.7869014274748163,5.868068852644075,6.868572495518596
A2APY7,2.1986618204525494,2.7798639417475104,5.47306091711327,2.9449203328897675,1.41774966499414,2.2170281708427133,4.188915282720609,1.6616505300047748,6.8888326410229865,4.149244807405735,3.2696326158031743,4.394411895015891,5.3480634199135375,4.64174246860719,9.928412786161738,5.4311330256496815,3.505785189088929,1.808760474151526,5.065804115608938,6.578706558697505
A2ASS6,5.323638566164788,5.652501196805012,11.199725097489814,6.523360833054275,4.330520138234751,5.328879549118575,9.581151780123804,3.807106580118414,15.423714048182926,9.178717468210557,5.981507129438544,8.404010099870646,9.78381464641837,10.269452707480388,21.998202950510144,11.873135642791288,8.176464823321126,3.6981789380892223,11.556382262485265,15.930649524174703
A2ASZ8,1.7028537096887824,1.8080458529200896,4.058948680965691,2.0866046889068857,1.5694455756706835,1.9449578254138102,3.672301593485273,1.617999328067165,5.326917013827282,2.936026184748099,1.9132840910107312,2.68816177542286,3.129515105024565,3.7218039870112065,7.03648943740155,5.282413724177915,2.711553897856357,1.996832841371745,4.934485938101954,5.7735067879093025
A2AUC9,2.8225196585634342,2.8135702454086338,4.5309581032185955,2.976285439707135,1.9818429624771952,2.152658009052678,3.4356163903457597,1.5137169073851207,5.66024425318944,3.6858050083964167,2.0323648458439214,5.2765091137013576,5.479711807971642,4.128996505979501,10.02240426174952,4.949380053913358,2.871963487287809,1.8709410417531287,4.623387631789211,5.4095117931450485
A2VDH3,2.054320760349157,1.8245787151538908,3.6181796279663185,2.5172775010994526,1.398465490306913,1.729067251704044,3.6683613572404807,1.6162632779541217,6.0288985362895255,3.5317681930449436,2.3086664865193387,3.2436735508434613,3.160196793158425,3.9636735002739494,8.490588210710817,5.273502746872155,2.7515225286348945,1.9934643562318142,4.926161885025846,5.1378095354154745
A3KGR9,1.7030396419948817,1.8082432710148175,3.582808183428383,2.364163996732687,1.3853396270633764,1.9449578254138102,3.672301593485273,1.617999328067165,6.035374257249233,3.3265051451039755,1.9135307090531708,2.688508273466685,3.129918492525989,3.7218039870112065,7.037396425160897,5.282413724177915,3.072183104019495,1.996832841371745,4.934485938101954,5.7735067879093025
A6H611,2.203195918261446,2.339296218176667,4.635023267219309,2.699702803281346,1.7921923462548723,2.206926455513259,3.6269403500657225,1.5980133711666407,5.5691669400042905,3.285415271142878,2.4726737852982894,3.474103602260984,4.044496056412285,3.4423348021259472,9.093758242248164,5.220942736766588,2.837465068516936,1.9735958718983648,4.877063755966903,5.706320993382386
B0QZL1,2.276322446714586,2.4169400672964523,4.788864856168304,2.2901327224906423,1.8516772080030388,1.8381873843677858,3.4690807014674903,1.5696979415786256,5.7051741334405905,3.13762546741055,2.571587782449364,3.613077645606183,4.206287423223429,4.41507441912503,9.45753448406964,5.1279652127052096,2.8987931915569254,1.9384489517119712,4.657673238100378,5.4512033855534865
B0V2N5,1.9293666181963447,2.048551377575414,3.5827070404442476,2.364163996732687,1.3853005188061802,1.9449578254138102,3.241343078792737,1.617999328067165,5.32710020641095,3.3265051451039755,2.167788071750351,2.688287602384872,3.5458014556797717,3.7218039870112065,7.972479330729388,5.282413724177915,2.7117337389962075,1.996832841371745,4.934485938101954,5.096119801132116
B1AR13,2.6378721496169804,2.800693112364662,5.795060601907246,3.2390146769628694,1.504135622458289,2.392684720660652,3.895439297570362,1.716403072403364,7.844529239953228,4.326630451410145,2.6652048144501896,3.9592483691483396,4.609706153102143,4.849979615010995,10.908299582536904,5.129026600129638,4.375347661601983,1.9261321320487181,5.235837762976941,6.1189541850101365
B1AR69,1.8719436529067042,1.860006936959917,3.6818660571033686,2.2938003313499458,1.5227347960989048,1.73135977579858,3.241597400623215,1.4282394589294618,5.370430102492447,2.9597891935143346,1.9633266242628036,2.7647418978911915,3.2169408545624107,3.60493999247535,7.226254727683258,4.662602634715559,2.7117283908693666,1.7624764293664574,4.355533968694059,5.131059193917675
B1AXP6,1.702926584887123,1.8081232299134218,4.058948680965691,2.364163996732687,1.5694455756706835,1.7167403744733343,3.672301593485273,1.617999328067165,5.327195544855746,2.936179702137372,1.9133527962288712,3.045739552780423,3.5458014556797717,3.7218039870112065,7.972479330729388,5.282413724177915,2.7116368393639863,1.996832841371745,4.934485938101954,5.095937699133169
B9EIW1,1.70314208840938,1.8083520459576246,4.058948680965691,2.086958055956067,1.5694455756706835,1.7168841694282095,3.672301593485273,1.4282661537470431,5.327641753178434,2.936425637885172,1.9136338810670366,3.045739552780423,3.5458014556797717,3.7218039870112065,7.972479330729388,4.662849598065202,2.711852668069725,1.7626281654496248,4.355729591535898,5.7735067879093025
D3Z0J2,2.339760338473176,2.4842967735475563,3.6204355702942186,2.8670430497924357,1.5680271405347896,2.045836376658517,3.8693186256107555,1.4407506012066904,7.345603655513831,3.4960829378164577,2.6286389339241625,3.693234442685594,3.749754619878521,3.8905255852987453,8.34933104382696,4.693722304613801,2.742012960011799,1.9956980151387596,4.3914888554229,5.124866623398585
D3Z6F5,4.293511989709301,4.592324894083563,8.967792762177494,5.06710905970364,3.422182263490226,4.387086249851594,8.127439337103018,3.5105103635228394,13.647967241380151,7.543035705575539,4.861109354792872,6.797881910611105,7.963162800509588,8.237364252108126,17.800263392277156,11.589282207163567,6.954720312539742,4.430172393067096,10.844455589632942,12.939010875658848
D3Z7H8,1.7280904206148118,2.153410202896442,3.6300104351174745,2.364163996732687,2.0769649931743164,1.7487160743494663,3.3079586366417844,1.4569594452795243,5.418789848492284,2.9863678375966156,1.9490031679992668,3.222045944646471,3.7393742505146332,3.7218039870112065,8.415365165615501,5.282413724177915,3.072183104019495,1.996832841371745,4.422472578372651,5.165698897179893
D3Z7P3,2.64497576664112,2.9956170903421935,5.096016011760179,2.69720206734762,1.4994331002391217,2.210961109734726,3.511257555919362,1.5470440598416138,6.10467608260233,2.962307430724571,2.4691247644343295,3.863648579755539,4.498739109716643,4.258430778665904,10.079030250804662,5.063585958597042,2.9449157222483864,1.914112613132923,4.730071329836273,5.534335141019639
D3Z7Q2,2.2949077691481317,2.442005617462569,4.840380913018498,2.9018421838226427,1.5276774505461068,2.3179925034725946,3.5675798356221073,1.5706775175863763,5.876948829636841,3.239623960269963,2.098894764925292,3.613069038789966,4.218211302233611,3.603392255394268,7.7246792468663035,5.142383701030618,2.9829160460057875,1.9486317230420545,4.805806045630499,5.620586442912576
D3Z7R9,2.7913558955072184,2.5705791546834535,5.656658788147731,3.1428422477580873,1.851665882605526,2.58990393956282,5.120725932799889,2.0439640015648113,7.626033804947234,5.132673291150048,3.3339887283372547,3.6037516441796638,4.943934063821201,5.3805714289301525,11.943142347182194,6.70835517700978,4.1106777377439805,2.659947670790887,6.9124881200171515,8.089920308781869
D3Z7X0,2.8447724474220464,2.915752038543222,5.501039224417407,3.2050671862658455,2.005864289608111,2.879921321878736,4.715517995790899,2.075007018164227,8.609204348308431,4.7681270343725375,3.0775268915756793,4.340629386935225,5.041959934239047,5.03656501032534,11.360182112515995,6.7827886072400485,3.707122111753045,2.7129891216262374,6.331398346013574,7.418982904616153
E9PV24,2.6887236215179287,3.1708744389696664,4.8451754602936665,2.519946992694273,1.8784168120118419,2.2969495580689854,3.441147582419087,1.4811606102322648,5.655476002072236,3.0525765986117306,3.2142498323294664,4.5154670224479805,4.993570709596628,4.451362960818933,11.147544388600318,4.950503686764681,2.879148544017456,2.1260395664060954,4.520003483013014,5.410739887390021
E9PV44,1.8207502039202723,2.185479913500726,3.7169629778853674,2.153371208009409,1.429711523549484,2.7946619826051347,5.586438765545044,2.4613594332707667,8.0423309519536,4.038189690861042,2.282984887895583,3.625694576520373,3.7745408055545155,3.9499014334994524,8.35485583045288,7.603480579750032,4.093821410127192,2.6608464730483834,7.103014240143379,7.000865750094407
E9PWZ3,3.542364076560781,3.87383317734545,6.943617218039091,3.9681019564775997,2.215830858630535,3.8634795835440725,6.625157324452061,2.834598633256967,11.904658632831374,6.4696335659123045,3.646821256883332,5.705716611729721,6.835948173110379,6.354865888263875,13.13373001377768,9.527635098770752,5.974581105675818,3.2467635324662067,9.446131157760238,11.05142146190982
E9PYJ9,4.025153431394529,4.399737283625705,8.5122703958577,5.011479060876142,3.326976672455615,3.950694889121699,6.962955191688221,2.9521947981259684,11.28913160415588,6.555661566057667,4.504526897989708,6.574803864009074,7.654361218342772,7.816106817049497,17.132738488249117,10.033072148561065,6.059311728597686,3.7488100236878927,9.376430716625237,11.39634066623926
E9PZQ0,5.198916277266765,5.507088439747423,10.841165176446818,6.21907822529615,4.139220784725438,5.146089203602176,9.54429344935527,4.106581730377164,16.04298896691013,8.935304010983486,5.822846961867088,8.20549467284859,9.579770816795293,9.99183240736284,21.50521685185494,13.774449062439134,8.243441072601161,5.211181080418613,12.880658175272071,15.410366661050821
E9Q137,1.7025383560574443,1.8077110186227572,3.5817535917943424,2.0862182679465477,1.5694455756706835,1.7166615960427445,3.672301593485273,1.617999328067165,5.326951088494896,2.9360449656144225,1.9127748120209875,2.6874462390737697,3.1286820890085107,3.2839801152177226,7.034616460853604,5.282413724177915,2.7114959052980976,1.7623962796554378,4.355156565508404,5.09567284389554
E9Q3C1,2.401851257778316,2.944375842109533,4.089928112467574,3.2240684366990724,1.7696586798228457,2.1827858235781523,3.273673263895176,1.5374153393809926,6.066867361355503,3.3655934166279193,2.677340911812134,3.796480123200402,5.136433310694892,4.628983212027115,9.93794435952139,5.021980157734533,3.102587940403789,1.8983849867310798,4.385251910210075,5.146803047809111
E9Q4Z2,2.6349785421796588,3.2026801766136557,5.015372788198027,2.5795273291391063,2.1462229384570213,2.3786096389520335,3.5238432011684155,1.5525892377192656,5.489142304973593,4.511759510746907,2.9422780721842012,3.7728504152970177,3.8692239696442146,3.3979881449709204,7.368190467396443,4.7799599366456516,2.7884045440592025,1.814757261987784,4.481442076089265,5.255224492852987
E9Q616,4.675309443210694,5.010076467331936,9.5373021893082,5.38551224146706,3.705797913423333,4.870202629563328,8.360139954743493,3.636067904202421,13.814549110896806,7.462674409320432,5.359155148734002,7.029084830701414,8.11582090511264,9.038336687212835,18.78101168667662,11.41347376745531,6.645950815775692,4.516781339490215,11.197540100709094,12.17431664343372
E9Q7Q3,1.7258002976690987,1.8296510534060715,3.6357254538698562,2.1155616054851873,1.405692180836931,1.7375069175032847,3.2813081770814563,1.617999328067165,6.035374257249233,3.3265051451039755,1.93826001013914,2.7306928458506268,3.5458014556797717,3.3270997179985358,7.150089158252015,5.282413724177915,3.072183104019495,1.7613635493231905,4.934485938101954,5.7735067879093025
E9Q9K5,3.140029855628039,3.447926748443363,6.3653882256524215,3.8988736574215417,2.1607546977356282,3.4830406965198986,6.467323431022428,2.796919554869308,10.977354702177008,6.176451034930491,3.554961404271487,5.271411246436116,6.276045553931676,6.019831712217929,12.890108218777064,9.771385496676467,5.716076632630001,3.2308881636152122,9.125823212514353,10.742024545153274
E9QLJ0,3.5105724825988553,3.6088877523401623,7.267274432481097,3.91590516696811,2.7133902799742775,3.204507737405769,5.939779978346933,2.5472190947829407,10.40543934767038,6.130137130841921,4.003059716610755,5.270874377213622,6.774728957719764,6.868188762575097,14.889245920152534,8.9550377107502,5.674662434231465,2.841644761977204,8.537261966578637,10.363991381659911
E9QP49,1.7028215580541854,1.8080117151493191,4.058948680965691,2.086565291657948,1.5694455756706835,1.9449578254138102,3.672301593485273,1.4280348799741136,6.035374257249233,3.3265051451039755,1.9132353364225925,3.045739552780423,3.5458014556797717,3.7218039870112065,7.972479330729388,5.282413724177915,3.072183104019495,1.996832841371745,4.934485938101954,5.7735067879093025
E9QQ25,4.849892358918684,5.13833454078161,10.148908124155795,5.883930541049232,3.7752392239131205,4.797251463264119,9.242756344991365,4.039970673078915,15.043152529346564,8.535612724995552,5.361164460472467,7.581053610322162,8.96545528298176,9.323614941605873,20.01540477322111,13.460778983116281,7.897426017766595,4.81383290859435,12.550670604247077,14.88237702803952
E9QQ57,4.251010038624016,4.5296748932586315,8.703284178801814,4.608006602810725,3.255133721085121,4.36530420323685,8.13097623939932,3.3178182280588513,13.289520254270105,7.347733308797918,4.702577578073201,6.524972326795423,7.267255970462851,8.099125519368886,16.838859433356458,10.644135165556389,6.073289107463589,3.6388929520581863,10.479896359579202,12.07700819462469
E9QQ96,2.1289095842562165,2.2610048216163703,4.56048672809866,2.6552816015095035,1.543338359147752,1.716899099719552,3.547768970805476,1.5631308226655918,5.830706703134743,2.936158829084032,2.3962107618167505,3.3694001030848857,4.402526526914166,3.6577639648003752,9.898763982565438,5.101872847880358,2.967182878988362,1.9409333404470253,4.355755421447676,5.576181468609127
F7BP55,1.9293666181963447,2.048551377575414,3.5824582833494323,2.08662872063622,1.5694455756706835,1.7166418094778928,3.672301593485273,1.617999328067165,6.035374257249233,3.3265051451039755,1.9132986713605293,3.045739552780423,3.5458014556797717,3.7218039870112065,7.036543059588569,5.282413724177915,3.072183104019495,1.996832841371745,4.934485938101954,5.7735067879093025
F8VPN4,3.837025064205645,3.538358404485762,6.186429969345746,3.1274189445079337,1.8566461869528115,2.9471518824643574,4.331961713193281,1.5957399207583445,9.12157536532646,5.037643973235558,3.1277239048958942,4.891252996956057,6.148740204455706,6.190013247930145,14.632547641832689,5.2827126590322395,4.406484181176018,1.9966929712828385,5.815630518208406,6.82786242260016
F8VQJ3,2.812409378897456,3.601835278990045,5.919018943623356,3.0795068794002542,2.7650828804825407,3.241863962736032,3.9771668836589082,1.5258805552157508,6.3388367662138325,3.1371147253830016,3.8198667043638634,6.367639122776712,6.898415401381399,5.435979880855783,11.640409968261384,4.98929767429297,3.272179698467347,1.8860305102206567,4.660676065965454,5.453140456906092
F8WHQ1,1.7086863781669235,2.1967475095935987,3.5963567980836446,2.0951142763799995,1.39252722830698,1.7247671445507906,3.672301593485273,1.617999328067165,6.035374257249233,3.3265051451039755,1.9217503833656595,2.6973094720019697,3.8010604910321377,3.29862187959534,8.546410897052386,5.282413724177915,3.072183104019495,1.7704732142357607,4.934485938101954,5.7735067879093025
F8WIS9,3.380304324302603,3.424759927844198,6.604157722004192,3.8425309083825874,2.2381591123160534,2.9616300683876866,3.8195664312373143,1.478804982031974,8.867719008226333,5.686709412918258,3.4468847277030865,5.354020283969364,6.2330864450766805,6.384710320040587,13.679752536481129,6.122556577953255,4.9809889196573325,2.305251368264632,6.2036090180544194,9.094201330872632
G3UW82,2.8438479713575884,4.009350994790246,6.355047637166973,3.620861454949503,2.7629319777739867,3.2709024843943673,5.902310125900074,2.4317880431047585,10.880501387145571,5.931753519083875,2.6968706116281935,5.758736171164076,6.764619352166055,6.079245512646119,13.469697473652918,8.32597010977217,4.698487965525156,2.639200750040522,7.173058117070471,9.848965389715858
G3UWS1,1.9293666181963447,2.048551377575414,4.058948680965691,2.08687042145979,1.5732851781945933,1.716935822220184,3.672301593485273,1.617999328067165,5.327621547409764,2.936359111412368,2.167788071750351,3.0607722900144294,3.5633023288317562,3.7218039870112065,7.972479330729388,5.282413724177915,2.7119682555646407,1.996832841371745,4.934485938101954,5.096429635458158
G3UXF4,2.0007951106909068,2.0110908966002747,3.5943343437353232,2.4516894409400716,1.5407461801990834,1.9150757388586255,3.6158808152866904,1.593140590599556,5.9426475288896174,3.2753971398951145,1.922102116284638,2.699556014393157,3.6948654535699026,3.2978059606132817,8.307638999703894,5.19976911445881,3.0241180741156075,1.9655919201818508,4.857284740730328,5.6831789112771816
G3X924,1.7027505701238088,1.8079363420081065,4.058948680965691,2.086478306059868,1.5694455756706835,1.9449578254138102,3.672301593485273,1.427969336944322,6.035374257249233,3.3265051451039755,2.167788071750351,3.045739552780423,3.5458014556797717,3.284651826234317,7.972479330729388,5.282413724177915,3.072183104019495,1.996832841371745,4.934485938101954,5.7735067879093025
G3X9D8,2.9412898260524187,3.330144991640792,5.791531931714035,3.6055661381820263,1.7849875487012066,2.513901280348037,4.139147602948934,1.5522744633394145,6.803439758756531,4.284079959070949,2.796950278162033,4.335056861167461,5.752521623749708,5.283112366544617,10.291280622049447,5.072866044070549,3.4668803277123237,1.9176206267819522,4.602879784901077,6.465465018131505
G5E829,2.958795507624447,2.7648592305751385,5.504678931146441,3.4251775625133627,2.1216322120171576,2.802013711371499,4.463640938654386,1.5397562648803456,6.4383297200823195,4.4497537227953,2.922969578433814,4.399957555106905,5.427846906039345,5.678730601674492,10.750338493146531,4.848765221750484,3.2966126326377316,2.169624751397822,5.301141624498933,6.195381307202395
G5E902,3.733161610294633,4.055796542982583,7.812689332582518,4.269307202038594,2.7423355341028746,3.742310478493993,6.641260201317946,2.671959868198811,11.672751417130158,6.397739121741764,4.172557776083222,5.935956356574296,6.947527687368465,7.161429575797926,15.702226775420211,9.333293083135722,5.900088107661914,3.7339091855641793,8.60482953564318,10.69788850087464
H3BLC7,1.7067524228447797,1.8121835353595557,3.59056655500782,2.3580457976162132,1.5653840213336359,1.720615483798669,3.2483264557371956,1.4325269763804693,5.341687940722229,2.9644747518671966,1.9173593200851455,3.0364114316303024,3.534941805673697,3.291631821080106,7.050961040859589,4.673391275992824,3.0576483222285558,1.7672299037083394,4.911140429734652,5.110339864122213
O08528,4.321578773764444,4.591033742522307,8.437875615308121,4.429818357924406,2.7990987442706188,4.403899707985923,7.758453628658817,3.188020483365005,13.132148797124659,7.42557668790963,4.458852375923877,6.569159743503717,7.807115979211827,7.904737390066256,16.485619658833993,11.065555379000502,6.8395114464274,4.254437326507883,10.46558431424705,12.767528428941052
O08529,3.1837876251666812,3.3617471366328338,6.0136621153560705,3.5079646391906643,2.326034095024814,2.1587074411602893,3.4842151415044245,1.5351292954251223,5.726256909034595,3.063272808726881,3.552411794358988,4.531111382231821,5.5505153446942295,4.692306387236737,13.148412621073883,5.009131235290075,2.846479941680176,1.8428032196732032,4.585938371401958,5.4748178954832865
O08532,4.386362692536654,4.684981036946951,9.133866455981211,5.155964428509795,3.4914965519362267,4.211416944377598,7.912064229759092,3.4425582658390343,13.343379149303383,7.372309342018819,4.9601228949118354,6.983011324697173,8.247615860061112,8.338118217087628,18.237193165466124,11.417079701163722,6.872219241811227,4.207864388415842,10.632904388923256,12.675283513651623
O08547,2.6929443949782166,2.86063036623044,5.292872250922835,3.481844536683782,2.0469490355038404,2.8588012659974535,4.7463648708410835,2.094694347053061,7.796084156584256,4.892167099591168,2.823332585017033,4.24852233994281,4.944223734476087,5.190740494476751,12.351537811995653,6.859374882419638,4.29083322635531,2.592108732779744,6.398888890606893,7.455794388155566
O08553,3.112335702654649,3.20229016793901,6.545801837582682,3.2925179272585683,2.3652785460542347,3.0257701266639927,5.319853236622119,2.127017733190426,8.748592365896027,4.362147749237734,3.3790484705145976,3.7637725437938663,4.929818933739397,5.9945015298419015,12.0344150545351,6.934430266235607,4.039598978742472,2.8926486184727818,7.1482512131441105,7.586895321952797
O08579,2.1498316530065305,2.281577748975768,4.006819886646793,2.6367764003394356,1.3884155107444438,2.4125158968473226,3.640085345335743,1.8028615835414064,8.127595683858823,3.3055302436064884,2.4116661949639573,3.4111942231919827,3.9714003721655797,4.612968449758686,8.872859607383855,5.900742717515321,3.4248841771324905,1.9915972028253035,6.079544739214382,7.107964595935444
O08583,1.7042547203526779,2.048551377575414,3.582860264133455,2.087070969669773,1.3855137907929966,1.7165957773625686,3.672301593485273,1.4271304887840266,5.326722870705045,3.3265051451039755,1.9139814290043793,3.045739552780423,3.1317209303766615,3.285753733211521,7.040639346871856,4.6604285788169575,3.072183104019495,1.7622674809584915,4.352676166229115,5.098439071575649
O08599,2.0694095698823536,2.1972453473427014,3.62454413924188,2.110802468594563,1.5694455756706835,1.7379379261276564,3.938154398189515,1.7351328609282264,6.472299475095158,2.967255914638065,1.9359902981093224,2.7126488487495144,3.157045509772822,3.984319667055838,7.108305698283893,5.282413724177915,3.072183104019495,1.7828811035133845,4.934485938101954,6.190934147950604
O08600,2.5611833464074376,2.920332057312928,5.777860286483191,2.1805682124662535,1.901290534174049,3.2132154827535557,5.835031006157071,2.578421993684392,9.974275559430556,5.2858844479949365,2.880012648116433,4.320591765790667,4.687975615411711,4.936536427048605,10.571964538512372,8.419082756283492,5.077670183814672,3.037055923346238,8.187904178302126,9.166500368111429
O08663,2.2341767859059503,2.365973731680442,4.71948629289936,2.136977127377738,1.6265379624434209,2.0383838955479163,4.32156432222351,2.0990010153790353,6.306492708530693,4.945925806453853,2.771522984139625,3.555519421987538,4.533461480738108,4.334639806334083,9.278647647739263,5.586087213025139,4.283140818130501,2.0944751477171315,6.8779262821423375,7.463111602884229
O08677,2.898925297056741,2.944754093885704,5.148808436208338,2.995703805398931,2.259136279284944,2.2461433328845968,4.631909335085449,1.873027437983887,6.927489887819464,3.8243058078833143,3.118043798463556,4.572497618296081,5.090936691631583,5.592835642121498,10.098165941602083,6.680250257777802,3.192930917241932,2.7233640624212883,6.2326609157799755,6.635861460445457
O08692,1.8839638943206904,2.026314881378932,3.963431673234099,2.3085294251960637,1.5325126758070706,1.9238614022881737,3.583843592332883,1.5790251363284915,5.889994818929144,3.2463766511695304,2.12345270841848,2.9698952107238674,3.4575046811825216,5.300186144494842,7.773950389262064,5.138955206905358,3.791223757863551,3.261162275749484,4.860355545830244,5.616711283712894
O08709,1.704153110648776,2.2252659465749463,4.851834697965499,2.0873157500259705,1.7051897771363966,1.872296101973891,3.2409887473306904,1.4283020698470286,5.3275520497995945,2.936486196353503,2.3596284221033645,3.320811432690793,4.254667333073671,3.613301582894672,9.566313228769449,5.045255433213216,2.946264040982187,1.9071833953553583,4.7129481500803,5.514300471594737
O08715,1.9695823548177231,1.871018619876005,3.581705053309035,2.3409369736097956,1.4337848129293804,1.9946161269787706,3.239562315200252,1.427509681244666,5.523826612433579,2.934240387472947,1.9130532218644953,3.0139715072479136,3.2623765775472435,3.8044669471944053,7.334426028408341,4.660487983395344,2.7094913564649374,1.7615878270633702,4.352843232200104,5.092336421852088
O08749,3.886851323138991,4.336554086221343,8.497851702427818,4.760756327990586,3.1440588263290588,4.158992890247623,7.823350576983562,3.4843957030819004,13.079811583717278,7.162031231019851,4.391661576762636,6.291768770797456,7.420987959552421,7.5793261458240195,16.54816043675069,11.340331860908362,6.567000863608455,4.2400268650085655,10.628274752856125,12.345609350627305
O08788,2.2860200624815152,2.6810584471781014,4.843023603198999,3.3628110840550804,2.073205728494022,2.3098162988771853,3.8399128644255467,1.5481077689535077,6.31992355186547,3.482583927544453,2.5754720124046684,3.9928234355210592,4.630846572826317,3.9169171781703356,8.37803843404475,6.265115597528134,3.2035941073335206,2.083512503154458,4.444264702349541,6.032962981791925
O08795,2.3247277023177926,2.6131282292847096,5.168949968197659,3.1651357037682732,2.000767343765005,2.3287848265551365,3.5009264824943536,1.940380123216135,7.228456908639956,3.730650159542381,2.7488113108413943,3.6590403886574774,4.508963830580083,4.978947519227461,10.1352007108759,6.345420924141762,3.202225646605197,2.398575628438331,5.918648817182106,6.495407687773146
O08807,1.9293666181963447,1.8083231246346863,4.058948680965691,2.364163996732687,1.5694455756706835,1.7168741397261882,3.672301593485273,1.617999328067165,6.035374257249233,3.3265051451039755,1.9134455728348134,3.045739552780423,3.1297792371573867,3.7218039870112065,7.037083319488808,5.282413724177915,2.7116498774857023,1.7624963572583856,4.355403872901507,5.095962201476187
O08915,1.8346116128131238,2.6033249607881426,4.058948680965691,2.364163996732687,1.994471257331985,1.9449578254138102,3.672301593485273,1.617999328067165,6.035374257249233,3.3265051451039755,2.0874103517309486,3.045739552780423,3.5458014556797717,3.7218039870112065,7.580191221813346,5.282413724177915,3.072183104019495,1.996832841371745,4.934485938101954,5.7735067879093025
O08917,2.1008681968197496,2.2306473005751455,3.6778382816100597,2.574314754883211,1.708953739257895,2.117208881095953,3.9975311784128893,1.594335518860763,6.569884349789066,3.6211100025919927,2.3541593565347543,3.0045454161928173,3.4978438982633926,4.0417787113923245,7.212074735336639,4.777293089305569,2.7765405688436218,1.8033585626284534,4.4643060170005775,5.219050062573897
O08997,1.8767971197926394,2.075435956178429,3.5897283367581734,2.0902700431017736,1.5266828545233406,1.897328466448442,3.5823719464051416,1.578376735846771,5.887576190251196,3.245043580443779,2.5472005471444588,2.7030529464021713,3.1469553813217437,3.7905405533776,9.367845490973094,5.151469371857999,2.99602757214157,1.9473338818510664,4.812166275361594,5.630388859925524
O09110,2.81294709104931,2.986714180741253,5.91780109449315,3.4468660205128256,2.2881951646754284,2.4394718665225508,3.545639421925374,1.5621925531445906,5.8272068205234335,3.3366607836761806,2.740164571710947,4.433350417146755,5.16123591339485,4.704399360371911,11.604667422832373,5.311071708405634,2.9657403528146187,1.927648038859886,4.763519481595456,5.573470551201585
O09111,2.7425476171832575,3.025163654963918,5.769155569516753,3.2037264067041153,1.8741681082320443,2.877014143376234,5.232189875265135,2.2003715675925086,8.927228470647771,4.920144488878871,2.769469110442604,4.321859039024299,5.031652353439218,5.290000997639798,11.77103184012472,7.184095688787937,4.543481653641835,2.9542233531669253,7.038391344518678,8.538621533005589
O09117,2.470198805733521,2.2753108941328533,4.030843979979863,2.6328785546846323,1.5179765342708695,1.913786956891404,3.560056488938256,1.568544647095949,5.921981492497718,3.2780684003145324,2.414444193763182,3.3998501720914325,3.961139785641198,4.145778634345692,8.873384107424892,4.670191553442873,3.3919435351693137,1.7661833683375168,4.782185509326735,5.668402702849478
O09161,3.588866844771173,3.8651207633015403,7.160819404717317,4.062835697332206,2.1954384533031863,2.5137731081605534,4.0091221256888705,1.5352441385264881,7.279984714761438,5.697098311156333,4.200100544921152,5.241130885319446,6.4976240121784175,6.248644385547505,14.59567991477003,5.820122598306554,4.847781668060515,2.406562577370404,5.392179709395756,8.470021369642184
O09165,3.3299524639371567,3.6235801351863888,7.178737985626334,3.6734563452257523,2.7739805548123364,3.3997101771231266,6.481698062586487,2.6407693877752725,10.54757628811223,5.939018791076142,3.956602393466328,5.331595497991358,6.347265060925111,6.2571504836814436,13.956505115322669,8.740649128866528,5.435487066720986,3.30902573294481,8.508769412958424,9.975039949588542
O09167,2.6005790558750603,3.0603937065904554,5.441455688206781,2.7169620687215916,1.9645179772935875,2.9047256555506453,5.4691709991083615,2.4104698058994165,9.369664148462043,4.754243133635206,2.2338748451641965,3.8013433523314397,4.437338651683617,4.637265843366825,9.935581100872971,7.550249961936608,4.402627573252932,2.6948306734681027,7.354863673808325,8.603970116210759
O09174,1.7508311456394214,1.8685023128344382,3.7047012461713167,2.0863478579095758,1.3848110826971363,1.9327530409514404,3.240132843980303,1.4277904294425026,5.478538816509972,3.0250216520811803,2.1727703773508407,2.945051744286855,3.2217033504669224,3.3742955359121063,7.230553404641994,4.661635692727532,2.7106397089792638,1.7621505741652936,4.354465675636729,5.240223336660072
O35114,2.383024270289262,2.9150272398612445,5.0122330619703295,3.1439411613409174,1.5806277968311448,2.1682579436077547,3.4832757802102665,1.534715417124534,5.724713082410149,3.709907319850083,2.4348094930763824,3.756853830419476,5.041158785681181,4.944625814290627,10.59169886351534,5.01354254014234,3.06300300080863,1.8951954387723686,4.683324036353934,5.479639308541396
O35129,3.9070570832162868,4.2255884599383675,8.041395788419758,4.499636450559465,3.0264927972703495,3.9738762734189996,7.033519391324363,2.7860881844408674,12.438331373062951,6.728996419013591,4.289109783359162,6.133717712619866,7.250507678943594,7.415194582505585,16.055990437679387,9.771806306621613,6.211253290201,3.847285318798908,9.133281669757732,11.670506998127538
O35206,2.0256531580671617,3.0681651469139437,4.2619450010358575,2.135185399543532,1.6350568350821448,2.9244584480061784,4.3353866449519955,1.460413779326145,6.328633252210778,4.692682116124866,2.5501256414114466,3.972669005788179,4.623592571237852,3.3617584641665657,8.347662282880634,6.224229115138683,3.222941931349585,2.0945064130352735,5.8204611090892815,6.033430587552161
O35326,1.9293666181963447,2.048551377575414,4.058948680965691,2.364163996732687,1.5694455756706835,1.7169402899014028,3.241778551770143,1.4283128400487877,5.327815899915597,3.3265051451039755,2.167788071750351,3.045739552780423,3.5458014556797717,3.7218039870112065,7.972479330729388,5.282413724177915,3.072183104019495,1.7627072336317746,4.355924981367679,5.096571915092643
O35343,1.703099716144428,1.8083070561869297,3.5829345657798557,2.086906134780322,1.5694455756706835,1.7168946342273383,3.241692348664642,1.4282748593537857,5.327674226365485,2.936443536066659,1.9136207478802554,2.6886347779070916,3.130065766979753,3.285432474650274,7.972479330729388,5.282413724177915,3.072183104019495,1.996832841371745,4.355854641772701,5.096489615510852
O35344,1.733429667593887,1.8433496420053643,3.647361461464201,2.1198268288210382,1.4538894068813573,1.7444590204421948,3.2387769299053457,1.4270746902696974,5.322714019165268,2.98000991616451,1.9409801861301843,2.6861050780272806,3.1737937189598093,3.3330975936339295,7.139761640655847,4.658878591482493,2.750362453372954,1.7610521230302083,4.351973348804216,5.091773098234164
O35345,1.7028902211871348,1.8080846198809886,3.582493836022974,2.0866494285478945,1.3852180805291823,1.9449578254138102,3.672301593485273,1.617999328067165,6.035374257249233,2.9360031193892486,1.9132791217206704,3.045739552780423,3.5458014556797717,3.2848459479416072,7.036471161831713,5.282413724177915,3.072183104019495,1.996832841371745,4.934485938101954,5.7735067879093025
O35350,3.0501617769957394,3.3732312186448503,5.95322241938185,3.374694631927722,2.369133939469929,3.004868350521422,4.827104331405306,1.7831419172248595,8.585934173507647,5.002910436585448,3.0902697978519544,4.33423515221033,5.606938445518063,5.449090582835147,11.985090868893423,6.593921544658844,4.3729020552423306,2.8361559170028947,6.495486430365216,8.189250270176709
O35382,1.9293666181963447,1.8082313081227472,4.058948680965691,2.0868187164962984,1.5694455756706835,1.9449578254138102,3.672301593485273,1.4282269622809343,6.035374257249233,3.3265051451039755,2.167788071750351,3.045739552780423,3.5458014556797717,3.2851248355112284,7.972479330729388,4.66310132311538,3.072183104019495,1.762723321352482,4.355964736639107,5.7735067879093025
O35435,2.7288699087604584,3.0084600859863757,5.742648417356267,3.170904706715418,1.7111923266145104,2.6207703801262445,3.267992915126924,1.4447935719226845,8.532653651866534,4.469289329750035,2.368600924241029,3.8681864626623943,5.000669544552872,4.710930920308246,11.705442638078173,5.770842274306338,4.130600784931426,2.8188499616439477,4.884175923830714,7.3259470228988155
O35459,3.291679679310724,3.5450453922329075,6.701595912216908,3.6898902640910514,2.4075393750958125,3.5426276155017535,6.259355028736041,2.4215368610079704,10.605752709122186,6.059728477526314,3.852143190582791,5.199620355209728,6.306921063831342,6.25526434502583,13.384163091479264,8.727608012753333,5.244086878825346,3.3015128687663475,8.285515033352608,9.564420561861633
O35465,2.4494689069961835,2.977545171195986,5.170285228149092,2.753635910952565,1.8197840545764739,2.8289522058164245,3.305595767438542,1.5121999529643968,6.961495446231384,3.0079467323670905,2.9695669496367065,3.5365112228454727,4.8606474471347,5.407385665910685,10.920341433943289,4.940892280251245,3.175591537465647,1.7917529251785789,4.449539259209595,5.9465686448946915
O35566,1.9293666181963447,2.048551377575414,4.058948680965691,2.364163996732687,1.5694455756706835,2.1616357424177624,3.3337039920922837,1.7982524520878862,5.445174044090719,3.6970942634519304,2.167788071750351,3.045739552780423,3.5458014556797717,3.7218039870112065,7.972479330729388,4.755660860589237,2.768832506242329,1.800996697782709,4.440516302464811,6.4076550885359245
O35639,2.4151916582913397,2.22003544549482,5.081014102371779,2.5601363492759397,1.4112698242166763,1.7601343272516035,3.625168118336633,1.597232533952199,5.95791107637339,3.283809918800469,2.339404185064797,2.7313693676504514,3.494806084480235,4.642815870922261,9.945379632159181,5.214640397700266,3.0327670189910103,1.9712134917437223,4.871176522379429,5.69943274129176
O35678,2.1520572432966136,2.2849985009576743,3.643241305252742,2.125945736398669,1.4049918629630949,1.9449578254138102,3.672301593485273,1.617999328067165,6.035374257249233,3.3265051451039755,1.9552207370452177,3.045739552780423,3.5458014556797717,3.330800291899186,7.131827801557375,5.282413724177915,3.072183104019495,1.996832841371745,4.934485938101954,5.7735067879093025
O35682,1.716215338711296,1.8222988583055866,3.599679649871303,2.097536431466369,1.620257469075962,2.312202000882795,3.790957849469126,1.4334871332098453,7.174965056488623,3.9546111241871604,2.5733747300799954,3.150628295625769,3.152790322784256,3.3101482956403414,8.247889113055546,5.237831383309008,2.723274672330788,2.0642691495854706,5.070089818182787,5.724779736022133
O35683,2.591177627780201,2.9146901635313194,5.080917370911435,3.175707283021183,1.7969251428837953,2.9030751297467283,5.481336040131432,2.1764337503924027,8.609981199383753,4.965194735608848,2.4793068626558195,4.334113200807688,4.430559222714251,4.990271821300007,9.962272482241577,7.535803902750298,4.585045561659774,2.8485295821563033,7.364418748337525,8.616606099578414
O35685,1.70274217463181,1.8072444791825337,4.058948680965691,2.086659770552986,1.3848778731410398,1.7161837945263672,3.672301593485273,1.617999328067165,6.035374257249233,3.3265051451039755,2.167788071750351,2.688547136713831,3.6274935566582815,3.7218039870112065,7.972479330729388,5.282413724177915,3.072183104019495,1.996832841371745,4.934485938101954,5.7735067879093025
O35855,2.844525689253811,3.020907345970327,5.389756260731721,3.388170499791343,2.2481768808615783,2.9492678021364958,4.654751035935199,1.5742240120618158,8.337902973034058,4.769847301300805,2.7505764369372794,4.220259151865247,5.090182904980015,5.338315808288875,11.761666403147636,5.584715226085985,4.062540287032274,2.2563401315895586,5.5752015727355415,8.25948698018989
O35857,2.801906375290528,2.9749914354300406,5.066811174638485,3.1266714492799794,1.8216645189214098,2.5644255680900043,3.5873925994850357,1.578859840490127,7.950743779732316,3.5679240965136887,2.850480801606318,4.014349239936227,4.915485273474379,4.632114644010116,11.074982313076957,5.146325526072033,3.823712020499727,1.9511310476349237,5.302730048252521,5.611928597078074
O35887,2.0046800237909714,2.1339247465225957,3.628273625132102,2.1140757251480733,1.4015942081071784,2.3705284543620553,3.8206259359614863,1.5736924222172513,6.291669905173222,3.4698217348999685,2.6363683480895137,2.721354497270989,3.1692384613999396,3.9457045319883703,7.129915212284043,4.72263241316514,3.2013963561966623,1.943097479273958,4.408764160403965,6.005980855535128
O35963,1.7016181514814626,1.8067339692978646,3.5798176905951227,2.364163996732687,1.3841833139106023,1.7154509310190735,3.2389664728009313,1.617999328067165,5.3231942890298685,2.933974337975295,1.9119115333663415,2.6862333336344464,3.127270043822825,3.28249798051063,7.031441578898806,4.659561685712817,2.709940461017433,1.7613852845039797,4.352658238530302,5.092749721214186
O35972,1.7030345593603846,1.8082378744054832,3.5827974907210494,2.086826294421561,1.3853354925882855,1.7166331676497915,3.2411986700270785,1.4280573467983693,5.326862872704938,2.9359963438941,1.9135114912620734,2.688481272494023,3.129887058423857,3.285244895558731,7.037325747845018,4.661986674384268,2.7113508028825106,1.7623019671555,4.3549235045855825,5.0954001551419825
O54724,3.3559676573430237,3.6976822027361718,6.906901182569285,3.835043856363521,2.4733502161378027,3.573340393306481,5.796693734679103,2.4784052687064517,10.519219596111142,5.524195489227116,3.8410656735018622,5.3931606609258855,6.27874501341145,6.169142577857962,13.22476583277674,8.086155755621313,4.697016231943803,3.0481934985218064,7.991350711535563,9.369429402944466
O54734,2.777456852331189,2.9515230519480817,5.66030922264454,3.5060749824893245,2.1041028907860135,3.0278168409658863,4.468183938747019,1.59206518543321,8.397407629397192,5.419455165480735,3.2102565721217315,4.636489774300142,5.267169497522275,5.513041202070541,11.821962370324972,6.762839075619216,4.663611029965753,2.7869468529515835,5.301264885400481,8.324160231165262
O55003,1.7782495198175479,2.655774634678453,3.74574439486407,2.180935068649046,1.4477267876361328,2.532421104361484,3.398037957756609,1.4965350415382617,7.85832419709467,3.729090367577251,2.0002820916040864,2.810577935079462,3.9577250242057724,3.4318256386203307,7.3526475134433324,5.922471616277838,3.9978248449495855,2.240343497053793,4.5623526903389395,6.482661217480722
O55022,1.701555324376711,1.8066667715107394,3.5796835029298513,2.346226794579456,1.557537999631879,1.7735332298389694,3.2390103427796912,1.6035267550293832,5.503428742712623,2.9341066798230226,1.9118247598784444,3.024308329543797,3.5208515670788065,3.3860930575826655,7.031084636787428,4.658854867919603,3.0497228029239816,1.982234275682109,4.898410601389002,5.092047462879612
O55023,1.7942341743147208,1.807934470687116,3.7746607443568654,2.0863665368675384,1.459521928096721,1.7164694347363916,3.2408832826555867,1.427844862822858,5.326279915776168,2.9357353831229474,2.01871809826052,2.6881361968105835,3.301971103494284,3.465870656208194,7.4242443358202905,5.226854616893455,2.7112855354342598,1.7621966423172886,4.354784100248784,5.0951654859211155
O55026,1.7031701961851609,1.8083666327369303,3.582731572390959,2.2630843992221124,1.5694455756706835,1.8629230319112167,3.672301593485273,1.617999328067165,5.780813117447155,3.1861991913716063,1.9135788899453667,2.6885291645357836,3.129902289622995,3.285316234864227,7.037379679904468,5.282413724177915,2.9400327751147723,1.7626955823652246,4.934485938101954,5.7735067879093025
O55028,2.6732884095651874,2.9840523245973998,5.648966056683895,3.274834131340488,2.1775630338086516,2.7035392016562074,5.361634220412281,2.4561049119926732,8.81285848309307,5.0475243732365715,3.0017574290338493,4.973480802910791,5.599506152651359,5.155851260967869,11.01666473535987,8.86199308329344,4.849308234237709,2.9215461114114363,8.517483691468303,8.442435708784476
O55029,2.370735468594987,2.272679167763857,4.9734273064178804,2.630874553399844,1.3885806829880665,1.9159541256691868,3.524015171131553,1.552665006900451,5.877506629637758,2.94114007437656,2.6605569566933407,2.693892878530421,3.1373855940688347,4.136958841720923,8.835083942962912,5.075652100011797,2.951933233128962,1.9186737983606792,4.741342731177999,5.547523042043579
O55042,2.170042901220519,1.8365175473912758,4.592785894140515,2.6641834334150536,1.6033479241161892,1.9249427665699115,3.553773634912568,1.4298585438464286,5.840575281260151,3.219138183542256,2.459410934780885,2.9708444037014927,3.6173451719010083,3.322211839237622,7.106052508520981,5.113590419019096,2.9739976659308933,1.7790262901127398,4.776782231268628,5.5889883936323725
O55126,3.343125461533399,3.67090143838402,6.010762334077634,3.988272465835245,2.329300521543351,3.2752161293261453,5.428772162509984,2.083835991191824,9.565519600493356,5.599276199383713,3.5145074271843804,5.1928552687656095,6.290671410141407,6.291417293780973,14.154820377309447,7.031507268355892,5.159030649303892,2.948789482438828,6.780796775709578,9.446471470061464
O55131,1.7019223681045061,2.0853750875820163,4.058948680965691,2.0854789447145947,1.5694455756706835,1.7164213975835345,3.240860111154059,1.4279714367338923,5.325036118320806,2.93471226134135,2.205146383712695,3.045739552780423,3.5458014556797717,3.7218039870112065,7.972479330729388,4.660988712577808,2.710719228581968,1.7624102621332465,4.354893131146661,5.093274012995502
O55135,2.1977521934515343,2.333516212524392,4.623570907969206,2.6930322938601017,1.4410574459510122,1.780336403202796,3.365497692795326,1.4837054913814436,5.520670392280947,3.046187740712247,2.461657040389491,3.458625089324738,3.2425628521762158,4.226337946484889,7.376992478322241,4.839661189147428,2.8131005827148163,2.2752140827376017,4.51844867528542,5.293269150814945
O55142,2.602620933956223,2.9199507977789305,5.483252846594842,2.4901614169502384,1.644590256187096,3.217416806803531,6.0891010208026906,2.5181502876046777,9.988537027319236,5.3449355243364955,2.5066835244803265,3.1811694317408956,4.46348332968686,4.99544730090541,9.21867893055612,8.213080844351342,4.9264271021978185,2.5409641746724345,8.18058516261541,9.554122332824884
O55143,3.2703274071164516,3.20034957121224,6.575493771595405,3.3255196590473055,2.0439583586365657,3.199449683861904,4.752426358366461,1.8765252169226705,9.746181646725807,5.0506205620952365,3.217832171195407,4.5398178372166,5.268164565872278,5.52208770099111,11.813545926536998,6.487124030054878,4.305064793722106,2.954573975840516,6.358190006182991,7.783933832522418
O55222,3.1515262124149612,2.9741316800910518,4.00842735249837,2.3352032024494416,1.5059853463630932,1.9355401639359573,3.6545199774522024,1.6101648291674842,6.006150429922886,3.3103979067096105,2.139653088334564,3.0291236710669946,3.3810679873688634,3.63703387135918,7.807951407334957,5.2555974874334686,3.056587129576487,1.9866958954585123,4.909435960944234,5.744197511325834
O70194,1.9293666181963447,1.8078334129576734,3.579698833240981,2.364163996732687,1.5694455756706835,1.7166126564323838,3.241149768271155,1.4280442683659547,6.000606063289735,2.935924850147169,2.167788071750351,2.6876775220306213,3.4982146624154757,3.7218039870112065,7.972479330729388,4.66229702729482,2.7115192850368617,1.7624559816240188,4.3552639831590625,5.095692072246169
O70250,3.643184503720223,3.8317813271409196,7.731610289282051,4.17488172528307,2.7704193816549574,3.594315943956404,6.574003625150584,2.8546023355016064,10.912190465259492,6.090300926165605,3.8849844516403795,5.848745817627927,6.7536524434249925,7.146413459387952,15.187367605743942,9.19192733407354,5.678771832160173,3.5219544137060717,8.71100253664313,10.019176315388044
O70252,2.6649436673401063,1.9386779297650263,3.953849999099912,2.5723552144162825,1.392253164644986,1.8853886660853398,3.474915293872628,1.5310318249869461,5.856181975506173,3.241681752434338,2.359764123658369,2.8821617030131503,3.462181139607832,4.809652686406527,7.7981270497384445,4.671511692724444,2.723862397057725,1.7679225359042836,4.376653632723747,5.612172269988519
O70274,1.7031260447080456,1.808335011172136,3.5829899550913327,2.086938396685138,1.3854099114534049,1.9449578254138102,3.672301593485273,1.617999328067165,6.035374257249233,3.3265051451039755,1.9135898182944813,2.688591321877431,3.1300151761624635,3.285379372662515,7.037613811357796,5.282413724177915,3.072183104019495,1.996832841371745,4.934485938101954,5.7735067879093025
O70305,1.9774018826621012,2.405371798051589,4.193914232194562,2.101786500245351,1.5270664936212148,2.3089866065974634,4.325086183195314,1.911469019458625,6.2068029287560496,3.2293037238801676,1.9245257182869162,2.7018446474683953,4.1566078214982705,3.622878206947615,7.760570337245125,5.540338892072296,2.980431439499417,1.8031337015729794,5.825933593946139,6.029038781370103
O70310,1.7092678279713722,1.8127010018431329,3.592354130921474,2.092413261620947,1.3907683563809188,1.7364353245662596,3.242189921974015,1.4279543089590314,5.3889598942929835,2.9346416911325077,1.9207842336453145,3.012462108392253,3.1421673828496015,3.2970997520793586,7.049808095208421,4.666733257870219,2.710485760709214,1.781851061804497,4.356603278597414,5.69491199900771
O70318,3.6704247154236813,3.842316569817346,7.237870419850942,4.007646914391659,1.742954570359792,3.790292004474775,6.247995158445524,2.5095675175427625,10.979656986816778,5.163108470092523,3.998722623662402,4.049845839139998,4.706264111798134,6.622320651884936,14.174690528638875,6.584862518741489,4.085812224352154,2.4764408914718286,8.786442411120495,8.223174862507898
O70325,1.7068015303197626,2.0383860930121576,3.884230772291015,2.0914902307065377,1.3872709194782973,2.2177520395446115,4.187368097322169,1.8449352797864977,6.881878564940985,3.3336444820667697,1.9174231863570317,2.915319594294805,3.525981849365454,3.291886586185404,7.052074322423924,5.289357762746756,3.0760081098941012,1.7694878812463062,5.623209038945665,5.789989819838285
O70373,1.9293666181963447,2.484318893935533,4.058948680965691,2.364163996732687,1.5694455756706835,1.8718816459151024,4.410638774808601,1.49322044357125,6.035374257249233,3.3265051451039755,2.167788071750351,3.045739552780423,3.5458014556797717,3.390564177879837,7.972479330729388,5.282413724177915,3.072183104019495,1.996832841371745,4.934485938101954,5.7735067879093025
O70378,1.8369491051792377,2.459433128391767,4.873059549145523,2.256319077433025,1.8842321868348013,1.8509600088755223,3.4961608883968105,1.541015492578325,5.742946163168452,3.172660519961663,2.604705442974756,3.6596079175788936,4.260457224427672,4.4719330404036155,9.579331382697104,5.044235646227353,2.929827870913628,1.9005788676426874,4.709166905675455,5.5073839189435265
O70400,1.7087377254918061,1.816467292012986,4.058948680965691,2.096825664319673,1.392734097581209,2.078742019206856,3.276537606997671,1.617999328067165,6.035374257249233,2.951733174753273,1.923390741550604,3.045739552780423,3.5458014556797717,3.2998828314484383,7.972479330729388,5.282413724177915,3.072183104019495,2.130325408809283,4.934485938101954,5.7735067879093025
O70423,3.5775354463764373,3.477483910912684,5.725855924071344,3.500367476072771,1.919858582983747,3.211271308581833,4.863596451585474,1.9750464528754965,7.97522224246936,4.677839644952913,3.45550355846609,4.871176426861577,5.445003486454083,5.494145948409705,11.209971858317125,5.025639684169467,4.034258268974523,2.4227545392804695,4.705253479467486,6.995631503275766
O70435,1.9122637211005218,2.07979718160678,3.589717926651377,2.400223724474224,1.385989369442354,1.973311150747918,3.2421688923574083,1.6041450043682122,5.328190424757192,2.937108201576824,2.198670342627247,2.6894624622998133,3.1310152757136476,3.2909903456715375,7.039178354405007,5.237521910448819,2.7128246420162094,1.7627551593501087,4.356886648250811,5.096529065014829
O70475,1.7027552002835775,1.8079412581915226,4.058948680965691,2.086483979661205,1.5694455756706835,1.7165331875058656,3.672301593485273,1.617999328067165,6.035374257249233,3.3265051451039755,1.9131651821568665,3.045739552780423,3.5458014556797717,3.7218039870112065,7.972479330729388,5.282413724177915,3.072183104019495,1.996832841371745,4.934485938101954,5.7735067879093025
O70492,1.7324385335656673,2.0225854230926945,3.645623806600468,2.125300364325534,1.418781326879504,1.745522142845278,3.2916580099029913,1.4577435638189884,5.322707843245192,2.9806124882346627,1.9437586051043958,2.6861012933261788,3.127118998365613,3.333118502336378,7.137553999897757,4.761997498620505,2.7520381450656433,1.9649630351184701,4.352139085307432,5.092365623697066
O70493,2.0491533193052396,2.175737786450489,3.6253935527663823,2.5109455380831704,1.4018435560432512,2.052055035398785,3.636059691949782,1.6020313115958795,5.975811219194543,3.2936759046788326,1.9324941950769985,3.012715061332627,3.5073548689577456,3.9348241907365784,8.428790081417821,5.231772302488092,3.042730711949767,1.977689612680446,4.887180029049399,5.7181573573000835
O70496,1.7031412579365417,1.8083511641831287,4.058948680965691,2.0869570383298854,1.3854222866722614,1.716927281343607,3.672301593485273,1.617999328067165,6.035374257249233,2.936499373164421,1.9135989016304285,2.688604083953174,3.1300300335676883,3.285394967543022,7.972479330729388,5.282413724177915,3.072183104019495,1.996832841371745,4.934485938101954,5.096641194780015
O70514,2.351057803359328,2.5013621298943307,5.66406860970484,3.365401026127356,1.7692218577006165,1.7210233830988346,3.710659465953087,2.127644863201706,7.2935885982554,3.34179933621798,2.837707184433834,3.4205736528486845,4.938928332892371,4.563953586308696,9.75509257233022,5.337918782384938,3.4662297083742595,2.2483882643796083,5.563880624284063,5.837229135415573
O70548,1.7029243919035069,1.808120901460361,3.582565723440761,2.0866912998939764,1.385245876739152,1.7168032589303985,3.241519821711012,1.4281988447651304,5.327390680826505,2.936287254839666,1.913402751755773,2.6883284936225063,3.1297091956960585,3.285058204279556,7.036925836304904,4.662105106058816,2.711419681203772,1.7623467361322491,4.355034135721877,5.095529597119195
O70571,1.8897828330242719,2.5120309521676805,4.977275567241975,2.5895695941347197,1.5273370251536142,1.883648859299604,3.5519713256076844,1.5649823610191778,5.888669232487134,3.2219845359883696,1.9118263943727853,2.9501368253115503,3.8645260340184606,3.604980271096963,7.686751009776462,5.114159192204623,2.711631427219796,1.9217885652651936,4.777313542035353,5.579511438592403
O70572,2.2947357683104235,1.8177586082899746,3.6012423450136026,2.811871851771682,1.5368430929242243,1.906708509254761,3.600082534107616,1.5861799399880416,5.916683283549278,2.9480589068315024,1.9227131106993685,3.1156370342018866,3.149811111945449,3.812317225300467,7.084170724100018,5.181927838774062,3.013741820271278,1.9588476462420397,4.840618586093246,5.663678975897378
O70591,1.732950201582556,2.042576589447547,3.6534748485808253,2.128015041418325,1.564868143590875,1.7528620049577535,3.6585815143152622,1.695896459275602,6.012825506684464,2.9947077940004307,1.916671394725106,3.038209482877635,3.5370350682851894,3.3425916855972115,7.952768739715747,4.756303025488896,3.057771620951285,2.0968602085662456,5.177071024095086,5.746423507876518
O88342,1.8469209054976472,1.9610126606041454,3.8855016472845074,2.0868940939188487,1.3853449666933086,1.858178268067776,3.66781859296885,1.6160241384922782,5.326787091911022,2.935996310149018,1.9134632493316381,2.688240016630155,3.129644409794583,3.2853088647272752,7.624869745990218,5.279958780485877,2.71129699536857,1.9959048352662139,4.932192690022625,5.770823614116035
O88384,1.7032575920084043,2.053998350381922,4.06974117722927,2.086800318050786,1.3852228777325453,1.9449578254138102,3.672301593485273,1.617999328067165,6.035374257249233,3.3265051451039755,2.1725106737928233,2.688545049959641,3.1299330695935486,3.285038849347381,7.037501690008324,5.282413724177915,3.072183104019495,1.996832841371745,4.934485938101954,5.7735067879093025
O88441,2.59875222420638,1.8148945353628274,3.5958704020575833,2.34464643760067,1.5564888827889847,2.012639712489171,3.638456852763028,1.6030874897137068,7.14281703443129,3.443970006709549,2.1482928495814866,4.1092372214781845,3.731225466043844,3.300319131084454,7.06702368130421,5.242727320602084,2.721766475821647,1.9818307763775864,4.897413491564409,5.730130836611882
O88456,2.7921723381974637,3.093358306781804,4.897560146846623,2.8529710883181916,2.041425291411453,2.5049276093274724,3.265164925490349,1.6039241123608163,6.598768706099552,3.9776000285624353,3.2729021426990768,4.207323068863744,4.279754104056996,4.807156178817205,10.992622648608847,4.698789113918912,3.365666165467674,1.9747786168336252,4.387188396305476,5.695190076168625
O88487,1.7028920312065425,1.808086541712597,3.58249764389226,2.0866516464688827,1.5694455756706835,1.7166469018031496,3.672301593485273,1.617999328067165,6.035374257249233,3.3265051451039755,1.9133098495874123,2.688197966191157,3.1295572377403427,3.2848987036046,7.0365841697800775,5.282413724177915,3.072183104019495,1.996832841371745,4.934485938101954,5.7735067879093025
O88531,1.8552614573540822,2.9191341338746524,4.058948680965691,2.8761033049319114,1.5694455756706835,2.348214679327719,3.672301593485273,1.617999328067165,6.035374257249233,3.3265051451039755,3.082696615251132,3.045739552780423,3.5458014556797717,5.2925803508660065,7.972479330729388,5.282413724177915,2.9644906810763008,1.996832841371745,4.934485938101954,5.7735067879093025
O88543,1.7851262909442998,2.4086078653795306,4.772355638801118,2.779693035728038,1.455318576846832,1.7876480873882097,3.672301593485273,1.617999328067165,6.035374257249233,3.3265051451039755,1.9946585449329934,3.045739552780423,4.147358460671062,3.419964480881583,7.33761041947259,5.282413724177915,3.072183104019495,1.996832841371745,4.934485938101954,5.7735067879093025
O88544,1.8499456596825352,1.8080417654168295,3.5824956827068495,2.2668449237615382,1.3852281262317394,1.9208457649121933,3.626775280757406,1.597940642382486,5.960552424436621,3.285265745323867,1.913259617661736,2.6881798260191943,3.1295406637143017,3.5504013715999174,7.036544487992423,5.215406119191214,3.033212352649012,1.9715029461295974,4.871891809391556,5.700269650033948
O88569,1.9543652365439312,2.557519205085893,5.421077659893477,2.9515037188929374,1.7748716204960142,2.4235870229890466,4.563822383791225,2.0256886242662415,8.106256131584864,3.783093204124321,2.4649621359647185,4.364855066469255,4.7895629835148315,4.238351333603603,9.024206896527566,5.364635920179188,2.7603507968834284,2.255089474411212,6.150639722278362,5.8929445876866255
O88587,1.9802799184951276,1.8260543648733083,4.0021180996562125,2.1112751475938305,1.5474712883836281,1.715758840606586,3.2400497405383204,1.4276176522948842,5.32430639274251,2.9341205611863375,2.1346358041948617,2.6864999749163796,3.127496965010405,3.282543160478719,7.115293779229339,4.659972651762329,2.7097804345360395,1.7615336267470565,4.352964038530226,5.092717684534913
O88696,2.6079213882755337,2.9160738997550224,5.4871616490900275,3.021329669010097,2.1312792234117395,2.7742328347484584,4.980441707459996,2.067933424760703,8.596220564480134,4.922258732563878,3.082365666270815,4.331734051415916,5.043681644982707,5.02676308475319,10.767447543468567,6.30035731175782,4.5474021226795385,2.711172647787998,7.030930253159619,8.225575270593415
O88746,2.2562205741071883,2.395596420923931,4.150282792953657,2.4180479455389436,1.6042076050938476,1.7271228750500671,3.260819596306513,1.6502111671718913,5.819716036719976,3.207641235494249,2.5285197444580896,3.09955049119017,4.135842016777666,3.796963411923249,9.299143058646184,4.693430813280842,2.9609611724718343,1.774214281440672,4.381836797624634,5.564489110572735
O88952,1.701778495493891,1.8068776107889626,3.5800975856362425,2.3057193666085336,1.5306472239925308,1.715665604070347,3.363589151659129,1.48111823591869,5.323656064617853,2.9345662380855804,1.9121746810676226,2.6861132300388255,3.1272114167161913,3.282343018389163,7.0314318371967754,4.847945835101198,2.7101511574355883,1.832006485655415,4.354795912594446,5.095342142919644
O88967,2.343560526260011,2.306220028123643,4.215031782101203,2.2267710785408696,1.473210222842169,2.1997178214680013,3.809761473819978,1.4275251025171367,6.2685649189712445,3.466563556859946,2.248211990465653,2.8638194392862784,3.3342897101625235,3.86382197907211,8.282829450127412,4.954961620547211,3.2005089874076655,2.078432057440705,4.3526484623711825,6.497607752386196
O88983,1.9260321320499385,1.8868052632861114,4.051933680282044,2.3600780588810686,1.5667331339396742,1.8007436635804983,3.240106952604798,1.6095883456783646,5.3249711631963494,2.9346813051524294,2.0011362424207007,3.0356636739542115,3.273212863312601,3.2843073137298813,7.032282811543621,5.2563355526412625,2.71054607283351,1.8479739636836585,4.353500297308918,5.093789475723328
O88990,4.451661548984911,4.7807930912741226,9.211408479993286,5.352371102411621,3.735923836038407,4.272017062417397,7.583092425529979,3.0045757039145244,12.378719491647741,7.641024072595521,4.954735341065332,7.496789021643685,8.71408326448385,8.549737110869941,19.188727228491288,9.812896555794529,6.292257507966647,3.0710478335436475,8.634456431462647,12.909522721094113
O89023,3.0167620115677205,3.2031195711220266,5.999795151854761,3.696612176863875,1.975968367252896,2.878844643091558,5.085932582541616,2.240934690574471,9.443959720035103,5.205208369823579,3.3895832278918805,4.762360232149279,5.25133652733607,5.819463874846498,12.465878273024796,7.827738035776841,4.548138582575856,2.7660453607226168,7.308324622429848,8.557379777985089
O89086,1.9293666181963447,2.048551377575414,4.058948680965691,2.364163996732687,1.5694455756706835,1.7164891084136533,3.2409266698039816,1.4279375047410106,5.326415844294375,2.935749956140108,2.167788071750351,3.045739552780423,3.5458014556797717,3.7218039870112065,7.972479330729388,4.6616159027813575,2.7111351669415584,1.7621618098425749,4.354577153967032,5.09499491381142
O89104,2.3129671532206655,2.244194383547982,4.0969888152772755,2.383736961623453,1.7159591389941813,1.7883689401297669,3.376948198013437,1.4282534068947317,5.548415273190692,3.3658052178835605,2.1979110330038822,3.945863399719232,4.246413871489658,4.46880613262774,10.32862917232211,4.858910461823821,2.8243690801342436,1.8359040073783295,4.539255775359986,5.308685234623387
P00329,1.7028414718956344,1.8080328591490897,3.5823912785978753,2.086589693234375,1.3851784253598947,1.71684202902306,3.241593024055659,1.617999328067165,6.035374257249233,3.3265051451039755,1.9134637695818584,3.045739552780423,3.5458014556797717,3.2851629637767426,7.037150241708555,5.282413724177915,3.072183104019495,1.7626511832110372,4.934485938101954,5.7735067879093025
P01027,2.4801768631440746,2.2571204347252705,4.026869932775362,3.0391035016746177,1.4227052405413,1.7611408101287007,3.31539875797217,1.6060069049687289,5.990640764228068,3.301849475322662,2.79638574010089,3.3541678748959463,3.9172258332317114,3.3985292730739367,8.791090579236176,5.2405110380208155,2.782249477796789,1.811954332214571,4.8953431851092235,5.727708511668209
P01831,2.4819917783362957,2.5853053336048095,4.758143045723612,2.550092996438519,1.5117018970098883,2.6720711906214363,4.322330412712004,1.747905867075838,7.093348259780099,2.9451571641043643,2.7319045154769497,2.9440859673411905,3.4136626910744066,3.9996265916835014,7.678511771494257,6.189038110725578,2.8812992741363197,1.9266396603780125,5.318755421841696,5.106242739409299
P01887,1.863587895828027,1.9799202877106725,3.9115004252030174,2.27757153679474,1.5130708191185627,2.351444983798533,3.993247259141555,1.5662521468788484,5.835823838694848,4.021729281132624,1.9134644692466563,2.688170728668148,3.128617977058897,3.596832842715739,7.035659211785537,5.071610006687095,2.9668823740196077,2.4102153035365967,5.350177866973956,5.093369383369848
P02463,1.9293666181963447,1.822219501347865,4.058948680965691,2.364163996732687,1.5694455756706835,1.7305265813849966,3.672301593485273,1.617999328067165,6.035374257249233,2.9525802471520994,2.167788071750351,3.3876125851371595,3.1653389650802097,3.7218039870112065,7.972479330729388,5.282413724177915,3.072183104019495,1.996832841371745,4.934485938101954,5.7735067879093025
P02469,1.7058079981999525,2.025053170486901,3.5886665589583022,2.0902227735234695,1.5534429151980707,1.7170723964580163,3.672301593485273,1.617999328067165,6.035374257249233,3.3265051451039755,2.14350412958727,3.7923336057501222,3.516829679676787,3.7218039870112065,7.884920150561694,5.282413724177915,3.072183104019495,1.996832841371745,4.934485938101954,5.7735067879093025
P03953,2.1083059219264415,2.238544483966649,4.435396290247528,2.1318484424275024,1.4129057676831769,1.7416847952783672,3.672301593485273,1.617999328067165,6.035374257249233,3.3265051451039755,2.3633657097316734,3.045739552780423,3.1805651210775645,4.057584796166313,8.691755673596235,5.282413724177915,3.072183104019495,1.7962271360358184,4.934485938101954,5.7735067879093025
P04117,3.0891814782517675,3.0567715037417957,4.943187058126845,2.6493517295274907,1.7611810775887675,2.790713964406757,4.083757153308821,1.4819445460140614,5.430194664643595,3.7092729292866253,3.234586606992377,4.544408397513903,5.099230264459743,4.531073932793257,11.459961830484854,4.738466073126843,3.097081281194317,1.7899165604170097,4.431684844241922,5.744892003176139
P04247,3.146764644048487,3.135103173463175,6.350090692996869,3.529122440044845,2.3430292976618174,3.042832674087335,3.726788999212324,1.7694773054201947,8.992069234230373,5.208677849035317,3.5632934446308924,5.235017034797121,6.392881649948935,5.979127079367077,13.088883174681502,5.34269444430566,4.686477511161308,2.3478871443257097,6.0920381216898,8.097133956367086
P04919,3.1056147932750697,3.384087417961556,5.735980065084992,3.3293504106906058,2.28857618008744,3.208158733154134,5.65896645286044,2.4308359400514568,9.526278291018219,5.121111393314693,3.416986647301817,3.7481287922812023,5.296004755110457,5.5532757748833195,11.581552147343041,7.187344291313087,3.9869446902989587,3.0650994398331712,7.191183654835303,7.8516364574892545
P05017,1.9056253848081903,2.0233435524249463,4.009002524005936,2.335072496607753,1.5501332410679234,1.9124825409614246,3.3810774569826747,1.8435663167785827,5.5525295366421785,3.7902567273808954,2.1409668364571397,3.008055750451442,3.501930573472634,3.675755490965079,7.873838810105479,6.042283188516766,2.8361839549015775,2.2840750720592915,5.6443063691316455,5.33065715864031
P05064,3.71497217683936,3.9444609949938148,7.815456779853875,4.552169290436784,3.0219485460626325,3.730981056287297,6.509562745600252,2.8696368821638516,11.190179451785664,6.381180875932135,4.176994887720975,5.86867263782901,6.8322151718868085,7.17134503572251,15.36174400112339,9.37283766597296,5.897311286888084,3.543156805421628,8.756715063768953,10.70882528511751
P05201,3.629828044699908,3.1356782977346866,5.93237759913665,3.62409135331196,2.1699150843987205,2.8248838376504866,4.170746068826196,1.5720401507215784,8.294411963371848,4.586324163533027,2.99495091045561,4.660877130775128,5.422290509895208,5.933216370140964,13.15200497842235,5.175462174762511,4.463569910565317,2.5120835485653985,5.580601355725828,7.950303963758763
P05202,4.144575437582551,4.441006662210704,8.595811555819333,4.862407372305713,3.2150719350532473,4.117303456743104,7.3247315414862,3.0691393586650553,12.535488399569585,7.045320217966677,4.576563309478841,6.6134451985992415,7.649567063422353,7.994756915206321,17.18250931127635,10.58607786678113,6.320011504951256,3.9759224810004,9.569592240311602,11.873137331896348
P05977,3.6879396747230953,4.0792293955497785,7.900759254712117,4.516480348758996,3.212703908627487,3.7474916589597997,6.788362338794803,2.9104992505901626,11.723851149492994,6.4648411484950286,4.264372804012905,6.450953533344236,7.412805237345267,7.484888274369487,16.35001937522934,9.467266173591705,5.58423593460814,3.374194234561611,8.841235456417401,10.762419030026702
P06151,3.921233331493139,3.830505580771118,7.810153907434166,4.321094658618578,2.965479732195524,3.306266520987885,5.708697816096078,2.0671558695574332,9.635106215947346,6.109580151926359,4.016409264922214,6.151548730884143,7.155180185348445,6.813208397737227,16.202766135292592,7.757335617873663,5.716525043106875,3.1975782184688657,7.469860251823235,9.640011772390665
P06728,2.887586973047527,3.4715414841774743,5.776214694369166,2.9733798709663195,1.980911242359181,2.90978978402321,3.3438608713979385,1.5062916011598746,6.2457487794366005,4.177839500613487,3.0840376207839593,4.364259303009011,5.3355897468342475,5.29212530668761,9.217502145625174,4.933620610784561,3.5151558886096796,2.0694747918374077,4.608666189173795,5.392287233194106
P06745,2.6289881100539234,2.517346024967454,5.530793225578611,2.9114637261573155,2.1385535122776074,2.086064067713118,3.344603465625521,1.5086944017261308,6.469102800245288,4.056009576292169,2.959278598639154,4.157782761621303,4.840424439804333,5.080688020484933,10.88334591788339,4.9321005810358445,2.8015085891464513,1.810214239011428,4.607246276646648,7.023217253476852
P06797,2.002247395329917,1.9401890655753884,4.212273265015255,2.25847722382768,1.4978159904263437,2.0160946008513867,3.2398196022269934,1.5465306339693081,5.362599622879796,2.936053737835503,2.077488303340811,2.915173282291343,3.165005508104339,3.8678751775115607,8.285378546040912,4.659961404256003,2.730702497942757,1.7616306663601464,4.353306043446163,5.09411927770979
P07091,1.7026320989244883,1.9689472324404351,3.901223010312782,2.313368691424713,1.5084588829497976,1.9060368996573818,3.241588980360175,1.4282391255635558,5.327643434542387,2.936371056773909,2.0884874887307756,2.934322331969604,3.416091302565023,3.284387097956692,7.680835388557552,4.662978982522248,2.7119471007624956,1.7626936353334028,4.355794805212782,5.096495494066656
P07310,2.8138057193353188,2.863651226192892,5.799681466158956,2.943997846658973,2.2003630377605585,2.89502529544092,5.1518990071086685,2.207479617943582,8.648246233404185,4.947872371886844,3.0351614180352517,4.369768096884698,5.1917933695092575,5.315853832373402,11.389611552659469,7.402434795144315,4.565504175935847,2.732072287715904,6.9153647812655965,8.091245559478251
P07356,3.8548646890529596,4.042472895958817,6.943170957630382,4.049306578453615,2.5537163663734983,3.834367689977101,5.303713968436297,2.136967521538924,9.932023731940866,6.059761290484304,4.109554235229135,5.570074534505971,6.762717186270633,7.053262872599303,14.560227097206337,6.994142091668075,5.463128642383432,3.673563463524273,6.840057357976297,8.516009738805472
P07724,4.254402540256262,4.582363123967447,8.909570043320791,5.102284365382224,3.4227425611074995,4.3328005353662,8.163307566941265,3.5411536591938497,13.313420640108603,7.393193079296444,4.8888795705694035,6.738707606821646,7.848520483128626,8.140040042049074,17.60362271229639,11.506730412111105,6.785502812949483,4.384907951013998,10.747594228432128,12.574025597343693
P07901,2.7482772948114444,2.918049470301488,4.470836665531463,2.9833776254437874,1.711201352306525,1.766198830761406,3.612921051990543,1.5918365323945054,5.937783200960558,3.2727160780100037,2.3845187803433636,3.373003839702019,3.221178218107897,4.680616473477347,8.82134503347695,5.194950373756132,3.021315557209054,2.177463807258486,4.8527833878491835,5.6779121840557325
P07934,2.864739560142284,3.33744678771917,5.724497545156807,2.8340479149065825,2.3337637799479767,2.035785818889603,3.8531499873293886,1.5155042962598892,5.437911773793164,3.9232573911653863,2.5814947554271703,4.956449301667747,5.270292439904765,4.8510112593820445,11.833586051040973,4.951013471086101,2.7842674007293016,1.8715584983221334,4.484674964638362,5.988949968910225
P08003,2.3890224956483115,2.2834624128644787,3.5867095424215343,2.3411556318754743,1.3878648498158903,2.4155557253645354,3.554163941454145,1.4299763878858434,5.953727681569563,3.2905992158896966,2.4140986648055422,2.9523024614645887,3.437023482822664,4.603889986306599,7.048098985249603,5.114224651449333,3.023923554866784,1.766624523167151,4.853333428192267,5.679439364459134
P08032,2.9857350648979244,3.7550216684737356,6.5147737084506865,2.1720920256208545,2.2333850355816,3.5553929220728384,6.275256598956969,2.8380959083241,8.684455677017104,5.673716740949551,3.5864904154233104,4.054954764718567,5.668919807772011,6.1404087250761314,10.617283577391776,6.630316495602115,3.434538912216299,2.5125635556254546,7.377341262554449,7.727231898710473
P08074,2.4934310214342146,2.6436429480715824,3.7382970108743168,2.5106854822639333,1.436250173946271,3.6105911049531665,5.693730334744587,2.5000723152282536,10.347272217550957,5.7164780659375705,3.0030818842228433,2.780310792923639,3.242557926943748,5.144737899770438,11.010192707954472,8.462804678417143,4.3379924447148985,3.076640906761755,8.18823500045151,9.197694479382083
P08113,3.7136027894526893,3.90756567084044,7.543356121115837,4.213286900213325,2.5819028182271673,3.4009758719685124,4.722693454190377,2.079872213412389,9.906395367962206,5.587593953385647,4.208672996620899,5.452538192876243,6.53172015834378,7.088991731545393,14.636732024291012,8.270094930599322,5.372699099070784,3.20315297875082,6.7079911254384985,9.026008289794081
P08122,1.71562654870015,2.1003092647806225,3.60752544652702,2.1028177565757624,1.6157382248544974,1.9247030446821676,3.634058263689327,1.6011494914353743,5.972521900958178,2.9580353192273363,2.233873458218663,4.290915826019561,4.296652457597175,3.3131781155342246,7.120449688664144,5.229298431525773,3.041291940780221,1.9767544517784774,4.884869100350202,5.7154534966145825
P08207,1.8241612035426584,2.1224154355315834,3.582887272788754,2.286372497165313,1.384436390833122,2.0839763830730216,3.240035824693776,1.5622966154295543,5.3233428134960405,2.933764431363144,2.252319294016084,2.687476034715993,3.6520494815263906,3.8723557045322576,7.453155162789617,5.113361103295089,2.973864298888938,1.7612318568819805,4.355490013523204,5.588737758987255
P08226,2.483982011856239,3.1126949433086484,4.300823750198872,3.0454490704591763,2.01442517024882,2.960663966650561,4.328106182547605,2.076694775798704,5.50006499594596,3.4998822514063224,2.9843606708240555,3.5783631861806615,4.544856131122626,4.786744139771667,9.376661302869001,5.592269762730691,3.9288772895640807,3.1805287309051553,5.810752830831582,6.061814055500432
P08228,2.8995930423955807,2.659757803608354,6.100084475272662,3.0860585782265675,2.2704445416856522,2.8109540148857945,4.780696330388674,1.9688711254770608,8.326656845863864,4.331543106749453,3.2632996228547446,4.211194685611361,4.882492543198344,5.60265171001995,12.001444759394637,6.418178219757575,4.4345273058315655,2.4221617108617086,5.99511039045855,7.004701097285159
P08249,4.023011926570266,4.340865570627929,8.543107207728141,4.795552951477878,3.285641057224461,4.099792185039279,7.829055713900782,3.435285058697683,12.838363097289534,7.059253631856366,4.560721954056226,6.3476375995096666,7.481771109929758,7.8141044178051144,16.86109190022547,11.316090807792026,6.475545056143712,4.248749755805104,10.525044861537005,12.261977528771927
P08551,3.16450953999361,3.9584545804402715,6.64836929684174,3.206324367151918,2.273811733766119,3.7075403174626618,6.251918237783453,2.479672869370259,10.548373940568052,5.638226460168251,2.0865260277415683,5.274381805035124,5.328639758317111,3.555143364796503,12.53506079053922,7.255453751719087,2.7697374716827836,1.9401510772958739,6.275041023249205,7.89902344267764
P08553,2.7909110387077867,4.302839521759375,4.3314890862382045,2.457779249982579,1.9553315710805454,4.018953046259749,5.331118794321325,2.3408136979415635,8.733048857557796,3.604044035037576,2.2933632113912594,5.646410407079902,3.7774213895246227,3.444654191881455,10.206303602923365,5.697989011097917,3.2477313971642694,1.846756434806713,5.34724065392119,6.131959457388873
P08752,2.7529782663427973,3.027683664563812,5.300773510756422,2.90917402706667,1.9343205935728407,2.538321191180603,5.032269965121395,1.733661452475143,8.274900773502615,4.346090345164818,2.967814139318327,3.7574138990086756,4.865867044070641,5.30975317276775,11.37319989692772,6.093112430415758,4.207839302956769,2.9512727616573766,5.688236722367032,6.176225899164307
P08905,1.9293666181963447,2.048551377575414,4.058948680965691,2.364163996732687,1.5694455756706835,1.7168470299017322,3.672301593485273,1.617999328067165,6.035374257249233,3.3265051451039755,1.913610593844798,3.045739552780423,3.5458014556797717,3.2854150415210204,7.03769021764845,5.282413724177915,3.072183104019495,1.7626797575861637,4.934485938101954,5.7735067879093025
P09055,2.8433846447393036,3.283002751204703,5.233727950228987,3.285120925236553,2.02780286999175,2.7065328797438943,3.342604538035199,1.4718462319368801,6.249440570500655,4.312305462041182,3.1938968073214844,4.493213823695576,5.69344940169974,5.48933638505049,12.28301687785901,4.7777572639177786,3.249301668300642,2.776852653057856,5.229617398428267,6.055510376874741
P09103,3.6562866498226,3.964641046388493,7.698152547440839,4.298267272453274,2.598903998831897,3.8352733501469687,6.54124087657895,2.8066341094028484,11.368934754180692,6.163629616351974,4.27584027739357,5.81693851087219,6.768705805907742,7.108757854641149,15.217392898443363,9.30150682569122,5.829055218117297,3.633690386018265,8.78593140423064,10.40485063843399
P09242,1.7482126448468915,1.8564401538451498,3.678092852478138,2.1411429256613825,1.5389904069725378,2.140957584876731,4.0423714323236934,1.7810504107017509,6.643578654914191,3.661727945194167,2.3696188034223873,2.7538384434885574,3.207070731840442,3.3614516769540477,7.20741250260464,4.78950577424647,3.3711725988942227,1.9568888745813375,5.41471755456038,5.23182762825893
P09405,2.1965877967396796,2.9910194955514124,5.347503706103379,2.4247542260225408,1.7854249339634245,3.2623924419645633,5.808280351696392,2.157424613958025,9.196079103676485,4.427247260020491,3.0195695268380365,3.46293315306047,4.362519155133749,4.225607285995143,10.477567088756269,7.4134297584723425,3.5125242638927396,2.653980103086644,7.53225017060691,7.655319178958915
P09411,4.039059731260019,4.213259787801481,8.283695130580988,4.742158705890711,3.174234232653602,3.8554938873394864,6.9403149514023585,2.932329864336122,11.838764880535212,6.6837447955098686,4.459978413016821,6.265256596691539,7.319964278057871,7.681703994220764,16.330434834871557,10.12208183976107,5.922778246064036,3.8528836954643135,9.679386415873738,11.385649201162654
P09470,1.7028302465982565,1.8080209404198082,4.058948680965691,2.364163996732687,1.5694455756706835,1.7166244544487828,3.672301593485273,1.617999328067165,5.326835834880066,3.3265051451039755,2.167788071750351,3.045739552780423,3.5458014556797717,3.2847880240361587,7.036347082987003,5.282413724177915,3.072183104019495,1.996832841371745,4.934485938101954,5.7735067879093025
P09541,1.9293666181963447,2.048551377575414,3.60283519299315,2.0980573617483405,1.3908448047017332,1.7289394165086083,3.672301593485273,1.617999328067165,6.035374257249233,3.3265051451039755,1.9231005924335451,2.843829731347775,3.3107412588555367,3.302586981780243,7.071804275246623,5.282413724177915,3.072183104019495,1.996832841371745,4.934485938101954,5.7735067879093025
P09542,1.8229811959535327,2.66988720442787,4.239330464032228,2.248204042793564,2.1789522606031,1.8417542638920972,3.4452548933614384,1.5171318163380834,6.769500111499855,2.936417037793068,2.2694311401757004,3.4761442419250117,4.628492767627101,3.5496162094651846,9.074842417883854,4.941409835388808,2.710648948271649,1.7613641448536892,4.353814143598385,5.396938762112701
P09671,2.5697397594036633,2.929882114089482,5.593049189046469,3.039350360833976,1.9182250516429702,2.5025300459766817,4.712555375554881,1.6742142742199866,7.763625169019011,4.07985107297886,2.6662696672232906,4.624622017074983,5.371013739095192,4.767754180378352,11.718614426931369,5.824859267450585,3.7634025480304656,2.198287596770617,5.449698458154164,6.353195565269396
P09813,2.3584006609179555,2.5056008663913922,4.962979753740496,2.8919389642783213,1.9198216254657008,2.650764065580043,4.754630895290424,2.0934310961567277,7.339802543777193,4.305926779087718,2.6393461086543017,3.437480935629002,4.579905755706247,4.530272177165166,9.685729593935301,5.012929664816123,3.7407190981485514,2.5817250295820493,5.588019183440818,7.458392228597204
P09925,1.7733452724937917,1.8075500000458182,3.581528169205565,2.3374948755316396,1.3848459863656222,1.7956454139285616,3.390382777838077,1.427899708754163,5.572044784090018,2.935553864777135,2.1448944438169075,2.7966378935457312,3.1280947458391597,3.283891108904943,7.03451578768213,4.87759323037862,2.8367447710622296,1.8438045291100875,4.556329069213575,5.33105112448079
P0C0A3,2.187502061820594,2.3226328889119396,4.6020069616094395,2.1652778795851244,1.5694455756706835,1.7821266384749743,3.672301593485273,1.617999328067165,5.52280186743952,3.048513609134626,1.992053484875522,3.453310928083236,4.020289556450845,4.2198441980361086,9.03933166957508,5.282413724177915,2.817505206956543,1.996832841371745,4.934485938101954,5.7735067879093025
P0C5K1,2.5179739951566495,3.0270897180672067,5.6903812525278825,3.3029734584269863,2.1935756923233294,3.0362756963986803,5.166982307038311,2.1144810810332806,9.42182906822529,4.682444420639218,2.2869850355851895,4.257525347940257,4.9588790507443905,4.845949828443704,11.15047416212639,7.4162841912155395,4.790347787752612,2.609942232991028,6.926820861260933,9.002427437625968
P0CW02,1.7028731519268303,1.808066496183615,3.5824579261803633,2.0866285126005146,1.3852041955190386,1.7165694112073198,3.672301593485273,1.617999328067165,5.326665030887188,3.3265051451039755,1.9132908689246582,2.6881712983835233,3.1295261915036274,3.284866116329471,7.036514364551668,5.282413724177915,3.072183104019495,1.996832841371745,4.355685343415549,5.7735067879093025
P0DJE0,1.701858856205043,1.80716185111524,3.580714836131801,2.085383291585357,1.5556502496428632,1.9189938239875397,3.238808336807549,1.5964000232839355,5.954805689758596,2.933804081542421,1.9121791274303237,2.6865928855609864,3.127904332410465,3.2830165685041353,7.032642997950852,4.65893969737538,2.7098347104848703,1.7610808728542884,4.876571709742603,5.705745283520892
P0DJF2,1.7030206883164627,1.8082231464912204,3.5827683091985234,2.086809297432846,1.5694455756706835,1.9449578254138102,3.672301593485273,1.4282217975041709,5.327476297901825,3.3265051451039755,1.9135358508803246,3.045739552780423,3.1299269028952703,3.2852867177855023,7.03741533527081,5.282413724177915,3.072183104019495,1.7626469873976736,4.934485938101954,5.7735067879093025
P0DN34,2.310498457553229,2.4532272681960845,4.409450556492203,2.5691337924212774,1.704952032774953,2.109262844768341,3.9825540326297375,1.7539858994732171,7.2119857113994055,3.607519050433623,2.080166432537239,3.2985944558384808,4.226010675518957,4.026274797978921,7.701289145746256,5.738704969631751,3.3378847005359025,2.1678636193506757,5.360892620091961,6.273228915827058
P10107,3.0035042355407384,3.175421096126034,5.483323780905061,3.205732667024776,1.8213093009660457,2.625966864518701,3.7832236690780285,1.6504123594951852,6.162713025469922,3.796337894228081,3.481873092761461,4.750478317621627,5.086437800192548,5.797615211525675,12.796417585397844,4.80314662527318,3.8516758247523635,2.8447965826625414,5.054497085677436,5.899527297184567
P10126,1.7023719223500806,1.8075343036338694,3.581403453116394,2.364163996732687,1.3847964697222896,1.715654767879924,3.23935133997858,1.617999328067165,5.323826812638648,2.9343229647462827,1.9123786701771204,2.686889660274347,3.1280341288389053,3.2832999923251114,7.033159569055266,5.282413724177915,2.7103815375307567,1.7616719718652278,4.353366687792254,5.0935786295693974
P10493,1.78509051757681,3.079153179108269,3.7696909781585366,2.2715498992988823,2.1912770518815003,1.747095605369739,3.95056202960599,1.5555989650234396,5.802611771984793,2.982067916391395,2.0176953425979915,4.881658451646352,4.9719256667359195,3.438608640301021,8.86489906561936,5.082353916050768,2.9558309221545174,1.7876981651570922,4.747603130065857,5.16749318933649
P10605,2.931646632162502,3.2051295444239574,6.518179911484064,3.4877896374316406,2.228471286116092,2.9895941025078043,5.254484399033311,2.115463580819197,8.245519604159291,4.744473169723171,3.5017904650561675,4.654985496684347,5.5735171174102005,5.845124351994787,12.87082356319035,6.881930796301186,3.9943157802501883,2.8654598135720573,6.732801146000505,7.040049898587021
P10630,2.3218049249855746,2.466504898835839,3.886530953296859,2.2640516436546383,1.3856562512033168,1.71563057297115,3.239444310983411,1.427558401106462,5.762491269565746,3.196723575016204,2.0814892278611477,3.3196115081906155,3.8734535879484366,3.285956838712496,8.62374185960887,4.659025422780269,2.7098277442920033,1.7611239975783282,4.353038799992124,5.09342346128247
P10637,2.0120838965262147,1.8964106334035848,3.7616075108344105,2.188682807704444,1.456345924435371,1.9837479201908526,3.3920546397656755,1.6505421145195054,6.1488831240829995,3.3898447960164515,2.029611423427952,2.8223929940938843,3.2913260526490506,3.888671260303468,7.3954944447268165,4.891385768317871,3.1401580202510044,2.039626105623506,5.047981064366644,5.894465099220998
P10639,1.9362715662928702,2.055882872171525,3.584248461352375,2.085862691196553,1.3859023974873261,1.9530087693213194,3.242950527063356,1.4288034920135053,5.329421083082581,2.9375420164328614,1.9150777647756956,3.070190806324475,3.5742672154426343,3.7516826983555824,7.043405837173337,4.664947849369485,2.712810757244947,1.763418001121616,4.357734921185529,5.098403856653024
P10649,3.0639680191569343,2.700408796717252,5.344499620417285,3.117785281094067,2.075351327526555,2.0784834867400903,3.3484284035501704,1.4709996996903376,6.429751170922743,3.0403978025507787,3.0926358600695174,4.3529371552861065,5.357853079526644,5.29668152893459,12.0473656050746,4.82081982764057,3.2931330884212278,1.8247720985119424,4.47796526827685,5.272079337736837
P10833,2.210637710508646,2.3471977199523546,3.701650669456071,2.70882165976827,1.4327356379605354,1.7761157228435516,3.672301593485273,1.617999328067165,5.496632781305873,3.030388297745343,2.4813280870822934,2.7755362278490843,3.2332167623848314,3.3957159357410935,7.268444372547163,5.282413724177915,2.798650534640532,1.996832841371745,4.934485938101954,5.2552024558322215
P10852,2.5761429902092883,2.7352817352867795,5.098580206392246,2.761393469853819,1.686013700153147,2.4258090932214302,4.257630743378731,1.5508944670189448,5.784418699947639,4.152440347672542,2.7233769784100788,3.8260914521447296,4.45361781017609,4.965357302878764,9.309325270062995,5.06560572354325,2.9501063481456478,2.4905834857420786,5.2739626547139276,6.145931414082153
P11087,2.3727133014671686,2.75363374441415,4.450649671472592,2.9116738838449594,2.48904932414008,2.7952672362551234,5.28119440097141,2.176206357101027,8.092252216978531,4.783332269214411,3.2799733140866114,4.843297428047463,5.655719894031884,4.999787479233168,11.446140695690806,6.454503701676632,3.781791999107303,1.838204916960795,6.5704072642547615,7.713990340384624
P11276,1.7554964535553987,2.746794008792147,3.8666291552180385,2.252146098902766,1.429424339870887,2.9975562320683933,4.422217948707388,1.733016003607921,6.383336363449242,4.4244940855824755,2.6293774973621193,3.2182345303090862,3.3794331812381824,3.37254822804292,7.598412241566775,5.659084239776755,3.293566783921725,2.4040170056333023,5.9442951208812635,5.263849387185412
P11352,1.7526803898124,2.2694068201254938,4.496546154495368,2.1454135063453177,1.5682061965429277,1.7633151746994897,3.672254870073585,1.61797874194514,5.467945245853824,3.012838119706142,2.408135403381584,3.3834272556947615,3.9389320986021947,3.3858624524901395,8.856405282069634,5.282413724177915,2.778127771731547,1.996832841371745,4.4558525699024,5.222508385840744
P11404,1.7367197452862235,1.8497284284856952,3.5820374447142247,2.086049345358724,1.3850413976632336,2.090834797077064,3.323309167077437,1.463688050043941,5.938778729413729,3.270224722696946,2.320762703421028,2.748927263466459,3.196641990821637,3.2845037510520085,7.19496218439303,4.778058181120193,3.298750656694497,1.8061824549372805,4.4615205545970795,5.218205686239705
P11438,2.7830254833765586,2.6740558979988993,5.854852835281936,3.07597665799914,1.4575097661503862,2.1939347774639457,3.3895627433244964,1.4799022863071405,5.584490726271345,3.0849454103060077,3.1364491402449164,4.406707152888248,5.130218249686331,5.384866291747788,10.417501791314384,4.854691890123618,2.8436965381765535,1.842026658407992,4.545443807763894,5.306681637842765
P11499,4.015952388228523,4.336033956484819,8.145986824424373,4.745078276433579,3.0380704767061295,3.752809523687377,6.23729927642598,2.5296276451673334,11.386250922636993,6.348279992939469,4.376588117885564,6.155129144870389,7.360693081279419,7.258350980899745,15.97752470735658,8.255933330314905,5.635809761859796,3.6075192014634903,8.1731610927814,10.415003612048775
P11531,3.093033309719642,3.851642804620832,5.193398573491589,3.276208049384348,2.70001680586074,3.9026695178248145,6.130622690854614,2.297617397213249,9.745469150021794,5.161166767440308,2.7711508850524162,4.898911439749322,6.528508990773835,4.274877171065661,12.268397550030944,6.870487368152282,4.2869100282611585,2.0360931914108122,6.884496622678056,8.50788586402079
P11835,2.3219327979099855,2.020639060346154,4.003643910755588,2.703347022044526,1.5480612631942121,2.8789648718048064,3.622421348672436,1.5960223197696521,5.953396800380563,3.2813217943401645,2.5962827123266745,3.006982475391207,3.5006810837493747,3.6744439804668505,7.8710294224064885,5.2081166264980086,3.0289728785263343,4.1997935045125026,4.865082441350979,5.692302471061959
P11983,1.7030897808075811,1.8082965071042452,3.5829136640901464,2.0868939604400767,1.5694455756706835,1.716889375216133,3.672301593485273,1.617999328067165,6.035374257249233,2.936434541461427,2.167788071750351,2.6885423325073896,3.129958143518471,3.2853195090958565,7.972479330729388,5.282413724177915,3.072183104019495,1.996832841371745,4.934485938101954,5.7735067879093025
P12787,3.6170701964383793,3.8966655421504295,7.603698449048494,4.364591271692623,2.939739094663876,3.7080582922858984,7.191702519009056,3.168631319404256,11.666490527699784,6.34136256098883,4.05877501981598,5.614607739184962,6.640080883709971,6.968535185224925,15.154258511790998,10.067036343024796,5.772582607724762,3.9111249236959456,9.401977116368972,11.00831558942983
P12970,3.4968129069788034,3.9589698845068746,7.369845271465109,4.195035283820514,2.21232823075652,4.015915262329266,7.701100302320144,3.3143538578520113,12.46029939139357,6.8117360271642875,3.7436224252487253,4.93136239231751,6.43541832761568,6.42167467822221,13.330684632768666,10.821768440131624,6.3439428047963835,3.8330433435726787,10.27391420307371,11.822537636181995
P13020,2.6233007750730364,3.043002013370777,5.210685425437401,3.048232585066837,1.579228786830553,3.082831564859948,4.416136308715504,1.4579141895687722,8.619375998961905,4.930459498810367,2.950910571178717,4.530699956041941,5.274816263424944,5.299205411949567,10.861393146187597,6.304738082257869,3.9400026503558467,2.5635602641570387,5.89176624492373,7.392012654089982
P13412,3.253607725807406,3.554143743964699,6.769712284964707,3.722945169099073,2.428754810477505,3.48756933804248,5.96717229510577,2.626990397976072,10.447893334635822,5.478244659634609,3.4782106415106218,5.5328212366019365,6.3815863382626,6.301033417183752,14.03112232132782,7.163906280223721,4.2755323292497955,2.972376537277616,7.053822940335725,9.717815763422758
P13541,1.7063387344563798,1.8117461617267283,3.608459918528114,2.0908750903980127,1.3880232777592028,1.729150127778327,3.6473265215848403,1.6069954253307948,5.364767934816284,2.9564204017113247,2.1510067926157426,2.705914014890033,3.149304744543741,3.291983269192199,7.080664399708184,5.2496202851958325,2.7364622724326133,1.9844364219770994,4.903852448949365,5.134855833820002
P13542,1.723638189512638,1.9647758147667875,3.631547580793689,2.2654451439720398,1.410336423166127,1.8508605157549276,3.500415127996599,1.5412596580214293,5.7679671312336795,3.1785836402084096,1.942507293526434,2.9113872947927883,3.6954497230221905,3.339444607153705,7.16095730059127,5.005491623974381,2.7398655439764545,1.7648425330686484,4.67097853892093,5.9596990962410805
P13595,1.7708472407257994,1.8531404352227978,3.719408955460908,2.364163996732687,1.5694455756706835,1.9449578254138102,3.672301593485273,1.617999328067165,6.035374257249233,3.3265051451039755,2.6129347537981955,3.045739552780423,3.2508960382541914,3.7218039870112065,7.217398805089711,5.282413724177915,3.072183104019495,1.996832841371745,4.934485938101954,5.7735067879093025
P13707,3.7929226281220885,3.8757103387286413,7.511667301878626,4.4839106293978395,2.675714217056943,3.151045822544952,5.472971473254159,1.9670099071926663,9.800962609644385,5.639061782729441,4.1056698412631105,5.937111468309167,6.846584274872001,6.983484894295849,15.40781066096283,6.399564382462196,5.314027478478342,3.060920921804055,5.512855061115191,8.854727142474939
P14069,1.883716215790003,1.987412459314348,3.5841596650502145,2.6099625263163566,1.3858457452443815,2.136075919055196,3.5379992561759113,1.5588263309718575,5.327970490768711,3.204849174131538,2.383709550247301,2.9760069096330635,3.4738966372934854,4.56341912810803,7.74214773835379,5.090798412668827,2.960742131534655,1.7623816351341477,4.755491427346595,5.564077470284765
P14094,2.8923146426106214,3.3012879648053377,5.827097953066201,3.393524093958222,1.9897744949679133,3.0258531640226773,4.971479880354609,1.682734724549827,9.01837225173713,5.356377578249314,3.4893369390877944,4.73585530672713,5.510517490345189,5.3350249441113835,12.832281648868431,5.492181996838831,4.4010095449893045,2.5294058315905255,6.227871503187439,7.3068194550813175
P14115,2.996064171585584,3.390013698443944,6.514568953884774,3.6690422807740086,1.983905101585382,3.2203240379236924,5.704779379630726,2.4212584999777276,9.992471098443756,5.350567806470698,3.4746184186859694,4.719482149291928,5.86077356570936,5.549960524103379,13.175779891631734,7.902111114487011,5.084267354333332,3.2030066622285447,7.643523333462945,9.260471078894032
P14131,2.8425586550862687,3.108314909292433,5.792065441155762,3.2397120939033752,2.0475775022636684,2.7987315008963294,4.568818549258397,1.881856205142315,8.713028184790748,4.572697725189107,3.1908966083648838,4.342162808346728,5.220483780642724,5.637733223548421,12.078924951918381,6.129004756225862,4.025691524981917,2.625903949306637,5.730271651021365,7.1725126500008365
P14142,1.9503964720209546,2.0722786334534633,4.10875818635628,2.086596797101769,1.4378233129417082,1.7819527667247255,3.241113254789173,1.554852487984686,5.5205733161943344,2.9360898767664216,2.1885358897863885,2.688097461925855,3.2414328286340903,3.7519711850267052,7.291135565350357,5.090889479455195,2.960795094792936,1.7622023698746194,4.755576495991391,5.5641770033271785
P14148,3.6265261785923824,4.042837932063298,7.69693861377813,3.8158202272798825,2.4684397708257033,3.821773044520164,7.3141678275895,3.1041555552182043,11.679951392944439,6.623931449869798,4.032141584770442,5.540685373220049,6.723298529413002,6.765906800158385,14.656686141044045,10.374055797886044,5.992223953927741,3.366108291840807,9.763642591080574,11.425716260234259
P14152,3.494354271289357,3.7074675684121656,7.355043418507299,4.214922723885539,2.699179151645314,3.314769820444648,5.70904661420826,2.274775952723397,9.863057937781823,5.68096566260773,3.863088905263499,5.669249670172784,6.506400555968461,6.653671652122994,14.994354060655894,8.847517800191643,5.2536293869493695,3.197001702897359,7.881412505087939,9.66452584270266
P14206,2.469760372410819,3.173850410742694,6.308047954859833,2.7033137125907993,2.17798908570752,3.1681688858604153,5.579260503999621,2.3959958682191527,9.601061893806936,5.048578222922449,3.10461155954476,4.059722856481841,5.076431819078225,5.154670433439885,11.039506696957957,7.822005294712596,4.774700214769473,3.031835616767896,7.671686836177579,8.5324649005368
P14211,2.9176126525651047,3.0046815971469614,5.756477570776485,3.2043659726889357,1.9063536382658657,3.2021677539028115,4.9783350716896475,2.0830387923585296,8.863051683185258,4.727759488701785,3.58596052784141,4.141267161421449,5.372240297179605,5.468869077548523,11.719907561708185,5.9381191404636615,4.364142857558125,2.4173898390752138,6.994547777575207,6.95380716141677
P14231,3.550549743343153,3.769969703297186,7.315192163696079,4.025894247239543,2.7550094246871284,2.8092669749255754,4.985844026676969,2.0154166337894766,9.131963521348618,4.810386141509536,4.064333473648855,5.804341503635329,6.7573218905288375,6.84677452178282,15.193351849137413,6.582936485811281,4.442145109601054,2.4934322579192756,6.68615759281373,8.339983053929213
P14576,1.7029009310593286,1.808095991345193,4.058948680965691,2.364163996732687,1.5694455756706835,1.9449578254138102,3.672301593485273,1.617999328067165,6.035374257249233,3.3265051451039755,1.9133451218458286,3.045739552780423,3.5458014556797717,3.284959261384078,7.036713890648476,5.282413724177915,3.072183104019495,1.996832841371745,4.934485938101954,5.7735067879093025
P14602,2.4246971562846595,2.8683690934904233,5.099610989611685,2.758628332944732,1.9722207444646513,2.8430124381655766,4.618724783337549,2.2695695848051223,8.466759011223589,4.66884192796941,2.890170295155047,4.053478287431781,4.966845788834639,4.679679818185753,9.364718404029032,7.049935968744843,3.8492499773702358,2.8026801751899373,6.925904725477743,7.246890029084538
P14733,1.7332574037379953,2.952509098997788,3.924610769078186,2.459397216430124,1.6621152750080372,2.586543372070994,3.8909050445445215,1.9540975368302607,6.319228004286377,3.499679082494074,2.2746266027383815,4.040020817407495,4.258555807550874,3.3324508835967035,10.53234345193526,4.778156155642368,2.769458857624011,1.9272031473861966,5.951327434587206,5.202996874506297
P14824,4.065616692877177,4.275915849480389,8.009997964605791,4.464044274359968,2.9587516738946515,3.9239290930211363,6.222485125249876,2.282682332876282,11.543802202153937,6.633641343915472,4.408340946850141,6.389433039207752,7.5260052896937495,7.6191781277849255,16.374603216935235,8.036242991820895,6.011085380985295,3.6499096973963248,8.760724496490084,10.76607517223495
P14869,2.7492084944739816,3.309060511050022,5.112450551919456,3.204369577048045,1.6374393936838862,3.0147705608162596,3.3152856099184094,1.4648283316386919,8.614819780636438,4.736912745849581,2.9312305768078883,4.559894701841892,5.308277986455992,4.704871543698921,11.37473784958701,4.78399749479001,4.5723023033370644,2.308584230711655,5.099508369236886,6.660682493724271
P14901,1.9293666181963447,1.9055765879625557,4.058948680965691,2.364163996732687,1.5694455756706835,1.8120913413675586,3.672301593485273,1.4269527141164884,6.035374257249233,3.3265051451039755,2.015198717939452,2.6868528801421827,3.5458014556797717,3.7218039870112065,7.972479330729388,4.658687491148359,2.7095886429138645,1.7616950438286467,4.934485938101954,5.7735067879093025
P15089,2.691209530980811,4.233886490279149,3.929710717607444,2.2888884108610434,2.1859707067123724,1.8900900967191383,3.568705081065528,1.572355177330034,5.865114895842718,3.2326636337775474,2.10371097730769,3.46784014152852,3.9551995843225694,3.6117921326788633,7.736822848587741,5.132672578157707,2.985095601449561,1.9402284075483935,4.79460753819359,5.609844574360982
P15105,2.236113606478612,1.9230098616533309,5.546554342806318,2.2210883006208477,1.8250746528025055,2.264735655463105,3.672301593485273,1.5212399568532362,6.035374257249233,3.3265051451039755,2.5168698967874352,3.5449301515519243,3.5458014556797717,5.083138264202957,9.23951815953572,4.945002238877696,3.072183104019495,1.8749199162521637,5.738305760128162,5.386258057184023
P15208,1.7017916484422735,2.048551377575414,4.046298333671317,2.364163996732687,1.384164880866071,1.9449578254138102,3.672301593485273,1.617999328067165,6.035374257249233,3.3265051451039755,1.9122864677650055,3.045739552780423,3.5458014556797717,3.695375807398773,7.972479330729388,5.282413724177915,2.709608500879363,1.996832841371745,4.352224502855736,5.7735067879093025
P15327,2.3952850800219383,2.5432515023774624,4.568777937434964,2.9350807123390132,1.9484475038884825,2.1800570903167484,3.245967540098209,1.4304169980550112,5.32924602021252,2.9425281563539785,2.4416860962521922,3.7871582248025897,4.4089492596751745,4.1975158155574945,8.94388966083282,4.6696199739832,2.9458994441990405,1.7656924071182336,4.362045119756095,5.102749276064819
P15331,2.697314507507668,3.0832422050080797,3.775067559826046,2.2105499759978153,1.4867108087762453,3.1166036429756945,4.669330472576147,1.7971816640270664,7.698711428504321,3.72797807687755,1.992319179449636,2.842100174808009,3.362318649456875,4.137151468882776,11.050402178298086,4.880209245584127,2.9138604880227175,1.8939275820007702,4.611822119812851,5.475973513625938
P15379,2.093095126000847,2.2247624219271698,3.951397956533645,2.30152029992589,1.5278596819116381,2.124159277865525,4.009849293048827,1.7661734593377423,5.8647273495083985,3.2324500306404205,2.363171344931676,2.9620923031275757,3.448420660492634,4.0532153671642055,7.28766340468643,5.1316316139606295,2.817041533872385,2.6170338370230466,4.527726465604687,5.608706834272528
P15532,1.9293666181963447,1.8083653173152503,4.058948680965691,2.364163996732687,1.5694455756706835,1.7168994453475714,3.2417014326068583,1.617999328067165,5.327689155692395,2.9364517646338806,1.913603173336348,2.688610085694694,3.130037020699533,3.7218039870112065,7.037662927226932,5.282413724177915,2.711941848161208,1.7626861300075436,4.3558728310149535,5.7735067879093025
P15626,2.462398203382243,2.077055697357786,4.148235021184683,2.117243200175743,1.607650929706003,1.7342159844139575,3.4982766726627723,1.541324741901023,5.382158307036125,2.9730882169106954,1.9410276910227535,4.25859726795261,4.957791081668657,3.812061748333778,9.171424810354411,5.0346872230791675,2.928108593609601,1.7816802406180359,4.703076018320026,5.145932589591857
P16015,3.6818730896151433,3.935048893488642,7.749731343977157,4.3331323287463706,2.788083955922031,3.437104545509365,6.325416354369393,2.7460279962817915,10.779169492614818,5.886862486623927,4.194367422132406,5.852606933550903,6.8590996091271785,7.157550235488996,15.520062230173139,8.994791026916271,5.503341063872682,3.3968212313873543,8.50359950265689,10.21700571670866
P16045,3.169225509425701,3.3642135686448995,6.54076423821889,3.131684613146867,2.090579114351943,3.0736219742748987,5.676596550278729,2.4436101554271694,9.53781546546309,5.375108087437904,3.564510446522641,4.816256157554508,5.489020495384695,6.002750308136557,12.32408838750921,7.5672424502023725,4.749474240892045,2.9461107106798257,7.627492860908671,8.491708163280677
P16125,2.766367785215141,2.5446647744138304,5.046210757782604,2.9381093666899574,1.9457946889554245,1.7393197746779268,3.2788153996532405,1.4418527777724541,6.06962908219536,3.753797505966856,2.7005793654692556,3.4574660501278407,4.4284690371541044,5.385286909055117,11.434241366922773,4.72073991029727,3.471224540027595,1.784872406664512,4.405802985868955,5.837425081399894
P16254,1.7863236595326777,2.154323222448663,3.758196745908219,2.0866097949135307,1.4540332990961873,1.7164404175339554,3.6358326208354828,1.6019312650988786,5.975438031120818,3.29347021535545,2.2788432516227157,2.6877503405881096,3.3145311513223223,3.476874343809789,7.373022832668609,5.227619697437713,3.0403156108729528,1.761860356906685,4.883300936593275,5.713618694730711
P16330,3.5409534271302325,2.98970647755174,5.916650987472505,2.953957661095139,1.490976295552929,3.114670487748749,3.5093572084526343,1.494991062114639,8.739322266077155,4.838230264740939,2.4299589336583485,4.171502008926834,3.974469303629,5.428003130466684,11.642434412853301,5.072370290104543,3.42034426764258,1.8466747035512923,4.563421718696591,7.1751430920692885
P16332,3.2615292810314913,3.341968600940093,6.407413446648076,3.593887419522567,2.55910082686449,2.957090767252078,4.785983329042807,1.5141464175880002,9.17850806019666,4.855395493517262,3.4251669607290873,4.972546290365716,5.399815006160467,6.480065778090045,13.011270693185269,6.863612184904366,4.670228221947225,2.382861027355797,7.201352806820443,7.517105853646103
P16675,1.9141784544437577,1.8281057274019665,4.026996237791628,2.109845233253175,1.4005495250685485,1.738962308040265,3.2832851814103585,1.446580431832261,5.396550575285595,2.9743418528097276,1.9365032820608905,2.7207011495346065,3.5226998545334487,3.697555694396006,7.920537043506624,5.242012432427262,2.747454808374054,1.7857249765514291,4.413466198521904,5.163748512139688
P17047,1.7029135233091852,1.8081093614691226,3.582542858389521,2.364163996732687,1.5694455756706835,1.7168394112792986,3.672301593485273,1.617999328067165,6.035374257249233,3.3265051451039755,1.9131207780072705,2.6879323208555044,3.1292479776734425,3.284574092832001,7.035888820781552,5.282413724177915,2.711839394643115,1.7626195380946545,4.934485938101954,5.7735067879093025
P17225,2.0737396486874013,2.594151702127156,4.3451250935744845,2.35296127948327,1.4135145334356043,2.0977071642133382,3.65069260545856,1.6084785065285807,6.504811584699283,3.3069309331223478,2.3426790863056284,2.7240366139051218,3.182317634882331,3.3499332081045465,7.158892249548043,5.25526752174146,2.7762796170781945,1.795235443190166,4.909127728542856,5.743836869531749
P17427,1.9293666181963447,1.8083422493314951,3.5830042966000226,2.364163996732687,1.5694455756706835,1.9449578254138102,3.672301593485273,1.617999328067165,6.035374257249233,3.3265051451039755,1.9135210008200927,2.6884946334112483,3.129902612990794,3.7218039870112065,7.03736072116909,5.282413724177915,3.072183104019495,1.996832841371745,4.934485938101954,5.7735067879093025
P17665,2.0236458975468503,2.1535040324107118,3.583447229273333,2.207755696653829,1.4656142361797744,2.4379202058883696,3.901126897546115,1.4292838655004885,8.050192190428136,4.133462850525518,1.9144601681790974,3.4879876972722537,3.3687321037002933,3.2869290812937675,7.587983622248004,5.021115624961275,4.080816324302863,1.7641364663122612,4.706590957781926,5.513081711131082
P17710,2.088364476118244,2.0437700779047625,3.7216929782333956,2.3608683747002868,1.4383311284315201,2.2657849789463422,3.3654961812026882,1.4283061530722951,6.031412882345001,3.875223046834295,2.1608336188783683,2.7918024777076815,3.5387653179687115,3.7149255832442556,7.962939489562843,4.8349562643009785,3.5794397986292963,2.165776762103683,4.941485251670704,6.2594691460608685
P17742,1.9044673340187281,1.8085117924145728,3.582966538932932,2.086913304767363,1.3852176789932715,1.716912097383775,3.2417244858175254,1.6238121909681635,5.327878921288721,2.9365507345976467,1.9133165245373056,2.688623723054679,3.1301855049382517,3.2852712154695753,7.037809713300829,5.325556013720662,2.712886163532276,2.0131412838961578,4.974786647626431,5.098258732344902
P17751,3.8402414396969884,4.094459667108524,7.938809728832555,4.525168009107993,2.9507102158045986,3.7825570640966566,7.1704214598970175,3.082371571533587,11.899675750250442,6.613917955807644,4.2785497474349485,5.927726775663663,6.935308995282049,7.318571526285231,15.805429994731545,10.268217593073384,6.056817131119144,3.826148665462527,9.771492941224553,11.278137727609778
P18242,1.765638103702731,1.874708692234553,3.581174808237158,2.163538021579148,1.5223646806606446,1.7165045308892541,3.2561807330197845,1.4346497951233532,5.323965342036761,2.9570272748264674,1.9851919223160825,2.687021603880371,3.2471331029460218,3.408310668253054,7.035415102861058,4.68358144330306,2.729478638209165,1.7623637512506674,4.375777844361763,5.094043145610963
P18572,3.074227211652002,3.3472589672845006,6.632835088212145,3.6639514090441727,2.5647123421898743,3.0872343908840816,5.514716613812565,2.363067676525319,9.32746515666852,5.143229698174945,3.5309969717995138,4.575389455710746,5.640952520885945,5.923963742969677,12.981781357637123,7.702028969323744,4.7511034737378175,2.911422427368315,7.41302412317046,8.92769449639094
P18608,1.904530075986459,2.0221805819586454,4.006698243287441,2.3337303516482524,1.549242260801111,2.072131212219035,4.985433039145599,2.1965590521681024,8.193486689404128,4.515987653277065,2.1398268506300235,3.006454071777911,3.5000659246825063,3.6737982868214694,7.869646281526488,7.204695493684382,4.190157174549447,2.723484627495914,6.730156034384614,7.874498384558065
P18654,2.034669752149302,1.8095241241085744,3.583663961824234,2.0914430323753317,1.5694455756706835,1.9449578254138102,3.672301593485273,1.617999328067165,6.035374257249233,3.3265051451039755,1.9140700451049308,2.6902812182418434,3.5458014556797717,3.2860635844150234,7.040231548483394,5.282413724177915,3.072183104019495,1.996832841371745,4.934485938101954,5.7735067879093025
P18760,1.8986229354463373,1.849930035851699,3.5805348056497963,2.085553331241285,1.4162298689434372,1.9560165245168317,3.239079608209857,1.4271401201504794,5.856461617775613,2.934033770676697,2.1415546245895793,2.7531006284938635,3.1280325058126977,3.3713559756429494,7.852961045397524,5.128141028072519,2.709656006542483,1.9660527057371333,4.352213018886483,5.604891737165206
P18826,3.3965302940092617,3.766946696878077,6.970560265309185,3.7176506548813624,2.548813355859159,2.5070449636495513,3.4628151160688185,1.4606481357300636,6.503864745694073,4.575126482731289,3.4009470743345442,4.940258176226566,5.924497205574045,6.037382691583025,13.313608763641751,4.777183717893183,3.6281207969759515,1.8058482041067396,4.462533059797792,6.824678844646911
P19096,3.307690934748033,2.547018758421466,3.9501520750127312,2.3860922382517793,1.577454628621776,1.885819140969006,3.579813665193499,1.577249568816485,5.883371692288681,3.2427261957201914,3.092922383274435,3.0815868406196865,3.588421960329984,5.2777813833477705,11.30212356413991,5.149564896398862,2.9949199539895113,1.9466139611214601,4.810387238757634,5.628307330048299
P19123,1.9293666181963447,2.048551377575414,4.058948680965691,2.364163996732687,1.5694455756706835,1.7169406943478451,3.2417793154110277,1.4283131765054775,5.327817154948285,2.936522313727464,2.167788071750351,3.045739552780423,3.5458014556797717,3.7218039870112065,7.972479330729388,4.663077785646,2.711985378998266,1.7627144238305699,4.355942749472305,5.096592704344849
P19157,2.467476628830533,2.2940425117036454,5.191089231476994,2.455399624599335,1.756128844262064,2.1814520975964022,4.119587581047517,1.66714305118727,6.769552149739099,3.99404779169542,2.9357463759289346,3.9096880842327524,4.547996503165562,5.0402863218837375,10.796801406633334,5.906835572065607,3.692049089319931,2.232027105755512,5.928847294471367,6.934054575392419
P19221,1.7020013056607044,1.950691197168814,3.8674165804053344,2.2626152828161286,1.3843820265691156,1.7163981196758076,3.565501902123991,1.570943871302152,5.85985051784081,3.173723050303304,2.066630057792637,3.3114570264182115,3.1277639400371697,3.5492697187619227,7.602682777052885,4.6615193738843415,2.984260180199658,1.9396854071699319,4.793265699419513,5.60827457996489
P19246,1.8896457854550075,3.5072369733634834,3.9753850802784205,2.3154917735265563,1.5371346169239604,3.0610492728841763,5.220991007164651,1.5800560277962912,7.479166100157646,3.248496099374602,2.124304457539899,3.7498690739468254,3.4746763007004176,3.6471484010491317,7.812559539659439,5.174027895751348,3.0091473161781943,1.9558613474596258,5.01607070735046,5.655044594524149
P19253,1.7021867753056992,1.8073329103009956,3.580994394867798,2.2770081794141706,1.3965796458911357,1.727565683894402,3.240032265351463,1.4370810750834395,5.324831676158053,2.9543668576931315,1.9123459558759142,2.6868332431904416,3.1279683589133582,3.2832662691391703,7.033007905973822,4.659839102115069,2.7102591336151374,1.7614350083443906,4.353291284826108,5.093157691628948
P19324,2.2086859744965697,2.812469075340072,3.856653794505761,2.423493740754406,1.597436089677586,2.230260303297345,3.2929385586689035,1.45235436881746,6.136988810727566,3.378116214873455,3.1827750788395712,3.5009051577259442,4.075646192263035,3.805395725130233,9.136894024711717,5.0158988263326085,3.11869344537455,2.0446812090105095,4.420726226006443,5.14396773035481
P19783,3.5665676657082286,3.7876845349922847,7.504889946315259,4.24156571282064,2.818357734784909,3.6283726267669167,6.8520063304935865,2.9381550758760553,11.261746376844107,6.102925856921638,3.884172350859034,5.463207988886058,6.55366110373874,6.812233666398298,14.60089899849042,9.76347579344939,5.5117087091496595,3.586331535949305,9.040884062769369,10.760755468774683
P20029,4.141280797005799,4.424430298488583,8.841509860860944,5.0580964983459,3.290211955927,4.1937174956522005,7.396339515402907,3.2755531680460983,12.73076050823775,7.063638583447818,4.7220286415744015,6.497194711795725,7.6337507021113495,8.038039250267792,17.16462446555482,10.80430693999649,6.485422725045406,4.2002638633886,10.379682520298296,12.225811119475841
P20060,1.9293666181963447,1.8082564722613093,4.058948680965691,2.364163996732687,1.5694455756706835,1.7169310056288345,3.241761022007543,1.4283051165153615,5.3277870900057245,2.936505742893271,2.167788071750351,3.045739552780423,3.5458014556797717,3.7218039870112065,7.972479330729388,4.663060281134671,3.072183104019495,1.7627078068586854,4.355926397900937,5.096573572481982
P20108,3.046028035002013,3.235518283516152,6.563890002773644,3.2906433680790768,2.302323594233045,3.077275889464807,5.734901323545107,2.4482116337539948,9.66210651678391,5.051112719912551,3.33193398069177,4.3181048211043205,5.450543797956228,5.870409373070894,12.248056826236878,8.35714024857541,4.79675840060936,3.1204967887566184,7.813968479902458,9.024881792899324
P20152,3.881297167953694,4.502236917100392,7.513336117590086,4.598334144104326,3.111216445825859,4.314870323586913,7.625059154194448,3.130233252729852,12.811318214789303,6.611442771928,4.491544928131069,6.231479917343399,7.251115751245957,7.491916771375116,15.49015929027876,10.083818787685138,5.921964716573315,3.9263400456734456,9.794478207704596,10.991713410252077
P20491,1.702993973790004,1.8081947817006916,3.582712107908986,2.0867765625855403,1.5694455756706835,1.7167812408052499,3.672301593485273,1.617999328067165,6.035374257249233,3.3265051451039755,1.913408424654927,3.045739552780423,3.5458014556797717,3.2850679438933885,7.972479330729388,5.282413724177915,3.072183104019495,1.7626010975294664,4.934485938101954,5.7735067879093025
P20801,3.2411402336625934,3.85818738639096,7.304527431599846,3.717631323026106,2.9859160614180924,3.4471079830539924,5.938623477347957,2.242558821333619,10.704285657928198,5.803620884904919,4.009692964870213,5.976843265011751,6.833142590006217,6.299712891609605,14.91756493494544,7.255796199020773,4.536087895416933,2.5873494044057312,6.466877924209445,9.604572063559782
P20918,2.435954360581297,3.2994886444360603,3.7849133659361343,2.9895511488510134,1.4617735696129164,2.1510916810556298,3.4357337493982563,1.5179279477407568,5.624677061151847,3.0828581607053605,2.739632171432817,3.862096006771127,3.9172206187022525,5.560724247355103,9.999039545482939,4.936290653585396,2.863162635931107,1.8766364406174911,4.617211896575154,5.393176289830468
P21278,2.1322336312730044,2.26395030444775,4.058948680965691,2.364163996732687,1.5694455756706835,1.7592107594703714,3.672301593485273,1.617999328067165,6.035374257249233,3.3265051451039755,2.4069145521245927,2.765732944308632,3.221018707902044,4.13235237024786,8.851915354507481,5.282413724177915,3.072183104019495,1.996832841371745,4.934485938101954,5.7735067879093025
P21460,1.7585779588935169,1.8066657735135117,3.625970375133886,2.4572516875390433,1.384125155130476,1.7391914157207558,3.2386724341534365,1.4269467953821573,5.3938090805537025,2.9337079984077414,2.148227685888825,3.0010850512345306,3.4938153965173804,3.321066683373522,7.0310897092011135,4.726154979848148,2.7456227362317427,1.7884904462881956,4.351828622003766,5.091767357618884
P21550,3.965561544861656,4.255552808297823,8.40672563186975,4.694117029275038,3.1955510034372496,4.012510625918667,7.449246206554812,3.2137450668339693,12.349920085269016,6.946288383101689,4.512879571219528,6.3279630290889095,7.364431603454031,7.652379730485253,16.519240287479217,10.652178313374197,6.273530918945269,4.014498505718948,10.018513292342444,11.61017354204975
P21614,2.8662905685633926,3.200248616178762,5.748796458200581,3.340343339751839,2.332728135468606,2.3150471449331524,3.3417806151489238,1.4676209277985621,5.4544679040958854,3.4927156706721605,3.6920521355050964,4.800176545915898,5.031004933240946,5.539271687067949,11.876809371917837,4.760630887953987,2.898371368813526,2.111738916628731,4.447627186529836,5.2118354548946995
P21619,1.7015459218870395,1.8068167026749553,3.579684916843234,2.085067439206944,1.4148986419924638,1.7564807894126941,3.2401698150047142,1.4993195870653433,5.323451061937375,3.003536950583171,1.9517635473082116,2.6864124864063057,3.127603351743823,3.35177919965955,7.031105327505645,4.66067091492417,2.774695001357468,1.801703647270738,5.0976640382711595,5.7099812505102445
P21844,1.7182809253893419,2.6306789847535503,3.6003448457621854,2.103428273202743,1.3975652354860708,1.7222331442856849,3.6705796210741712,1.6172406348789325,6.032544220636747,3.324945319490682,2.1646925904196563,3.1502742297953437,3.659352097425433,3.3034423734415594,7.961095071700923,5.278107982105369,3.0696789404427203,1.9952052052898566,4.93046379504019,5.768800751543949
P21956,1.7031051320992379,1.808312806707117,3.58294595971734,2.364163996732687,1.5694455756706835,1.9449578254138102,3.672301593485273,1.617999328067165,6.035374257249233,3.3265051451039755,1.9135889201094247,2.688590059928541,3.130013707021673,3.285377830598155,7.037610508100485,5.282413724177915,3.072183104019495,1.996832841371745,4.934485938101954,5.7735067879093025
P21981,3.177095162171613,3.6487849741292444,5.3285672154889845,3.4856609147005333,2.209066639280609,3.6769462152125096,5.644604170400767,2.1309452466471166,9.593657067904033,5.473472364417591,3.3363189915434037,5.433733122075602,6.174302523699129,5.935644494038029,12.25526084031851,7.443154111274916,5.0616562939087,2.620825355858075,6.5069487290556465,8.505131303425362
P22315,3.4455026842555156,3.7907786017157026,7.067690456944197,3.713858309371148,2.662785350114035,3.4256461875321884,5.773256513543594,2.3986000688568514,10.860642442383543,5.710804659438945,3.6814860805240746,5.5433760304818716,6.392650865924955,6.640940042068815,14.509167055714983,7.822943132236566,5.465715541136464,3.240507622131872,7.614556188184385,10.49216309044994
P22599,1.702978905646125,2.048551377575414,4.058948680965691,2.086758098721327,1.5694455756706835,1.7165367701492644,3.672301593485273,1.617999328067165,5.326563742828936,2.9358314730792743,2.167788071750351,2.68848170866645,3.129887566208846,3.7218039870112065,7.972479330729388,5.282413724177915,2.7118416364229923,1.996832841371745,4.934485938101954,5.7735067879093025
P23116,1.7875711487797656,1.875870405185972,3.581992952236045,2.1908733769921978,1.4287019164725603,1.775545576211854,3.24100799706983,1.57138352028703,5.325202496566809,2.9355546861313897,1.9816273149755685,2.9618507769339972,3.1292059331675186,3.2844736849568,7.035882585793879,5.135603592528291,2.9868002412784582,1.761769574422373,4.354862412791029,5.613048077957561
P23506,2.205087206665356,2.581645489007872,4.636251180127404,2.1016682684674026,1.9781460873019168,2.2251121772683917,3.761770223283119,1.6520856437692646,6.908261351995869,3.8091002985567304,2.7291632526365768,4.229591031782557,4.924022483712973,3.7898672313708093,10.21526528704699,6.049919141674175,3.517116798655894,2.0391566198054156,5.648061638639066,6.608952102989159
P23927,2.1022680786876635,2.414602297681453,3.583045413319103,2.08697704275511,1.3849842327805386,2.2840700520846937,3.7292255349934487,1.4954143957034411,6.109967636110939,3.3755703153292225,1.995684612000707,3.6191665241218254,3.129011042795216,3.752842884377473,8.051775845411786,5.352530320455535,3.1111618476865663,2.024270823666485,4.998925014686804,5.83537848397623
P24270,2.9370484238052943,3.320431782951985,6.38960177980337,3.729243942259806,2.215231714309117,2.9651639552841718,5.781769883191471,2.1758901821777674,9.531701374466849,4.897108240919277,3.5037033441851215,4.642579827501026,5.000092489908248,6.0120786280573535,11.708126848684024,7.777038863796367,4.529359347304111,2.6846040772070237,8.198119415022958,7.7803764943457905
P24369,2.6994552230489695,2.999967338612158,5.673251970658196,2.1405011137488947,1.774666457217831,2.734095572277715,3.775494246824793,1.4628764577720639,7.993568417264483,4.676722916083478,3.185014192895735,4.279097225873821,4.98271790087614,5.228494819008447,11.7139592028089,4.800701545102096,4.318561759019974,1.8105929898329143,4.471859784517315,7.113894616602405
P24452,2.410562116110067,2.5625594787628283,4.473010868569109,2.310466521622976,1.4489842284137227,2.42880036583816,3.591541467137452,1.5824167848476203,5.902646164209021,3.253349667816418,2.7158770829554917,3.805135969218738,3.9123208492708916,4.661416612365301,8.78122032884292,5.160888461239959,3.3673836916154416,2.905433827757886,4.551741605383537,5.640683618973601
P24527,1.7053339766368139,1.8105446854014922,4.363510777482853,2.089675971096996,1.5694455756706835,1.9449578254138102,3.672301593485273,1.617999328067165,6.035374257249233,3.3265051451039755,1.9164443982804464,2.6934503010584896,3.8168923815286853,3.289683905228959,8.58200776318484,5.282413724177915,3.072183104019495,1.996832841371745,4.934485938101954,5.7735067879093025
P24638,1.9293666181963447,2.048551377575414,3.583007260706882,2.0869484764659973,1.3854166028959172,1.7168749161880188,3.672301593485273,1.617999328067165,5.327613039564744,2.9364098118602056,1.913596122383225,3.045739552780423,3.130025487616491,3.7218039870112065,7.0376369959199145,4.66295591963441,2.7119145033112573,1.7626683566221122,4.3558289102026215,5.7735067879093025
P25444,2.628989358065229,2.6890741885139664,4.879989449115344,2.8433555223449276,1.4398003439560014,2.460034021156741,3.7192431200331906,1.7425474668182241,7.295732229518893,4.019905772748115,2.835146119882128,3.8505161573915054,4.656146658132364,4.456603214542128,10.037571093192042,5.690447957720584,3.894393093754894,2.27460502999334,5.31478146386513,6.239299667499641
P26039,3.699039909811723,4.27655785811218,7.48178919262737,4.36106787054447,2.8964322152294337,3.579586899507638,4.857339750820702,1.902786957386451,8.532323556767695,5.23354329849855,3.98475239567176,4.998208627437584,6.364695087947658,6.709433789173581,13.935627467507805,5.390807977655746,4.346006845352246,3.164172519288028,7.010089401740535,6.747479605322076
P26041,3.0764275006921205,3.053052988207863,5.178717095582628,3.3796183937593463,2.1303230729086935,3.54199311863701,5.490443257114466,2.0817129372210452,9.33746124890498,4.777203096309161,3.4753037051679403,4.523704705210417,5.07860220066071,6.270286113789538,11.42952368259991,6.262722355490991,4.179356064384437,2.71216011807954,6.738461769711614,6.819068417108853
P26043,2.085903023051414,1.979773338046218,4.794717802873056,2.08894571105335,1.690467616956788,2.0892984178751624,3.9574472330176427,1.7436044962405441,6.481259510425896,3.584699116747966,2.7995614670357276,3.6477889331540423,4.245041470974796,4.401368191380022,9.511945923466344,5.121570033965761,2.9663002754929386,1.924034250177449,4.786258678783828,5.577090428614901
P26231,1.9293666181963447,2.5488674164061678,4.058948680965691,2.364163996732687,1.5694455756706835,2.9039434509820152,3.672301593485273,1.617999328067165,6.035374257249233,3.097445616332427,2.167788071750351,2.8414523868153063,3.5458014556797717,3.5858966264070937,7.972479330729388,5.282413724177915,2.851931415548425,1.996832841371745,4.934485938101954,5.7735067879093025
P26350,1.7031051696827533,1.9595702439304215,3.8826436788101484,2.2614738739196913,1.5012749415113487,1.7168897812829491,3.5033531902761617,1.5435614324010507,5.327416967810598,3.1734655000134904,2.0714885767277966,2.6886007937865952,3.388286570307931,3.556470553732963,7.037558414353798,5.056979500385881,2.712009019403354,1.9116152713096546,4.723900008003903,5.527114496572273
P26443,2.519102546531676,2.987665225932862,5.296608250294679,2.9419116030723105,1.9528044730278105,2.529195003286247,4.547932934099932,1.8986945851918893,7.083132478865123,3.9039516132053675,2.952396891244239,3.7943928547120187,4.417573722690322,5.080512546473439,10.40136156098128,6.209146783998868,3.610257830510507,2.3456968644924636,6.118090834432974,7.154545197096415
P26516,1.7030581537597194,1.8082629263260483,3.5828471279725465,2.086855205997467,1.3853546854805525,1.7167975549987247,3.672301593485273,1.617999328067165,6.035374257249233,3.3265051451039755,1.9134760952022463,2.6884315410738564,3.1298291618969336,3.2851841252286853,7.037195571671877,5.282413724177915,3.072183104019495,1.996832841371745,4.934485938101954,5.7735067879093025
P26883,3.4253369910833293,3.550260160419565,7.023616202614979,3.9992495327672972,2.648595105110254,3.183260110355291,5.854046617693275,2.496997925822615,9.881433645590349,5.453099132494453,3.850212348031978,5.411546812006112,6.300122749598061,6.609772765590051,14.450142981203172,8.168414583164145,5.318402433240895,3.086963437483012,7.878855788346241,9.725722233287657
P27546,1.7868906877216457,1.9246528390157098,4.055836161698558,2.3623510873886984,1.5682420794018344,1.7165443044786135,3.2406771997851194,1.6142657039086874,6.021447292792926,2.9357494417934147,2.0232143710738137,2.871263849967541,3.8049384571088494,3.470277751783821,7.036177526964752,5.273584250327838,3.0670479968893147,1.761856405740833,4.354528574908293,5.763856459504741
P27659,1.8830939982192705,2.6009289566286293,3.6059624967384747,2.300088370528091,1.4532490031480787,2.8645320449287244,4.021450936049961,1.771758614658665,7.6610206320085394,3.632430872283601,2.5429615762423357,2.9742585393715193,4.148746317935009,3.6642593990496226,7.0939782651036625,5.767593416620326,3.637163644497001,2.182942224732874,5.845521159948076,6.270884949490809
P27773,3.7288728047945545,4.027883932491407,7.546416895527545,4.398603528025363,2.6604981655502598,3.826073941118897,5.831824597141317,2.4282689714148065,11.468796919685072,6.1195858107308485,4.260135268447844,5.443322500422396,6.33479296231546,7.066101642427079,14.247475331173387,7.3884240984873,5.494989130883228,3.8279068717615043,8.530898703157346,9.959987559280918
P28352,1.7028924015989368,1.912342925079356,3.789068645420964,2.0866222862089865,1.3852105092654168,1.900492881717993,3.4268112594058167,1.4280607298691064,5.897395647623253,2.935969097827186,1.913295880542156,2.688244376501949,3.3123593353894774,3.4767745275525965,7.4476015274460625,4.9461621942052,2.876623588422551,1.8697246417739357,4.6203817173891295,5.405994776902538
P28474,2.7442995650769215,2.5031279952785552,5.7733823083644324,2.348373695451409,1.9225484145528862,1.9363925161049038,3.656129315293534,1.6108738960781452,6.008795353258164,3.3118557038085465,2.667722631348153,4.338084118721247,5.050328406767752,5.301010966058363,11.355299877790923,5.257469698700008,3.057675983293849,1.9874036198319176,4.911184858446451,5.746243777487511
P28650,2.8445493095935803,2.718954012282049,5.618815276836505,2.6668679098123724,2.1738797229523494,2.5741474713138093,4.662209078975744,1.8251374655031143,6.8236188283007095,4.581808920935893,2.8932347267130876,4.219756527154576,5.217684057057708,4.953598476783865,11.756078892754566,6.686574110558907,4.239518522749673,2.3889114142252548,6.242936528649044,7.292768688311945
P28653,2.44772890475017,2.2448116365031185,4.037088328005269,2.1194047886886778,1.55385594422062,2.7779447950162326,4.397423908411821,1.6262183597075093,7.221718261932867,4.259064606258889,3.2418355541613337,3.327080150662947,4.198402578462072,4.096388687698548,7.950344547797682,6.322284994588053,3.9397621703900376,2.2134507239553196,5.453780837892119,6.890884368099411
P28654,3.7086554079526137,3.9926745808049504,7.61936561993653,4.314368462803955,2.8342899869067604,3.8441868346812993,7.167158396275123,3.1152807674617895,11.856779110992576,6.448994638272804,3.9900555379744445,5.354436374797264,6.7066342276727955,6.858860239095574,14.951079972404715,10.246690986845245,5.958533241708173,3.726460556633169,9.567902655877502,11.273637565933766
P28665,1.7027990260831714,1.8079877912875577,3.5823019822594375,2.0865376819366306,1.385143897763145,1.7168288960353344,3.672301593485273,1.617999328067165,5.327470235005592,2.936331102557267,1.9134268289210616,2.6883623220098816,3.12974857816561,3.285099541572133,7.037014384952767,5.282413724177915,3.072183104019495,1.7626190595832252,4.934485938101954,5.096316974640308
P28798,2.8025216878286114,2.8441095630658233,5.632665428875684,3.2882009477246545,2.0544876796388025,2.9297413517899678,4.100570677578002,2.2468532694611727,6.685851685436479,3.3184683987658254,3.0217656572183205,4.226512834803276,4.920779959548907,5.417974827394819,11.07895785348788,6.442676905485759,3.723001459431306,2.8021243302186294,5.518921928024691,5.75465047647859
P29699,3.2866151550139193,3.7200471693248605,7.121440446850421,4.029862251818558,2.679029648476877,3.192005919177261,5.343476672422588,2.3537648760575167,7.6076858756510735,4.196870078929087,4.0054378365325,4.655057704584454,5.849814103458388,6.524766782559964,14.349896725216912,7.24509823290663,3.8757980857735106,3.383711518266259,7.16915602201446,7.2890154658722555
P29758,3.3805132902844086,3.828964269268975,7.449662420914691,4.017810132181382,2.816140069316387,3.574993127489647,6.616210105165574,2.8432744495009428,11.30901531937396,5.923187567828935,3.8938833752936204,5.409649563596927,6.632427240678483,7.0167337338356095,14.154672032634604,9.807481517120353,5.2283216121555185,3.5080980903740966,8.887798131687232,10.129137993100851
P29788,3.32002984910131,3.1446201970651866,6.641123747662876,3.856422238426827,2.700711042560963,3.3510359434137587,5.636411259335675,2.9268296857440763,9.274953182873842,5.737743438110379,3.5308442114705865,3.7841592330441296,5.770889594331385,6.392767087448925,12.193800455090042,9.126271920746177,4.372224989846485,3.7419730687228423,9.24700010226422,9.439861407921478
P30681,2.0481777767156673,2.1747019806596644,4.308900344173608,2.5097501495832373,1.4022523210018603,1.9339389673512088,3.6514967361804263,1.6088328028559753,6.001181776864134,3.3076593441516513,2.3007646374858646,3.232571462749619,3.7633081882339217,3.950107075760044,7.119001877189174,5.2488318801255796,3.0526523403787773,1.7811101574200616,4.903115972418782,5.736802922080081
P31001,3.509124258995735,4.155035327964155,7.398829620554335,4.368120070156936,3.0020950192463425,3.9754664081676876,6.798021683311684,2.75123330783197,11.005603800846314,6.361555325846446,3.891316039071234,6.301164165257246,7.336063161162098,7.038746348718132,15.921232639535038,8.960722187425105,5.511091293360239,2.932890153877636,8.72421313062014,9.982973802564201
P31230,1.7564932059443192,1.8649560559209866,3.5810850819351185,2.301290712945394,1.3846995888896412,1.8905430041759035,3.3502213169102157,1.476014678007266,5.325435862997602,2.935385380092787,1.9124535243615337,2.9658997373140155,3.1281832887433274,3.2833344006569503,7.255389620639671,4.820232363291503,2.7108136112969548,1.8223489379324695,4.50280044726638,5.6104261809262
P31240,1.7507188935611415,1.8567705323551982,4.364835013782716,2.542264068485139,1.6905484395047685,1.880979085403425,4.559587772823264,2.008933570646525,6.515485348945828,3.59199682008153,1.9673276742539918,3.2694334686992472,3.8078008187823427,3.9989680853239307,8.600048620944936,6.586849972444834,3.3299067598752,2.489929610391009,6.153005096259212,7.199213278730609
P31428,2.18808542231283,2.3232522859351508,3.7240720832726892,2.16907814425984,1.4395511652915018,2.212642546449119,3.3798431284674852,1.4893796191351127,5.559243308928301,3.0629951283566133,1.992411211831799,3.4556694855640373,3.248212169200633,4.222726285779831,9.045505392061909,4.846375526640306,2.8187133188369495,1.8263924431796297,4.53027828030688,5.288290289565553
P31725,1.7751700976660225,2.270683815992345,3.7742904655513088,2.240811194511732,1.4735410444317054,1.8107762389138429,3.447705491844345,1.5265361161487712,5.607528686918585,3.0685427286073588,2.730208722554647,3.412524848662315,3.3633029333985283,4.7060226644946885,8.873841828723464,4.9386986935437855,4.576968794426016,3.3732361853990827,6.860453986986839,5.447124321315349
P31786,1.703094697001445,1.8083017269912367,4.058948680965691,2.364163996732687,1.3853844116240992,1.7168719549513312,3.672301593485273,1.617999328067165,6.035374257249233,3.3265051451039755,1.9131799210839953,2.6880154168049657,3.1293447166537316,3.2846756336337175,7.036106331415034,5.282413724177915,3.072183104019495,1.996832841371745,4.934485938101954,5.7735067879093025
P31938,2.1556525915183666,2.5342651498581636,3.5856430522531624,2.3323150550686793,1.755102713518246,2.1644108015989336,3.2389520409748416,1.57095543026125,5.3276396901046335,3.7003037558437035,1.9147206184278822,3.0014208905277604,4.379873470822962,3.286789564223592,7.859535041851429,5.132633165523816,2.712633029254073,1.9402135089725099,4.794570721484814,5.094668180547749
P32020,2.488783136819169,2.8356442846207193,5.618470041941361,2.7710817651485944,1.839729233049351,2.8556087271938955,4.298872439258522,1.6891616872382316,6.312985834360863,3.891269891593299,3.000030000589616,4.477316475173784,5.212420497582433,4.3676915993349175,10.249881385650712,5.5204660575034215,3.59661255311137,2.335117418592399,5.153130510292974,6.755581461259712
P32233,2.0684111926103763,2.961305788047627,5.865454569004742,2.2588366949124032,1.4995242554629358,2.620444676130184,4.470818754600709,1.4803270304886036,8.129236963919096,3.574850900897975,2.6217704002769655,2.910143220301374,4.2996046551679825,3.9624530012082135,9.725131276848412,4.830513937893927,3.3052855502425724,1.828579542625114,5.997169022297629,5.263386098377282
P32848,2.9104294168710285,3.852819476360152,7.6784438435664555,4.2375106102194176,2.908097645817687,3.5318639931423625,5.580048863384414,2.9617882889112637,9.93002373811708,6.09205057403176,4.116088458188352,5.515962269503905,6.734035046625218,6.975848458973437,13.010010894725342,9.654468316819276,5.739429630562822,3.4738201890366187,9.016644217694914,10.381907445458705
P32921,1.7031754048455212,1.80838742048443,3.5830937975974737,2.0869988805033985,1.5694455756706835,1.9449578254138102,3.672301593485273,1.617999328067165,6.035374257249233,3.3265051451039755,1.9136022362318528,2.6886087690640403,3.1300354878991055,3.285400692610448,7.037659480835508,5.282413724177915,3.072183104019495,1.996832841371745,4.934485938101954,5.7735067879093025
P34884,1.7030884463078442,1.8083016436291504,3.5829472074002755,2.484155025009217,1.4770300058155903,2.24568950898849,3.430372966903189,1.8681763013641637,5.637757526035468,3.48232941312976,1.913617612401524,2.6886313367643795,3.130103259681167,3.4931410826416274,7.651219161306514,5.523182291434619,3.2120282013898653,2.3043892726041646,5.694505932588143,6.662754553969537
P34928,1.7627980444677533,1.8798091281729152,3.5813787147754472,2.085088292121584,1.5602470741952232,1.7824939879323864,3.6545335444686966,1.6101708067330551,6.0061727271171685,3.3104101962095394,2.1578135306931214,3.0317253349633155,3.5294863266035676,3.2840587790352123,7.032996758585364,5.25628301731011,3.0569858248348076,1.7613476255830416,4.910076338187113,5.74494677323578
P35279,1.8289997285598705,1.9420688521889924,4.707251541884133,2.4996966080882035,1.66021640978644,2.0573012798302472,3.5010898633199568,1.54256422087005,5.708116731362418,3.845424725980245,2.2933964570365393,3.2290548791281086,4.112646391711292,3.5286675422246305,9.246989365407439,4.662397264490204,3.242566850800406,1.8822217491867839,4.355715319517547,5.096287895844046
P35282,2.6513295343372056,2.6182490376698118,5.158859362891174,2.811033934906806,1.707900442369562,2.10978906234827,3.9680522458088827,1.5696700792652176,7.647285166696403,3.91531719818145,2.7612054152094343,4.123281272136364,5.111166413202027,4.760584456073009,10.130572947141172,6.225778755936986,3.8988375462783305,2.1771355364883527,5.356142997542584,6.803060996937372
P35283,2.0612366547353504,2.1938500389298814,4.33943322813438,2.2754015324498287,1.5127488679784515,1.8683101976099221,3.2436464853283824,1.4281260331838328,5.329266943830589,3.560230523290869,2.0837776120343783,3.5611623740735032,3.8089983384001638,3.551736167891227,8.569282202000894,5.654582471899705,3.292750876810078,2.15227469944066,4.72419707025329,5.556900183646615
P35290,2.146868492848726,2.6357666100342874,4.516789251797289,2.1637144505951014,1.4358590744674136,2.5062121783310376,3.646766701109708,1.6067487709835024,7.776995607133778,4.286431097376967,2.415967236386636,3.923847425575509,4.568080649170993,4.146396313902273,8.885076073163084,5.244636537810557,3.9604778264282783,1.9825524895606605,4.534177199854589,5.299918341637319
P35293,3.001802989494679,3.4286818195454285,5.743326687507865,3.350031240148722,2.127017305310298,2.7358152200051533,4.094591436246417,1.4612922192277586,7.674399022536084,4.853589330438816,3.076791509568397,4.87546922277662,5.9553102183635005,5.286657856807447,12.438289552538345,6.740618015105542,4.483722283953256,2.5631483069174257,5.875088925086219,7.7788857309950705
P35486,4.147605133014791,4.438293295712975,8.646502558835655,4.939590636253421,3.2029637578123897,4.227644727681389,7.729121536057737,3.37238268872447,13.043809168703625,7.209891296927521,4.589453628817595,6.565591306256289,7.686416033887791,7.8839621036631815,17.089696948357833,11.079993458972979,6.675203056063986,4.173296068457023,10.385599469818093,12.508247595245484
P35564,3.005695316786255,3.185773096300363,5.671118617899312,3.445906993851435,2.082526467193514,3.144320355652025,5.072294660747584,1.4663215028251626,8.403695422825741,5.000222711493751,3.0348355677795973,4.608416807454151,5.871422973790839,5.619408336533326,12.43661985321178,5.976612998518888,4.2644910825693385,3.115173431118899,6.061313203583719,6.570624116011568
P35700,2.598817674425556,2.494011842829728,5.467321488925262,3.1844809182472407,2.1140113354479575,2.361503659779712,4.935604789319795,2.1746049526246614,8.111594685540409,4.470851401474895,2.632252330276024,4.099076243985176,4.3130303192261765,5.0089503857938045,9.691427064587876,7.09859027221608,3.7317704815674313,2.4219667118476957,5.995440007016225,7.012433166647399
P35979,2.630046097175795,2.896670027086261,5.307857744037697,2.803150372274924,1.752411149413357,2.933094196292132,5.538015452131624,2.301592047818861,8.839691993036068,4.393373411470047,2.831010180991659,3.5994556479652324,4.635196477871776,4.860651396966478,10.4118439307901,7.294931545595409,4.205244164222849,2.935613143564924,7.227543393311978,8.252976914522296
P35980,3.422314348549305,3.766882159450333,7.337569523885884,3.6517514451612647,2.424727920085653,3.8959914279159,6.973179025792806,2.9863437216728417,11.73547236878148,6.6024935805775025,3.8479953247482586,5.2824926297183605,6.154585419159876,6.726792359096197,13.833334901589861,9.758231683169734,6.102588864609897,3.109609131307536,9.111518995186964,11.340948045218575
P36552,2.2702784854363864,2.6849167662176447,5.284873322493447,2.1439768335758647,1.416310003228302,1.8678082023168092,3.26783180248937,1.553818996390809,5.45777679027707,3.411069499554266,2.552040639294661,3.1635250352491555,4.638575456321777,3.8983521723263843,10.367292224822569,5.074313901164958,2.9511549540880258,1.7745743770016238,4.3975824850927,5.208371901855703
P37040,3.3446732171944915,3.4189901378606113,6.498042540051154,3.807775815599864,2.1405954965697123,1.8278754331170122,3.415626434596589,1.5049094240815628,5.6613513784792735,3.124975754647972,3.1675097745517924,5.295207283760889,5.462822621626513,5.962869078128843,13.293709755529287,4.912041691461301,2.898169529963143,2.2115269014805974,4.588508571932894,6.368551586999591
P37804,1.949868852366961,2.6173666381287903,4.083072269539697,2.3922556872295533,1.393833819704351,1.7192781821789125,3.246931865276074,1.4321274616331823,5.3296661315062055,2.940533838994266,2.17021527950432,3.8793245262615432,3.5273517238040535,3.7263051054573415,9.049375644528942,4.671011441629222,2.9782877412061057,1.935803489353962,4.363885762707641,5.100223567093745
P38060,3.193709563698365,3.2394305412184865,6.3916698390597055,3.5277504771065007,1.7551701731421236,2.7130334149374344,4.636004033902698,1.5218917346987582,8.413301885226295,4.206683740941674,3.4251301134599803,4.8214958768729765,5.8825323546462265,5.8780107925587695,12.58993672148498,4.975446624110396,4.288122420643209,1.8730196070308749,4.63648474784136,6.43604183656147
P38647,4.165514325265592,4.433344573783988,8.715042887347979,4.9549693081997,3.319203345157542,4.209165665357665,7.741905429100352,3.3880168309213583,13.028903766783621,7.096981509223951,4.678051927165325,6.593467271783329,7.631183232171309,8.012261877394396,17.253807348754503,11.244165402691166,6.577208227699322,4.262432575150308,10.371735419382517,12.324539099803964
P39447,1.7024520113459725,1.983998488194372,3.5818255181841847,2.364163996732687,1.3848704285786217,1.7168378964771638,3.241106088723988,1.4279951324963283,5.327789104545912,3.3265051451039755,2.09965256424427,2.6886011608614098,3.5458014556797717,3.284411406742216,7.972479330729388,5.282413724177915,3.072183104019495,1.996832841371745,4.355018896497751,5.7735067879093025
P40124,2.175523301111257,2.5938379370651137,4.011449390078994,2.3284032306421714,1.388164858578741,1.904592976879663,3.5454364148385857,1.5621031091483242,5.826873181328925,3.2115860245580468,2.1300154662766686,2.6917770806419252,3.134067300475924,3.6537274530462454,7.948899825405051,5.097813242900456,2.964821865542716,1.765124937169981,4.762044223652138,5.100646144928624
P40142,2.890664081882771,3.069232063621246,5.502890538683818,2.778702676666453,1.494812015898382,2.6296353260561425,3.503572027851401,1.5880416779124704,5.923627838437484,3.2649140951905853,3.2477347509715373,4.14350148640859,3.476393964092818,5.070090328368813,11.944201793169565,5.183222444180039,3.014494745934108,2.3456186463479165,4.670937255924752,5.665093937596585
P40630,3.232349255770063,3.589444415009551,6.956935812993262,3.7526677781717974,2.4129860242225702,3.411398645636746,5.989495179288011,2.4849713286762993,10.614100440280309,5.950222136234768,3.527765407097609,4.956411753694833,5.775129180083667,6.367054119918574,13.316561289532387,7.821578745202581,5.261118127620601,2.6957776296682745,8.2477589563001,9.144269349806011
P41105,2.937947817943854,3.3003026949068492,4.576577484697641,2.6593944410497015,1.4195830374972118,3.3011638881674643,5.4475548677299805,2.21671571716133,10.01395650009673,5.657864900186835,2.964904745311206,4.79804471137455,5.726757333536813,4.82984928594875,11.421651313351699,6.868962518521278,5.212820350592276,2.2557233093050786,7.557440658909762,9.5693401186823
P41216,4.081461829102077,4.444174636481732,8.501418811273352,4.446918614109797,3.1419670705520812,4.200843473268482,7.530351594240568,3.188891896740651,13.134530288674215,7.220191764554972,4.556919418689523,6.504489651941864,7.672765853214483,7.848610726468742,17.163216869859845,10.835972836451825,6.630652522761561,4.212788664830479,10.028716189194236,12.131638989573764
P41317,1.7030947468837665,1.8083017799549905,3.582924111585294,2.0869000456591382,1.385384452200933,1.7169020177960168,3.2417062896821123,1.4282810017024805,5.3276971382249325,2.936456164350356,1.9135529610006798,2.688539537425343,3.12995488952849,3.285316093587956,7.037478261201004,4.662879550723848,2.7118700881463442,1.7626394880107858,4.355757571353575,5.096376040007596
P42125,3.2919763889800264,3.65417502263195,7.043459845160983,3.8334483106042816,2.6782804552464206,3.2621558336425145,6.170065098916817,2.714232531563759,10.126123800162388,5.676156129113929,3.6983185273417876,5.1993085021763505,6.235958526223766,6.148835553692115,14.037041246630062,9.02246930950266,4.8799198252890745,3.237134534480337,7.9964842404677965,9.526385932919828
P42232,1.702656679937069,1.8078366518457634,3.582002518333549,2.0863632570085144,1.3850281061208995,1.7168735309691734,3.672301593485273,1.617999328067165,5.3276087411095014,2.9364074426892364,1.913423273054146,2.6883573260212743,3.129742761915281,3.2850934366212687,7.037001307532582,5.282413724177915,2.7118908817263128,1.996832841371745,4.934485938101954,5.096415117064864
P42669,1.7028886273067045,1.8080829275401342,3.5824904828609525,2.364163996732687,1.3852167839852463,1.7166582661157377,3.672301593485273,1.617999328067165,6.035374257249233,3.3265051451039755,1.9133435281926845,2.6882452845898035,3.129612325066062,3.2849565252934503,7.03670802966653,5.282413724177915,3.072183104019495,1.996832841371745,4.934485938101954,5.7735067879093025
P43023,1.702026946494435,1.8828727010841815,3.7105922281665897,2.085591608365601,1.4356207459322852,1.7159782185356363,3.339196162577846,1.470668690553681,5.3248305083154746,2.9348761696828394,1.9912891958577257,2.8059585701837375,3.2434541772060568,3.2830013518345535,7.972479330729388,4.805084832834022,2.7104352189910355,1.8178453613222627,4.488947152523473,5.093679512317856
P43274,2.5424061667847617,2.70510636235878,4.8504129390333235,3.117152456333624,2.0733641736414317,2.5598060262785522,4.833327553476644,1.9367863725653434,7.932109074874228,4.376645269400157,2.8611036614771233,4.4109197667719995,5.135122507644826,4.447791982943932,9.52887084157651,6.333307278476866,4.444979580278488,1.8099792780366175,6.504106798375644,7.606564391532798
P43275,1.7031549230337588,1.808365673428528,4.058948680965691,2.0869737829602464,1.3854334025618835,1.7169402236834963,3.672301593485273,1.4283127849624888,6.035374257249233,3.3265051451039755,1.9136046537028637,3.045739552780423,3.130039442101244,3.2854048430868548,7.972479330729388,5.282413724177915,2.711993214423883,1.996832841371745,4.35595533459377,5.7735067879093025
P45376,3.813913818621864,3.8943834440289695,7.822973079371528,4.3484503050562235,2.8878653178058724,3.4121033320979977,5.649870776652617,2.373921514935603,10.578712859923671,6.095422684975826,4.184613843021873,5.95552676902532,7.0182810667859314,7.278132886399953,15.767929685637439,8.447982291850822,5.244235097626199,3.1925489330402885,7.580698946982625,10.126542671851883
P45591,2.2377022035704197,2.375934095933042,3.857170465249258,2.4031692612958535,1.8202615251762047,1.9767193668527596,3.256211678666392,1.4355306237621899,5.738326993414541,3.3794670408133256,2.531665833306272,3.556987356562833,4.140988002477539,4.346533738683862,9.31071343706169,5.0307370645331675,2.925811232786143,1.9016952308727524,4.372652641559096,5.498432365743813
P45878,1.7031262108338943,1.8083351875602485,3.5829903045823457,2.364163996732687,1.3854100465886745,1.7169016456291089,3.672301593485273,1.617999328067165,5.327695983358463,3.3265051451039755,1.913544817875886,3.045739552780423,3.5458014556797717,3.2853021129250304,7.972479330729388,5.282413724177915,3.072183104019495,1.996832841371745,4.934485938101954,5.7735067879093025
P45952,3.7605207046874,4.013381776520524,7.684636213837395,4.5135708734732995,2.9932197127262334,3.8563130405642623,6.955260475671243,2.9216675359414546,12.028409610319864,6.592266059029701,4.029317915206782,6.0713613145210505,7.0291718452844405,7.101469085079716,15.612868275574648,9.818916107950638,5.898224516439141,3.7167562950262494,9.41110070262591,11.160810028324166
P46412,1.7029357728311874,1.8081329854338568,3.5825896663248975,2.0867052455998976,1.5694455756706835,1.9449578254138102,3.672301593485273,1.617999328067165,6.035374257249233,2.936146480025847,1.913397216551995,2.688320716668062,3.5458014556797717,3.285048701070383,7.036905479472847,5.282413724177915,3.072183104019495,1.996832841371745,4.934485938101954,5.7735067879093025
P46460,3.120531257094276,2.9219845915174636,6.009166075817241,3.7316768857564595,2.1433384884148343,2.646081077876859,4.134101226534612,1.6567564926246408,7.782632374718201,4.5348068447401255,3.317713175133557,4.354323623509137,5.428633083065551,5.679622516786426,12.571744718559527,5.943590794754588,3.967567835129792,2.425939289267675,6.344800936917078,7.453849505378947
P46656,1.8999018518858504,1.8083144595585974,3.5829805284120466,2.328059122196953,1.3853658617740208,1.8968695453131126,3.2399570887448195,1.4275417029828137,5.886152117826549,3.2442586772968203,2.100357735128399,2.688493753092261,3.129945477135722,3.285051642506998,7.037396212458951,4.6607786305298236,2.9928275964206486,1.7618454238048207,4.3537904800978335,5.094144503713055
P46978,1.9293666181963447,2.048551377575414,4.058948680965691,2.194539067176109,1.5694455756706835,1.9449578254138102,3.672301593485273,1.617999328067165,6.035374257249233,3.3265051451039755,2.013594594777504,3.6643972323486964,4.266032868368393,3.7218039870112065,7.395935844029962,5.282413724177915,3.072183104019495,1.996832841371745,4.934485938101954,5.7735067879093025
P47738,3.4960414968245206,3.884713575635702,7.446299326804456,3.852400817334176,2.7140864586044655,3.296911984937178,5.530607603635392,2.286129198650876,9.34211523024081,5.396457627987804,4.069481653125437,5.524480387567456,6.512603114412913,6.914343748177325,15.411220811395173,7.136036993657955,4.758676506582597,3.0016144370081275,6.963856961738659,8.162260001053552
P47740,2.1172093055766026,2.2479978655425494,4.058948680965691,2.1055206108919875,1.5694455756706835,1.7501619229055934,3.672301593485273,1.617999328067165,5.429969417498027,3.3265051451039755,2.167788071750351,2.7135316049761014,3.8925906864639486,3.3129936891827922,7.105194800196223,5.282413724177915,3.072183104019495,1.996832841371745,4.934485938101954,5.7735067879093025
P47754,2.4797989944069814,2.804430832822301,4.867830758397193,2.33712003396737,2.0314209730374553,2.523957081360677,3.657837403596247,1.4447181859771379,6.684737452390997,3.6703462374857416,2.6088547036641,4.650971146693628,5.414586499103656,4.48400783908239,10.320204230485833,4.705757538467145,2.731322549326691,1.7786433812538902,4.89134235822053,5.147823543827061
P47757,3.322312063226427,3.52376388413547,7.310516135906297,3.739171893880675,2.881036604365384,3.5103560786772485,5.989550071311026,2.1296082978428292,9.546251028529793,5.085673765241246,3.541232980630508,5.601433152136952,6.728559777667365,6.576260415765881,14.07346501483332,6.873001718886066,3.6795251343820654,2.5878854558439155,5.909704756531506,8.781106176355694
P47758,3.4296237716684304,3.290445228285474,6.293094007195254,3.5075719066321964,2.331963333359405,2.732716818569184,5.168384010306811,2.1286560259796294,7.922100779373573,5.137013947031993,3.730956117823749,5.413899296693909,6.1024889786478935,6.189896399244034,13.732591155667672,7.47098392125966,4.754685493438229,2.817909109488715,7.317203583842783,8.559969040033318
P47791,1.9293666181963447,2.048551377575414,3.911463516284373,2.364163996732687,1.9580575077584286,1.8746645487706322,3.672301593485273,1.617999328067165,6.035374257249233,3.3265051451039755,2.0844071172833174,2.9357810664802413,4.4338053822399806,3.7218039870112065,9.969092237176108,5.282413724177915,3.072183104019495,1.996832841371745,4.934485938101954,5.7735067879093025
P47857,4.294183125061011,4.300375002151411,9.034750225450328,5.190040829383491,3.3967655752230215,3.84771837870125,7.056281147537679,3.2516824648966174,13.096281985916928,7.1588239831305565,4.731233171237779,6.696268026495491,7.787060159644494,8.12317483638724,17.706032823168123,9.831885729362993,6.14260742120958,4.296958578125634,10.594483847915367,11.904887744407713
P47911,3.5494430530523267,3.9251005235814302,7.2280982224422266,4.2073982890956785,2.4670918591805022,3.776510259647336,7.135146123745442,3.0330622457577356,11.58526612692436,6.45877788373799,4.102066311013425,5.595391961766265,6.706011666237191,6.617349580618771,14.429095232432914,10.160577675732586,5.965953950547263,3.6923240306076637,9.37083441742402,11.084799935532498
P47915,1.8296506228741476,1.8287701657798652,3.630164981860471,2.241976246713726,1.4883314803991885,2.2924582369889106,4.336648060851445,2.2887064093668217,7.867875294371502,3.4809157303804135,2.057236287569628,2.717813424188436,3.6640833274600406,3.532001267595561,7.5659027719588545,7.482210543864287,3.629970584987204,2.3636536014935228,6.989392471405176,7.538544152704671
P47934,3.909854568260409,4.1937182412960325,8.02002025620546,4.618954876652282,2.9366357374970926,3.913875697096336,6.470042596526807,2.6432265489239355,11.847912134634868,6.69853395036558,4.126735114558762,6.2035157018478335,7.14956026701582,7.154703014122971,16.065136209933573,9.139938524733939,6.185956742105743,3.5095071399939872,8.819321691040765,11.176166368157958
P47955,1.8093193343521106,1.9210882887182055,3.806396491134303,2.3214427221783,1.4717929695129448,1.7160985692359771,3.241095270318483,1.510090102665583,5.326561026156573,2.9359007064648837,2.130620867972992,2.688194853196705,3.3195003136158974,3.6579928382152174,7.463657502949182,4.662321338861097,2.7115244816209114,1.868946081747905,4.35519394377887,5.403743701348314
P47962,3.492548408788787,3.917867155273585,7.146056636577204,3.8449246072999017,2.5513547020411615,3.8244712845402766,6.677587143729233,2.7586830608727,11.232318504150625,6.2544902085291945,4.107255551275086,5.656699458900895,6.793154453111363,6.54153727988984,14.445652433424979,9.168316145925033,5.829209976327109,3.5787226433710497,8.968131233341422,10.613610613361331
P47963,3.590845327290188,3.7466455811984702,7.554552355495202,4.324845577507356,2.586361724558661,3.841288215547447,6.851394962204158,2.833519113313358,11.780141694169654,6.487721527538195,3.884159588829701,5.566374572921411,6.601800395570079,6.803063830958089,14.271674453788735,9.673290613397684,5.911773485243744,3.661336884102938,9.212132907278873,11.263972057749378
P47964,2.8624708081824557,2.91613353675251,6.468006958596655,3.1899394343320804,1.820347298829818,3.3035751430034668,5.688619420545183,2.6713020967299106,9.66937419569487,5.650178922568942,3.0826314962519263,4.32955676947759,5.253581335579614,5.298309287728133,11.303847642415848,7.5608371191564006,4.577029003937766,2.3416412568899365,7.635694020954499,9.523873098255274
P48036,2.1779148817511893,2.4518422727130322,4.594776167898628,2.085628817486469,1.548610033245153,2.194087382241542,3.3551025920881274,1.427917733437362,5.530904751595375,3.5298920773575975,2.5968375712172715,3.6551506845393202,4.024130337174055,4.208513796919023,9.565352682478924,4.661664192204183,2.8110245857445597,2.10620924988736,4.355450260726515,5.095776380736867
P48193,2.6588516575315677,2.94724064829985,5.327065904288202,2.7431679215234577,1.9520092542859404,2.8029020295192995,5.2930853285925465,2.1394796876287554,7.9631850251025975,4.3790637896325695,2.849073932436027,3.796710150051083,4.419488097872278,4.886230498557205,9.909960150003196,6.169560637868087,4.04281462694431,2.6267206193936885,6.49959214486274,7.2065093155701945
P48678,3.116343310833936,3.6832708336692477,6.556620239549612,3.7238091179000814,2.7725267486573695,3.310694600804835,6.114257306154352,2.489106607629765,9.796974431450884,5.405088848900952,3.590233073447766,5.783821448464938,6.729624944588072,5.688853433740755,12.891051790777214,8.371199620782983,5.1110982377605705,2.8608281989449957,8.398467304219272,9.379941081480746
P48758,2.1499320645869964,2.2827420413858537,4.52296822979093,2.162987081139626,1.43744868319222,2.160196515017826,3.594702300302759,1.5838094335196877,6.7032787379665715,3.694632720436289,2.42017943379904,3.400349103496847,3.958632244175919,4.155126408977267,8.900699641289126,5.173962488747442,2.8056592433939094,1.9558366226159698,4.833177876268016,5.654973106791315
P48771,2.2979104401186445,2.4452232766515665,4.573559534111973,2.489800712731487,1.5350065865408256,2.181325868376899,3.5816874033451924,1.4280780841977911,7.2060059168317405,3.5046262108608697,2.5932926808468264,3.6350543761949425,4.233894367388546,3.906286552603008,9.524897397990305,4.662190794297629,3.638363655199832,1.8470449304715038,5.171101434900197,6.054170035248718
P48962,3.7109199479380193,4.020756672271952,7.729163679525329,4.368843669198459,2.9128828077346682,3.745674284464436,7.04811584170454,2.959437316772449,11.867829875750845,6.462779335273948,4.158150913173732,5.935993284700991,6.939575794951283,7.059751958987986,15.475439149383732,9.923757314307252,6.0090541642313475,3.824810793890552,9.371314286207049,11.247709118642994
P49222,1.9293666181963447,2.062795544235216,4.087171718038692,2.364163996732687,1.5694455756706835,1.7170627027673102,3.241567121289375,1.4283322974629886,5.32760421431001,2.9365593529310887,2.181759914081812,3.045739552780423,3.129323262542469,3.2855068932670775,7.972479330729388,5.282413724177915,3.072183104019495,1.762009134082042,4.934485938101954,5.7735067879093025
P49290,3.211550007064905,3.2041735910097042,4.687405757432886,2.7469040982544626,1.4875434619057788,3.2365895652594254,3.525310064410572,1.5532355309715373,6.989527882768085,4.417304249151463,2.8705015172806583,2.9121549042384927,3.383924908666919,5.425866681774434,9.2266179076884125,5.073389067103524,4.829374547898681,1.917818337454302,4.6646014790261185,7.67542321739845
P49312,1.9135990011909514,1.8381417233600903,3.6440202050734705,2.3448430278267,1.4100334567517983,2.054578181846061,3.891423122648868,1.722122729928229,5.4237755013688975,2.9901469396357996,2.1532703272238467,3.0253421397224955,3.522055112415828,3.3284932949122408,7.919087387266524,5.6062081243231985,2.7630833572173183,1.8035696363500258,6.509139539421108,5.2043871219899245
P49443,1.909045063219132,2.0269744781668604,3.5821488477426384,2.0863843857826403,1.3850701035140516,1.887736338519988,3.239994358857775,1.4275821580501016,5.857810978268093,3.2286379481521323,2.1481571225517575,3.018158093498519,3.1297641634789883,3.2852083518480732,7.900282542321922,5.126826727350084,3.0325714512342605,1.761716631674987,4.789146726126858,5.094646263347354
P49586,2.130428624971011,2.2620337956247987,3.676445376618562,2.6105368493799777,1.4225507778180193,2.146650566140519,4.0531204284682465,1.7857863693632445,6.035374257249233,3.3265051451039755,1.9593547358934313,3.3563503554152536,3.2110447034173277,4.101361235299142,8.785529219268554,5.282413724177915,3.072183104019495,1.996832841371745,4.464549073103229,5.7735067879093025
P49813,1.7026995107227243,1.8810690052909462,3.948742076971673,2.1727070537747686,1.4395017126139316,2.001137319742317,3.3761803250867573,1.4876505379506497,5.326325580329046,3.0608825535900315,2.10929513810308,2.791579115985197,3.2574457340517458,3.2846921701430967,7.757359729983517,5.140749279293973,2.989792905762075,1.9432815235898393,4.354753226448505,5.095076806638798
P49817,2.874548863408241,2.8769495439877657,5.253044280346812,2.772918925105416,1.4164832374254632,2.733304834718399,3.8590293065375314,1.6950050993490844,6.329856550225781,3.9157041804541977,2.543192839964336,4.533816697767176,4.968619475464421,4.779028790023913,9.335014272743695,5.5164231120657305,3.2056655274169468,1.874364372962813,5.150045767459699,6.009110174892561
P49962,2.2143107148920054,2.3510976206339604,4.658406272137777,2.091995730601276,1.3858990628679209,1.9536003584573136,3.2480539962341957,1.6003272190932,6.063748637367677,3.347879119044925,2.4854914140473485,3.0211237479791206,4.065461559114807,4.2672583981027,9.140897665885792,4.681532892133592,3.0820863643292964,1.975964484756397,4.3646508827720165,5.836270212375311
P50171,3.533167069781588,3.8887937366522616,7.109576309943533,4.348011340370751,2.823176549379241,3.3074668972068637,6.244845684087935,2.5802936608611278,10.57815961953487,5.659102759030145,4.045116274043191,5.690292395163926,6.216823431936749,6.683165022952329,14.885301618684615,8.712465333340242,5.066269305685329,3.183334759686269,8.140383157331927,9.817149461282845
P50247,2.1759125681197102,1.811625481598139,4.58149247853183,2.666359692374112,1.5575654055411143,1.9116386810465404,3.5803721343291883,1.4279812347545735,5.884289528190553,2.936099561115586,2.151620097073496,3.007315554203882,3.5191579188240376,4.192605186881416,7.041695436869756,5.1509615055726705,2.711499799939802,1.9471419006601711,4.811691859843567,5.629833778555756
P50285,2.509594107333696,2.66462185944714,4.546157802500554,2.6475865530418887,1.4387873949158956,2.171066821050609,3.6129184077470002,1.483118156327402,5.543794717797097,3.041090462324175,2.134188929355073,3.9559694409786137,4.605476587662096,4.140087437220379,7.344986475396751,5.200266047953202,3.024407084171428,1.9657797686112606,4.8577489435490175,5.297155485540432
P50396,1.70284155980762,2.048551377575414,4.058948680965691,2.0865898009579924,1.5694455756706835,1.9449578254138102,3.672301593485273,1.617999328067165,6.035374257249233,3.3265051451039755,2.167788071750351,2.6881905853209336,3.1295486450488372,3.284889684398673,7.036564849731767,5.282413724177915,3.072183104019495,1.996832841371745,4.934485938101954,5.7735067879093025
P50427,2.0812265863932544,2.0475201774824954,4.056905486783314,2.362973923513244,1.408456518980765,2.1063836554027255,3.6636089035019257,1.6141693685188798,5.421355883991565,3.6025953754392055,2.164354614069413,2.7370458926159777,3.8336903472036106,3.341460439120254,8.619776779813542,4.744529900539335,3.328261551430732,1.9917976400272208,4.432349897056642,5.186094125112666
P50516,1.9092297199821813,2.500689228070752,4.488003987767157,2.3380196628962993,1.7385174164467805,2.137326944398543,3.586213092773533,1.5513282622983278,6.616078187774991,3.6422765367937573,2.6431219043110548,2.7023420251895223,4.293575990351987,4.113202522234242,7.872740896887479,5.066523088299698,2.715934769889494,2.1918494966171576,4.73281500459802,5.107189456492964
P50543,1.7027815235774224,1.8080736157910249,3.58246358044652,2.086633268835887,1.5694455756706835,1.7166222112764467,3.672301593485273,1.617999328067165,6.035374257249233,2.935597836626185,2.169951169856374,2.688138771821487,3.129542801604993,3.2848950056044255,7.036423749215379,5.282413724177915,2.711228627092223,1.7624818408069511,4.934485938101954,5.7735067879093025
P50544,4.134881045109282,4.422393141316124,8.379666565112744,4.788605278367458,3.2031213189401107,4.094096085079754,7.430532867853207,3.103853648021505,12.703021847371302,7.06674892771184,4.492479373087758,6.488323014166619,7.555697765375512,7.815149713252555,16.838778362284376,10.636853345420358,6.504354393878012,4.040997392992196,10.06453130722286,11.958499097007309
P50580,2.9934614142813585,3.025997370969376,5.996504411369215,2.9100206581299006,2.2544511260446423,3.0274210898620266,5.7127729347560035,2.516143288122007,9.179734801717474,5.288236830122831,3.198685460067041,4.097599199866416,5.106061843984642,5.635981194838766,12.048707630968947,8.047300795771713,4.451032949504923,2.9673781176206844,7.851969184123511,9.001866065266398
P50608,3.10667426635851,3.292871062251437,6.6934300358582695,3.4580653979631126,2.5226828932505994,3.033082245556349,4.890877456008545,1.8771417959273604,7.5396994255394985,4.659456609402824,3.6680281758565036,5.151713260467523,5.998241180400461,5.450428827700711,13.494045674992357,6.153870664832863,3.804963648823502,2.304063043542463,5.6836276062092566,7.625694997028991
P51125,1.7189554086074672,2.4901406761315825,4.274918831954583,2.107047246852745,1.5472809886719052,2.0420783350072162,3.626311429816466,1.5977362717741206,5.959790092161646,3.284845572170243,2.639909544518106,3.2282683741535485,4.318039769568959,3.321974468113508,8.379812129087725,5.217238681228812,3.0342781468906135,1.9721956824905866,4.8736036691733515,5.702272580875001
P51175,1.99418920899809,2.4216299608954137,3.614405729017142,2.311039249503236,1.6169231365019248,1.7287667815661154,3.593672328645388,1.5833556327064562,5.906148204105083,2.953669300649124,1.9292336144051088,3.600453443581751,4.1915905283841575,3.3121553245311897,8.213809366268544,5.169017873904258,3.1659565859645187,1.9539674828964486,4.828558939984903,5.649568803218868
P51637,1.756261775024605,2.0525221843198116,3.6950143577731684,2.0862680312648814,1.4288187624903548,1.764339433171398,3.240352224934526,1.4277206514876364,5.474658771609808,3.0175175790327944,1.971506824315955,2.7662623583194086,3.5462270625102565,3.3847295378826354,7.034936892714235,4.6610694112215105,2.7846800187565006,1.8106834921629253,4.475096889339255,5.234426943840762
P51660,3.241101258724693,3.3666766134083783,5.811612547112351,3.7946050188992255,1.45016580637814,2.958891823627918,5.23348608307549,1.9937481557135817,9.416297341314198,4.738955718972332,3.5638906372832984,5.03242503829917,5.858531870563874,5.976398169876991,11.760905886980014,6.9132712352384855,4.798761497012498,2.4564154577905217,7.0739463844912205,7.910452579206082
P51667,1.9059854404077725,1.8529136207480397,3.5815209782645963,2.335513693463408,1.5504261287246446,1.7206859884567296,3.2461145837707415,1.4299492011737123,5.33713269353241,2.9410802358062194,1.9123145804122608,2.762586217547042,3.215314787585226,3.6706948623881708,7.032963501173786,4.668248359471935,2.7152815859026402,1.7645505071480714,4.36062628234718,5.103797692064908
P51863,2.252502174816036,2.391648321107948,3.7744864616055143,2.760120598147622,1.4579254792292062,1.8082952292959709,3.4088561753918882,1.5966392275971515,5.6118324258337164,3.091303450626166,2.526605872497462,2.8284414422520148,3.2948467247213857,4.337846458521302,7.390119175979085,4.881827117810586,2.848772680247752,1.8523293876554232,4.563411440227174,5.3387257064356985
P51881,3.0310484149961763,3.322554484137491,5.973884543555379,3.086012163039105,2.054580251402664,3.161896614970908,4.611178245362971,1.9385066491550274,9.259935277859348,5.5009857114400456,3.1976799594041694,4.588205577790738,5.658530009995444,5.219139115170419,12.257376164910417,6.918087340927352,4.718294424750744,2.9422668594222112,6.463311288220525,8.690111160179336
P51885,2.759924813159371,2.925222474537983,5.200615150084097,3.0362978105170733,1.879643951124355,2.764331816971199,3.6144723296547236,1.595544910625087,5.953218667523635,3.938584496730848,3.217578423410727,4.349047017911937,5.262919565878792,5.524154487621139,11.833295795806483,4.707895063660347,3.349672188206425,1.970765861776414,5.389970898541079,6.297650928967222
P52196,2.5096382518289277,2.2883504702946422,4.870405144052118,2.840063486283664,1.7584853395280278,1.7154196710112823,3.239500602227188,1.5143988943527855,5.634117315068573,3.1103786081556826,2.248875750377144,3.468078438036633,4.346932535567251,4.4838289964017,9.610000258240376,4.659573696686881,2.8718981084016213,1.8668114012917694,4.615268188695141,5.958652938633683
P52430,1.7030388000371957,1.8082423770460085,3.582806412140849,2.0868314907670067,1.3853389421718931,1.7168198158507195,3.672301593485273,1.617999328067165,6.035374257249233,2.9363155725131476,1.9134976153477985,2.6884617768516725,3.1298643619076816,3.285221072458242,7.037274716362193,5.282413724177915,3.072183104019495,1.996832841371745,4.934485938101954,5.7735067879093025
P52479,1.7133782468484045,1.8187386688973837,3.591497125868713,2.364163996732687,1.5694455756706835,1.7225012435320277,3.254625844208359,1.433822946706442,5.351991588370208,2.9547450932085892,1.9259403659570242,2.7070864860186683,3.148238654870512,3.293265852927706,7.08527738206788,4.684543059255496,3.0710010123103646,1.7704154984073588,4.374267387555949,5.12355676981108
P52480,4.165644522807028,4.359707666908652,8.590836985909995,4.885971935216203,3.3131776199000655,4.181695030401738,7.873861469405261,3.284851343308708,12.970455986294146,7.2078841411582095,4.645281741144819,6.57854940280266,7.7194286853396195,7.976667808483009,17.222382791734724,11.172870731359,6.611357401736632,4.168742447107817,10.562373992493667,12.356060755397209
P52503,3.3916123870162926,3.7750218624995107,7.27091469434583,4.149870535893074,2.8944151440236254,3.4815248905557503,6.461464496147369,2.8981244438832143,10.61891872282776,5.741723918978628,3.807975987884842,5.445950395970754,6.230334704147965,6.537330624253685,13.445320645883433,9.471225986126717,5.40962768147726,3.5814548143181577,8.98746364230946,9.755912991646687
P52825,3.744839338387255,4.0105626157832495,7.507601281143436,4.2071837000857855,2.644260593220408,3.7484379672595143,5.918708005482771,2.4761013844626802,11.307734373990254,6.289616581187578,4.01381254485412,6.011047091322009,7.015595708313466,6.890094936296234,15.21217350365576,8.885893696488651,5.752306033406444,3.3619130678186453,8.124294148126701,10.562466980789294
P53395,2.966286507588429,3.575775657150414,6.550583837372041,3.537104611588702,2.1231751663908183,3.208917157866132,5.65726561061692,2.3552430455102153,9.73896171315808,5.378420475980343,3.5009868646498647,5.328796580480391,5.970127690524194,6.020812774971356,14.180383720651804,7.918740814535161,5.2713473049193755,2.8144746507114946,7.607475116508259,9.125074018507005
P53702,3.093714433051638,3.2881872545639976,6.515140823625327,3.588929130826721,2.377479421806918,3.281192970375002,4.762251965677832,2.098810876791504,9.161540459153855,4.729100242389433,3.6337365107776503,4.884913584855941,5.687908340829521,6.235463567445239,12.087974415802035,6.040107758862935,4.668445988548569,2.594261720857387,7.01624451373447,8.212496989514724
P53810,2.632897024389224,3.081474536241218,5.820537359579229,3.0624381214925274,1.8723686348510173,2.2894080036332682,3.4096320497843986,1.5022683254812992,5.603680682563531,3.594297204517256,3.09960351193475,4.569445193133674,5.111606820034618,5.321507471016217,11.398771192221623,5.20921149613174,2.7282991965304175,1.9559467954051122,4.573874985646537,5.654135849700516
P53986,1.7022939636354661,1.8074515290949553,3.581239445706465,2.085918799841489,1.3847330541129477,1.7165469297115667,3.241035842991025,1.4279856059491445,5.326595268839415,2.935848849207347,1.9127628173421676,2.687429386564901,3.128662469586218,3.283959521948465,7.034572347994872,4.661778335944946,2.7112296359564376,1.7622232120523442,4.354728888420912,5.7735067879093025
P53994,2.6459963276207925,2.9378267376330482,4.461175670635524,2.825965730966576,1.87537293764384,2.113823354426567,3.2609723415562333,1.4320446997193548,5.946409351885676,3.258823408779189,2.7874382421735833,4.179265454855486,4.8644777296672865,5.132033872565334,10.982046719242621,4.874389822599264,3.331390045636376,1.7741675297078527,4.379034101293653,5.13196369317394
P54071,4.14420947851149,4.4195565616277985,8.601173380605497,4.906100189524906,3.0402302098559937,4.004271058950365,7.170135619732205,2.7765197009123503,12.50259504094939,6.760134624826699,4.568233377116781,6.45240423302462,7.616460640338555,7.883027831091224,17.125077183187503,9.26610671550185,6.321834845522021,3.7776774540035514,9.443841661104274,11.72181655104409
P54116,2.179867508694502,2.5880682571298146,3.5902169800192962,2.624138194087149,1.5469870576041942,2.37679485748452,3.5741120331898255,1.5944088137067696,5.874001143017802,3.2375614488406437,2.6621281346727277,2.694072222760991,3.1368443003683386,3.2923410694998316,8.847188314036972,5.138339557077023,2.988391442668334,1.9750600136172047,4.357431074303705,5.61603839842816
P54285,1.8505675615788613,1.964884585342689,3.8931733825323245,2.267606975959875,1.3854444352282385,1.7168439916723786,3.241521605070276,1.4282662753873991,5.327330545066308,2.9361965358899957,1.91360975889106,2.922248892318245,3.4020355965044793,3.5709020387316137,7.649232145271894,4.662687472990173,2.711780388098291,1.7626685043878152,4.355597190249638,5.096271261702716
P54731,1.9119890382687839,2.030100314431795,3.6932942844761847,2.342870247567746,1.4315552754453098,2.191330373707364,3.371009312897536,1.822955246588613,6.7998898247512916,3.7478816597008997,2.1460785544031853,3.0152377078271724,3.510291693810139,3.6845316312529564,7.283392245197727,5.22062216214054,2.8096420393625596,2.2404080164775793,5.536398252206719,5.705970615718658
P54822,1.772455743991621,1.8067076399460427,3.5801219250383616,2.0850373025662376,1.3842917481920927,1.9357885558177759,3.6549889695771176,1.6103714649580543,6.0069212116589465,3.310822736935786,1.9118725307174476,2.6869954835988183,3.2550250852538896,3.282583614724241,7.031474527608654,5.253935774613299,2.710056900022423,1.9860677427038245,4.9078836973442135,5.742381313135432
P55012,2.0574565695269706,2.7481893104691166,4.911019299767627,2.5197661673856566,2.105455397231032,2.053633488051776,3.3121248901760523,1.4578394701990507,6.362745454838419,3.511004312813031,2.906503746237964,4.083634159437757,4.754101818646846,4.500472349250485,10.689255718092292,4.763088266051288,2.7694078219942044,1.7958191416604785,4.449035830030027,5.204260947275905
P55258,1.7030990640485308,1.8083063638084385,3.5829331939183566,2.0869053357296763,1.3853879640037574,1.9449578254138102,3.672301593485273,1.617999328067165,6.035374257249233,3.3265051451039755,1.913571393093278,2.688565434492588,3.1299850384815255,3.2853477390410397,7.037546048951651,5.282413724177915,3.072183104019495,1.996832841371745,4.934485938101954,5.7735067879093025
P55264,2.196890814650653,2.048551377575414,3.6834564162119423,2.364163996732687,1.423795650437334,1.9449578254138102,3.672301593485273,1.617999328067165,6.035374257249233,3.3265051451039755,2.470474151160356,2.797961194723958,3.5458014556797717,4.241475753749613,9.085668642564334,5.282413724177915,3.072183104019495,1.996832841371745,4.480630370303799,5.7735067879093025
P55302,2.645245338812791,2.9331388252796713,5.8165130464652846,3.646329375910282,2.1543955668823283,2.8041789780105746,4.12890480684761,1.9744181164806192,7.869445364523961,4.581955121276683,3.487911454175588,4.579580361048586,5.317292141757898,5.546873084443745,10.357871398663082,6.876170251855134,3.4528621773733428,2.432171030045885,6.427671171011299,7.930328454387898
P55772,2.8448105591896273,2.6775969307456795,3.7360875788551673,2.3351310076907534,1.5501720835342114,2.5819697266177957,3.6318681818787666,1.6001845513813806,5.968922533356079,3.289879081498045,2.005223027901563,2.815346560731591,4.020578823550987,4.235666100063474,8.969275201911152,5.225674034274904,3.0391840384882425,1.975384374416383,4.8814834251262695,5.711492148029902
P56135,2.6235142534022473,2.9471796382462925,5.7007866544647685,2.8944921754356163,2.142960010132102,2.741008006971186,5.175335791264729,2.2154090465448553,8.897758708469409,4.798920243995194,3.0459308983707767,4.27715834112711,4.979729097093381,4.912220789412745,11.472545248029956,7.61715361862394,4.42870340194482,2.8780809003378627,6.9450809816611745,8.323078265760158
P56212,1.9293666181963447,2.048551377575414,4.058948680965691,2.364163996732687,1.5694455756706835,1.9449578254138102,3.672301593485273,1.4283090707189594,6.035374257249233,3.3265051451039755,2.167788071750351,3.045739552780423,3.5458014556797717,3.7218039870112065,7.037668450283893,4.662881320679635,2.7118711175296046,1.996832841371745,4.934485938101954,5.096377974511836
P56213,2.2637484868396474,2.641008250893108,5.232635076420173,2.7750811782363445,2.023576325998442,2.286170908148027,4.742181363966036,2.2746006877649942,7.092633018652654,3.910129568192723,2.542372212015219,3.5715478726600334,4.562888455090579,4.792393356157264,10.261037866805683,6.869846534113343,3.6089566317668154,2.5993545873275448,6.367769088609402,6.7827816035187025
P56375,2.9673694481054347,2.936823479284285,5.842332691888489,3.6312399716676356,1.4993889643691647,1.8642042933925442,3.5198297401389596,1.5508209251001706,5.784788983895347,3.1883905617212194,3.7177005666889813,4.401609125734096,5.473508066073301,6.073458632529858,13.672596187798467,5.062148356500835,2.944079631570737,1.913569177645204,4.728728415839239,5.5327638885782076
P56379,1.702949295916133,1.8084460175840074,3.583123470738862,2.0873465449103072,1.3881194813182962,2.0493209018983993,3.8693509521230838,1.704818376491087,6.359222012193951,3.5049996637761236,1.9136764599344658,2.6884878525267792,3.130010824390415,3.2858522536410413,7.037726194672935,5.565970724758849,3.2370961668157574,2.1040217062971243,5.199366370623308,6.083425388211289
P56382,2.905806910253,3.08508307041667,6.110161420130043,3.5606684064825407,1.9965540000385205,3.339729583498763,5.743254712681825,2.2122814524919163,10.363473022934894,5.712014675897099,3.2602292502988517,4.769861163964906,5.555669246522227,5.813169659119398,12.005297890125886,7.945357126013928,5.271853826567338,3.3359529860952697,7.973589144008837,9.618905290679303
P56391,3.576592625590096,3.735628049305998,7.265948505209508,4.313846030228133,2.807882511610281,3.772454162734108,7.133232804307849,3.177196991700215,11.704869044010076,6.373891794552284,3.786915277961275,5.647654038989733,6.673713796047957,6.783290677570088,15.001395554915398,10.250871638509087,5.8834290148860235,3.77601412725204,9.687927666316595,10.90705693085419
P56392,2.2450937967183977,2.385165443699588,4.396990252548428,2.7535573218102587,1.5708575776930047,2.263248614563713,3.6959525523526366,1.6294075857222539,7.502094344640036,3.8687849294300714,2.349950839281602,3.77599665888887,4.39595514248994,4.336314905533011,9.287553225192624,5.753727786900995,3.574121707331518,2.00359917861943,5.741654474547858,6.692191775005799
P56393,1.850688195041953,1.9665858174563726,3.5810244285674706,2.0860459362212382,1.5582415954039588,2.1295790750540613,4.020887511589116,1.4271313974967672,6.608270143658947,3.642267023741702,2.151171445908729,2.929186183546627,3.1284541499125194,3.283408201557297,7.6674646035535305,4.658688597916015,3.3579592392336544,1.7613013657246637,5.393494490949743,5.551411035786745
P56394,1.7031717415402345,2.048551377575414,4.058948680965691,2.364163996732687,1.3854470835960264,1.7169016526029288,3.672301593485273,1.617999328067165,5.327696004998837,3.3265051451039755,2.167788071750351,2.688648409410806,3.130081636559169,3.7218039870112065,7.972479330729388,5.282413724177915,3.072183104019495,1.996832841371745,4.934485938101954,5.7735067879093025
P56395,2.4605777880600073,2.606163711707413,5.503832064223632,3.205746766723026,2.1281286267396484,2.6270500823826937,3.9714869450739863,1.9101786328078234,8.151966193068285,4.4931028844456105,2.7591229488992064,3.8727139236198815,4.506409251814176,4.740847087748016,10.156304665598608,5.713079851601765,3.9014523056668082,2.6956008197487393,5.336792379779036,7.793877037610227
P56399,1.702993729024139,2.048551377575414,3.582711592977259,2.086776262659834,1.3853022791025906,1.716730832207648,3.672301593485273,1.617999328067165,6.035374257249233,2.9361633817855957,1.9133782802421972,3.045739552780423,3.5458014556797717,3.285016189943385,7.972479330729388,5.282413724177915,2.7117152431030203,1.7625388430761044,4.355508861995116,5.7735067879093025
P56480,4.1626415810374,4.530827852085608,8.873063803130599,5.004769904069103,3.4365406314634703,4.2621630761828975,7.917260432141952,3.4755114518991106,13.319051344774953,7.311324715686373,4.78100380050765,6.656116167843496,7.769993425395541,8.09537225458673,17.52861262586614,11.445188113220837,6.722273400371266,4.35509358917211,10.733593662050357,12.613910487406097
P56501,3.1719029013404816,3.3050587123167956,5.37002734470276,3.3362938523336636,2.0653371851890054,2.746303770317015,3.951012844785038,1.739467645217684,7.979451569737267,4.703014510019038,3.067638688071982,4.564747624253768,5.720382769286497,5.2434959952066515,11.86083862617162,6.38823303981879,4.055709319994451,2.648602552396998,5.9621466690214575,6.977513124687296
P56528,1.7031078419639205,1.8083156839710735,4.058948680965691,2.364163996732687,1.5694455756706835,1.716653425834447,3.24123691978387,1.617999328067165,5.326925735623903,2.9360309919232797,2.167788071750351,2.6885759408719543,3.5458014556797717,3.285360577527042,7.972479330729388,4.662562050848576,3.072183104019495,1.7625194682222614,4.355460983704124,5.096029022946691
P56695,2.044678531618001,2.173737909361661,3.5827645518045186,2.3144918195841377,1.3854290644339475,1.716796883665126,3.2412281885421264,1.4276448680282752,5.69844252854019,3.1683158380345504,1.9132392710196187,3.2817556971002584,4.198848822780697,3.6413862870888325,8.471934322093574,4.660609331339297,3.291718288269293,1.895016103688239,4.353068272286149,6.18034913987492
P56812,2.2269329545642105,2.3644802226574555,4.160915215376019,2.100469096758888,1.8106966934092943,2.245003368859773,4.225255966591486,1.6459932229793233,5.3807119523511115,3.3894110273893117,3.014489653452016,3.1153703315848142,3.1685801056448217,4.28430863781117,11.086395745059482,5.422320668622076,3.1272570342253156,1.7753901093031976,5.684295930419377,5.8546523284661784
P57759,1.753534694492305,1.8618576066101131,3.689038292727834,2.3564205819929516,1.3844751039618128,1.7153048441796783,3.2386897309197495,1.4269515563553825,5.322736443259615,2.933709453285714,1.9677614789151145,3.0389767374829715,3.131225830309043,3.378384913706063,7.236841056049004,4.658679226860012,2.70941686505223,1.76105623067871,4.3518219014696236,5.092916695329465
P57776,3.058813888357182,3.5769791748060955,6.4355330925824665,3.5155074037457354,2.3365522495287343,3.413711630774589,6.44891262696402,2.837203744095165,10.99607497342925,5.438414219526462,3.5336540742882123,4.82568897679316,5.453542657730137,6.065845013013683,12.995041683096293,8.853091850816492,5.265344263697207,3.6277776198983074,8.263041636064287,9.195529544714606
P57780,2.770992291935069,2.9521134474741046,4.605731556033238,2.6940953593681796,1.496135787230612,3.235548169485471,3.6005329570930744,1.5863783943004843,5.628712039979825,3.261494488397764,3.1131782867054256,4.379512433859687,4.630455044010079,5.336295560306267,10.320032278970366,5.183747309872249,2.836678616601969,1.9595354340285507,4.842318217174336,5.6656675987664515
P57787,2.4606890689580037,2.2167977744147502,3.665398333948757,2.132769331301661,1.4157673652479341,1.7527864760998337,3.6556521058784752,1.6106636397870273,6.008011066525269,2.9891873887141354,1.9590076334016129,3.893696975229454,3.22607962362704,4.029447988589099,10.192079170657276,5.258662665802962,2.7551140437439474,1.9878545795662814,4.912299250408444,5.7475476518196436
P58059,1.9185841125332783,1.8090284701308814,3.5844057766375963,2.087789309782489,1.3859814602760177,1.9413780604445747,3.6655425900616234,1.4291718123512163,6.02426593342852,3.320382592505237,1.9143088506129695,3.027078934463864,3.5240770611791574,3.6990012612865915,7.0397524187341824,5.27403282945344,3.0673088846732806,1.9936647355209458,4.926657053556742,5.764346741932775
P58252,3.7048499155152004,3.9966472633945433,7.4743398993037795,4.35603652316111,2.7237682372595913,3.4289149252934905,5.866593966549063,2.4507466911648828,10.636195906071404,5.658760301982558,4.232090979060069,4.958358939940594,6.517068554669233,7.139417591492854,15.286688919115765,8.238562280067766,5.122069546425873,3.18955870797163,7.695640022525338,10.010226215906929
P58281,2.279629908643062,2.6990359832805177,4.790074830623768,2.569159821731839,1.7130488024729564,2.1050269532254116,3.4954196883294797,1.5400659676381012,6.521934999670375,3.6051346049860755,2.3543027654881254,3.311449489535489,3.861294233892696,4.383570225616139,9.382578690492629,4.671886867609174,3.332448775032069,1.8995895073842894,4.368964061510336,6.247136902563088
P58771,3.429084369086169,3.8244707622825427,7.338846327192546,3.7751465098390393,3.0562521406676306,3.6934472354033576,6.641935631089197,2.8463764436949552,11.463186539870001,6.201062755203861,4.054664203305981,6.0322871238510745,7.072977432134045,6.894381729119247,15.186201343182322,8.911493786755017,4.88115145332297,3.1715266871279204,7.840420936473592,10.082705756939763
P58774,2.946012910438637,3.4672463177028643,6.626295715157458,3.927886042483952,2.860054891984068,3.459174274774588,6.330288370511316,2.6430192878883636,10.705700828206446,5.810867017578386,3.6137735372499193,5.700169774851597,6.8187550738563365,6.316299135988469,14.19915431809403,8.054094152683804,4.110095962143712,2.786689337359209,7.135141377052404,9.712370384310056
P59017,2.217095322888183,2.3539757281989995,4.260753967538141,2.477824804258671,1.480645423190666,2.4113110546308274,3.2420689006771015,1.6992150122711454,6.959438941388233,3.5002879200199106,2.2709325028018394,2.8774533027805136,3.350695169995411,3.5306284555765752,8.353064512537559,5.00142393646351,3.234510555532868,2.098495903010751,5.18641012775705,5.459126339251831
P59325,2.3531915574334747,2.5000914243253227,4.957099346435847,2.527507114949435,1.9182977601287383,1.886506310059161,3.561938484232334,1.5693738456363528,5.853994092363862,3.2265342027906145,2.942410403249234,3.2686534723572698,4.3378839258907265,5.051727571041553,9.7503174682888325,5.117592331820873,2.7710539101515117,1.801483282274569,4.4448794680621075,5.593362354463939
P59648,1.7031449518929194,1.808355086330094,3.583029731509345,2.0869615647473077,1.3854252915254808,1.7169223154374225,3.2417446139377364,1.617999328067165,5.327760123581644,2.9364908798633036,1.9136454725492538,2.6886695160363763,3.1301062085563394,3.2854749236206575,7.037818491142515,5.282413724177915,3.072183104019495,1.7627206466156682,4.355958126946537,5.096610696482829
P59999,1.9293666181963447,1.8081282406742931,4.058948680965691,2.08659280082953,1.3852488161120495,1.9978034564090923,3.672301593485273,1.617999328067165,6.035374257249233,3.3265051451039755,1.9135320262061528,2.6882983541029737,3.129587197773339,3.7218039870112065,7.972479330729388,5.282413724177915,3.072183104019495,1.996832841371745,4.934485938101954,5.7735067879093025
P60060,1.7030264158763493,1.9988557679435957,3.5821416083435613,2.0868270300605207,1.5313725473245623,1.7167170191932968,3.2415801199964434,1.4281803896624874,5.955077154944948,2.936056300924313,2.113716189135565,2.6884201215512578,3.45735731181471,3.285128585843964,7.037269013419376,5.211742391059291,2.7114376513855833,1.762384865272994,4.8684693938270085,5.0962964162113815
P60202,1.7031335748344412,1.8083430064648165,3.5830057967651294,2.0869476237825424,1.5694455756706835,1.9449578254138102,3.672301593485273,1.617999328067165,5.327609260707587,2.9364077290750727,1.9136054626096601,2.688613302120859,3.1300407652116227,3.7218039870112065,7.037671346492819,5.282413724177915,3.072183104019495,1.996832841371745,4.934485938101954,5.7735067879093025
P60229,1.9293666181963447,2.048551377575414,3.5815278988267027,2.0854283806427882,1.5694455756706835,1.7164883158831628,3.672301593485273,1.617999328067165,5.327601783171058,3.3265051451039755,2.167788071750351,2.687610730957258,3.1280489060242442,3.7218039870112065,7.972479330729388,5.282413724177915,2.7119899118242317,1.996832841371745,4.355916702291323,5.7735067879093025
P60335,3.1005885668331286,3.416782498671912,6.5350446545624985,3.4976067923423844,2.430215917686493,2.97413611429899,4.3557446005689044,1.915381313647921,8.363996986248766,4.611554667081047,3.3341058281016593,4.263639385196635,5.453381524364829,5.467191437848732,12.279788862641322,5.609086895828322,3.970442996851879,2.5834844803898442,5.84653366759187,6.838526817037247
P60603,2.281088801477155,2.4220008590209425,4.798892182853697,2.795149437613829,1.6329463214930124,2.3025095620500258,3.82411300512201,1.684693146525599,7.144888570995254,3.938033927898109,2.563898562587378,3.1638799851568784,3.681804685136891,4.401873050636902,9.429255821954104,5.4933323137940535,3.633312945180497,2.3615514981594914,5.133215229168108,6.828029528628383
P60670,1.763020718200387,1.8070058055791858,3.7089947297545733,2.0855512124190834,1.3844539549341865,1.7157709304478488,3.642279647240657,1.6047717955199388,5.324291688886955,3.04072507404736,1.9121975002565437,2.686657619994085,3.1276741110498922,3.400078372842947,7.2833106324115455,5.246111168988687,3.0510700101747985,1.9831099226053166,4.90057446174816,5.092578402963245
P60766,1.9993168547804885,2.443565116872016,4.20392655030987,2.4366967254113416,1.4791816781211622,2.326002021681636,4.102636075837469,1.4280090602849633,6.752597423271133,4.277442780886629,2.5854457645603532,3.6431563814701304,4.242577173529469,3.8652781065642805,8.923016309582238,4.98850681318409,3.435489609334774,2.0641835632676324,5.094323949491285,5.959554280232643
P60843,2.425222651379386,2.575038438290604,4.023578678994491,2.1163878070002,1.6974317377345574,1.9315589809858704,3.6470030512235065,1.6068529057653496,5.993796470995657,3.303588799903274,2.3135449895607767,2.729409041441472,3.8417619986645626,3.349364032580091,8.489837071378068,5.244222504359409,3.049971587395706,1.9823959786102034,4.898810194588943,5.731765023940409
P60867,2.697773706212056,2.8644260712947727,5.675502479984856,3.305737441192519,1.8460012429269606,2.715573306595644,4.750343039801533,1.6850242154435342,8.426661500906063,3.9050607687460652,2.5450891878956665,4.256244101195409,4.591503383421343,5.201004876159228,11.141076751734198,5.488503900779137,3.9563286742212873,2.339204905260644,5.783557892738223,6.765167081615311
P61021,2.2567048110748336,2.681054685209589,4.7839508023187705,2.109796530958168,1.4047540826515188,1.7339835120290188,3.2668459434513872,1.4425218211685198,5.37886630344405,3.419653469612399,2.554107425780039,3.562215326550055,4.635501264754452,4.347454162016086,7.107272864500024,4.704247252139151,2.7361658379868192,2.0680616129038287,4.402603524995312,5.147899447125395
P61027,2.5459052280958714,2.698051936105753,5.100634850628104,2.9769479123284013,1.388833725388133,2.671290399941354,4.323668439040595,1.7851522427702362,7.556243092030467,4.577643643704285,2.5931725512140065,4.054724197616051,4.48518103671473,4.176192026015285,10.612822455744707,6.236301767537618,4.218618171150558,2.365747894621704,5.4616521226955115,7.578644074652311
P61028,1.7028416188461246,1.8080330151773045,4.058948680965691,2.364163996732687,1.5694455756706835,1.716633689254767,3.672301593485273,1.617999328067165,6.035374257249233,3.3265051451039755,2.167788071750351,2.688155800681999,3.129508149326458,3.7218039870112065,7.972479330729388,5.282413724177915,3.072183104019495,1.996832841371745,4.934485938101954,5.7735067879093025
P61082,1.8121180700907,2.175888633283468,3.582871193901793,2.2173099866407124,1.6670017779591442,1.8170690145104411,3.241716789915125,1.4282804337836825,5.327727213726479,2.93646210841283,1.9135726161390538,2.8557846342281827,3.3202326971892613,3.5565518300863412,7.463609179715135,5.0546463133902435,2.711981645711902,1.7627112651956656,4.355947894442461,5.096587413600628
P61087,1.7026352583783926,2.361153461399739,3.586499827296793,2.3730781934184138,1.384910898019853,1.715694267538671,3.6310017269351103,1.599802795286205,5.9674985272582965,3.2890942149083333,2.138601161451953,2.9945129360537925,3.486468681302004,3.283335550204558,7.975790443758645,5.222445324639823,3.0373062629661796,1.9741638729995654,4.878467375433002,5.707963273169341
P61089,2.979286956572775,3.351349780443309,6.64028099060174,3.650870345037481,2.5675514624714553,2.785637002734024,4.231554876708515,1.485367279292474,6.966316134389227,4.354235090386466,3.53746755721475,4.970137531473278,5.4601232174896195,6.073361612205078,13.009752821570208,5.064297728451361,4.403162618893216,2.6086516365183314,5.672430845467576,7.538652691557096
P61161,2.6247174508704134,2.786856836340075,4.68549108611126,2.3521620893235298,1.4586149954103442,2.6434303390053175,3.6552208052434696,1.6104736106949527,6.0073022302046715,3.311032742164743,2.9519985761904852,2.8484500542341236,3.311650296142655,3.46846979688438,9.270360804633857,5.25705686866788,3.057435886717595,1.870422084991601,4.910799219589912,5.745792567658596
P61222,2.3062377518554835,1.929167833872074,4.058948680965691,2.8259658944133363,1.5694455756706835,1.8317432929149913,3.672301593485273,1.617999328067165,6.035374257249233,3.3265051451039755,2.596771393173287,3.6484605874459475,4.247479680311577,3.7218039870112065,7.539551744706484,5.282413724177915,2.8975850194417956,1.996832841371745,4.934485938101954,5.7735067879093025
P61255,3.118979269789817,3.3874554153315994,6.711700977014521,3.54640144716607,2.3546080507883818,3.291838446445912,6.101850435133223,2.7937778473748645,10.606294323711651,5.278137585059339,3.5070593383009525,4.809092735148013,5.734063852272805,5.732076404815091,12.583409929291962,8.594160866174528,5.202065146624808,3.1750003157791675,8.810447939900554,9.582880940429224
P61358,2.509705922449905,2.6651559321381053,5.277174771788592,2.824912132097324,1.3882168927287561,2.70734233408612,4.408024154900374,1.7782214694632792,7.83730611667361,4.3181441847307465,2.3800053556820258,3.6458838077964693,4.243692791532842,4.448659359468022,10.353306756901803,6.320404206374543,3.9745753415480753,1.7666757664673767,5.9273505038499446,7.46855756979169
P61364,1.702422288340422,1.80733218773391,4.043898428977061,2.0859819433238282,1.5636261989667966,1.7164358522655563,3.639894764076127,1.6037210268781221,5.982114104455137,2.935189428939417,1.9124752586093396,2.68680794132284,3.128300149123966,3.283691047208248,7.033594872851663,4.6629949737115055,3.039865382719914,1.9758272290549301,4.352742669923301,5.093630369118437
P61514,2.5522473444898384,2.938965431849734,4.319053175099509,2.828119371936208,1.4238153285601582,2.785507980102036,3.908663881052666,1.5275324487785487,8.64789055407557,4.015982251569468,2.30754474818523,4.03690743035099,5.395673677235799,3.401737387858769,11.434317812866478,4.991816388720497,3.2817169414336744,2.40346794744024,5.238357101965375,6.124565698852138
P61804,1.7030456590632703,1.8082496597817943,3.5828208419721608,2.0868398955265506,1.5694455756706835,1.9449578254138102,3.672301593485273,1.617999328067165,6.035374257249233,3.3265051451039755,1.913552256097919,2.688538547037838,3.1299537365351378,3.2853148833636077,7.03747566877845,5.282413724177915,3.072183104019495,1.996832841371745,4.934485938101954,5.7735067879093025
P61971,1.7031424482169322,2.0270578017045766,3.583087838683424,2.0869965699209745,1.552978818758903,1.9310740462940905,3.6460874393690537,1.606449491359544,5.992291676229944,3.3027594051852147,2.1439118825824703,2.958261434672099,3.1300765550912426,3.6808117437206063,7.743498002410277,5.243337422198137,3.049456835124584,1.9820614040730273,4.897983408633335,5.730797657858769
P61979,2.467552275428469,2.9027266389248174,5.169996409566414,3.0108130648382194,1.9985501712872002,2.9643374835925145,4.691828742729421,2.2905922837033037,8.16846665677705,3.9843752204961715,2.76118967752799,3.6459921783865923,4.5157873923861445,4.0978904684256205,10.118740211090111,5.821369382027632,3.6702134872859675,2.8228185661578298,7.515354224421689,6.365580349433382
P61982,3.05241659469164,2.950642373105368,5.384645683664634,3.5337676190055802,2.181111321669255,2.689514901973484,4.86635832715192,1.895562531391401,8.96854074292757,4.95062295225748,2.872312026708455,4.231686677978676,4.911581246957507,5.161944823955715,12.262042035624606,6.620074896735588,4.571412827176837,2.63315197469855,7.09220026827464,7.976252728047933
P62071,1.8779114947990911,1.8077643586976868,3.5816489645197573,2.0862452192823104,1.5580381549413385,1.8955940124416637,3.241114567206823,1.605226230355749,5.882194027755891,3.2420771047176196,2.1142960698567044,2.6872143526269903,3.1281682109378277,3.283831970485543,7.775751668549702,5.242712272905998,2.7109144367719793,1.761290647610642,4.355719702384743,5.622469232615702
P62073,2.837859488424745,3.0140930706621054,5.9725913475223935,3.476502517780139,2.3093105065463786,2.8567851117685894,5.410327418579247,2.491696931551324,8.862775277911759,5.122772623612113,3.1866981306429465,3.9283347064394594,4.928034385040811,5.470338214601615,11.71592929754703,8.131617239349705,3.9722580322259184,2.592006249865262,7.596025797438485,8.501586675182143
P62075,2.246949438987424,2.7367522863825626,4.745554516937382,2.533506018748678,1.5257224580794955,2.4543913137845657,4.303125755266391,1.8948168531549845,7.615371083638718,4.195098429847435,2.89960495386501,4.07442961746376,4.7429180892641005,4.981986539294887,10.674153873861117,5.7056523019351175,3.874337919089479,2.3370159894638056,5.7850394163581305,6.74911380419174
P62077,2.1511157447997324,2.284201156958573,4.527274486222634,2.447091229352031,1.386471733981681,2.478127332141545,4.412672932377752,2.0696142078740096,7.693095726530073,3.986705872237711,2.419693427877192,3.15727202552736,3.9634044472208645,4.157987556997719,9.521184717423163,5.459842107512265,3.678334341886045,2.2408611013214665,5.924766637474686,6.471945094500419
P62082,2.0423654577650048,2.27663728240213,3.820882858632355,2.1149718021572643,1.4129774021223542,2.275312858488795,3.9195641214802563,1.6393778074042251,7.057211676832815,3.889506259672307,2.166058864127733,2.8743292080758405,4.129520960372269,3.3522939814469384,7.5229076223553495,5.352898401113361,3.5938746230942105,2.330619218733071,5.532176646209143,6.453524034031899
P62137,1.7031528501287339,1.8083634724717974,3.5830463476016616,2.0869712429103764,1.5694455756706835,1.7169340519299165,3.672301593485273,1.617999328067165,6.035374257249233,3.3265051451039755,1.9136266300860614,2.6886430423989554,3.1300753883694923,3.285442573615808,7.037749194170962,5.282413724177915,2.7119894065905488,1.996832841371745,4.3559492185194975,5.7735067879093025
P62141,1.9293666181963447,1.8076760818951194,4.058948680965691,2.364163996732687,1.5694455756706835,1.7157810552451749,3.2395897848880724,1.4273484793462876,5.324218693379347,2.934538956869494,2.167788071750351,2.6870240702535573,3.128190606794975,3.2834642373591496,7.033511398475519,4.659833760061823,2.7100986959194486,1.7614881327517233,4.352912392619585,5.093047089648924
P62192,2.2127191783467013,2.3494077684557406,4.655058041117116,2.7113722021466224,1.4483226514262157,1.9449578254138102,3.672301593485273,1.617999328067165,5.548301762787461,3.3265051451039755,2.48706030127331,3.494316639366797,4.068027752130677,4.269951968940572,9.146667566156127,5.282413724177915,3.072183104019495,1.996832841371745,4.934485938101954,5.7735067879093025
P62242,3.377137035218707,3.652201036680205,6.532551336628863,3.610853244548023,2.0589593948568106,3.5247537695989535,6.200108413415739,2.4882732381945742,10.942279869217021,5.72007658589973,3.3026197431519395,4.650193687823118,5.9561632385859715,6.123543581842327,12.80425770299438,8.90494999285515,5.570388996157902,3.071131323485149,8.317672458206236,9.927197356320491
P62245,2.451174596030589,2.717408908701944,5.138630279729746,2.846218569580771,1.4584822212115156,2.3470368046031753,4.439825114194633,1.7341202949822856,7.655253567931569,3.795394822593528,2.737837367162838,3.2659598681799182,4.488768531582235,4.4780041864442115,9.590097398707174,5.293712747306602,3.7022751905711013,2.000283729040534,5.61238442285243,6.576132035512242
P62259,3.148119268894369,3.1501498325830837,6.245117719586112,3.519403168692876,2.4147665429745966,2.9891675067476244,5.009493537011543,1.8058730924189583,8.223002444973636,4.931414801575711,3.737093824256786,4.856560111882755,5.804513253684232,5.894486820495852,12.627140458683348,6.384489450192812,3.9566302753855824,2.5741408862292126,6.371491602032568,7.86169698564481
P62267,2.6865606019258483,3.165463041385432,5.6516846743286475,3.1340742077880774,1.8385496385300297,2.9266037221495376,4.331636064263234,1.7741000055955707,8.807140054558245,4.221435752770208,2.5369099688453667,3.832376457255266,4.942803011095355,4.357719443074185,9.301590002288945,4.730497723467395,4.313276625836094,2.52601313275581,6.2315239080755696,8.091072323593902
P62274,1.8836869019522715,1.9983749236500117,4.301343315267482,2.294772965271976,1.5324161115044308,2.0597387591183125,3.5570359899341897,1.567668620342954,6.391549534394791,3.522817559460122,1.952372086718376,2.97198470088236,3.4591272350095257,3.941792417260743,7.777352120866998,5.12435526779758,2.989284839897077,2.1157577640180008,4.7769655547818815,6.117358228011848
P62281,3.6431404660784494,3.9384411532204076,7.131200403556973,4.150033544130078,2.102764935781452,3.621706167143598,6.288408792047212,2.317350041103264,11.406973332685933,5.977520747174519,3.9643979234002242,5.573518621450619,6.594657407924613,6.686814720695022,14.825859411136488,8.257862593590215,5.628961278988097,3.58902582078847,8.45666405344721,10.368297660827022
P62301,3.057501626061295,3.2431570321502385,4.911640037843171,3.3851468526451773,1.7695979498232077,3.33536318913282,4.508509310130962,1.8330963721430684,9.583666041969403,5.132284055999505,2.9680302448795546,4.6780508834456676,5.449687740551107,5.105051423510944,12.634432450453923,5.978585618601271,4.866042138423625,2.7444687402378896,6.025518906262436,8.88261617007147
P62334,2.125158655770361,2.2564382791667272,3.624987134828705,2.604079252710396,1.4029193574633905,1.9449578254138102,3.672301593485273,1.617999328067165,6.035374257249233,3.3265051451039755,1.9365734192104662,2.72132106577866,3.904096778658063,3.323598733722386,7.129624697046693,5.282413724177915,3.072183104019495,1.996832841371745,4.934485938101954,5.7735067879093025
P62631,2.7220296627857197,2.9044606977676066,5.74907888953789,2.815021516567651,1.8977881393956237,2.8373562905033554,4.839264135037664,1.7130263498396834,9.03004115572362,5.093349603668656,3.2432614296732196,4.6661641575773745,5.559680593117032,5.700628500717639,11.931305683027963,6.360265481158087,4.472815649174821,2.521362146233741,6.769955806471713,7.917809939773723
P62702,1.9360435875645645,2.057713636874212,4.071230437738555,2.0918053946885022,1.5360716517451167,1.9620612084172246,3.6960567873840704,1.5813139172052422,7.184226370286853,3.9597156639699644,1.9173466946641886,2.9836698675616584,3.1354875067715646,3.2908133244244273,7.052118283625028,5.166852889461988,3.6495693718172646,2.0069897322032113,4.366210399482546,5.801990529737065
P62717,3.294844778128841,3.7136121774105386,6.234734460707652,3.8492684352120405,1.9963743795003694,3.7378978444902735,5.866676972549529,2.4235537349407887,11.164635171789412,6.24457837273191,3.214235182911702,4.832070944378803,6.434096881431594,6.057300546296276,12.614305568447582,8.679050490138033,5.8392368857589565,2.735297999184743,8.505053252822446,10.685914501371103
P62746,1.7031496485681261,1.8083600731378753,3.5830396122460875,2.08696731985384,1.3854291120415267,1.7168890573621791,3.672301593485273,1.617999328067165,5.327656920865088,3.3265051451039755,1.9135663785932318,2.6885583891262406,3.129976836378287,3.285339129810964,7.037527607112942,5.282413724177915,2.7119698316840806,1.996832841371745,4.355917777652389,5.7735067879093025
P62751,2.715446781980365,2.985698364662972,5.700325737198327,2.8238520663141635,1.5935387346102128,3.1187085986352776,5.89790162824787,2.599641276195442,9.691437651417441,5.473325401131619,3.042393620635716,4.08715202213624,4.764761999498215,4.9986408797148965,10.695322421547447,8.257774292154881,4.9235861394676546,2.83647004762301,8.103446784980639,9.02179630431491
P62754,3.222229647901349,3.6249308237667917,6.156253645284104,3.363088968359267,2.042132139723189,3.5575514357623876,5.8974736674783355,2.595176153472253,10.70191921293457,5.577504773799505,3.1867633091411527,4.607298480236509,6.166993786862261,6.081401593277312,12.449032205044782,8.853031947374228,5.450528147864499,3.282967781501162,7.930557681756854,9.480748094294196
P62814,1.726493426808543,1.8326815491214274,3.6331508513772923,2.115697088406524,1.4045247228486542,1.7414185370004478,3.2858463007833887,1.4496547595076028,5.410309352668059,2.9847043900495684,1.938747173025032,2.724421317002161,3.1711462437834976,3.3288776517585137,7.130792131583408,4.733457962998544,2.752493575202771,1.785676893857033,4.424103883336152,5.173645331349224
P62830,2.329067481823895,2.473887439983315,3.8136899765919976,2.449308378055123,1.3849717845388363,2.5199665806641565,3.8313626771420486,1.5267431798908133,7.8196767206676885,4.309955561265646,2.0364002554874934,3.4225965736802135,4.287742045022951,4.1825322864798995,8.258748060021302,4.976069803916891,3.7272152376986325,1.8779531001858243,4.6406146949707345,7.008627820437527
P62843,1.7063736381863701,1.9715543287215662,3.588655907838243,2.2753043016586085,1.5104562435083653,2.247278039187003,3.7049784663276606,1.6309718716125012,6.973500324463368,3.8435702112174233,2.0905365013817145,2.9372011922034242,3.419442825776671,3.291930145246266,7.688371047241579,4.681209882309232,3.083939069730532,2.005194104660763,4.9557565411083235,6.6542716887233535
P62849,2.0826356201930283,1.9519367112267076,4.381391812105248,2.0853071268143175,1.384327321801698,1.8439008796547012,3.5590413281099207,1.56809737186642,5.3276475407999655,2.9351247333346002,2.064834765543413,3.2868990109542646,3.826555454183399,4.0164937388376565,7.593948965886172,5.122047312099,2.7119478197281066,1.761924859290174,4.784682108514483,5.094571396664644
P62852,2.4730147342201834,2.7634626032956695,4.8950377358903285,3.1898250438997953,1.4782912255925234,2.617177685249173,4.132571480195264,1.8234813392401494,7.701185449193795,3.74361085034679,2.7785208772343704,3.900129689279792,4.767932899341009,4.4864014670693235,9.647895391489085,5.9470901305338515,3.693456664231805,2.5453471082359003,5.546639540673983,6.487190853864908
P62855,1.7201425901417933,1.826648787405239,3.6220052784206898,2.2986827763326105,1.5259759975075589,1.715591025207078,3.3394973160614114,1.4713672817763719,5.3239754761521985,2.959321917103404,1.9132070183758962,2.688067051777136,3.1296352783548627,3.616581418313439,7.105440061450683,4.80496109383452,2.7098907414167908,1.8163484752749968,4.488480870426963,5.251666556127432
P62858,2.503586730170357,2.7948255505255952,4.982946635833161,2.7076941461730932,1.9243892290225695,2.540550741572216,4.786500723520314,2.1092844813151963,7.899473238921922,4.097559795805296,2.805521830947397,3.48284387830931,4.589458848508811,4.821568127472948,10.323658269720571,6.502669835467171,4.021229952861843,2.8652478229320675,6.429949957419079,7.5159717475294725
P62874,3.039213600468902,3.22695808524293,6.047329466410054,3.266520781155186,2.3332212301994533,2.6877306647103776,5.432906898986215,2.2321866913909734,8.326014688113316,4.5904269430433065,2.9915821815481833,4.198545834039726,4.889371933283679,5.527538094518174,10.009010861607285,7.288374319384214,4.2372673902491504,2.9539251130004827,7.297830633076345,7.965359783944943
P62878,2.2079502085218414,2.344344200126013,3.6267789843342095,2.115858796256668,1.5694455756706835,1.7368227292834433,3.672301593485273,1.617999328067165,6.035374257249233,3.3265051451039755,1.93648156644353,2.720528660997738,3.1683756010731057,3.321961164839027,7.120266243080439,5.282413724177915,3.072183104019495,1.996832841371745,4.934485938101954,5.7735067879093025
P62880,2.5787939399863498,2.738096444925925,5.0164481737993665,2.3599816807136795,1.9393596809201565,2.407651207775675,3.6829866256132515,1.440487174598331,6.77434248020218,3.7359915888471007,2.6825819366506654,3.768825742375636,4.389368257875361,4.6050277921563065,10.674091502231757,4.703273874567737,3.4455969852099555,2.2490435466066736,4.942953182762662,5.138934624829546
P62889,3.2264040968437104,3.558305315303106,6.370272650305585,3.135446245243549,1.4254922811808142,3.198308278762422,5.9013540213327,2.6002275569136817,10.12662659778705,5.09410647335162,3.398728987769752,4.631970854756297,5.8057320981274785,5.823849937169214,12.493071717902655,7.87560072386372,4.944922983119874,3.056344846074067,8.11606954001227,9.278855573015166
P62892,1.7758279978329468,1.8893519820291131,3.7407938001382393,2.1708415611456147,1.4427691140816323,2.2250665061909745,4.201178642296439,1.8510201428947592,6.904575994739276,3.8055813264064042,2.167788071750351,2.8014057961533583,3.26637481363698,3.425193634834104,7.330876532631842,6.05454934076211,2.8536253474624855,2.288711864427269,5.655764607529791,6.617425961284758
P62897,2.560773574505683,2.718995997299364,5.387785428795873,3.137025110449375,2.083002793635406,2.5843090457418296,4.877794116806903,1.5429288736900761,8.017932903688402,4.4201504660252775,3.2490293883914187,4.56488226193605,5.314363191233288,4.964002708285139,10.639184226071006,5.010927787739518,4.071932570502201,2.6458345787875563,6.53814718274211,7.648969641981136
P62900,2.77818366461928,2.951688188842994,5.847086475638567,2.994855566959347,1.835643627716419,2.943893440800075,5.967124415152358,2.786126101041546,9.798934341374888,5.40079828062211,2.9602413763472444,3.5706443815841937,4.520550223953311,5.071724070935033,11.458433878871856,8.844132850814704,4.826855899933988,2.575710192444899,8.26869823560309,9.675012451953998
P62908,3.800988199504929,4.0700722880727485,7.481738841010424,3.9612437143618067,2.322637162385016,3.829934134728336,5.647825749033407,2.298242860153289,11.532611192342225,6.1325736586575355,3.8090109621288097,5.827344110858621,7.076856898577902,7.040770608016502,15.411575548332191,6.629949254444833,5.581703080707569,3.4269874154869484,7.582448507111761,9.657292080915747
P62911,2.4019700620686852,2.6713174568167006,4.1316326409632875,2.206543279714564,1.4414576843973221,2.689190646375316,4.0743449697189975,1.795825584615475,7.568147927461173,4.599383289676064,2.0242153178416333,3.3420330120631263,3.890225255881704,3.7906222625383985,7.439750810210934,5.863447028012918,3.846831671129753,1.886632498464491,5.8312121651580995,6.834740287267132
P62918,3.3455338517062287,3.8811292468337246,7.036367553457692,3.9952713180284096,2.422742243970403,3.786619537819623,6.975865765252024,3.076478151192408,11.61921447032236,6.3936799733628495,3.8413362334094554,5.141207100569591,6.139624398457246,6.447200029865334,13.79934796849362,9.903416919962083,5.918761121488432,3.631598530426112,9.377886406722153,10.500893611233863
P62932,1.7030316732058153,1.9586205741525216,4.058948680965691,2.086842104741557,1.5005473761460917,1.7167405275304644,3.672301593485273,1.4281738733663005,6.035374257249233,3.3265051451039755,2.167788071750351,2.6886436655866013,3.1300819247831786,3.7218039870112065,7.63475701682984,5.282413724177915,2.711597376768303,1.996832841371745,4.934485938101954,5.095792061085468
P62962,2.329978501312629,2.4739106728441103,4.260869435552719,2.2873129719110086,1.6524670448178678,1.743223158684328,3.284016393568508,1.4480048100772624,5.398883011275517,2.9761013309976914,2.6223671765141785,2.7296606652952864,3.181488544987047,3.3415166806980094,8.382680162572807,4.731697554336364,2.7522374654079296,2.4114856357913115,5.177739692104285,5.161741234919028
P62983,2.18300577839028,2.31785885191541,4.59254780360048,2.6749626624899445,1.5337579601755043,1.718874011448337,3.621333472198428,1.4286287933295267,5.331133441992365,2.937423270620165,2.4469119225604876,2.984257287363396,3.491954162831537,3.6594374734970563,8.999013778582777,5.170446433109168,2.7120595757175736,1.95450750003353,4.356509577029235,5.095172449767291
P63001,2.7186610904430077,2.5817225024970205,5.715765087601074,3.4762083731056066,2.100119576733195,2.6083384593495946,4.331578031819315,1.7498213520441994,8.505228180483225,4.187034918735446,3.0523314557314194,3.841230974398484,4.465502625278207,5.469596879211544,10.661258047464985,5.716878718348066,3.607799102259438,2.341940447944871,6.237053357842063,6.811176609765921
P63005,1.7015573953281846,1.806704320875765,3.6132684710567102,2.098198173406656,1.4019480124318826,1.7159175364134571,3.2681552744765647,1.4391872702118815,5.370550737903771,3.2970233176296744,1.9300311993171453,2.7030978592305694,3.127499535386218,3.28235209470624,7.098942752078766,4.694339077947297,3.0445571290397875,1.7741684392164496,4.396019897288969,5.721589715043668
P63011,2.0989096396099938,2.2273616705715544,4.420972915966731,2.2997622015205335,1.7131487941116093,2.1487646079513776,3.550224603765749,1.5657462207184885,7.374799372356783,3.2298540310944075,2.356695660391068,2.687434166543666,3.849178107696272,4.043077693458029,8.657065956212833,4.658607992239773,3.39006336496073,2.1792639624753676,5.387662240182237,6.2990762812618755
P63017,4.136630758820094,4.4825505210992524,8.793589867707775,4.973767814781649,3.15431984238811,4.179066627743327,7.508141781368814,3.1410492372004186,12.972369304237725,7.041773687040117,4.665016614659052,6.509329263595939,7.736018705158191,8.036248543779225,17.32812646835204,10.74393340542043,6.625400515309805,4.121838577914907,10.189265987757006,12.229355147269743
P63024,2.7699403880958506,2.9410507802504515,5.827324769994072,3.1544484305881717,1.9061629539042173,2.7894364658433632,5.266773317443563,1.9581517105730974,8.655865344844395,4.4380226843043,3.1095522335402865,4.368917032320055,5.0862235934792075,4.966879142177744,11.43600762121839,7.048862327112623,4.407545430537382,2.864780896041007,7.079321190223634,8.283032814005312
P63028,3.0362583843150577,3.1208357518900476,6.391652044275047,3.5963052948236185,2.313934762271452,3.1430730711706034,5.960027370290198,2.453075643507344,9.155038736973765,5.529665831967068,3.5304086507664665,4.648944464968828,5.591732875843503,5.869788981227364,12.57158055332311,7.756162406420914,4.972975209776477,2.2869253836686068,7.974611861980421,9.045043547819516
P63030,1.7765456960834642,1.8862900905996136,3.6056751106731992,2.099149784281895,1.398829693799668,1.793456748645239,3.2411334769420685,1.4462315085186317,5.565253164273845,3.0673894435837026,1.998408830727699,2.8077619291716376,3.26875169827654,3.307493057869126,7.349552894466925,4.727655341779012,2.8292935389916813,1.769737646368015,4.355043736421797,5.3170481378484755
P63038,4.234772587415605,4.626722254308165,8.902356343867242,5.085295566361503,3.3501694641757878,4.252764016597289,7.808607552514222,3.4111811939270433,13.263056543373215,7.27557557728674,4.741202200864347,6.661456474416087,7.87851103036432,8.200086579324696,17.398466273198217,11.417078334543646,6.734472961995542,4.293604996889802,10.660757465103995,12.347951345613176
P63044,1.9016293983782069,2.3419520425941784,4.64028545157765,2.3589689288803437,1.5507690667244123,1.9153456809031784,3.6639689136246956,1.4284504541541205,5.328208293798489,3.275588358510209,2.476173525445584,2.9956167594985446,3.481865586125404,4.251260821863353,7.835523772016758,5.276370765159101,3.068668597665911,1.7625421501798708,4.355578090099219,5.766902029793806
P63073,1.9520198662163184,2.072604008112402,4.106605964088076,2.086789826558012,1.5694455756706835,1.7175755130643462,3.672301593485273,1.617999328067165,6.035374257249233,3.3265051451039755,1.9146921644023875,2.690052750762153,3.581132465846004,3.7218039870112065,8.05191856380683,5.282413724177915,3.072183104019495,1.996832841371745,4.934485938101954,5.7735067879093025
P63101,2.9380230499780366,3.1223879598839805,5.662638090705196,3.449940174222833,2.1936047158066345,2.6977683514485453,4.467544047337389,2.113600194896502,7.883608243009104,3.695790452598422,3.437058337520631,4.468776482722266,5.202341688317156,5.666550708133941,12.136654364250859,5.92600054698972,3.423523804273655,2.225765644170731,6.015409824599642,6.41422851446436
P63158,2.2539701422826823,2.393206970847024,4.425703194941495,2.7619193831998192,1.8334946993155552,2.1155821829275525,4.279140156822187,1.885369630513515,7.0327046099542105,3.6061404251340043,2.5365304569661338,3.563822146772869,4.148944956332602,4.065189681032234,9.328604075028302,6.179186125172813,3.3428570921525163,2.1771722419497475,5.772192152239113,6.753649922222307
P63213,1.7031231186169262,1.8083319043245636,3.582983799260928,2.0869348111772252,1.5694455756706835,1.7169261251703154,3.672301593485273,1.617999328067165,6.035374257249233,3.3265051451039755,1.913611591702456,3.045739552780423,3.5458014556797717,3.2854167547099884,7.037693887471924,5.282413724177915,3.072183104019495,1.7627104840356929,4.3559330136236065,5.7735067879093025
P63254,2.200610127889244,2.0572380862290776,4.62958335221222,2.366547515457979,1.5715142474025225,1.94394593426132,3.247241505387382,1.6160828223783872,5.334940563041371,3.2466160740543777,2.4736009250920565,3.0535188046332826,3.5581800084079562,4.246844008994273,9.097167986465704,4.671747537659153,2.997773459680879,1.9946208171501811,4.364096967670497,5.633669879714332
P63276,2.1794714422878214,2.571903060937171,4.584947783820572,2.5176970152994014,1.542298253158006,2.1924764186805508,3.6245182354239915,1.7158589450640862,6.786298515102288,3.516486055997645,2.581525203612751,3.6302771573465717,4.655725225139091,3.9593867275365824,10.006535645674417,5.230081718363456,3.267991818253722,2.2652032775345585,5.238919824374433,6.124498646563033
P63321,2.739034903723556,2.6262438268868222,5.762306657912912,3.356297162034977,1.7583232059823217,2.7612235861536063,4.114229026896436,1.5411873320256602,7.736904722577019,4.722582847866209,3.0762015043965194,3.9020894845731235,4.540832635426816,5.281429108828191,10.217011723940091,5.908283200718558,3.935349764212416,2.2366772604947744,6.323199698974183,7.398524463013486
P63323,2.6542556101937422,3.134048419456985,5.03240102886579,2.7460973688820616,1.9496489758569846,2.7893458180428166,4.263713851937355,2.0087303303839654,7.9098037972488875,4.136899987782685,3.105240743541642,4.194653912803841,5.258083968341526,4.882807038278107,10.991085818977343,6.121438134300532,4.022305258167781,2.469493253316099,5.721848144014409,7.561454939868555
P63325,2.108978934414031,1.97212109272031,4.4368121554973,2.0851051737778046,1.384181552398988,2.132324672589166,4.026071512019098,1.5627093424188565,6.616789972967129,3.230610260912577,2.372829048060398,3.3338218702479137,3.881182299291081,4.073832090254357,7.716723063109487,4.660360853915717,2.9827892477248796,1.9393786652870328,4.7603584912816865,6.324586739810912
P63328,2.3598492065338426,2.1360511315526773,4.236794506766454,2.1140197053512573,1.5516820973039782,1.9287728237855601,3.6417424695323724,1.6045351174724172,5.985150781498598,3.29882357253392,2.262626673023818,3.0118077619497474,3.761649769855913,4.550326203510976,8.323505434981376,5.235360141733787,2.7256561222495166,1.9790458705597893,4.890531554172284,5.722078749171406
P67778,2.69198246363123,3.138428325347318,5.834861651704722,3.2146546923113264,1.9985085900997908,3.0393107298741495,5.150632910127976,2.128494941808427,9.257929274634447,4.89127604225561,3.115757561921601,4.560965216057775,5.201584186226245,5.347219848042691,11.705525685445338,7.77415694236714,4.895922688875886,2.9965834776085876,7.26014602868256,8.863020319553758
P67984,3.073524462525398,3.2633884676641527,6.46599663611143,3.5927842945514583,2.2717813851902067,3.0973853046361506,5.848215751122085,2.5766971788193604,9.611457527828799,5.29752780117452,3.449169153519221,4.630852218801525,5.390083936573853,5.921764989267949,12.12017256168874,7.638898503847896,4.892428106487979,3.0380187488679584,7.858131132566278,8.333044427076576
P68040,3.2848064461714355,3.47821279586355,5.934442601437274,3.4529628459686705,1.623047765900279,3.09021525338119,3.7757657398494766,1.4401813574660183,9.063259982778169,4.841279278892646,2.7924189183887353,4.961349389861903,6.152783931038261,6.0633202541952995,13.290460454161398,4.876121065895955,4.469647676830288,2.0751709846531927,5.530794855909745,7.404010890465231
P68134,2.9272541255740183,3.3376602731533196,6.157288144188448,3.4471095355146235,2.5568783499519436,3.052297002834187,3.9574945096650507,1.7279945104530277,8.330634551623453,5.219257551306564,3.4316292904087558,5.337164488469874,6.213441853602639,5.891568130110241,13.074395235374668,5.561341875666904,3.2408113698179504,2.0901222117678455,5.169405510378563,7.904086801125423
P68254,1.9782653720564325,1.8116893286884652,4.161820540885614,2.42408245508623,1.3884425100540279,1.7202327966390807,3.6657441379371494,1.6151101430695287,6.024597174430542,3.3205651619450975,2.220697341695245,2.6955450220645,3.13770958396543,3.8126421710555354,8.167063878239633,5.272522888630537,3.066430722733226,1.9930939548927833,4.92524656544524,5.762696425610434
P68368,1.8949157908862837,2.352727719448209,3.6843087292723298,2.325503978206918,1.8024825496034387,1.7640784347490717,3.593582019476024,1.5304002932030434,5.46254877878805,3.252610893438346,2.1276408661853097,2.761580526467015,3.7780049990143136,3.3725115670952732,7.228429749812162,5.004211615108949,2.7716074912985054,1.7620830091296549,4.674607695534962,5.215088299597338
P68372,2.373265184137764,2.7953676233948936,4.991017539633641,3.2260394175147487,2.141599862680858,2.6432294180778295,4.497620757615721,1.9822100402340317,7.394418767129166,4.5207747664427345,2.655372355975597,3.7327786729999017,4.820283145000829,4.558792353555629,9.77057247430105,6.474964973346697,3.76545139278153,2.4481722457315085,6.049275522179232,7.075302342667299
P68510,2.3890943338324027,2.304567614991108,4.568985152084042,2.4572601734490553,1.618199925578097,1.792863469819041,3.5213188983236186,1.551477041402393,5.327447772371203,2.9363855867313218,2.226234494900541,2.8355872543591416,3.1287651800763054,4.164374523933482,8.181102347123987,4.662647529024204,2.7119652624223063,1.7625906707792176,4.355929556225535,5.096578322128828
P70168,2.1069237192921757,2.6536173217508465,3.7408707151175538,2.580843913424235,1.4413235477955568,1.7880443168690832,3.360209276272505,1.4804210903338795,5.514577007561682,3.0471592037877104,1.9836674208226461,3.2957887299034585,3.844861930652089,4.024465217492027,8.63567346877496,4.837050183715834,2.815973202397065,2.169555612615739,4.51107302320163,5.28590637497691
P70170,3.5582497316446786,3.699090640552819,5.998140679838099,3.4897432015526966,1.9943076839164966,1.8358891036065268,3.398607099522449,1.5421498002419223,5.585561337159965,4.864440990975303,3.674397149566087,5.625254370367313,6.707225769376761,5.791220569826611,12.95142422476603,4.889780363268274,3.4343408526422565,1.8484114509581135,4.567713492889921,5.490813485720944
P70236,2.079470104830783,2.8535052265976724,3.6885948904102364,3.293134062956845,2.186140509855005,1.7589446997221658,3.5759797138592617,1.5755603473501316,5.877070649033613,3.2392532623254926,2.3226472798891105,4.234234447564317,4.402465073232495,3.989188857104154,8.554203663168577,5.144675585260719,2.9920763942357302,1.9447657270447463,4.805819963584215,5.622963471630875
P70290,1.8240073246755861,2.191131488560278,4.027872004461865,2.0865328002510206,1.5574293723926773,1.8123999026821807,3.4156202587937754,1.428179184575018,5.3266732521981695,2.9356952162588184,1.9132023920526675,3.024838825337525,3.521469161828796,3.2846100454169966,7.917769919550879,4.662137922118407,3.042384682886796,1.8546719025302354,4.354918614009665,5.717507070166722
P70295,2.1530535298679374,2.145326603593154,4.530527661602405,2.6523727855556483,1.7553086957175623,2.1707280112836305,3.5966108779651687,1.705004209406994,5.909880012023678,3.5068624910945068,2.428021179670137,3.1935255356843313,3.9664579381224874,3.9034455580798437,8.359848811586199,5.1848600356197805,3.015041697415689,1.9599786809965047,4.842980362477003,5.665196653122662
P70296,2.339123592092937,2.6464247364049216,4.922071617941207,2.8667283209189445,1.77228518124711,2.511610682443208,4.461663545073213,1.966013461265234,7.792318022747006,4.297229706329576,2.6308392918513204,3.6963637345649136,4.58120385086904,4.516836180609349,10.306559390076382,6.420240362706686,3.9696896924162615,2.263760565055444,5.9972118204331775,7.017508188664124
P70302,3.49255956649077,3.659065082605169,7.144573532204991,4.422840833663256,2.8343396994973773,3.3513776401355484,5.259790904664738,2.2325314674543293,10.38932034328145,5.645181364559887,4.018996422481905,5.429580028967948,6.339008835775378,7.162176517281,14.627396413381936,7.819415947697981,4.918763082887553,3.043560609391395,8.214537010784857,10.132060549888735
P70349,2.3728906506474443,2.52009431390107,4.990910776216157,2.724333379212629,1.8193647440536083,1.7885552320170155,3.653091626079152,1.6082061635997897,5.550454299624885,3.309716690559102,2.4970353226275055,3.288277169090685,4.100413139072267,4.56861179406932,9.79290034302612,5.26725952583247,3.0659482091262746,1.9910950099449416,4.924372211700671,6.2664143399571115
P70362,2.0127498931563688,2.136908781676624,5.338046646833363,2.4908660907047038,1.6421319650687707,2.0538469366604977,3.530529591143583,2.176854577786526,7.1714563344449145,3.9877852548268735,2.259123099558541,3.1834931871757792,3.702139364083257,3.344020785426055,9.447878754733429,5.084889643929715,2.7630596396411766,1.808451713478127,5.8924847265400055,5.557619377790551
P70402,3.3157120648864638,4.091509998088058,6.792236694761739,3.362653127542782,3.067269297955378,3.4414708132140044,4.823409098800354,1.9355173543244804,10.44096243426608,5.572345237272468,3.402407849786186,6.4821715985893125,7.3229996504690735,6.261493363836302,15.787503918080862,4.6949918941671145,3.0657714197574433,2.0863474713899994,4.385754825532101,7.505223154492581
P70404,3.846734875659777,4.108153582147069,7.859421358410369,4.575063726891247,2.931089914414818,3.822712821545686,6.926672294409224,2.830215082385367,12.024316285478417,6.489414113318754,4.229985723273262,6.026087974934067,7.015760407376952,7.373700321491637,15.888558563230319,10.058337642821522,5.945053603399711,3.801261204734534,9.30178920620926,11.25851549166197
P70452,2.7460966462204177,2.730274703868077,5.0259879424028044,2.6739734632070427,2.0909844860111955,2.184080220411664,3.296252452202085,1.6320843991091434,6.073824740252931,3.3515835350851093,2.8996271867312413,3.436073550584825,4.009619976086425,5.296324737938829,9.888602751508294,5.331012040812129,3.451937609037935,1.7916793413891616,4.9900675363075395,5.8332442656577
P70670,4.438599267964157,4.9483100045748145,9.428770789463485,5.160964099760145,3.5032264893134406,4.75356921649944,8.827203253121896,3.8606516717769352,14.733946624046721,7.8343729789995304,5.075784619200483,6.850589062530619,8.415330248903981,8.745344655190513,18.441359795606505,12.48554351439695,7.293836104959297,4.604134746107,11.84083694877427,13.969823839434913
P70695,2.909299746343071,2.4197623300420137,5.5437775115923715,2.8107945458077883,1.856131128028279,1.8897503096452724,3.568063524422757,1.572072510400182,5.86406050683142,3.8882212706714725,2.959644483172064,4.158688676792463,5.346384783681028,5.611762658658331,12.020961329841745,5.131662409498071,2.935392655495292,1.9398465484097098,4.793663904599869,5.60874049279565
P70699,2.1768453989836627,2.3104623905289703,5.37285305471099,2.6648495237894543,1.539543538699525,1.8131334073295389,3.604839670403648,1.5882759125367445,5.924501567861827,3.265395666887985,2.8810613579230036,3.450973080581185,4.014309109474129,4.216964992905739,10.595686186269177,5.186173062528303,3.016210787181399,1.960452405477887,4.844584196894142,5.668318867704626
P80313,1.7833124955905333,1.8934749026105844,3.587222453669633,2.0879481848313675,1.5694455756706835,1.7161936837228084,3.672301593485273,1.617999328067165,5.323964906965646,3.3265051451039755,1.9154818558368645,3.045739552780423,3.13350752424047,3.288424359938818,7.046971088505654,5.282413724177915,3.072183104019495,1.7626691471072626,4.934485938101954,5.7735067879093025
P80314,2.1343398143851453,2.650839142099765,3.703682056273539,2.1626599295310283,1.7303924456620356,1.7686071418256408,3.661294757520495,1.6131497663572147,6.017284682429607,3.3165347503703013,2.800313688277204,3.369528229717513,3.9254885843997473,3.3741431897698257,7.2178623960501875,5.266352018564019,3.0628418249782694,1.990761272022401,4.919482141611924,5.755951864870467
P80315,2.1049123073837377,2.5116959679680186,3.5829591538561383,2.275296430978772,1.3841090623014303,1.844400657188485,3.638706811973159,1.6031976206013097,5.980161722452031,2.9364599053515827,1.9135210366811297,2.925972738296182,3.4076120150096063,3.2831045523988007,7.031582937927174,5.23507377265459,2.7119608128478787,1.9789376186863177,4.8902640468795635,5.721765757060427
P80316,2.3029564946392957,2.4452194078074743,4.844896837168286,2.460519314973737,1.6428841291432217,1.732105962430232,3.5642547793026464,1.5703943946767758,5.368916499426459,2.9630153702349844,2.251882398281767,3.17993318098611,4.223086293328419,3.8657200272353194,8.277504987780397,5.127183995322918,2.737570571399933,1.9381536396431587,4.385090153768809,5.135049628083819
P80318,3.076766277813592,3.394265042244428,5.703535084016846,3.333972976542106,2.347723604679349,2.4701877427688466,3.3764905942968784,1.537570790578878,5.73536404322468,3.1345139269526716,3.4216732175143187,4.562643896911615,5.911398275631202,5.567194673165699,11.172476831436052,5.0259628951186865,2.9230346379609857,1.8998905221212448,4.694926320873319,5.493214353494039
P82347,2.5826016614165574,3.0632308068066303,4.045271844512894,2.226300760865378,2.099771677185123,2.9017064996861643,3.664393603111151,1.6145151035866954,6.0223775900868155,3.3193417980865045,2.897227601060209,3.552930999888701,4.7951323369842695,4.323820011535116,10.655478330735072,5.272651835264669,3.066505716418194,1.9931426986844025,4.925367018970108,5.7628373600972616
P82348,1.7027648567262148,1.962718436940306,3.888881430035124,2.0865171639713243,1.5036868495771196,1.8631518771511444,3.5178426585735894,1.4279961452305416,5.326662288332606,3.1865905905362077,2.0764711822155326,2.6880798304367266,3.3964365043451763,3.5650250250909434,7.636642989598953,4.662797889594098,2.7118272909944627,1.9503490688966558,4.819617273646952,5.515901129087757
P82349,1.9723953568269,2.383241418847372,4.149214733257048,2.7504184760207036,1.82585984491738,1.9834599911372977,4.263931865546375,1.6575690105380632,7.007710004438799,2.9468947593756094,2.2092126958505984,3.531746826751242,4.111603379860557,3.7924270542863336,9.244644228341638,4.700450363106184,3.1339506563045276,1.9491640852421819,5.032654787544036,5.886881931413255
P82350,2.8501101025218016,2.8874615277355082,4.931634872608508,3.1294823569661756,1.5568250294202186,2.748361923087691,3.667468377513313,1.439177104523582,6.7029025053356905,3.3279258675559387,2.1471029017972554,4.497646769211709,5.236088701952785,4.520388596051684,11.169885037485463,5.251364046430047,3.0583654890456953,1.9891592892612746,4.9217452045703185,5.75771045675282
P83093,1.8521649881975843,1.99996092872067,3.5838974485714927,2.6067428778715027,1.7292250322410492,1.866368688190215,3.530787341269543,1.5581974747063108,5.797507624693633,3.1987479587212597,1.9142107106655726,3.331268153931157,3.9104723344699712,4.073449149022139,7.039919943401439,5.099991081493991,2.962681687815819,1.7629458700292193,4.769219657512806,5.555981283521905
P83882,2.2532484331992846,2.392440678882055,4.740322378113992,2.7610350315089627,1.5343187262658553,2.2782476341640154,4.301590660720124,1.8952612201057404,7.069601686580013,3.896538206557322,2.5269882204135996,3.550415316248807,3.354295622143978,4.338502899073426,9.293510569036924,6.18251030276432,3.5956675649321546,2.337083056969425,5.7752973818628295,6.757283140461336
P83940,2.3290108548811177,2.9615894714241464,5.868019621175642,3.158036226082035,1.8980242811267678,1.849561197921994,3.492181910387886,1.5386394174486444,5.739350177822213,3.1633461459572576,3.1272913217018425,3.6684250028448195,4.729851276364605,4.480058262601586,8.472875616121296,5.017707683135575,3.254107171379692,1.8967699262608881,4.464585070559558,5.484191674675459
P84091,2.8360451793945027,3.0078508668640875,5.028983326441184,2.927274262434592,1.4206132770066617,3.091934547788481,4.876871188333847,1.6655214037614117,8.871037028796131,4.444199245152179,3.0534603935275793,3.140535269375442,4.71941329183805,4.616279471708025,9.037928866615577,6.0420342148282,3.8228222400448306,2.653066690918441,6.123306108418651,6.598153306941505
P84096,2.37660282327217,2.5234151672610534,3.593696184965156,2.344817584558701,1.5558636048084828,2.3968302384094526,3.629650943287124,1.4319374726571534,5.950682306167996,3.7066703506948815,2.4208933934505934,2.693939563192644,3.9423198711575456,4.15636000537161,8.904941360611812,5.221826804903424,3.428513257440242,1.9821343263756894,4.880476807555728,5.701045663111678
P84099,3.032118804363748,3.219782517116047,6.159926635601245,3.312918876042359,1.7867361911450208,3.063818198239551,5.388035520322019,2.463560359179626,9.187354162408445,5.236538801848483,2.8644450558678405,4.2630214065601155,5.568355693907012,5.21399954585543,12.518678011921944,7.4335820955317295,4.838007045847525,3.0393561963029065,7.511667402974394,8.786170136719688
P84104,2.207157996447493,2.343503049915922,4.643358578857578,2.7045577657915034,1.7954153034787128,2.2284986997963756,3.709157740783413,1.8538753651904682,6.91522639170998,3.3427852487995366,2.4701367880796785,2.692083528462713,3.564632591920697,4.240896546180801,7.956395164609137,5.337895227606544,3.5255719653018707,2.0121942779058903,5.662711074671074,5.8243508237917725
P85094,2.0957088742393903,2.48675722099339,4.410402935346306,2.606663783353421,1.7070236715758065,1.7154830978660918,3.2390050817590765,1.4270713279553129,5.323198227467706,2.933897189755623,2.6318743660312234,3.697780220784121,4.304896811571026,4.050693264957127,8.665590360097541,4.660344515730846,2.7103249444373048,1.7616139886528988,4.35288375327493,5.093317857239702
P97287,1.9293666181963447,1.8082153933488816,3.582752947315383,2.0868003497929775,1.3853182692981079,1.7168205292941618,3.672301593485273,1.4282132118822983,5.327444272275897,3.3265051451039755,1.9134118093267158,2.68834121949845,3.1297240109580544,3.2850737549249756,7.0369591473550335,5.282413724177915,3.072183104019495,1.7626540683528957,4.355793601656974,5.7735067879093025
P97300,2.798680751867292,2.753709999533655,5.181755886147971,3.313602438340119,1.90175718355375,2.323335233709559,3.8102514929159432,1.8130374119041968,6.258125524932594,3.711146074915976,2.913761618092247,4.29638057332273,4.776049005307815,5.003102979540007,11.573625316701207,4.669805347566628,3.6819217004445357,1.7661444013861456,4.658107202470426,6.46473211604481
P97352,1.702327893805854,1.8074875552688476,3.5813108270701943,2.0859603764327272,1.3847606546504996,1.7166501784017647,3.672301593485273,1.617999328067165,5.326915658556237,3.3265051451039755,1.9123824002165013,2.686894900975052,3.128040229979159,3.2833063963069495,7.03317328702994,5.282413724177915,2.7114789629429112,1.996832841371745,4.934485938101954,5.7735067879093025
P97370,1.7018067871182196,2.0359647726600545,3.5804554136317694,2.0853472605394887,1.3845478558769029,1.7159947255736776,3.672301593485273,1.617999328067165,5.322890176405504,2.9363465261569104,2.158139781593966,3.0321837170744548,3.5300199677533675,3.2831938189256307,7.936995791147701,5.282413724177915,3.072183104019495,1.996832841371745,4.934485938101954,5.7735067879093025
P97371,1.7056532924359684,1.9040000074189665,3.5904491212280316,2.089211299187629,1.3872708945904408,1.723615467742993,3.672301593485273,1.617999328067165,6.035374257249233,3.3265051451039755,1.9166135633084482,2.825289200900273,3.5458014556797717,3.29286987546127,7.0544175900233865,5.282413724177915,3.072183104019495,1.996832841371745,4.934485938101954,5.7735067879093025
P97379,1.7098446750353737,2.6896551704668292,4.782005320804058,2.3003257573489537,1.5270666871934582,2.5678544809406847,3.5650607624028083,1.677384637177652,7.139749234304283,2.960362011182708,1.9198198576999603,3.1456303601009283,3.6594527300192707,3.6230248455925893,7.098959072556341,5.143180790350071,2.9912070409612124,1.944200671802095,4.402485215043978,5.621329709299148
P97384,3.3794797034107735,3.3587927343715878,6.50289555797104,3.0840696570168817,2.388735765663853,3.04835826287222,4.765377071762646,1.5149834586676292,7.83545808454731,4.903494230938944,3.200725875409406,4.347991108930278,5.68436811806115,6.228675000044115,13.070284984070655,6.059934577120764,4.38644115874895,2.5992205227178276,6.417427950902961,7.514946697137231
P97429,2.6305577716176867,2.7849370635932935,5.110471407177187,2.717653460412485,1.4095281685994248,2.443785190561627,3.736803326586261,1.4502921832010345,6.864346721402209,3.3895250173839933,2.9484708703014917,3.8354872772151767,4.470808737428007,5.063105306994323,10.040228206310537,4.728677794318468,3.125052037545,2.0405810529783714,5.02910599324534,5.854163219535586
P97443,3.7302306344510714,4.01398391641511,6.881010259050683,4.511561548748879,2.988978967020765,2.7444321655979382,3.688601349938705,1.4617758246906136,7.004831601608459,4.309407512896048,3.2550301599014477,6.138996301485253,7.225312758530709,6.502400893449545,14.923254813900574,4.785384470414426,2.783117355794096,1.8089482134610673,4.470193667260761,5.669459868824695
P97447,3.415675647233628,3.11790244599867,5.984795337362615,3.5999991371550566,2.143682019473427,2.965392713663895,5.9455595200700255,2.215056706252993,8.600661027523852,5.366303166229991,3.2127716067668803,5.072373712809477,5.890763275140172,5.30190006320552,13.539004191956844,7.258771516357962,4.840706171981809,2.960527167829087,8.168390332316594,9.086185013471535
P97449,2.8216195965516873,3.1114416535714757,4.189549133515493,3.0307184677242875,1.4069037824702504,2.670016416360035,3.454718246524274,1.4504486099982141,5.4141266346686745,3.0102922694303826,2.977288649318816,4.629859391197371,4.882652524737987,4.7609111352819955,10.201408712185664,4.97421229524953,2.757450616482923,2.302186955379617,4.6465842899994625,5.436652627127283
P97450,2.614194077192274,2.903533940942659,5.972765993454775,3.187489409307676,2.2269053388816498,2.959516866591651,5.407909499415116,2.1881283043642967,9.18645965876882,5.063902740735734,3.30298531026686,4.636885618779335,5.043825271833856,5.488747853731436,11.750408604975034,7.488981954474229,4.516606033473742,2.824132339325049,7.252582401605258,8.489543036835723
P97461,2.7583228464094565,3.270940575246023,6.136409625039049,2.953907896555756,1.8422575707814062,3.02976926844035,5.048813340699538,1.9140884730796324,8.315007405533526,4.578391116118418,3.092223394959733,4.618664285141313,5.377047624695263,5.121995282234198,12.043074876407148,6.214050532072526,4.387280979812232,2.7462383304896147,6.5029179582869485,7.938379305241942
P97478,3.093762656593113,3.2883680416720824,5.319900925050003,2.9307606194784745,1.9262232366284167,3.035597775556463,4.824509752736003,1.9830049846908728,8.761864488547374,5.173648903868083,3.256475315816791,4.733375862572634,5.725378158273137,5.589662906312109,11.575713551260629,6.461991966608131,4.468657979567343,2.7691632549553167,6.856693470387778,8.36569063216895
P97742,1.702821550786228,1.8080117074323907,3.5823493691131847,2.0865652827521015,1.3851622205096994,1.7163905157822805,3.240740515702043,1.617999328067165,5.326109902735349,2.935581330943588,2.167788071750351,2.688313893266793,3.1296921981945833,3.285040363075092,7.036887618646392,4.6611073450808584,2.7108393963986837,1.7619695672862146,4.354102092574105,5.0944390767473084
P97807,3.657775446814551,3.974353318725821,7.482696970318447,4.312661193592136,2.75220924815077,3.773045450284335,6.44436074459366,2.6493192127343854,11.23352654037286,6.303355330654457,4.177537988786787,5.867992857067371,6.886628152429456,6.934794344656472,15.121105539719238,9.272974635417038,5.599688571050974,3.5036491290331613,8.527436876686897,10.404530908507605
P97821,1.7149435750178736,1.8208967954604232,3.6141419321199657,2.4109135987068386,1.5989207227707842,1.9814692433173604,3.259042097890226,1.4317953943227757,5.355478372892852,2.94887680534298,2.2713472953248175,2.707352653692373,3.1485418946153705,3.7990661694173755,7.09566679565467,4.674789321383998,2.725568924378446,1.7711907071390947,4.362560154803107,5.11317685466943
P97823,2.1567623697865734,2.27795746012732,3.715550233846002,2.3348562990897737,1.753581709620935,1.9253733091414245,3.635323799224146,1.6017070806183038,5.974601790203122,3.293009306123198,2.1381010959103217,3.9765658565019453,3.9490401252070275,3.402512808249195,10.408995434066105,5.227460737492764,3.0402231618368516,1.9760597754450602,4.883152446593433,5.713444956669081
P97855,1.9341840429379755,3.1287011556727724,4.523988223514332,2.1125461081361485,1.4064528034011627,2.983337837353723,3.768300477558924,1.8341252216315422,8.476417202539418,4.4166068550668625,2.421962874007604,3.4275962292752187,5.206250624692979,3.3357899335285595,7.163716417435828,4.752059064831627,3.7833770810756957,2.4547825634537697,5.537020003921339,5.885175279309097
P97952,1.9756096762504776,1.8123166290307566,4.156233560740439,2.420828278118774,1.388610288881586,1.98555398163479,3.6395098338856045,1.6035514283923322,5.981481477285615,2.9440435951428414,2.2196025811040165,2.6949524272158385,3.1375280007302093,3.8107626126308194,7.053550205543185,5.234348605961261,3.1374804177672178,1.9786634946316113,4.8895866435109765,5.720973173396043
P99024,2.0221479509065974,2.5205606128606872,4.622556180304922,2.0857185581789435,1.7872797375427754,2.2076842571028137,3.4551782165117273,1.5224267024184794,5.324760179807269,3.7777378182333843,2.4681469390621564,3.1730048170994616,3.6970814620209858,4.580593020037354,8.310067931800528,4.658985074111523,3.2073406349427938,1.761790116115226,4.35181192402474,5.4242905398635655
P99026,1.7098729217185016,1.8164026842873058,3.5999453200746934,2.647830891909177,1.5694455756706835,1.9449578254138102,3.672301593485273,1.617999328067165,6.035374257249233,3.3265051451039755,1.920253136288108,3.045739552780423,3.5458014556797717,3.2943559207089055,7.052427491374583,5.282413724177915,3.072183104019495,1.996832841371745,4.934485938101954,5.7735067879093025
P99027,2.1915510082776932,2.326931955125791,4.610525024338594,2.685433624645656,1.7827197803460824,2.213389713720826,3.4142642338295595,1.5016399993595686,6.868341886338195,3.785610245428339,2.4696766066346467,3.4698925699550287,4.03959363970146,4.240106475804833,9.082735511171366,4.894163238553243,3.485847553566298,1.8521211376883095,4.57812834054232,5.353505953701218
P99028,2.7131693217605335,2.9462773705768814,6.073121468983953,3.03252278148283,2.137498959954728,2.8601040873494505,5.60508588215661,2.5150696374910835,8.872711703614588,4.893256308337089,3.0415416176959584,4.139781763608529,5.088353985955286,5.455920989299993,11.187817702453746,8.38882786440319,4.529323056498417,3.113262150078685,7.553311214368467,8.675021419233923
P99029,3.055534714319504,3.3082679341652756,6.562106089068377,3.4665793366441235,2.4244288857402116,3.141640321863422,5.537094263617437,2.306457302769296,10.163519036661867,5.3743622533029916,3.6476048353085266,4.819852164167791,5.741026460385223,6.039005068545633,13.438347336087014,7.987183421383675,4.864857725796685,2.8538011481446826,7.642157567799526,9.147465878385423
Q00623,3.8890760750753453,4.189085984743603,8.059534632202617,4.660175186574604,2.9908403500287153,3.8769262353395058,6.163411111707248,3.152437184891316,10.893005836517165,6.2312329914159825,4.329726551642395,5.939492440624646,6.974391020819833,7.434675191198319,15.40916638602537,7.710446593771311,5.681681501020735,3.8154266181930727,8.06572683581938,9.661257131131674
Q00897,1.7023931469416147,1.807556839354046,3.581448104831107,2.364163996732687,1.3848137348915759,1.7166922113656415,3.672301593485273,1.617999328067165,6.035374257249233,2.93609732769025,1.9127853078906905,3.045739552780423,3.12869925686295,3.283998135230941,7.034655061538493,5.282413724177915,3.072183104019495,1.7624967754912455,4.934485938101954,5.7735067879093025
Q01149,2.5554122250436206,2.8803456078590752,5.376671817921305,2.682118531730542,1.9558276469594857,2.8799089675155702,5.439186191010644,2.299097646265935,8.933268442346245,5.336079431622583,3.0671180255640564,4.8830612697609554,5.684782122189602,4.951882802673088,11.774188075951987,6.005131820525614,4.532352799900104,1.7982491209849474,5.609107816135402,8.156168635085464
Q01339,2.701704814692019,2.940432730773161,5.246832969271733,3.047741078426646,2.02797465758291,2.9532898528190157,4.770765809365985,2.1818663013329553,7.475683597865383,4.7985213066178964,3.0301326626549554,3.9380496108786263,5.089454382826499,5.191234408200689,11.110189532375855,5.883775627834521,3.807717243168739,2.7936350963576384,6.8989227237516095,7.160652805027384
Q01405,1.7029453944258852,1.9914038645237522,3.582625086668899,2.086775903432272,1.5694455756706835,1.8944259877053733,3.672301593485273,1.4279296493030262,6.035374257249233,3.3265051451039755,1.9133883896077328,2.688240419591473,3.129867936827002,3.7218039870112065,7.0369931038286735,5.282413724177915,3.072183104019495,1.762377088310844,4.934485938101954,5.7735067879093025
Q01853,4.191212903252099,4.4405640268090485,9.160538774520028,5.1332047546493405,3.398833020374162,4.296391302164718,8.102680457989237,3.5052673349718466,13.398378711167494,7.486695836870101,4.8544328726740655,6.7646770149906486,7.940884019981111,8.294118150579562,17.980337645698356,11.492837489539427,6.572988210999033,4.271213438393734,10.840023646679459,12.464145719837424
Q02013,2.3925570593414194,2.2304648531835056,3.9331929925786855,2.086235035039811,1.384974400829417,2.1256187711020007,3.5545446289943707,1.566116146751253,5.860056563175336,4.137105490385653,1.9132777061921076,3.3227272747500587,3.8588984767404777,3.593130031276976,7.6970632156549605,5.122819749665551,2.7121777662261963,1.9365038883151706,4.78540366924585,5.093940589369153
Q02053,3.213964154173166,3.293611197704214,5.2858644020061725,3.0835932746995027,2.047197587614514,2.5038275288709273,3.4269270298589336,1.483698062357209,6.326033169446483,3.487618294062538,3.347001040466954,4.270203804447349,5.475494432925161,4.8650754635903395,11.15747756902413,4.933501076565025,3.217751076116611,2.098543943515822,4.608554528111974,5.2370543940016265
Q02111,2.2807188011337907,1.9321201006539752,4.798113786258931,2.7946960548910673,1.4778771513982214,2.298156439764849,3.672301593485273,1.617999328067165,6.035374257249233,3.12367474289038,2.045132647769723,3.607373548918653,4.199646804750482,4.408104181051139,7.5241678030880434,5.282413724177915,3.072183104019495,1.996832841371745,4.934485938101954,5.7735067879093025
Q02248,2.5276013398658383,2.2824454890276615,4.043738256407036,2.623204927885965,1.563564266148442,2.165837920763707,3.661447389050268,1.6132170151128866,6.017535530128845,3.3166730095944335,1.964960209801291,3.0397853519280122,3.5388696699232995,3.377227881983619,7.956893709436352,5.268999112328139,3.0643813402759186,1.9917619137817149,4.921954883740415,5.758845052457314
Q02357,3.566378696235146,4.169714805206043,6.805659420251036,3.856405425563361,2.5637127573759426,3.7763589968137086,6.167361810428635,2.643248503348582,10.088741194600274,5.27940292229224,3.723735060910623,4.357441423340542,5.808240175219174,6.058331258524303,13.341127486510768,7.741797492572991,3.4918674730919745,3.159712330288031,7.809895192895339,8.134105216830896
Q02788,2.89452364479138,3.5011698343543136,5.613107050652132,2.4855272320362065,2.089487277734752,3.4992272406399256,4.9234995537736985,1.7361545213666256,9.656500912444836,5.460657942708724,3.155680230765455,4.884639239081191,5.830363709870762,4.6488138870190445,11.598224336438205,5.655498011555974,4.644261482490962,2.1112104127821367,6.180347277830191,8.097134833800583
Q02789,3.9558414735576357,4.236784613183596,7.952891826595132,4.491495947027212,3.0068304202601865,3.7140923341310814,6.602720676064655,2.7316917313824227,11.699751588399307,6.664460063118619,4.510115381085829,6.309419203330744,7.378751912101377,7.599958964806621,16.507856467398152,9.381886874942857,5.963276641602021,3.5978451619628564,8.879448531754372,10.944658874536595
Q02819,2.405197092599885,3.008507604279034,4.463838805835375,2.9544029413643567,1.966181573906532,2.1322832528502844,3.3981898593076583,1.7872167093706537,5.560582077430148,3.063109835998445,2.979861512829739,3.345069926005617,3.8968028719086236,5.21811821333844,11.715876342637916,4.877090954957874,2.8358366577317065,1.8507536315816877,4.573394658461649,5.527749025740348
Q03265,3.1027226569968036,3.2943903523982367,6.527422998430834,3.801944704721813,2.5239134442520266,3.130115325030528,5.910013752332474,2.6039250962136413,9.713021643999513,5.353506691728659,3.4930280919236187,4.9077001378435945,5.713466299808787,5.997064956984704,12.846317694714777,8.494673856435858,4.940391809231071,3.2111160955899765,7.935169580051858,9.284402875664702
Q04447,2.0322667839635753,2.154374406511918,4.282656652409684,2.1293600351976743,1.6558014168101098,2.0457632749848607,3.8652540642069857,1.4557480812544232,5.424733253306849,3.5032178737024195,2.7007740105255458,3.224264824093731,3.200269819072479,4.636870001906631,8.42616771436578,5.572454948184004,3.242438735538041,2.1065824015392125,5.208263721295934,6.0848288228267835
Q04857,3.682514764478662,4.234616964990288,6.937842082436635,3.915460166497548,2.771777727815385,4.08837264339117,6.1070950810532425,2.180029624434235,10.367657053455675,6.755675916272227,4.142861081346401,6.407920135152672,7.401924599737761,6.871651797792516,15.43838989656217,7.603377712165196,5.770127062709402,2.6594122452204343,7.532005006763805,9.88205561917885
Q05BC3,2.061398090516195,2.861999556569483,5.019544642448981,2.1002020513967192,1.522289248940321,2.8149971996191994,5.113062485849314,2.0223776025746756,8.738422186565321,4.6288251823910285,2.3215917246010633,3.2604720137418366,4.122736755288316,4.3040947243407475,9.870555082066392,6.603231844045585,4.448595649745647,2.4998779035183625,6.166686009971968,7.634897363117679
Q05D44,1.7030921745901422,1.8083844898649564,3.5830153473365085,2.086893753017099,1.3854426028474975,1.71665784970945,3.2411867339015856,1.7242749135459987,5.635339067029252,2.9365221908489882,1.9136397515272587,2.980715990299255,3.129702259247496,3.2852733039456505,7.802274689489376,5.641981224657588,2.711755637160673,1.949947945333608,5.270370415835008,5.395307479628401
Q06185,3.4391828327645406,3.4567927486731356,6.844776810178096,3.7348095039033953,2.6477618071592794,3.784775532998733,6.708378278460703,3.0619708473955587,11.410831551088542,6.286143857991267,3.6565375350754596,5.29354127199164,6.158743692109345,6.079141461737433,13.444652226650808,9.981533524110661,5.805188290580355,3.7117708501541813,9.173662622210815,10.317401204008053
Q07076,3.367057346987739,3.836638493126974,5.857249170676891,2.972245126002607,2.1441680510808356,3.5267181479771157,4.568582725365256,1.4738371658182068,6.7283257635155325,5.408983529052948,3.4031608408020606,4.798952766036517,5.567188861515159,5.84796696468886,12.047391275254562,5.942592880012304,4.43864167328693,3.3426605471946758,5.537714831844648,7.76191250856747
Q07079,1.9567013010566447,2.07150321561304,3.632755197669728,2.1093213597883747,1.5976253662695334,2.422801049654265,4.566354873800999,2.3038162811304224,7.498133424529478,4.446436879343164,2.8937796530287727,3.4637273016571064,4.718965980595651,4.213892334036326,9.047688499428153,7.5355872844634195,4.1147525044827304,2.485422390582363,6.609094245044666,7.732535490329699
Q07113,1.7670967537051627,2.2426128717584586,4.058948680965691,2.589467849820779,1.7806670131756674,2.1210996134950233,3.672301593485273,1.617999328067165,6.035374257249233,3.3265051451039755,2.3699807320051813,3.322989252575949,3.8765020015958216,3.411757566413153,7.972479330729388,5.282413724177915,3.072183104019495,1.996832841371745,4.934485938101954,5.7735067879093025
Q07417,3.411044143981,3.6156181614901755,7.277721165350104,3.85852336477476,2.725479229265496,3.3695891386546997,5.547846783659383,2.293857238808703,10.045519631924172,5.958942935222052,3.891761358521922,5.3769593012494425,6.145159204609523,6.469932658096822,14.306828075597062,7.727403985531815,5.209224993047257,3.099960799004038,7.419431050323319,8.192021442687325
Q07797,1.8272263601062815,2.2096098230640813,3.5830123374944507,2.322565773256146,1.6928364105130873,1.7168497125951416,3.479705936625692,1.4277237316129507,5.930222183609173,2.936382943783728,2.055820423890734,2.6886326891997756,3.1301008883853334,3.5237362711457494,7.037682322095376,4.661070234497171,2.7119196156432124,1.7622936104779756,4.679086239363946,5.096441047717522
Q08481,2.081547254293397,2.208777523802431,4.058948680965691,2.088937289550285,1.5694455756706835,2.0325977043193597,3.672301593485273,1.617999328067165,5.33286435093662,2.9398530972680765,1.9403242122156523,2.7244847430101147,3.6871035292421754,3.3256130185000963,7.1168079850379415,5.282413724177915,2.7145718735486466,1.996832841371745,4.934485938101954,5.7735067879093025
Q08642,2.397427086078468,2.160401099209977,4.254361732556098,2.1227908825844533,1.641306136482012,1.9346405410220107,3.6528213870677453,1.6094164379935163,6.003358821331111,3.308859261391551,2.269615062636192,3.662578352329411,4.263833417360941,3.9263183439511216,9.57019820076963,5.253496565009419,3.0553652604251784,1.98590171478419,4.9074734164144385,5.741901271290601
Q08857,3.1601293277621383,3.252673573941591,5.426498609232692,3.626220845271524,1.7924073720760318,3.1958989929077397,5.658764477590535,2.0224366015077346,9.917154119504007,5.304654257888172,3.3246299739527476,4.669303639273964,5.437998413527381,5.500613423245513,12.227026044225518,7.043499835258177,4.876523523172046,2.947190099467087,6.964806844017347,8.520104396002107
Q0PMG2,2.1734241943059116,2.30763863408017,4.573207953530621,2.374075208977514,1.7678076961593212,1.7184043346190265,3.6377485712445714,1.6053888563529009,5.339615559917454,2.9439485377545758,2.4457679683123073,3.048971548201105,3.5514633263622497,4.199757404232148,8.996568424569217,5.244483530482379,2.7178348427022385,1.9172386386169056,4.898802911299307,5.109981605972159
Q0VGY9,1.9293666181963447,1.8083722614331712,3.583063761830841,2.0869813859540294,1.385438449794212,1.9449578254138102,3.672301593485273,1.617999328067165,6.035374257249233,3.3265051451039755,2.167788071750351,3.045739552780423,3.1298327560056562,3.7218039870112065,7.972479330729388,4.663108005151057,3.072183104019495,1.996832841371745,4.934485938101954,5.096625733283262
Q11011,2.8255444824170444,1.9737953437538132,3.66803462025344,2.140088533679855,1.4195349376349378,2.056010160989911,3.54357973811793,1.5612850658558592,5.823821760142888,3.516971103370118,1.9748735245594369,3.6752342314788162,4.820618724856159,3.9689909170122997,11.684623373155812,5.095942148796697,2.9637336615526935,1.8120010471193224,4.760296369730435,6.1014670695217745
Q149B8,2.6588268498764727,2.923621073330773,5.598978383792716,3.381095855016883,2.059738090441665,2.797070028862228,5.626938624202635,2.402856684226418,8.679040858298684,4.612343157193088,2.826930182324649,3.96761468156832,4.8453660969278545,4.6020684782853225,9.250270635361133,7.608686947992094,3.852440708348638,3.0603271752828713,7.770280412605451,8.01360668605552
Q14C51,1.8786121098215975,1.9946615584665657,3.9521727354933223,2.3019715755309464,1.5281592603261411,2.477069597820082,4.67698914207213,2.0606600783211193,7.686563630713821,4.236587886000045,2.160185228505615,2.964888679735018,3.4516761575807697,3.6230066025207868,7.76084537350626,6.739190246336099,3.9194253783650472,2.0125959336275714,6.295311431691126,7.3657162547011366
Q19LI2,1.7027374320361244,2.0260599677392204,3.5822838135578277,2.338207419830319,1.3850548523348851,1.928871128043367,3.641928079152218,1.6046168962241203,5.985455828209223,3.298991704518638,1.913243665657143,3.006947520968669,3.129513815081868,3.5235155800911926,7.54772557389262,5.237235572349166,3.045908078630281,1.9797548118960886,4.892283458979953,5.724128533976899
Q1XH17,3.9777207401673285,4.284847448894537,7.990943149542446,4.112381600092336,2.951420940237856,4.091147109486739,7.432396593147178,2.938970956804716,12.46782301179678,6.623230161808254,4.480625426719771,6.117929271460552,7.122541685581479,7.622182377366625,15.875774003488086,9.834426631164224,5.950296017255737,3.4618695113372175,9.375181325268008,10.588652462615345
Q2TBE6,1.7029353108039484,1.8081324948653315,3.5825886943246386,2.086704679451321,1.385254758731733,1.7166473642636926,3.672301593485273,1.4280691568805484,5.326906926039648,3.3265051451039755,1.913359420316681,2.6882676130043124,3.129638319450446,3.2849838099580464,7.972479330729388,5.282413724177915,3.072183104019495,1.762476099505452,4.355353812828919,5.7735067879093025
Q2TPA8,2.097941531324447,2.4388563247802435,3.584589258990191,2.298408927391126,1.3866968919176221,2.1135630133675103,3.5618528482780136,1.5378613369921017,6.55417598200779,3.6160564247656475,2.3522965446300215,3.303525762192883,4.220366061476271,4.4267135293172455,9.481496870576134,5.114648728673334,2.9802733808611364,2.1653684836580895,4.773344749502676,5.592993839391744
Q2VLH6,3.576508694183238,3.9427216851195936,5.214180936720086,4.070122352702454,2.0052431780884326,3.854794062073357,5.675153580171185,2.0710337638189453,7.666021870495474,3.7370582728250765,3.6096513308191174,4.888758072344157,4.910873093407404,6.89798475579718,12.266378848805983,5.97988292912555,3.8949043846185227,3.4508030974526203,7.60420484621928,5.574240049735661
Q3B7Z2,1.7153433425915565,1.8303141471195608,3.5801392006408914,2.1140500322640707,1.5252370794686672,1.730792531911198,3.2407512378474306,1.573212443668202,5.366914307493246,2.935411285188529,1.9130224115045957,2.9695045149869403,3.457049839431046,3.284416424310397,7.047867894155543,5.14263714521062,2.7121906533710223,1.7750527226365536,4.355445887738825,5.620735522802837
Q3KNA1,1.703124052000843,1.8083328953673705,4.058948680965691,2.0869359549062763,1.5694455756706835,1.9449578254138102,3.672301593485273,1.4283073153785768,6.035374257249233,3.3265051451039755,2.167788071750351,2.6886491283754075,3.1300824735663024,3.7218039870112065,7.972479330729388,5.282413724177915,3.072183104019495,1.7627136216379071,4.934485938101954,5.7735067879093025
Q3KNM2,2.02290102826785,2.4840902284737307,4.921914513170188,2.4785660047304137,1.9031225974225545,2.0282133451526034,3.2936447166861433,1.4517355595268755,6.3132764898086755,3.4798917963322507,2.6262678315617674,3.194313838197118,3.713571034078709,3.89774522182784,8.3543962146572035,4.741455430111051,3.2161934001297636,2.080749221911909,4.427737234857445,6.038161067585623
Q3MI48,3.2946746989075026,3.49612636351095,7.071601421255219,3.990132148910854,2.4989330789730166,3.134832553811065,5.993818369953981,2.5087756616853225,10.072673103115312,5.616255595554024,3.698608067126634,5.139631420312836,6.181939119393438,6.4843399320443735,13.8929887725764,8.422082867357547,5.133004868516225,3.22872056545671,7.968476387951125,9.54190168215135
Q3TAS6,2.409913395402306,2.5586371755383817,5.069319495906066,2.6929611860773988,1.959145453759309,2.2166361410279167,4.184831386426257,1.8440499847160463,6.881624921341833,3.792021238151825,2.9477353678860494,3.806413786882789,4.821543440807715,4.650514792758682,9.964086740871066,6.025244795272672,3.8775217679491583,2.281453086704947,5.635749413514467,6.597904732462416
Q3TB82,1.7030814426182403,1.8082876538313113,4.058948680965691,2.0868837431766227,1.3853736298302803,1.7168765649255249,3.2416582317676195,1.428259827604608,6.035374257249233,2.9364126317330714,2.167788071750351,3.045739552780423,3.1299406519204904,3.2853011492694764,7.037446248964303,5.282413724177915,2.7120094222785687,1.996832841371745,4.355981367362107,5.096637888514325
Q3TC33,1.949443865743926,1.8862803523662959,4.10458714566699,2.393279443129455,1.5880041790153299,1.7927162244850132,3.369286433301876,1.5452000426114094,6.105505550175161,3.366666211409825,1.9877625454197834,2.801377977162081,3.6463687127356565,3.762229226445339,8.052852069296101,4.850095233496677,3.157913587910125,1.8335624423332084,4.531237173585181,5.302667801127848
Q3TC72,2.6561095667210104,2.9657633117120947,5.8753585327645546,3.0802745924027355,2.0481440392798866,2.533074149219838,4.101293004888334,1.9663317435442622,7.847800823311685,4.0308785176153,3.278561754863063,3.973892406696934,5.364308325135364,5.387373212057994,11.53901870223992,5.302189366281776,3.391937731766964,2.002605388799342,4.9481398837349735,6.4214009664377025
Q3TD51,2.096169053102625,1.8250199068572648,4.058948680965691,2.1017121289532343,1.5694455756706835,1.7306762511281466,3.672301593485273,1.617999328067165,6.035374257249233,3.3265051451039755,1.930830100478074,3.045739552780423,3.152554562840408,4.035855770888973,7.080078996307868,5.282413724177915,3.072183104019495,1.996832841371745,4.934485938101954,5.7735067879093025
Q3TDN2,2.236010807923006,2.048551377575414,4.704058333884006,2.739912776835849,1.4463336595955585,2.2535935242406584,3.672301593485273,1.617999328067165,6.035374257249233,3.077132608994919,2.167788071750351,2.822896086665818,3.2895615589022196,4.314324547167322,7.384647595745541,5.282413724177915,3.072183104019495,1.996832841371745,4.934485938101954,5.7735067879093025
Q3TEA8,1.7031556234447265,1.8083664171067069,4.058948680965691,2.364163996732687,1.3854339723120201,1.716925335880361,3.2417503168775483,1.4283003998839257,6.035374257249233,3.3265051451039755,1.9136324728472298,2.688651251471152,3.1300849452405384,3.285452604860142,7.037770682107563,4.6630353719693884,3.072183104019495,1.996832841371745,4.355903129385399,5.096546347572622
Q3TEY5,2.5914443597388224,2.7515283321403214,5.451809711308813,3.175445971257616,1.5124181857208032,2.6238222349913474,4.95407481266632,2.1827427606459517,8.141949900273907,4.48758222440115,2.9080946472397,4.085869373372499,4.7567040190931476,4.992811979061906,10.695106578477981,7.132134333091128,4.147956547483393,2.696055403651239,6.662374136696263,7.795191390615836
Q3TGW2,1.7653778152772834,1.8071451553998257,4.058948680965691,2.0856529127653487,1.3844442982283263,1.7156030592166,3.672301593485273,1.617999328067165,5.323862373060946,2.933866841089037,2.167788071750351,3.045739552780423,3.12719119355286,3.284537942020949,7.972479330729388,5.282413724177915,3.072183104019495,1.996832841371745,4.934485938101954,5.7735067879093025
Q3THU7,1.9371621536842984,2.301991966500852,4.048046307366385,2.6814726239231925,1.5022244513566534,2.1989020510960273,3.7095527781218727,1.61736206174002,5.778584483714007,3.184970839779165,2.4604951644672126,3.0270956476761235,3.151207584687113,4.652820840222409,7.075882910348779,4.666863128132963,2.722413907094083,2.4942647793413744,4.72426321839148,5.119649897900148
Q3TIV5,1.8212229054196414,2.586241442605806,4.143117985237555,2.231649279307601,1.4814759435886975,3.1027750723184178,5.358365132787108,2.581180895830803,9.628182448388548,4.8544249470095195,2.213328390593766,2.877036912795357,3.3494005303642798,3.5156543319815925,8.120364484429519,8.430983777735422,4.903350487991584,3.1870402758115146,7.875674467750176,8.434523467400174
Q3TJA9,1.9293666181963447,1.8083242988328718,4.058948680965691,2.364163996732687,1.5694455756706835,1.716602167250208,3.241140137746686,1.4280315577426683,5.326766675753434,2.935943323212949,2.167788071750351,3.045739552780423,3.5458014556797717,3.285333355669992,7.037515238320895,4.6621381499562755,2.7114388991046723,1.996832841371745,4.3550650031729825,5.095565713026854
Q3TL44,3.53810376791839,3.0997288679654167,6.341318875481894,3.4520536366715073,2.2047502482699017,3.2116486196335363,4.6060803917985025,1.873724092453289,9.721338407019669,5.631370786225174,3.0369193596877975,5.397573122707626,6.015872463564451,6.140662324777096,14.087137912220095,6.164630724366178,5.1956184535742205,2.5049773222883855,6.578242350131341,8.461691163927384
Q3TLP5,1.900479178070316,1.8072682792981358,3.6259234244517002,2.1118547037013675,1.5459470530619372,1.716541889774974,3.2412262108864596,1.482688289172141,5.326206480122834,2.948929026643175,1.9350907418701062,2.7185820990188074,3.164865543295206,3.2831733558816674,7.032643727998872,4.844406331691134,2.7115809828470003,1.7727559296149031,4.373467150335324,5.096215427814046
Q3TMP8,2.1559651043500256,2.078461144763264,3.581758048163253,2.094156899865019,1.3846613922491031,1.7986900949508198,3.2630829135547104,1.4370616880121285,5.57714896705437,2.968843844308272,2.3166919563844885,3.709460489250799,3.823103268651808,3.802623919398175,9.308535610736472,4.705431143404006,2.7396300601162324,1.7828521971092182,4.389606074842591,5.144064732629923
Q3TUH1,1.7893336412484036,1.8075670688563,3.5814982434851883,2.086212869190131,1.5543434644509866,1.9324163561684502,3.6486218730858946,1.6075661512924193,5.996456981181602,3.3050551879754826,2.012775773948357,2.6875223490160662,3.1287807835958237,3.2840403910383555,7.402390235609766,5.246968401254016,3.0515685653087345,1.9834339694576593,4.901375232149689,5.734766200142748
Q3TVI8,3.885052471847065,4.023776005191086,8.131906325340514,4.5006354162486275,3.0462581405678346,3.876414281659945,7.32321273498689,3.211991715205664,12.19707516751805,6.7282922022158775,4.346132582003759,6.048043067634958,7.2353820358582714,7.491393290734286,16.19971439797521,10.53938949851371,6.270575119188352,3.901866277243916,9.848373026978283,11.725747264798557
Q3TZZ7,2.718522745469421,2.8864568624120035,4.217601631697425,2.4634294832580808,1.6399036324297351,2.5197207476925247,3.828824800238724,1.6886325862769878,7.071156740746356,3.8981896611785376,2.549777539786103,3.977038269858315,4.590320329760622,5.246679817843412,10.408828081977173,5.508434007043628,3.602990787806026,2.342327466964686,5.150743759476204,6.764410759271892
Q3U1J4,2.764439456162634,2.9352100335600806,5.000379868361142,3.3874268227553035,1.5204084262161879,1.8856706286388745,3.672301593485273,1.617999328067165,6.035374257249233,3.3265051451039755,2.658175467562542,3.732958545948052,4.347546709357351,5.334673225000669,9.762489431528596,5.282413724177915,3.072183104019495,1.996832841371745,4.934485938101954,5.7735067879093025
Q3U3R4,2.1195047576352777,1.852509217102523,4.058948680965691,2.5971512058135064,1.5694455756706835,2.1399435983962083,3.672301593485273,1.617999328067165,6.640432166171978,3.659993701294145,2.388904684143933,2.7632069237035854,3.218336693396088,4.101431820711927,8.785680420338368,5.282413724177915,3.072183104019495,1.996832841371745,4.934485938101954,5.7735067879093025
Q3U6K8,1.9328656360250636,2.2002274361382663,4.100086856772369,2.1989651107538304,1.6856483332155685,2.087911543876432,3.9422144734693094,1.7369217115733542,6.478972149765898,3.5710021073332108,2.156815360551726,3.060685619194351,3.569010958807762,3.749390364402039,7.932149434867948,5.68051582251746,3.3037141055757573,2.14732149782531,5.306366920690285,6.20861946311007
Q3U7R1,3.117861408838246,3.211094318494561,5.385587783156772,3.7042377067708943,1.6233362863599838,2.7235890670039544,3.7815452881656566,1.659191068384589,6.879730155640677,4.110271841622766,3.2797470209085353,4.271046115517072,5.563311400857024,5.640971123054695,11.63323622722614,4.816575256873475,3.783939417775506,2.4576471321555036,5.047268553774808,5.243891060463865
Q3UBP6,1.8837708295725653,2.201314224244609,4.361629180842814,2.308292851844866,1.6864809483034118,1.9074863272609197,3.601551142972104,1.4422676274558888,5.919096920857941,3.2624167984202503,2.3293775973008164,2.7306678200052303,3.8101097533339847,3.6338924029441415,8.566757511932432,5.176586365133387,3.0106352886881242,1.784379698803317,4.835628930238005,5.657840918537214
Q3UBX0,2.04117195183428,2.3136572053534814,3.9692343067155456,2.501044318039875,1.4161601977964364,1.8705711030750674,3.322397886640357,1.4626526693924897,5.806527668363586,3.193839639777678,2.452845354268675,3.4462446812513705,4.012063144484744,3.9445924900598333,9.020835174442576,4.661682569178104,2.9469134685309726,1.87897425056822,4.790103701793791,5.551983086902396
Q3UF82,1.9293666181963447,1.808065566983854,4.058948680965691,2.364163996732687,1.3852034836362563,1.9449578254138102,3.672301593485273,1.617999328067165,6.035374257249233,3.3265051451039755,2.167788071750351,2.688192420646825,3.129550781705995,3.7218039870112065,7.972479330729388,5.282413724177915,2.711632349076191,1.7624849642838833,4.934485938101954,5.7735067879093025
Q3UFY8,1.7028943441021838,1.8080889974851326,3.582502509698802,2.0866544805930727,1.5694455756706835,1.9449578254138102,3.672301593485273,1.617999328067165,6.035374257249233,3.3265051451039755,2.167788071750351,2.6882387597627826,3.1296047289664126,3.284948552147093,7.972479330729388,5.282413724177915,3.072183104019495,1.996832841371745,4.934485938101954,5.7735067879093025
Q3UHB1,1.9293666181963447,2.048551377575414,4.058948680965691,2.364163996732687,1.5694455756706835,1.7168663818053658,3.672301593485273,1.617999328067165,5.327586556628871,2.936395215313466,1.9134710273492934,2.688424420746742,3.129820872525564,3.2851754243987603,7.037176933617057,5.282413724177915,2.711828362506533,1.996832841371745,4.934485938101954,5.7735067879093025
Q3UHX2,2.0656550252636507,2.525208728087474,5.033281035324894,2.743725847394447,2.055900699069821,2.2482822482861815,4.572558864752809,2.2289503278143052,8.312243212164534,5.222153691765238,3.115216331819664,4.19005462860505,4.653337262882586,4.630005201580176,9.908847787710544,5.740854760619927,4.401324633213449,1.8196603192400163,7.5403567666538205,7.944274673065614
Q3UIU2,2.407087168291853,2.5548207133767526,4.661208656739588,2.448871079646462,1.71666466488906,2.530051272066682,4.416403691893255,2.0326400488946237,7.5476500330323395,4.164853769331268,2.378432215101882,3.6488859728315397,4.420625403235927,4.462412512583362,10.329133327770538,6.068850745765568,3.846342347630339,2.5049906264570194,5.937424883323474,7.251383650388887
Q3UJ81,1.933718366133309,2.0531719505380908,4.068103769159945,2.085879859165127,1.385721254858199,1.9449578254138102,3.672301593485273,1.617999328067165,5.329140920988053,2.937253420789407,2.174212322842365,3.0547656175987155,3.1308681999275345,3.2862831207815772,7.99610581420069,5.282413724177915,3.072183104019495,1.996832841371745,4.934485938101954,5.7735067879093025
Q3ULD5,3.6845624010468567,4.091783575973019,7.963227962076108,4.234845564989902,3.0397043540026316,3.7382518518338195,6.846064381150834,2.986534573648571,11.23602290504898,6.348134639991771,4.225558741570975,6.086019996196634,7.126104844770636,7.2087294602229495,15.631539602166104,10.234829552937988,5.562578656958847,3.6167381374166725,9.430045400651945,11.258359185969177
Q3ULF4,2.6227306040837637,2.9829649263450073,5.125865739837334,2.709094429747378,1.6080594835206266,2.2173549516448423,3.452998904872884,1.5213755639820896,5.415076183825071,3.7971144326821054,2.477650244213767,3.124484199674937,4.456840654902737,4.269125301654621,8.170386345515396,4.733818550514654,2.763319962005595,2.0352364127012805,4.420998782499304,5.184138344825957
Q3ULG4,2.366064010957061,2.180940909402534,5.0226929773924285,2.5415692828384553,1.9401059075480804,1.7416447968391884,3.593231960888648,1.5831616086819122,5.905424466101793,3.2548809789078312,2.9819726250911045,2.747403557383738,3.22487922910937,4.001712920357727,9.789322955307666,5.169274998631856,3.0063830930430746,1.9540646799596106,4.828799129114138,5.649849832202518
Q3UMR5,2.072206369064083,2.4294649198504152,3.8998302176737747,2.5428072164361937,1.3861640089424139,2.098632788903397,3.5346492462508277,1.5306245266480691,5.808247304003399,3.5881862756811134,2.3368968568150104,3.280433437321992,3.8185074643853394,3.5875568050353817,8.585147026158301,5.003891181811383,3.3019260084145774,1.8915470783285648,4.355175353256983,6.208649483765258
Q3UN02,1.9947542436134842,2.117978260398694,3.754264236440483,2.1881115836859135,1.4529931545383332,2.0089992143899065,3.2410397156202073,1.583771864654241,5.326633559414048,3.0723479119678885,2.2430035968092894,2.8229620881702506,3.668829772755232,3.4467074879249497,8.249099645554795,4.662062460700644,3.1728337010989844,1.9547262194144732,4.830433896466661,5.095505717872085
Q3UN04,1.7027875728869195,1.8079756305811694,3.582277887338658,2.086523647675868,1.5694455756706835,1.9449578254138102,3.672301593485273,1.617999328067165,6.035374257249233,3.3265051451039755,1.913239271293411,2.6880988037756013,3.129441794436234,3.7218039870112065,7.036324603820906,5.282413724177915,3.072183104019495,1.996832841371745,4.934485938101954,5.7735067879093025
Q3UQ84,1.7135982976735735,2.071608134011162,3.606839912743782,2.102241509898901,1.5081745964177453,2.506158980131597,3.2682113717534724,1.4384959542196298,7.015109722519851,4.286340111299095,1.9279897325556663,2.710522637997673,3.153515974947035,3.3052787455541197,8.049808330283273,4.697477865009815,3.958070235776069,1.7778900314511625,4.3956834731832535,5.8679632677992215
Q3UQS2,2.1689373846582667,1.8116668041680961,3.5890413833636745,2.3353089346166853,1.5405856003542573,1.7171782122617396,3.6032500293419747,1.4302860290847816,5.951395021271695,3.2852071121422135,2.1759195731260057,3.5850161360968884,4.628296924297043,3.2891097494527024,8.009568131769797,4.667909359971423,3.0411017637874322,1.7652900751999305,4.361397968854025,5.694745582791977
Q3URD3,2.172246576015469,2.528237161881996,4.585896212326904,2.3770213663880067,1.3949026492929673,2.4708380971962933,4.157478634653283,1.44705929400801,6.824994286765399,3.764306921541231,2.672862721805816,2.7033616795257513,3.988815183016044,4.178486141616407,8.982830809229537,5.9672404416138365,3.4743536774676103,2.0156815347611077,5.578826666483958,6.525470419101841
Q3URF1,1.9227862948714145,2.2341791711385204,4.11762141309155,2.1821674172145675,1.8349684600752543,1.962335674391935,3.7092074777176816,1.63619444194452,6.091845411506905,3.0812581023877694,2.015129111688902,3.7913293372170473,4.418712846514967,4.410331648616728,9.440035556777294,4.878164840204693,2.8407632923422463,1.7626396200885597,4.9831508483904825,5.825939566694411
Q3URS9,2.8084471265924478,2.4736700333123145,4.266369975413636,2.8545311500908057,1.5130288395438227,2.038497333483707,3.311383923552684,1.4631902722079089,6.330015325988409,3.4903852702320477,2.6147331169942594,3.681092778981446,4.287013716954358,3.3687504134985624,7.189699927648993,4.772269144401488,3.222229648749668,1.8099614962910977,4.459240804269972,5.215270226391572
Q3UV48,1.7027862793391757,1.807974257125763,4.058948680965691,2.364163996732687,1.5694455756706835,1.9449578254138102,3.672301593485273,1.617999328067165,6.035374257249233,3.3265051451039755,1.9132086444717888,3.045739552780423,3.129391698843355,3.7218039870112065,7.036211967486419,5.282413724177915,3.072183104019495,1.996832841371745,4.934485938101954,5.7735067879093025
Q3UV70,3.199868272707706,3.508933748105067,6.958692404197107,3.692460060766958,2.40157704740826,3.174463599363236,5.6254047239759855,2.3579297600686093,10.031610985389104,5.210298637269801,3.5943713498526453,4.431097893028522,5.780799677648485,5.936721057278435,12.975323599156425,8.473657015515561,4.923540368737538,2.834259089224631,7.8946405737037955,9.58781661685294
Q3UVK0,2.0255695335467014,2.0359326666687414,3.603839380138985,2.1028184591141152,1.5597780710037592,2.050295687142658,3.6425408752944612,1.6048868914086527,5.370346716979925,3.506666860919438,1.9236410028670083,3.0313590245290154,3.5290598738328485,3.3006820827178704,7.06805877844772,5.244620523695778,3.23211103431191,1.9825464359813716,4.899181998260703,5.138614152040985
Q3UVN5,2.8379336445799015,2.452773494145469,6.248038919657341,3.3098283505806325,2.197794786829312,2.9954728914307633,5.417382856624088,2.385695346132142,8.90369440513257,5.332129415472998,3.6099469522095244,4.881870175819962,5.467096548474772,5.984859023561646,13.276310464371997,7.786932148022821,4.525416255343115,2.9442977319157753,7.27387091650389,8.508387996099245
Q3UW53,1.702821936513156,1.808012116987227,4.058948680965691,2.0865657554055135,1.5694455756706835,1.9449578254138102,3.672301593485273,1.617999328067165,6.035374257249233,3.3265051451039755,1.9132466809758313,3.045739552780423,3.5458014556797717,3.7218039870112065,7.03635185442751,5.282413724177915,3.072183104019495,1.996832841371745,4.934485938101954,5.7735067879093025
Q3UZP4,2.4695507383886537,2.622104850061017,5.1953732471701715,3.0260826992337457,2.008858992222863,2.484118743263717,4.6902987304380686,2.0665242222332485,7.708437745612465,4.248644198111516,2.770582171072422,3.892664514871144,4.531778001406205,4.756721334993588,10.189376618871814,6.7482380190176245,3.1108195228119233,2.5509367500109787,6.303763270073982,7.375605176644747
Q3V009,2.6885927679942805,2.4270891341881344,3.8592741855859014,2.331367634326001,1.4917098651965508,1.85629834748046,3.6180936221389604,1.594115543203249,5.7590344374001985,3.1692135926280574,3.027234694166525,4.253260991572591,4.951578673736761,3.5489786918090016,11.13326821151036,5.2064054134044335,2.922113570992536,1.897234144698822,4.863483937828112,5.495760172865944
Q3V1D3,4.165685154145239,4.437837131041689,8.389821836627284,4.913871869732888,3.2124863195419033,3.969005390609067,7.133306105624955,2.746364837251002,11.881844770241765,6.71572284671614,4.499041383706298,6.604126429902692,7.7587449330977165,7.7570205029810415,17.023819712194538,9.905140447822298,6.087520097562159,3.6226565804939357,9.056304490799443,11.286551064874365
Q3V1Z7,3.293504543202889,3.4120686642794866,5.920146301172552,3.076563907592798,1.8870697527096998,3.6350581983732564,5.393811214550656,2.2674581032307533,10.622662044521368,5.868641509535097,3.155630410551013,4.240027549479707,5.74587597054275,6.018075936810451,12.495529678076556,7.400080230068425,5.155045648192628,2.6318557735421875,7.822096916864765,9.122301485434809
Q499E4,1.9293666181963447,1.8073700849190002,3.5810780742445707,2.085824807867138,1.3846706577273769,1.9449578254138102,3.2407253717393827,1.4278488137321237,5.326085013852977,3.3265051451039755,2.167788071750351,2.68710733985189,3.1282875479345136,3.283565990354671,7.033729363649521,5.282413724177915,3.072183104019495,1.996832841371745,4.934485938101954,5.095193431328072
Q4PJX1,2.6920972836212624,2.6680143304255517,4.2427457737491645,2.7737469043125897,1.4209321742724532,2.0298906879894885,3.5071006368967494,1.5452125402852275,6.313057873041543,3.4821875420039454,2.2715278030792896,4.817880936990166,5.608900217379532,4.791452567118771,8.370923382122315,5.046014383587211,3.6177307552520754,1.9074702901558982,4.425816617090505,6.01997471095796
Q4VA93,1.7968035356224903,2.124758524842,3.779314512275528,2.2027980666195717,1.4662996826821826,2.0250796365992945,3.2416074120574834,1.559376916660956,5.6308066251229905,3.1054865322439444,2.0247835933306857,3.159975913689836,3.6823737740207436,3.8648804973030004,8.262252917904737,5.089600400534296,2.711942853819223,1.8643039460855224,4.609843450930233,6.5911810875571035
Q4VAA2,2.0277506146826068,2.154150330441294,4.84837019238802,3.1714981482587272,1.9010579542918542,2.018109134176875,3.840333850453192,1.4585282598456786,5.3914370443209005,2.9829000327116857,2.590503022532089,3.6854150955844442,4.226633677378359,3.9245924983471934,9.517371433050595,4.764706566246361,2.754991930063423,1.798209070063636,4.4541313719380495,6.04383928646689
Q4VAE3,2.1082532394995135,1.9829965034586696,4.4352854583997745,2.287179986635873,1.3845090950089343,2.1313838838813166,3.564515063549599,1.4278018151615197,6.613870623316113,3.645353828900845,2.0957394499187236,3.3250543244981556,3.8709752622337383,3.595145094259318,7.03313003685016,5.122990135937655,2.9770331950497386,1.927693578043569,4.35389530393373,6.321451799711809
Q4VBD2,3.607603055207647,3.7188773843367877,7.3678108379122556,4.291190657266132,2.7509433575645867,2.651178480125958,3.6376358619701636,1.9362331553638008,8.219351238536614,5.26305753675094,3.797922891888292,5.701412704350271,6.637493822497492,6.966958325532494,14.923927063919711,6.3919465599159375,4.8711835905790055,2.41860994085454,7.326891098209394,9.146608736578868
Q505D7,1.7043046902327896,1.8098292452455509,3.954287263520853,2.30320319766409,1.5289768702340976,1.7288520147531063,3.2405685950136265,1.4293086757875737,5.365011002837144,2.934595398334565,1.9145957122042705,2.965473489358872,3.1316044739817888,3.28713856303481,7.762376161860876,4.661403987204989,2.7300250379558344,1.774811439723616,4.354424743805266,5.095033235170737
Q505F5,2.8664050564889414,2.68432659619664,5.703836465675429,3.6938181075052343,2.197986966785639,2.0466004571263934,3.882529603839451,1.717445975028185,6.351124332717195,4.671626675306842,3.222579225679386,4.506847852190726,5.25052900069985,5.239181557152529,12.399138119672546,5.62171800412218,4.331284908019127,1.8264749471631985,4.518443050881138,6.880314072887487
Q542T4,3.322666932592758,3.743856318879133,6.990399170016677,3.8973292869590153,2.5423099665609366,3.556684821429982,6.777972536351556,2.9567603960259317,11.140689550938596,5.893913398151075,3.823015819920116,5.079069283493394,5.824813983828226,6.305178443957075,12.662084374087309,9.644042107376368,5.211291971025221,3.649058101389322,9.092524279933706,10.544770671005068
Q59J78,1.9886734338854677,1.9394591992605763,3.842619056712373,2.106995353325603,1.487476508242666,2.001457620962537,3.494677348245841,1.5387483123316192,6.210698064860373,3.423138017104774,1.931325306073334,2.8902714792665063,3.152916539899553,3.8349426198771623,8.214833687696789,5.025086477310116,3.1625044952182546,2.055539212091673,5.079558552490389,5.943246398968677
Q5EBG6,2.485067355016332,2.6524361580306066,5.2341829660628125,2.580513631693532,1.717430910034786,2.1303664592567255,3.9987170657582016,1.4344112782810998,5.345381102777359,3.1126452922015733,2.9886975464344068,4.199116346794523,4.584717298281868,4.449844015345428,10.312224061732163,5.167285171874433,2.7230144454128973,1.9531633355217812,5.382014730750856,5.40025566944714
Q5EBQ0,2.604325307624472,2.5186030184756976,4.7182310517618085,3.0560823686666185,1.699683158099892,2.3697431102035056,4.474814910117309,1.4274053263638118,8.137589779736949,4.268358943573027,2.3557566316653955,3.5089062877130415,4.094997811663444,4.581644282524515,9.14675177145393,5.713155267950194,3.9417267441695785,2.158855092482939,5.334433879723371,7.047827680237368
Q5F285,1.7213047420597654,1.8270741864410276,3.62204811913667,2.1097340593860667,1.400545009824585,2.0445591813448787,3.8603602821209173,1.7008571283059748,6.344445976809832,3.4968555859386186,2.148311918955913,2.710347008635307,3.5139447572185607,3.312494151997506,7.900851837424468,5.555777766872841,3.2311680751075964,2.1001686129726984,5.189844775007668,6.072284816000078
Q5F2E7,1.9293666181963447,1.8440091218068317,4.058948680965691,2.364163996732687,1.5694455756706835,1.7570037176803677,3.3176421209334026,1.8389231326959432,5.4451078858126625,2.999927338664168,1.9485726199330133,3.045739552780423,3.5458014556797717,3.7218039870112065,7.972479330729388,5.282413724177915,3.072183104019495,1.996832841371745,4.451509504444933,5.200226427802497
Q5FW52,1.7365508409767987,3.0398025087100335,3.6534414341740358,2.2955895072487538,1.7015480618504903,2.4092432609420715,4.564690367926663,1.5219489132894952,5.574582813708137,3.065631538848421,1.9189428051902016,3.314866137866088,4.358147397591136,3.610912171948852,8.364015945578787,5.763868608769135,2.8215963134472273,1.9347421815352184,6.054066212164609,5.303576201364473
Q5H8C4,2.3168503039217327,2.7442080783691445,4.275100734248794,2.4811680547430637,1.6571022973694305,1.9021264348097497,3.5914310563912277,1.582368138376557,5.902464705753466,2.97644344518765,2.606337586789487,3.680819279184176,4.286690129092296,4.47211222085826,9.585077204072231,5.167688934286016,3.0054606586523573,1.953465123480381,4.827317531378685,5.648116315339791
Q5IRJ6,2.0067146441806556,2.529928824815003,4.24129359991367,2.4657221821430366,1.636671105915894,2.1982466336363995,3.83923081320833,1.5329711597443128,6.819140483924092,3.7592984407941232,2.0440718587865176,3.4841026591871245,3.724023719920169,4.213780579742578,9.008841208096484,5.535768530501013,3.4765242357830015,2.262181975316533,4.6756419962390225,6.534783206273616
Q5M8N4,2.9399156526056323,2.921131603883182,4.986457581161566,2.913348278005865,2.035814668497851,2.771192693244549,4.227662631260628,1.7338243572739835,8.599215288943142,4.535856848202989,2.81028925957717,4.147141052746496,5.221484853941242,5.087413762473436,11.347039373615646,5.652727556448987,4.000978835631117,2.297640904686693,5.679449972378688,7.4966454994515654
Q5NBX1,2.017664895423345,2.2970717434543735,3.92310739157338,2.2889033564753487,1.4177822048047766,2.0439906449700262,3.8577714273827075,1.4279524355380169,6.783886128561163,3.4989054244090347,2.4314222732389226,3.1946867052144072,3.977021899959809,3.915321561928359,8.942047458550988,5.1267138914595325,2.76283868176493,1.762174249400629,5.178233870166828,5.609817938064386
Q5ND52,1.9293666181963447,2.048551377575414,3.5830025350213446,2.0869457239562994,1.3854147756478186,1.7168472489087359,3.241602879793524,1.428235439777352,5.327527185577078,2.9363624918897244,1.91358300162371,2.6885817444634506,3.130004026289716,3.7218039870112065,7.0375887416715415,4.662873138863892,3.072183104019495,1.996832841371745,4.355751581812724,5.096369032052727
Q5SRX1,2.23981250175049,2.6443475439976467,5.239444366988539,2.733919290517582,1.8273055460488905,1.9723899879517313,3.2659803937412053,1.438602776233661,5.361704382001472,2.958906406798308,2.494390739644416,2.707094840042325,3.6222639179289464,3.8020392989021783,9.184721791202817,5.06593426505989,2.9462814667384833,1.7716085180130616,5.026697322144089,5.130003655226049
Q5SSK3,2.1094479763016816,1.8497794394773002,3.661686357057305,2.131322766179633,1.4159740083321604,2.134270299920494,4.0297450777159005,1.4588266456498,6.622827424759793,3.650290531218898,1.952636162483691,2.7502534560098484,3.198375540764602,3.3569621374641323,7.184427873529391,4.775119080908576,3.3735087124805188,1.804453816938965,5.418469778712094,6.339783401938094
Q5SUC9,2.1612435327470267,2.307293774791498,4.550063757888518,2.446486128325799,1.7566982481031064,2.35063716844366,3.803782883451538,1.5201169694597318,6.764115886211018,3.750087806728985,2.4379578623256353,3.4041862817928847,4.280554181159346,4.164897613955655,9.619303401926185,4.660465442998343,3.6877294400434857,1.8710368893813365,5.090598797939057,6.454424809706269
Q5SVJ0,3.1456828649718696,3.3408328993293632,6.621574451481703,3.6272035323876928,2.2239069797390645,2.4261636938834332,5.413213713278607,2.169388005661179,8.881919078187106,5.07248329298557,3.066475330461315,4.860081606163888,5.986616499576087,5.907882713730757,12.9955027696757,7.097820380363017,4.692577511568124,3.045057981685987,6.985532071932207,8.82725234066311
Q5SW88,1.9283406540441534,2.3752908396245203,3.724238844787612,2.1875669784515783,1.4461223977152704,2.257581266123875,3.2399567227406165,1.4273553704836848,7.082071954423639,3.0830698728075836,2.0507358768660136,3.0516471197567103,3.8323841502727123,3.5208409264214398,7.239294392402211,4.66294946524689,2.834773969373246,2.1950379906191,4.577030217086077,5.093418618688176
Q5SX39,4.267517977798652,4.6825824261539,9.11043194189503,5.213814664903159,3.57388904523915,4.320479983986754,7.964533994731435,3.4552684360869472,13.631121394193496,7.466088730008488,4.813346616467406,7.149174385021787,8.331043102804184,8.483905777380093,18.281048689407633,11.065015192415188,6.443243088327834,3.927154688630273,10.433220394685573,12.784805275288194
Q5SX40,3.0097491085078705,3.383466720632197,6.194944090676423,3.4982122706912686,2.927219562614373,3.3623404113587254,6.472682913834393,2.7406059344908376,10.431893413197129,5.868998834860094,3.410648650680827,5.824687530937159,6.850432465979868,6.15455936193481,14.038724326684411,8.064634940018502,4.8255375221444385,2.687016478511394,7.74057544973475,10.149974201897779
Q5U458,3.2674722954972326,3.379997626281825,5.797223923042816,3.493941704021737,2.0356508046867767,3.1501089159115017,5.034708841714455,1.825274912396035,8.651965692575578,5.09274562646114,2.9653065579850386,4.904012846796296,5.708766959754613,5.674153310132765,12.152725037424254,6.858608809904929,4.547246230502713,2.856309651416124,7.299868897377329,7.500022872499227
Q5XG73,1.9293666181963447,1.8082892189512794,4.058948680965691,2.0868855494287475,1.5694455756706835,1.9449578254138102,3.672301593485273,1.4282433054087926,6.035374257249233,2.93637866313467,1.9135649097777119,3.045739552780423,3.129974433870276,3.7218039870112065,7.972479330729388,5.282413724177915,3.072183104019495,1.996832841371745,4.35577781503802,5.7735067879093025
Q5XJY5,2.08003231665631,2.202758304023821,3.580789029849243,2.085896240995508,1.5035190242249974,2.2892276974962233,3.5436228398784153,1.5613040562948874,5.775845599677067,3.1766167145136213,2.3256018246720447,3.6195645507116057,4.568705568258641,3.282581634166432,8.576814649306879,5.097671061398445,2.936483975050154,1.9125381927503717,4.722546584609839,5.091829168685818
Q5XKE0,4.35545886892238,4.871608072412947,9.118145811293216,5.347482611968103,3.6677791326372344,4.497330353347417,7.547781639032353,2.810440129245875,13.876474363834996,7.5389483086679885,4.812507551344172,7.692625387769677,8.93098989429501,8.408629144005648,19.10094512512982,9.490457555094917,6.364405549222961,3.3184275443748428,8.656768593363227,12.561418675558944
Q5XKN4,1.7030622199697516,1.9217895088811456,4.021994430290679,2.342639726326954,1.5551567314938397,1.7168208593876364,3.2416280843585135,1.4282663845040762,5.68912461908558,2.9364512876168067,1.9136114376443074,2.8648332666057,3.932358399981923,3.6864888215543883,7.037488921143668,4.662711496907221,2.7118437186881024,1.762091891636583,4.355573377122417,5.0962868287900385
Q60597,4.2520781706510995,4.570524869572839,8.886935617366921,4.977738497377438,3.3270965671435384,4.3140117660075354,7.832774656010648,3.4013673580978976,13.439470304069816,7.452780545700946,4.755425956949773,6.769469351298936,7.940297561438476,8.074679371387633,17.60838218087193,11.264220215748914,6.827731744351615,4.270183758350254,10.520583477736738,12.72862886944066
Q60598,1.7031723188706283,1.8083841438764188,4.058948680965691,2.364163996732687,1.5694455756706835,1.7168959302289097,3.2416947956630158,1.4282759374901053,5.327678247971721,3.3265051451039755,2.167788071750351,2.688612039609543,3.5458014556797717,3.7218039870112065,7.972479330729388,4.663052412490209,2.711970622300932,1.7627048323912355,4.934485938101954,5.7735067879093025
Q60605,1.899091511664447,2.311516333632777,4.003326073137656,2.1659435632614312,1.5453261592470766,2.4540056512395103,4.607635299548787,1.9303373198157137,7.571753508218542,4.175289526999532,2.3062124999366835,3.2394408173083344,3.7749493022070664,3.9315067405600588,7.860298749241787,5.95524792956653,3.463258647599041,2.124723473454252,5.561646301580585,6.873518976419234
Q60649,1.750687544779918,1.8076274759608082,3.5816803211228128,2.086295628414377,1.384886278652428,1.943614440499368,3.352583227105192,1.4749825781960784,6.028392151090955,3.323160724597325,1.9656833536858862,2.687425135306165,3.223235085899197,3.583196896437767,7.034703108849097,5.291642675942041,2.8040809440774517,2.0004939778740694,4.943097474231922,5.779338760495116
Q60668,1.7163753028896156,2.4233537978538453,4.186640739993136,2.433260264921611,1.5251717333207984,2.3087305205565385,3.800004503362433,1.6710415842194082,6.286853933500926,2.966187912877341,2.569891338819832,3.1486201758411525,4.2035125891105105,3.8426042097695774,9.451295469311491,4.7072347689805,3.1990223988476365,2.078691893843925,5.854594214992796,5.145017665237739
Q60675,2.921822551783614,4.171549083663594,6.518249644939991,3.3363149270031145,3.0610318435663184,3.1258396550258642,5.910098335414329,2.254608700038969,5.509117881637237,4.132063796051436,3.054629093569131,6.363714910435532,7.407554177815557,5.203907050478398,14.037389405882537,5.683478000870339,2.804150969470974,1.8226194723478717,6.095664484275353,8.127816026508842
Q60692,1.7027031148000544,1.9801299543792759,3.5819210498520224,2.2852011417629607,1.3849825805230913,1.8799149680233955,3.549493280770916,1.5966119208985188,5.324077356208355,3.2152608821516697,1.913219145275581,2.6883528874956673,3.4203529547859173,3.2848870115164224,7.037328407417883,4.662225651551257,2.9693436427133366,1.762576655305119,4.769307021834469,5.096186814298866
Q60714,3.2100776596808718,3.4083845024344126,6.3098280282813635,3.2516024510947736,2.159412419112112,3.0293052753335146,4.572833225281996,1.8885982108174215,7.937975904073192,5.1716037027112876,3.4588662208287606,4.617839720309779,5.526575231805658,6.073370692822212,12.984660287295032,6.6028319089203125,4.231162163248798,2.8486454238569454,6.472462923543693,8.752419029794128
Q60737,1.711501287118599,1.8160429010194405,3.5978468958740404,2.095378962079216,1.384130082389008,1.9449578254138102,3.672301593485273,1.617999328067165,6.035374257249233,2.9492938030103475,1.9244196175138277,3.045739552780423,3.1478259278754757,3.7218039870112065,7.085191194772845,5.282413724177915,3.072183104019495,1.996832841371745,4.934485938101954,5.12770265065461
Q60759,2.9575741165904526,3.5005642839986337,6.591702322452585,3.6462523792263966,2.255900275781522,2.551608179802074,4.823544884479636,1.5601772204617157,8.68761932221839,4.372222774096611,3.521597003412894,4.95302485453197,6.062379679959961,5.711050115656693,12.281615727339227,5.093540660139323,4.0309746682883425,2.3099409188356614,5.72409736749336,7.581023184170509
Q60770,2.339107414361478,2.2504830472405626,4.427233389539061,2.831673115086163,1.72283917334379,1.9110354225771065,3.599011552730781,1.5857210594328022,5.338028943309358,3.61955060492671,2.126646331086048,3.9990339698663777,3.905428623772788,4.85205396415075,10.467965286914307,5.1866845487266335,3.0032081982831693,2.1877281673308215,4.857741828550874,5.6405089507178054
Q60847,3.256457146161366,3.1434986591114122,3.9400990423342948,2.770737558410908,2.0969431872533524,3.2835323565692454,4.861293403232627,1.9212704487526306,7.11159339117277,3.93976850419188,3.4962246425468293,5.496296829802121,5.481264715048472,4.92489214351617,12.226706099529073,6.198720835402364,3.5857082278525585,1.8869239749394875,5.810429223499114,6.6978091822975445
Q60864,2.6983911857804537,3.051284795460725,6.033802091978518,2.825102336245365,2.1966354367822487,2.7159874695033173,3.882101825746302,1.4801561011584394,7.778372354088605,3.494762130103465,3.2274858787245697,4.25564986606045,4.976612820766013,4.8577072590209305,11.130573006133677,5.5405781890330665,3.958640740958448,2.3696558791267175,5.8302250358171595,6.020715421283363
Q60865,2.1239620056736754,2.7295575887669647,4.520757721630979,2.0875696854767365,1.3875166892800612,2.6097999851324105,4.103391247790222,1.6208603707006486,6.744952197033658,3.298446568292685,2.415508048676096,2.9268649901692116,4.367329931676395,3.6684487654616853,7.055984218774069,4.672853086801536,3.037349826934905,1.7687434929305845,6.056727983889368,5.541596925232972
Q60930,3.918533894864069,4.137193729290935,8.01846831099132,4.610289163908708,2.957962048190292,3.7927632018087145,6.7950944805847575,2.782877883059733,11.775387735083436,6.639959246580344,4.279641311266987,6.054581751692856,7.157070435711939,7.306516398908512,16.174808795988312,9.34827459326321,5.865359220509782,3.623387518242818,9.121861741433133,11.193262013393163
Q60931,4.20216336774541,4.47436418680967,8.708267041609428,4.88486544237385,3.2260117931593832,4.122323496352759,7.1580778989948675,2.8841981956547524,12.898396419217288,7.13740747695224,4.635808242182225,6.540020416399794,7.756418662848639,7.98782324270478,17.294999863150984,10.52167753208602,6.508395589779434,3.9212092024295404,9.888752875573054,12.083943172071615
Q60932,4.260541056983482,4.5592387611178244,8.964174765218281,5.137598118374116,3.421094223127404,4.284095481927058,8.00448908407056,3.4086557041699264,13.257868694497043,7.365322287508894,4.789437402518741,6.745423874493635,7.912875393634888,8.15874749052357,17.657407414886336,11.37725537260246,6.728510620466718,4.375305443755619,10.78071609380761,12.681187520592177
Q60935,2.042926443108939,2.7358802484136677,4.298633684687178,2.5080820126981753,1.6603703661751015,2.8250096601142203,4.426387757882157,1.722051875245438,8.06091136102935,4.449202204083363,2.90031027584362,4.057890309175957,5.140856934295379,4.505627124468556,9.642415050235702,6.358919472560527,4.104840478901158,2.1099151640886413,5.940885880194954,7.707616834499819
Q60936,3.827403144573102,4.107354621173292,7.756589956073983,4.339149032458348,2.756119575320291,3.7358218806367423,6.159201526340185,2.4199894800767736,11.326036238687937,6.3381509740669415,4.138683156926676,5.812150743845065,6.988868283449449,6.938841155923621,15.528101765118704,7.910141777487696,5.665864031624427,3.0610986601560333,7.554346073737158,10.543375762552103
Q61029,2.4693930431397306,2.9096037091081675,5.177278843594403,2.6302121782978616,2.224955516413993,3.1625293763837887,4.7483106182075225,2.094101210351555,9.813605280597907,5.408945173320076,2.9423261196022894,4.132609551670124,5.0493404964014506,4.779161318275929,10.790531559046013,7.23066846993874,4.863016480493257,2.4140070825906874,7.57733040542867,8.863768788050745
Q61070,1.7028820085999192,1.8080615301289062,3.5825375860635575,2.086695346610619,1.5543812931395997,1.8362963188514785,3.6380000082380524,1.6028862061002493,5.32755994634829,3.1406589247225947,1.9134584578577456,2.6884468439180638,3.3584486398384166,3.285146173041487,7.551230010788884,5.229006346319017,2.904691073163572,1.8879677195489037,4.3557958812054025,5.458741572319715
Q61081,2.5847952379952015,3.46000079765956,5.9734527647288145,3.1611227217702655,2.4913254637141655,2.5873854037524553,3.5194482441701163,1.5543859720154463,5.7947226090689385,3.195720074595844,2.069275051345196,2.924286664439328,4.1188027797134845,3.5614139433390877,10.613141701443503,5.084141490681435,2.956870552305479,1.9218829173311942,4.749272965549959,5.556801670567511
Q61102,3.0982044846375265,3.1930338742250624,5.912403591664913,3.1336109288400626,1.7923822630942783,2.82430074187632,3.349016639278271,1.4755614521560205,9.086501149302585,4.832567639418186,3.272528169533654,4.595864182015716,5.348324964977085,5.820817198782852,12.835871645140205,4.826811027428713,4.6031094291512495,1.8246080829583133,4.50889165150144,7.066290801988476
Q61147,2.07274587787975,2.2008627959084257,3.853485624750154,2.2419676445549914,1.3843790534334297,2.0508475012023903,3.868661704950966,1.4279928002560247,6.341862916041115,2.936385253638075,2.326032312981425,2.8904885884190388,3.3572693814346954,3.940939619809781,7.557003431946141,4.661763378825955,2.894863162591038,1.7623206893185903,4.652479527630982,5.416818287880863
Q61151,2.172111781204714,2.306291888575567,3.6444843222007677,2.1202011675757637,1.4103680266919905,1.7536788067774032,3.672301593485273,1.617999328067165,6.035374257249233,3.3265051451039755,1.9395534743587461,3.045739552780423,3.1662917275812634,3.3323728280500196,7.127302538060676,5.282413724177915,3.072183104019495,1.996832841371745,4.934485938101954,5.7735067879093025
Q61166,2.1120033640485887,2.2424703320047534,4.4431748677781515,2.132788635885477,1.4156501322119055,1.746432257801742,3.3019229008119284,1.595321243901203,5.9507816848020685,2.990174112511235,2.367491380855218,2.7410778772167244,3.190310356671792,3.3533972570382913,8.706928664068172,4.751361984810078,2.7636264059540268,1.7969012902984773,4.863347374126149,5.690272386768333
Q61171,2.634797003230667,2.6288966187945855,5.204313016222059,2.2948583437260126,1.7031261187025177,2.4852083774771865,4.000075784552251,1.9176479139734544,7.150672832341049,3.9419481022646163,2.957735367194421,3.90633687717864,4.546812141552923,4.741466309625199,10.219891447758002,6.272046986968137,3.9314076945145984,2.3709068261098794,5.858498602748515,6.853621971143526
Q61187,1.7034081241981534,1.829695196620607,3.583173470724543,2.0871493028237813,1.4017744746830982,1.7370071449525983,3.2446096115541496,1.6140451694819258,5.327915102479341,2.9422719824733656,2.164946356187346,2.6966542239564393,3.163697719703123,3.286238028203061,7.0400295093880105,5.269481827574863,2.7437216745334134,1.7648052304843558,4.365212368313826,5.105980143392233
Q61207,3.685108606764356,3.82163729235408,7.7531882670311045,4.35449104864863,2.8066728681543,3.4011216834816334,5.658741851666511,2.4933928859173498,10.295456094549902,5.418957667454382,3.998269015404958,5.3416517422310354,6.624874557474006,7.116818956137289,15.072067064038189,8.144342601761416,5.0106492246244505,3.3393090628736957,7.6072027414690755,9.167872535885214
Q61233,1.7031273846252082,1.808336433861387,3.582992773972383,2.364163996732687,1.5694455756706835,1.716928194544373,3.672301593485273,1.428302777990222,6.035374257249233,3.3265051451039755,1.913615028332032,3.045739552780423,3.5458014556797717,3.28542265494619,7.037706526372663,5.282413724177915,3.072183104019495,1.996832841371745,4.934485938101954,5.7735067879093025
Q61235,1.7017076978853027,1.8068825469648409,4.058948680965691,2.0854738119595964,1.5694455756706835,1.716649917479242,3.672301593485273,1.4282263308776857,6.035374257249233,2.934518843687378,2.167788071750351,3.045739552780423,3.5458014556797717,3.2823493035241187,7.031121182107003,5.282413724177915,3.072183104019495,1.996832841371745,4.934485938101954,5.7735067879093025
Q61292,2.3279421109154006,2.4661797379896466,4.0046601783756985,2.8542191627790343,2.1747299240554225,2.1393927878018895,3.606123502057372,1.5957042020216092,5.954429355538928,4.006794136767885,3.0204408345886864,3.9909056156473595,4.305645424773005,5.204147922333732,10.411690679465618,4.998299268688434,2.7235093777170363,1.8894332500006361,4.826209992039129,5.109527553597152
Q61316,1.7030825907576068,2.048551377575414,4.058948680965691,2.364163996732687,1.3853098518195779,1.905122893714368,3.672301593485273,1.617999328067165,5.327062446366733,2.9362617569996625,1.9136323965001598,2.688574717143161,3.1300226598290877,3.7218039870112065,7.037529342593603,5.282413724177915,3.007453146198755,1.996832841371745,4.355304893348476,5.7735067879093025
Q61334,2.3988829313969453,2.399402312518667,4.487003711571622,2.77367160104376,1.726799888094665,2.119919487187506,3.239124391582848,1.4290005832578454,6.103378061750585,3.868457542026217,2.687162618059722,4.376743813876352,5.071813744204321,4.610347689290284,10.406597680839695,4.664224717908799,3.5564874123686896,2.0107488155255555,4.359455625102485,6.327446729003675
Q61335,3.1638600300486686,3.207746919835275,5.127956661555833,3.5011860591578183,1.4574938177111283,2.696109328221927,3.400105476835856,1.5088367682190482,6.68545313119568,4.170573447493111,3.4158453647700906,5.278907384112643,6.145619860994971,5.852790616955875,13.143210614087034,4.93058300918753,4.269298411558124,1.875769318260524,5.4645146081669385,6.392324782832431
Q61425,3.5255234663857,3.752895850565696,6.939760495771893,3.8378117246235113,2.4474533476335116,3.644553587118667,6.660707998043443,2.7381898912725684,11.590574125983238,6.1656270262205535,3.966761254835423,5.460137405244336,6.35193451553896,6.476012523715221,14.448831690432955,9.577781270277539,5.435570484162819,3.4838639971667744,8.84269861894021,10.064414917378551
Q61475,1.7031532062105526,1.8083638505502264,3.583047096716845,2.086971679237929,1.3854320060099996,1.7168932750372259,3.241689782359116,1.428273728651279,5.327670008679678,2.936441211413218,2.167788071750351,2.6886154459790808,3.1300432610572035,3.2854088516038837,7.037676958221946,4.6630195840754,2.7119515297219383,1.996832841371745,4.355888381365848,5.096529091916804
Q61543,2.284974723023658,2.679337825156075,3.668108508980995,3.0928087751942672,1.6448814807598373,2.5468421547077322,3.7833505422717986,1.4516363449440404,7.152609338614257,3.489602385847009,2.5728484105265133,3.179419260028587,3.7003022892211925,4.879181534176269,9.449759751213543,5.0896631869951285,3.645353969291419,2.3508177136376247,5.791976664903015,6.766895463626273
Q61554,4.530467254466997,4.918415830753726,8.966484501924615,5.253891254463454,3.521728571495127,4.749610135909602,8.692121909352093,3.7632367208856685,14.274957626351377,7.836334693760623,4.972662819752506,7.207121521651334,8.254658337164926,8.584613427081006,18.205461851877146,12.08050002230398,6.959306374074581,4.397759716566506,11.433258982634639,12.902474813287906
Q61555,1.9293666181963447,1.822810506153757,3.6194868036795436,2.1078831766421664,1.396790436388082,1.9449578254138102,3.2669848476844856,1.4306030974005741,5.336358894973549,3.3265051451039755,1.9335202570438068,2.717181213156204,3.133406354013468,3.7218039870112065,7.972479330729388,4.708592285933075,3.072183104019495,1.996832841371745,4.396104108513612,5.144321945531053
Q61559,2.391558067207597,1.9579733509727533,3.8585310779366204,2.0850578091728993,1.4889304538005121,2.0804125823873685,3.238636112467145,1.4271027591581285,5.88578279073802,3.2440551160249167,2.0703779519555217,2.969882527990009,3.127905147664959,3.9793855079749902,7.567579949589933,5.15236046595008,2.996545820873443,1.909033504144214,4.352184924374919,5.6313627968524536
Q61584,2.804516958811637,3.093522219442218,5.416361862837691,2.57838023423748,1.7279408990137757,2.9314756157631607,5.7132581510823295,2.066851482410706,9.362905824751149,4.682032743081812,2.749055981414509,3.842207717353915,4.977718168162853,4.7128778692469,8.759507708328881,7.7362506257269965,4.3260054181434535,2.8063714271136453,7.4351566449359785,8.128313619892669
Q61586,2.0391749597379536,1.8165374122690736,4.28996046423994,2.1085005254816553,1.3909664222176032,1.9449578254138102,3.672301593485273,1.617999328067165,6.035374257249233,3.3265051451039755,1.9202501891730748,3.2150233627993665,3.742878969888178,3.9286638146973245,7.106964798847795,5.282413724177915,3.072183104019495,1.996832841371745,4.934485938101954,5.7735067879093025
Q61598,2.505712537714516,2.3914931675399567,4.734219493896355,2.5858395210171903,1.8266795691211422,2.3890050385451183,3.3849228281640413,1.624984660620726,5.323814297481222,3.6151692156104467,2.3747676722642055,3.335331309184558,3.874747181416062,4.5959209647073695,9.30135596055421,4.866155487839526,2.8548302069277085,2.0132789650765797,4.963772818328218,5.795681352187202
Q61646,1.9158330671199921,2.034181804452569,3.881027952784705,2.347580557431469,1.5584366924135704,1.858033122214203,3.6448980006359775,1.6059254300802883,5.990336850971878,3.3016819680617546,2.5733740365269075,3.0218764746873945,3.518020440404839,4.445545757680466,7.9100157176832315,5.229504444450817,3.041411755217442,2.37163922670884,7.011323922444035,5.715678662056603
Q61656,1.707865287946045,1.8133670165838105,3.6155631254661458,2.107545380747271,1.399168071633114,1.7288437308691935,3.263900805309005,1.4380327710350118,5.369209210466068,2.964190445948114,1.9354905930395523,2.694591503060894,3.531268842879842,3.321390184936947,7.123579839488146,4.693676808692721,2.730615410874942,1.773534248110082,4.384671201516185,5.130600112762949
Q61733,1.9293666181963447,2.048551377575414,4.058948680965691,2.086870159105843,1.3853646120718615,1.7162813326843613,3.24053436559471,1.4277646572962022,5.325771098032289,2.935394592633771,2.167788071750351,3.045739552780423,3.5458014556797717,3.7218039870112065,7.972479330729388,4.661537191405082,2.711089389429059,1.996832841371745,4.354503626939487,5.094908884831311
Q61735,1.7030711228467448,1.808276092209346,3.5829853939303358,2.08689304838474,1.3854357495861651,1.9296875605223998,3.241763140855603,1.4282405063554215,5.987989289604813,3.300388067363449,1.9135553560746965,2.688602268397936,3.1300228119304494,3.285368818835511,7.037591805699283,4.6629734952986714,2.71191971099236,1.7627051422301188,4.35576075621948,5.096323785514351
Q61743,2.9787486392276867,3.3508520353747806,6.803875731480429,3.4169369904515476,2.4991712332243727,3.1726941259265127,4.50425289759015,2.1152736926609017,8.333082480796973,5.1287992628581405,3.4539800213281544,4.712827815132015,5.799521473091077,6.241676840894462,13.370301009077178,6.920378871665361,4.248150244080478,2.760868133348678,6.472551324829478,9.18399580173624
Q61753,2.0168552416392043,1.8147166531925176,4.243004852236486,2.094463697851732,1.3903629505446784,1.9449578254138102,3.672301593485273,1.617999328067165,6.035374257249233,3.3265051451039755,2.258736091614986,2.695957411064602,3.13811534899599,3.294318598306395,7.0556979529805215,5.282413724177915,3.072183104019495,1.996832841371745,4.365441525264096,5.7735067879093025
Q61768,1.7015469413054949,1.862793130158557,4.000253290663558,2.085003180170167,1.3841251603149625,1.9229642990666311,3.6307753142026247,1.5997030388692273,5.967126421225511,3.288889121971286,2.132913517885875,2.6861100444677026,3.2306368729091473,3.282350566769221,7.2638544533009215,5.221083643782471,3.036514327093401,1.9736491368964484,4.877195382099342,5.706475000178359
Q61792,1.720982146995624,2.044896817477366,4.05170762660315,2.359946392281913,1.3981248893127196,2.4796386193189126,3.6607251910621126,1.612898817974166,5.368860989192134,3.31601881623307,1.9376180807253565,2.7117057842747023,3.536675590570062,3.900090256686547,7.951960479950068,4.693741667083428,3.06354751560443,1.775876881696117,4.920615609362231,5.757278058486653
Q61830,3.197328409543843,3.65312768898954,4.447360040804261,2.93260235004899,1.9468660470490526,3.5605628234076696,3.415828187050275,1.4996100287788623,6.624487463031635,3.6462396959706127,2.934996871480795,4.1199031465261475,4.410298405904579,6.165528615296712,12.171683306671794,4.921593048188455,3.8012082367443285,2.7063326109534382,4.5700665780508904,5.2749775531951055
Q61838,2.1669347331114706,2.308529532356285,3.9092833934125593,2.6564969969849987,1.5115755354597145,2.2044099465643656,3.536091106160084,1.5579856087803752,5.339941256790201,3.2031207020320407,2.4531355372026855,3.0591756986660594,3.1464509636133458,4.195397008147089,8.975715653422858,5.087964849223256,3.071527113511712,2.2516489227112344,4.752844497418923,5.560980477386977
Q61878,2.2575178288959936,2.396973812374374,3.816666652760243,2.7662665678581306,1.5694455756706835,2.2765863559883357,3.672301593485273,1.617999328067165,5.614427102383822,3.0989429640454214,2.167788071750351,3.5631541929055084,4.148167335083584,4.354069430981144,7.428225761588332,5.282413724177915,3.590147749066445,1.996832841371745,4.577668850308079,5.360788185892465
Q61937,1.7029013525563113,1.8080964388797447,3.5825172538927608,2.0866630684554126,1.5694455756706835,1.716688704688765,3.672301593485273,1.617999328067165,6.035374257249233,3.3265051451039755,1.9133451780418482,2.688247602625833,3.129615023686671,3.7218039870112065,7.972479330729388,5.282413724177915,3.072183104019495,1.996832841371745,4.934485938101954,5.7735067879093025
Q61990,1.949754075635709,2.070198250507067,3.5828950557267407,2.086728189225679,1.586029777229689,1.9430323960045457,3.6686661637626354,1.4271807579768023,6.029399481375441,3.323212039848549,1.9128258550550472,3.039955998815677,3.132012850120194,3.282295740912766,8.025484510341176,5.275600237327645,3.068220468702793,1.7611434072995669,4.928121223634737,5.766059867877403
Q62000,1.8764733476486841,1.9925544340201569,3.9442793615850436,2.2999213761460666,1.7366116178119282,1.8993911692401635,3.2407918379095575,1.574986141795307,5.322843957595218,3.2474258446515454,1.9138098978101021,3.3768722784299645,3.931300898519362,3.6263566002764427,7.772319851229026,5.1459378092957895,2.9928104873144834,1.9452428669542654,4.3539627326472585,5.624343041542446
Q62086,2.133613167978559,1.9001949601068195,4.135141338758704,2.6200354344046373,1.3848900551708117,1.8441976846792238,3.4820549873406406,1.5341775413557606,5.3277166204849795,3.3716976896820743,2.398490391925778,3.382960631945652,3.9385484099191466,3.7958148449297204,8.115594200798222,5.014680241345147,3.1043331978319166,1.7627015925422884,4.684386802521096,5.480882779038027
Q62087,2.590426105638723,2.421873306557521,4.795495040865767,2.79845872503044,1.5952605394469062,2.1417526472738024,3.4056680101472065,1.7834609440760372,6.660512925489011,3.677749001922137,2.7256498377529224,3.8696797294276806,4.762179390413172,4.397980269873102,9.422148315107686,5.384833329500408,3.4018295140192514,2.210534122167527,5.457947324730414,6.392694226087528
Q62147,1.8984817714633282,1.806742572307407,4.048737497663725,2.3263190158969222,1.3848247682389863,1.7155874170811782,3.6630813236795765,1.613936919256113,6.020220877927417,2.9350724077079304,2.1589895921987097,3.0071435009409577,3.500868547128572,3.2828276810002404,7.0321258125287915,5.271405560409632,3.0657808991750684,1.9926715878078496,4.924202830387332,5.761475222121924
Q62159,1.702857578922764,1.8080499611722636,3.582425164120671,2.086609430102047,1.3851915276403153,1.9449578254138102,3.672301593485273,1.617999328067165,6.035374257249233,3.3265051451039755,1.913255101307313,2.6881210449255044,3.1294676872285545,3.2848047080845526,7.0363828219005615,5.282413724177915,3.072183104019495,1.996832841371745,4.934485938101954,5.7735067879093025
Q62165,2.0380825969043594,2.5022477790506406,3.980471209069239,2.495830605491196,1.9170335433377488,2.058922434275116,3.2897295249647995,1.5870641761674864,5.397897732131413,3.262904412907267,2.2936750313718792,3.223650087372053,3.171539257541313,3.3260997565749446,7.824551364242829,5.186704105325706,3.0165196347641285,1.9606531477433353,4.845080262396229,5.66889928025002
Q62167,1.701552657216887,1.8067281544759644,4.03789718236237,2.086010626655628,1.5613057385007392,1.933640038184222,3.2389312750070642,1.4273047742157259,5.322738373533739,2.9351022260425355,1.9118255059697928,2.686765096778176,3.1275578719605535,3.7005394270959817,7.031634955877834,4.6596250596417725,3.050860468415785,1.7611968342101187,4.353590788565738,5.733435484466136
Q62181,3.45693136369809,2.889110868407791,6.625230558907666,3.9987076593800226,1.8487183270052185,3.649877231651717,6.455726813304474,2.4469965359540486,11.123775296110793,6.724870869182023,3.4079285150993264,3.966542336354875,6.182189634458234,5.847356938186618,10.3473993927785,9.018774981791386,6.200286437785295,1.7904902448378774,9.588201900259216,11.200461851039766
Q62186,2.8799471102501615,3.166586088253649,5.28323669250169,3.0755091211096586,1.7575622181144666,2.5112985335783202,4.077280744817194,1.4485080507521542,7.289822617327696,4.943314254080987,3.12017441658395,4.533864857761557,5.476870903311429,5.339061092493449,11.893215334141393,5.85416224461923,4.2048864178982734,2.42029604167623,4.959319359177197,7.448994722377166
Q62188,2.1853660248507882,1.928592021420073,3.8184673286890045,2.677900385361525,1.55745515624111,2.537607869482529,3.6492392716003077,1.6078381742611325,5.997471666660312,3.3056144501391396,2.883943728196302,3.024994935883063,3.521650903238402,4.204492106063555,7.47778475753322,5.251001233783357,3.0539140082454117,1.9849584415756762,4.90514244093829,5.7391739552332055
Q62230,2.8059746129833547,2.7019495135161264,3.968984009128975,2.7074227238047794,1.5346595590740888,2.8477029891374595,4.179378622138052,1.5815244239538722,5.899317527495224,3.251515029783602,2.044509472643847,2.85132277744218,3.46509294090574,5.422262298358303,9.02854783416268,5.166407156750087,2.8685794391700643,1.8647768354204344,4.826120178509888,5.646715374086287
Q62234,4.3174940068796825,4.7292328808581425,8.828416896640332,5.2076223536094925,3.5821209648367485,4.2742898803624945,6.513720462039876,2.867406690447871,11.788963283625058,7.173493292374254,4.607964841637438,7.547534038214945,8.761206527042878,8.265243413510422,18.879892433942473,7.637552169792613,5.7955998270425715,2.830272725109252,7.755181980837896,11.703421967204266
Q62261,3.8424684771619138,4.507151279202548,7.373813335718042,4.493655826719167,2.857775792712312,4.40370321831045,7.47698875429505,3.13131012113094,12.522716711952533,6.770211470350636,4.350277210162386,5.622162291614822,6.438287594763364,7.278777945414688,13.171423642192378,10.404996505813081,5.790695736067319,3.3586688413932193,9.878003944030418,11.012410941101285
Q62283,2.146181342381247,1.8255312466351357,3.6152479747964983,2.629839560954204,1.5694455756706835,1.9449578254138102,3.672301593485273,1.617999328067165,6.035374257249233,3.3265051451039755,1.9301115309176322,2.7154360696617803,3.1596797093040574,4.14182840907523,7.104920713449716,5.282413724177915,3.072183104019495,1.996832841371745,4.934485938101954,5.7735067879093025
Q62351,2.147893928884713,1.8131339561272195,3.591373641344528,2.092664470299295,1.5694455756706835,1.9449578254138102,3.672301593485273,1.617999328067165,6.035374257249233,3.3265051451039755,1.9200850528388365,2.697668272402822,3.138851399399075,4.151694400358789,7.061027203700431,5.282413724177915,2.718290626493666,1.996832841371745,4.934485938101954,5.7735067879093025
Q62425,2.194601599626531,2.3301709938088195,4.616942774917853,2.4467112969096108,1.631238638064938,2.2111488967764745,4.174900612735823,1.8394421629577542,6.861388435356157,3.7817777257730425,2.4544649398327714,2.8481490251710433,3.6684870909743124,4.213990065769146,9.026791528111264,6.015850325537305,3.1861383821604767,2.274083047268185,5.619614514709315,6.575129193414576
Q62433,2.6774356340807413,3.0495318407226026,5.632258195872922,3.2853416732217493,1.7458663144034043,2.443991727185137,4.586613739854306,1.7781088375638674,6.624031820935773,4.172072094605322,3.2231608742442877,4.227137559968979,4.891930684995524,5.169838858784963,11.02229479485918,4.901581957479634,3.372048578809149,2.190946796035188,6.166975631550928,6.341006305953048
Q62446,2.800270012830761,3.0320628065561577,5.8894705375689345,3.571525564036755,2.2789855095874674,3.013415861998385,5.956270348451324,2.48621740062183,9.816271028613205,5.566041413474059,3.1481706794655535,4.52808404474126,5.6484599859586995,5.743545348533946,12.499627346630312,8.311330629920912,4.916619410454484,2.980051789630197,8.129640201283872,9.536903553134993
Q62465,2.9978536522173944,3.0490560519078063,5.750469776177322,3.1855681615971916,1.7961832394632657,2.8872130076073095,4.211314014574584,1.4687574665688166,6.206759272803554,4.130556938865752,3.215755451748012,3.786926618874674,4.407725886951242,5.2678714222847125,11.315952616811726,4.792461220251142,3.150442084294216,2.678051334946843,5.076435522756802,6.580212650492448
Q63844,1.9293666181963447,2.048551377575414,4.058948680965691,2.086567020077866,1.5694455756706835,2.0083724947454566,3.2410572217556646,1.4280276440454143,5.326538156306547,2.9360155914841717,2.167788071750351,3.045739552780423,3.5458014556797717,3.28483217884452,7.972479330729388,4.662173785400797,2.7114784506180376,1.7623523360939317,4.355241061818038,5.095649020510609
Q63918,2.2024064152915455,2.3417477229570154,4.351015824348938,2.699776728919482,1.56728895872782,2.3699309323724953,3.6831741351663214,1.6065532401293918,6.519357951300199,3.5950597937747393,2.472430527995271,3.258892710527103,3.2556715436304557,3.9787282928384293,7.9143466429733875,5.283685340781329,2.709677653816436,2.294793079642473,4.936609490630158,5.3215718988793785
Q640N1,2.8597326989661562,2.2478469096578437,5.590505511560232,2.955779330068321,2.1728266979175346,2.4195604831471567,3.3718058539542635,1.49651299120432,5.536459262637275,4.146960099860285,2.7183835719918754,4.517582212382368,4.437850765550123,5.520352347378714,10.989737484142857,4.865290295343217,3.837670459718729,1.8341914198087343,5.423261623165876,6.350387744606603
Q64105,3.3409117949986538,2.883378786665478,6.428973239139997,3.55886633107104,2.348997546423048,2.4865790766344835,3.495509692443576,1.510309955435009,6.795601125523472,4.262010778767476,3.9116744306021403,5.284821438349654,6.152171540182215,5.932908613528377,13.864990901499546,4.93394349430326,3.46091290915242,2.2489843069163316,5.557260292954026,6.484699803916713
Q64133,3.1287526109977493,3.525814743825179,5.181919162707214,2.7601749317434248,1.8354806260123133,2.6440662880898627,3.874045713714909,1.6865579670271973,7.092062297603774,4.790857374659384,2.540656806985596,4.580370986821075,5.5433460286306575,5.088072695496271,11.511604710403025,4.841954927172439,4.195459768214465,2.334327819987372,5.1859315332825675,6.775110687417728
Q64152,1.7031769037610163,1.9248977657990731,3.8137278582004894,2.08666543022074,1.5343927414268148,1.8302271869665614,3.460453250146166,1.428294255100671,5.680095900077785,3.122692277613116,2.0352706224892634,2.979002544969933,3.3290819154487683,3.493517810781182,7.037744227659939,4.663110451371952,2.8828215486497792,1.7626986499815318,4.637580986147841,5.096530824857435
Q64310,1.7543147320913053,1.8647868586344973,3.693972713971219,2.150386796634178,1.4276239249287757,1.716338816374008,3.672301593485273,1.617999328067165,5.325949474949347,2.9354929082819923,1.9706598858638413,2.7675434366796248,3.222883337728353,3.3857550743440092,7.245245867489496,5.282413724177915,2.7109362585429273,1.996832841371745,4.934485938101954,5.282564965777261
Q64314,1.7181659200141766,1.8239398687780906,3.615288473686085,2.105012482203,1.3841423946692808,1.871396352518456,3.238671622341086,1.42731401718242,5.391893473613748,2.9725158280252035,1.9293398938328654,2.6860894313600934,3.1271025038980764,3.3130678286332556,7.101286571390932,5.122239291551166,2.7111526994190256,1.7619297308516086,4.3535968745184235,5.598441330656809
Q64337,1.8455178978831306,1.9595229835493233,3.8825500382680462,2.2614193323091234,1.5012387341714541,1.8622521051817573,3.2416933307997975,1.4282422787318398,5.778731173119844,2.9365105957611353,1.9135524216965296,2.91628866587777,3.3950967958543967,3.5636188176468044,7.0375253251410115,5.279216540327652,2.71200349715598,1.7626090101702734,4.355717155626636,5.09637920586381
Q64347,2.277718614642045,2.048551377575414,4.058948680965691,2.791019753652944,1.4512752867324346,1.9449578254138102,3.672301593485273,1.617999328067165,6.035374257249233,3.3265051451039755,2.167788071750351,3.045739552780423,3.2736161704601727,3.4385555559816554,9.423227056202188,5.282413724177915,3.072183104019495,1.996832841371745,4.934485938101954,5.7735067879093025
Q64433,1.7056554728041398,1.8110206922458425,3.5883112966846875,2.0867813131782196,1.387467477753636,1.7197474022411388,3.2412591671350657,1.4306480608027572,5.327072108560811,2.9413226894095734,1.9133798635828219,2.68834266639835,3.1297310813169923,3.2899997436043376,7.047511111689179,4.672070492378667,2.7172154202494934,1.766113803938649,4.364343148841767,5.106421440993229
Q64521,4.453191010211041,4.768567575500614,9.382643807339837,5.255833585500227,3.5411191503281816,4.462678686462619,8.30652506512651,3.4743484683193477,13.891860981149588,7.5979089322978846,4.986176274686628,7.007809423630493,8.207612361695288,8.564603260369285,18.28415974560777,11.912173675488097,7.050269027656558,4.494392993767083,11.024467264511904,13.17205136312915
Q64727,1.7394762274165787,2.1141011241751446,3.949124342303333,2.3001960168840845,1.6316013026016285,2.030390883057035,3.564953568685665,1.4427100024922495,5.490948613701624,3.4768884727100193,2.1109968887452966,3.113919428702794,3.614552843701786,3.341578564373903,7.763618262354799,5.131806618044792,2.7845946086004694,1.939901061436734,5.148319428749193,5.133321198154112
Q64737,1.7029597826795113,1.8081584784673714,3.582640177586607,2.0867346662493684,1.3852746654080839,1.9449578254138102,3.672301593485273,1.617999328067165,6.035374257249233,3.3265051451039755,1.9134486781614233,2.688393020165497,3.129784316469224,3.2851370538137363,7.037094739955844,5.282413724177915,3.072183104019495,1.996832841371745,4.934485938101954,5.7735067879093025
Q66GT5,1.7028718713046134,1.8080651364521974,4.058948680965691,2.364163996732687,1.5694455756706835,1.7166724468627335,3.672301593485273,1.617999328067165,5.32698475953844,2.936063524016075,2.167788071750351,3.045739552780423,3.1295648391817115,3.284906682357823,7.972479330729388,5.282413724177915,2.711599360182634,1.996832841371745,4.934485938101954,5.095867265080049
Q68FD5,1.7031184288571852,1.8083269248594445,3.582973933072753,2.364163996732687,1.3854037163304433,1.716923226723,3.672301593485273,1.617999328067165,6.035374257249233,3.3265051451039755,1.9135619121015555,2.688552113710974,3.1299695306398276,3.285331461438421,7.037511180685915,5.282413724177915,3.072183104019495,1.996832841371745,4.934485938101954,5.7735067879093025
Q68FE2,2.172089526782275,2.3062682594076764,4.569582492265913,2.6615863509131192,1.4284461629502396,1.7676149794646383,3.672301593485273,1.617999328067165,6.776944213122088,3.3265051451039755,1.9882239970316198,3.430045024627183,3.9932037623727314,4.1914139495714595,8.978431211344896,5.282413724177915,3.072183104019495,1.996832841371745,4.934485938101954,5.7735067879093025
Q69ZN7,2.9184826529900367,3.27233075171563,3.888908772099143,3.062443848896619,1.5036974217436536,3.336245281446924,3.5208162308894857,1.5512555684242175,5.786410267095861,3.0545860810334204,2.7995942788157295,2.917698410205664,3.3418248321493738,4.214417937768788,7.552625555090602,5.060532241675983,2.8236940289608925,2.587166622005217,4.709720396462916,5.5309975275170515
Q69ZQ1,3.222385253805749,3.170210233133424,6.4493212204105275,3.773570434777747,2.1095987381494288,2.723115089699604,4.084761781314988,1.7852782579124142,8.078149902959957,4.6631666630714825,3.2650080017439116,4.981061132566218,5.666635619947841,6.061163168799612,12.98084837823329,6.299582337949714,4.617519008406532,2.535156755870658,5.885608075558558,8.149529770157642
Q69ZS7,2.255761175879838,2.3951086438147913,3.7819312120639252,2.2051754406215784,1.8349516177303464,1.9449578254138102,3.672301593485273,1.617999328067165,5.662794588718534,3.3265051451039755,2.53697689885214,3.5644493970691213,4.149675191132716,4.35565213230429,9.330245955410863,5.282413724177915,2.8824307771918005,1.996832841371745,4.934485938101954,5.416280854002837
Q69ZZ6,1.8319697424984243,1.945137903951081,3.582997738436619,2.2448179975080653,1.3853758507554632,1.7169058847714842,3.241739145103746,1.4282972495680453,5.736503328600812,2.936494136986465,2.0582077054795396,2.8917792740481523,3.3665633524258705,3.285361044943519,7.037561488330006,4.6630904828023345,2.9245443509040783,1.7626985948595473,4.355954113651018,5.096602859874371
Q6DVA0,2.4456073283659983,2.599894869784848,5.466756773809624,2.582962339444682,2.115300380584915,2.3045665012691345,3.6333828058611255,1.9143468558971128,6.6032002743977145,4.904018606560633,2.7592129965447545,4.325424575910246,5.0242852290648,5.27577146637248,11.764179309422362,6.252975261299277,3.63573242916917,1.7702805640359287,5.8381250883657625,7.313612348234619
Q6GQT9,3.3695044215900203,3.662572586900561,6.883818658741209,4.139965754810555,2.3189485499231806,2.9813376925008916,3.9424805629760713,1.5183364868527864,9.611569173223307,5.100579651625108,3.791060147858543,5.3217744859210505,6.195206919029343,6.321984052627626,13.535340568546141,4.999043359608297,4.530170166177685,2.4150340985242993,5.932584131325743,9.18319308030431
Q6IM74,3.2253675338448935,3.569664492934224,6.916963546393676,3.7018221219115515,2.5207651310779977,2.8835344830090404,5.441842522988954,2.395482190380519,9.847692963535314,5.4212162654284235,3.5579401069657757,5.194900648917423,6.183193618135246,6.231506815224285,13.595646020627605,8.053714346379651,4.905349251910348,2.9601598533955786,7.521514164519247,9.027774090640074
Q6IRU2,1.725753001758365,1.8330959744867,3.6287128833647655,2.0851308322479296,1.3841206341573984,1.7406513691045409,3.289213388392547,1.4492184731742102,5.8722217684188385,3.2365807145056666,1.911819244443876,2.6863328340355404,3.1275256298858842,3.3298683087890706,7.03172829831539,4.734502387014307,2.709426101146929,1.7893952895467753,4.351839576016499,5.613635758880312
Q6IRU5,1.7027903649423817,1.8079888189847504,3.5825147094807854,2.2144441830547916,1.4700328607296818,1.8060750127078333,3.2412905551921174,1.5858093624663245,5.326477710110904,3.078449715512333,2.0087100326549785,2.989612882094496,3.4804596800053083,3.4806258730084028,7.036751753190873,5.184422067881135,2.711159318723116,1.7622282617825762,4.35468807884982,5.666405087374481
Q6NSQ9,1.7031089017268395,1.8083168091998232,4.058948680965691,2.364163996732687,1.3853959664749056,1.7168274536503112,3.672301593485273,1.617999328067165,5.3274657591587005,2.9363286356136973,1.9135329924781113,2.688511481675895,3.1299222274720306,3.2852818102888275,7.037404822918214,5.282413724177915,2.711860047959615,1.996832841371745,4.934485938101954,5.0963571716380125
Q6NVE9,2.3551998542177928,2.7007771220582675,4.962397423983208,3.116875712791061,1.5635537585666577,2.570237866634418,4.099729382925317,1.9775420717474623,7.386666117753383,4.3959356731457015,2.4112230650158373,3.023008246427061,4.326018900498932,4.537632097928346,9.725638011095157,6.475298060602183,3.449241806564593,2.6474593028391475,6.54228557888833,7.100083267433099
Q6NZJ6,3.0223010111721758,3.054500157697506,5.251783877579267,3.2917511891243647,1.6490378689451193,2.2901632158169956,4.314879619474368,1.9089665123961368,7.095432222380958,3.905766828565062,3.0115510153028353,3.593680357129964,4.182008754569692,4.795100099485547,10.282369128160516,5.574708601345228,3.2244166331421424,2.3519323043826836,5.8123410320393205,6.055133161154607
Q6P3A8,2.828989524675471,3.003747620210241,5.19663150371407,3.023871220031719,2.170882160005693,1.7464116501868492,3.2989156783593008,1.5055085090777824,5.416227085304004,4.235033779655484,2.5204585288877244,4.466187063087081,5.199463813370262,5.457548989361574,11.022960939473617,4.914944098181333,3.158139397767458,1.7934864130405064,5.072323146056445,5.181845415078139
Q6P542,1.815919796604581,1.8083697042152855,3.778965740222255,2.2220650722365294,1.6412241284332947,1.8086900842116609,3.430902914391622,1.5167698410047183,6.348800486228752,3.2173270197303108,2.2890121038585702,2.6876067976715277,3.1283188581867982,3.930058518889313,8.417242029529378,4.958537497542817,2.9676367990527255,1.7626343871793484,5.203848060036623,5.096455491537578
Q6P5E4,3.76783516531723,3.8652848024692847,7.078127381333789,4.12464021221016,2.8408283837733768,2.9321067083423733,4.030099841886853,1.4329603152134567,8.430709515347521,5.209768612777676,4.044987405510765,5.676927665680971,6.988460438962052,7.260188151573204,15.548640422258575,5.022995817419674,4.947057434801695,2.605691878031936,5.963978171726387,8.066272628092412
Q6P6L5,3.3537122283114886,4.779507557685973,7.291126781191943,4.127830779541074,3.4808967777269726,3.993085959368838,5.378389350406721,1.4273558234653048,13.026430332295725,6.272558358371201,3.6240448920470536,7.315720977837167,8.353958704480416,7.1365927935717774,17.221552126968867,4.665363582330209,2.713314768614287,1.7635784897909539,4.358077991462905,10.309542707474488
Q6P8J7,4.078873600732903,4.448207447015261,8.6427673001641,4.764474921039786,3.238861897791723,4.2730041804294165,8.033183017427055,3.4894322291210984,13.250251170851508,7.275958636190924,4.6555993580211386,6.536743427875427,7.629409334143192,7.830967926523777,17.08223197674864,11.460263449234807,6.7048581896122075,4.342466633680381,10.747699391551462,12.62562894643869
Q6P9J9,1.702837658654438,1.8080288103486013,4.058948680965691,2.0865850206503973,1.5694455756706835,1.7166244116282954,3.672301593485273,1.617999328067165,6.035374257249233,3.3265051451039755,1.913302682361425,2.6881878962475323,3.129545514472432,3.2848863984302135,7.036557810856072,5.282413724177915,3.072183104019495,1.996832841371745,4.934485938101954,5.7735067879093025
Q6PA06,3.518172680052527,3.8258168339316097,7.407478392684877,4.1122013902401005,2.5132326726815934,3.2417663259041687,5.852597644139923,2.5168163996996724,10.26500380423856,5.976509431216942,4.05358829973441,5.879998396920799,6.961902826995053,6.886457247704225,14.733451310358726,8.642102105642627,5.595544534557673,3.191149242830832,7.896390657156322,10.21479089442792
Q6PB66,4.002688742927164,4.242602497552298,7.816481494213785,4.439895472044325,2.814859102675412,3.87476466718488,6.262766150484126,2.593257248319221,12.180902399331373,6.7554813387537545,4.140261288805696,6.26091708396367,7.412197001625957,7.423175255867877,16.28324819244922,9.000458219458736,6.119971767926032,3.522715907258629,8.699794638664411,11.115399051561402
Q6PCP5,2.8990899234436145,3.443365727402564,5.895105489631025,3.666875587692157,2.276934165960474,3.113427870503281,5.329235517816645,2.5071660151010566,10.16010961817903,4.986716079623572,3.354253542583195,4.716725203492272,5.658420654134145,5.939960014957621,12.356635021237796,8.199359464478544,4.923075976708938,3.098488240147768,7.413511497047306,8.667893202069303
Q6PDI5,2.1210156846336163,2.252039379989459,4.462134741140756,2.121876692256057,1.405882054304356,1.9449578254138102,3.672301593485273,1.617999328067165,6.035374257249233,3.3265051451039755,1.9397107134838383,2.7290568796564,3.17835521232081,3.3318816113304166,7.140002509725381,5.282413724177915,3.072183104019495,1.996832841371745,4.934485938101954,5.7735067879093025
Q6PDM2,1.8814114458610736,1.9653347237545709,3.9580619020300762,2.3054017631463375,1.530436383564688,1.8875370783015153,4.059802221621562,1.82838372667874,5.857570913179218,2.935857640626957,2.0782526415862077,2.9702836876429597,3.127437283719851,3.6295991432137056,7.774967260256533,4.6657153549606445,2.7111842055115662,1.7637198611199494,6.189522268280276,5.097047798482808
Q6PER3,2.148058605479728,2.5086831977418758,4.992086711278549,2.3339070774749064,1.9291216339068522,1.9018761201772698,3.245489763072672,1.795148477190882,5.325638381175837,3.667908594039571,2.422640096523016,3.7433141836593364,3.942837384459418,4.93727717229165,8.870829725618918,4.671891588946756,3.756930760352692,1.7645077953916743,5.494317793260042,5.66686497234269
Q6PHN9,1.7022714699827033,1.8075504664618582,3.581525749229156,2.364163996732687,1.5694455756706835,1.9449578254138102,3.2408085547789494,1.617999328067165,6.035374257249233,2.935688281715583,1.912888371404649,2.687677063932425,3.1290653342419827,3.2839908977169325,7.034487225876453,5.282413724177915,3.072183104019495,1.762279159746827,4.354733876883827,5.095042027741652
Q6PHZ2,2.63730487901502,2.802341078344224,5.2889859955679075,3.103909104854525,1.937867862763052,2.6480333206278543,4.243269977804055,1.9883315028318174,7.83512727029036,4.53970446346656,2.499426945644648,4.343626947666154,5.222485713879662,5.097513283424968,11.445169183153213,6.51194379395659,4.196542528841644,2.307553086460229,6.080544211319621,7.11504559530569
Q6PIC6,2.1860664607890135,2.3211086050131975,3.6184791266631033,2.364163996732687,1.5694455756706835,1.9449578254138102,3.672301593485273,1.617999328067165,6.035374257249233,3.3265051451039755,1.9301766265785223,2.7082536405657844,3.5458014556797717,3.311691012416289,7.095661797880412,5.282413724177915,3.072183104019495,1.996832841371745,4.934485938101954,5.7735067879093025
Q6PIE5,4.2367688539996795,4.442851637179731,8.713875917032658,5.032528340482518,3.3306872725090466,4.112283205356889,7.501062120478169,3.1947922950619474,12.376768917989425,7.053610610386518,4.700748437596169,6.539549726558807,7.691120327929763,8.012644592027717,17.28824851453863,10.743564163909605,6.458507625483589,4.109363987568934,10.078446693217195,12.172983636272194
Q6Q477,2.3217302421538357,2.4651528854422837,4.008258913181691,2.485856475209391,1.3951794453231479,2.023546723760261,3.2596080270242784,1.5967852607299837,5.356760327367604,3.4489639018030336,2.6069967297213794,2.7003024225614563,3.1542624262358867,3.9110734018219886,7.094748125112943,4.689801415670964,2.73994384958902,2.071007824010285,4.869343477848073,5.130424276476953
Q6QD59,1.7131069506223608,1.8186591559017788,3.603947425554619,2.320356731990342,1.3912103924195973,2.0338598898574625,3.266232498175801,1.439079725514638,6.311245139459942,3.4785563468925047,2.1267289101498243,2.7042312559987516,3.692436442106238,3.3054183462408155,7.079528946019583,4.700916527895601,3.2168948982383165,2.0908914483772665,4.391291942068074,6.045461452694673
Q6R0H7,3.0849906414404833,3.159171073317027,6.032075697658085,3.645900519204715,2.231074559555997,3.002227033528918,4.926376971572106,1.6846822040229037,8.087683872835564,5.128046407676745,3.2247880658309467,4.526810680585857,5.473675735014223,5.956454021365759,12.333446238097064,6.619315582721965,4.3643702331516705,2.3043251206305966,5.68660970272535,7.746668713241686
Q6RUT7,1.702280250649145,1.8074369690021486,3.581210596701193,2.0859019965298513,1.3847218992678767,1.7162843292696528,3.2405400234885713,1.4277671501384246,5.325780396698559,2.9353997177610407,1.9127466446887866,2.6874066640069545,3.128636016346325,3.283931755652203,7.034512869789192,4.661113143263264,2.7108427685461427,1.7619717590874728,4.354107508857463,5.094445413972528
Q6TEK5,1.7594362395127414,1.8689749177315729,3.701539147609021,2.3464831261884735,1.431293088759673,1.7767616997613405,3.3546470914156745,1.4778365096183301,5.512993816837682,3.039587500383479,2.1512942707551215,2.77694042147008,3.232884566906809,3.3943771428646503,7.272596625711767,4.8253086133629655,2.806992587748443,1.824435369325678,4.506776030361366,5.273782391601738
Q6X893,2.199092079036443,2.3349388682471925,3.744949111577479,2.180946725456411,1.5694455756706835,2.2218885359495633,3.386873000129077,1.617999328067165,6.894714475103889,3.8001459723740907,2.468147593187883,2.803765622322955,3.2670252829335547,3.4284796374390973,7.352447063934151,5.282413724177915,3.5031041407118972,1.996832841371745,4.934485938101954,5.299756104062057
Q6XPS7,2.4752701787525098,2.9256005354672796,5.207659562921247,3.0333535013177877,2.0136986734906412,2.5061383792775374,3.4260473241031004,1.5358509574416157,5.631195211839844,4.247550931557231,3.095242461045422,3.906617548314384,4.548404848590025,4.774085519301951,10.226762623025243,5.909561834042178,4.374940426056853,2.2298288296821047,4.603086507365463,6.476372514455311
Q6ZQ38,1.742250348011146,1.9011212129076183,3.6618607465324415,2.1284201748738827,1.4146931746041302,1.7558966225385566,3.672301593485273,1.617999328067165,6.035374257249233,3.3265051451039755,1.9588911991925415,2.756149184110745,3.2087628680943925,3.3678583332045537,7.216893544124073,5.282413724177915,3.072183104019495,1.996832841371745,4.934485938101954,5.7735067879093025
Q6ZQ73,3.9790934657243118,4.408456844136795,8.24180046830823,4.844178274096666,3.100612649651957,3.6818071783216766,5.735743831393201,2.429777782215022,9.353849182624344,5.7096082223066,3.984305091670699,6.053423664659299,7.242771949319189,6.951323900893179,16.13295336811737,7.047963829905724,4.934187983789246,2.8352277205325547,7.014388135343498,8.569169260227493
Q6ZQI3,3.4963737773248944,3.1351502776640037,6.42717734993306,3.748798592686803,2.399782676909748,2.8389023198543537,5.3585629884421095,2.260673806285658,8.809828331074348,4.863606700755274,3.437110520431541,4.838811634238931,6.149833400244556,6.265461309943,14.147256913708292,7.356784748545547,4.288112122911589,2.7901059380895816,6.880484067044147,8.433777041891302
Q6ZWN5,3.1824194637644574,3.3794684231284355,6.307356673365693,3.549339338506859,1.8641666477254912,3.395471342673832,5.731099913060375,2.229848451949061,10.247293797133889,5.647818273384662,3.3716517783878697,5.026778736011627,5.843783676511313,5.964585060744714,13.158220224125287,7.949381352745067,5.212237169338181,3.122691336563094,7.430572119249925,9.285844324696797
Q6ZWV7,2.392168342137204,2.554096217556886,4.583842727081669,2.6671959601544613,1.766692781835927,2.7905858262055374,4.609774849754336,2.4402879672955726,8.1469338987237,4.771332325960436,2.4424353442565088,3.4372253840817857,4.0029219583924665,3.741815012691939,8.008765366233776,7.968307392946887,4.150589701510334,2.2991384467326137,7.0815442086534395,8.318526941927065
Q6ZWX6,2.271983905761175,2.412333517165982,4.77973755246455,2.249904885229946,1.4933858662957158,2.285521807122367,4.315325126628431,1.5315217240637045,7.092174081539925,3.9089793882920385,2.5519308659750513,3.585459702334093,4.174135053738107,4.381326106243425,9.385242195750703,5.007872393392922,3.607345557413727,1.8954927991171082,5.794054365979495,6.779229413381495
Q70IV5,2.067047028139926,3.122457195978799,4.854023470695051,3.5873291346580953,2.6404104772676584,2.6915868086512016,4.421042748381022,1.7637058953394344,7.136248779780153,4.590174714720198,3.16121578132394,5.2856366011793865,6.1534541217866545,5.161912390090543,12.152472728317294,4.953759674866151,3.977553688008814,1.8250966228100054,4.587132908186624,7.466323260522579
Q71RI9,2.478399836484395,2.631500592644807,5.2139897375275215,3.0369260085997305,1.5916352786726489,1.9344721401555083,3.6525034270779093,1.609276346272613,6.002836258712371,3.308571241599276,2.7857206415094566,3.913934047063672,4.556539651870063,4.78271207659976,10.24505140748741,5.252098656473523,3.05455225500584,1.9853732840668203,4.906167581549295,5.740373402622547
Q76MZ3,2.7381776912624898,2.580590627065319,5.142344336969722,2.990485407523642,2.106931119514507,1.7207565792928299,3.248713668639448,1.4311011926663146,5.610136929117944,2.9444794922811814,2.5418271197538984,3.568830249801387,4.459677539280704,4.696719983643871,9.352288165658976,4.66313354220808,2.8552237795689197,1.766200961549516,4.363772166507017,5.102982437698305
Q78IK2,3.4141134720047246,3.2220063692915115,7.182518471691793,4.038338506705457,2.4729528945347155,3.3133952246513267,6.020300763516792,2.54146561528533,10.28121551868141,5.665802155272337,3.413314429576389,5.199049368751361,6.053707741772871,6.3612555470941174,13.627038086227266,8.652332804122953,5.027718693323061,3.270427662680384,7.756220670112964,9.453993778813313
Q78IK4,3.260301584870691,3.5212409663771913,6.317812232497894,3.490636042819884,2.3813660588667243,3.279823450077888,5.264718063435932,1.8017423526412573,10.360673565953265,5.40195175700509,3.448709944594274,5.145584334878516,6.298199754187179,5.792382226708761,13.216055333590598,6.985376501887069,5.083832630429359,2.869578506329534,7.057948779398572,9.55404556509281
Q78J03,1.9160836340965073,1.81500798782207,3.5966736727315034,2.3478875915736896,1.391420794244413,1.727935692486181,3.2482344990430083,1.4310858404580258,5.361935595901366,2.942739293304827,1.9217771613364343,3.0259850553742367,3.522803584573185,3.29822778173702,7.920770273034027,4.672177003048698,2.717755762277445,1.7660795133473612,4.365114337534373,5.107719134826462
Q78PY7,3.7189226548036416,4.168988699066497,7.430259985929713,4.261590420557126,2.501908640325303,3.990739636281906,6.210218425487109,2.669744790655041,12.092860631382155,6.106706971206551,3.9665742811123588,5.010543156486146,6.913713773079122,7.168872370922422,14.370348406935765,8.192133488756953,5.869859025335561,3.544300362422761,8.920823807527698,11.148646698354687
Q78XF5,1.7029374419435142,2.048551377575414,4.058948680965691,2.364163996732687,1.5694455756706835,1.9449578254138102,3.672301593485273,1.617999328067165,6.035374257249233,3.3265051451039755,1.913462979204696,2.688413113113562,3.129807708359195,3.7218039870112065,7.037147334936591,5.282413724177915,3.072183104019495,1.996832841371745,4.934485938101954,5.7735067879093025
Q78ZA7,2.1969866304564483,1.8884449988753782,4.621960337495049,2.364163996732687,1.78714139368748,1.9449578254138102,3.672301593485273,1.617999328067165,6.035374257249233,3.3265051451039755,1.9960429336630012,3.463780037212951,4.032477526481942,3.409400299009384,9.066735442846372,5.282413724177915,3.072183104019495,1.996832841371745,4.934485938101954,5.7735067879093025
Q791V5,3.482233192043028,3.5730840876690175,6.814726037235418,3.8021110235468414,2.461788264019666,3.2681318547605525,5.906215922441914,2.2228968381997776,10.333721577383416,5.590214689136815,3.6332048742019474,5.217015624328624,6.073192231702498,6.369636797257035,13.928823816013104,7.554322139701991,5.037581128556965,3.1294662506727415,7.2762290776362,9.68047113739195
Q7M729,1.7275134826228309,1.834220212840426,3.634397669113579,2.1165709354336886,1.3846183933523122,1.7436029108908095,3.290932041238597,1.5412786838209045,5.812342696178851,3.206322273487345,1.9403391987695175,2.727245879427203,3.1747223914515983,3.2835285083717145,7.137905665162151,4.659616581682862,2.9604810602870053,1.7864150841960733,4.352067093256777,5.563068582731161
Q7TMF3,3.356242943656675,3.557555560796423,6.880466070425815,3.898920223393002,2.5177970572564274,3.3877700145032916,5.724377905698584,2.429164986018003,10.389386765421623,5.730669970947626,3.3035189610105045,5.224171469320468,6.081953037777547,6.226566765302672,14.015821762723611,8.223106748140786,5.151038850761714,3.0568654885513573,7.5468839962134435,9.414477444712047
Q7TMK9,1.9293666181963447,1.8082970156269687,4.058948680965691,2.364163996732687,1.5694455756706835,1.7168753340521894,3.672301593485273,1.617999328067165,5.327573554303363,3.3265051451039755,2.1158275456408573,3.045739552780423,3.1294936054185354,3.7218039870112065,7.03770842112424,5.282413724177915,2.9973648376712188,1.996832841371745,4.934485938101954,5.7735067879093025
Q7TMM9,1.7072244874311804,1.8128555540683444,3.5915194190032933,2.0911510501878423,1.5694455756706835,1.7304273974025997,3.250178064220769,1.617999328067165,5.336145423262695,3.3265051451039755,1.9282570953589078,2.6931763951764225,3.1360102557831064,3.292528300636541,7.091555690989879,4.672021248482736,3.0690313933969833,1.7653245114692,4.364459322906495,5.107739227981487
Q7TMS5,2.0013379186844147,2.124799615135714,3.7835454087129503,2.086472145222087,1.463004437467132,1.8157652063032028,3.2417530893456683,1.5530911499494637,5.327456017912453,3.1064147891815983,2.2524555261436063,3.1647553193903533,3.6843768027696053,3.867302462303167,8.283610665093045,5.081555681984287,2.711613464010945,1.9209054422605958,4.7468574719288705,5.553975465570184
Q7TNC4,1.7030676556797943,1.8082730152180588,3.582867117851915,2.364163996732687,1.3853624148287653,1.9449578254138102,3.672301593485273,1.617999328067165,6.035374257249233,3.3265051451039755,1.9135327083953462,3.045739552780423,3.129921762804338,3.2852813225564788,7.037403778146356,5.282413724177915,3.072183104019495,1.996832841371745,4.934485938101954,5.7735067879093025
Q7TNG8,1.8589458418385187,2.1900946209439835,4.3389562502537915,2.2470965767629547,1.6797042522729955,1.8788374393808092,3.2388691655222206,1.5510417378696262,5.322971254914652,3.1736947044956576,2.055970069225018,2.932066069888416,3.8485089983569964,3.5307009291545186,9.510653228674949,5.662923737291862,2.930515208784283,1.907463494261638,4.713174361103034,5.50887407646561
Q7TNS2,2.8007458251566315,2.7634894687843783,5.475757087843256,3.4319151069508402,1.4595788448930973,2.829736606623996,4.965651220817016,1.982624949250609,8.780920206730258,4.839762208839178,2.9293692039648542,4.431218877776686,5.158754409224755,5.414818897293134,11.5990879393355,7.146705903088465,4.470215731186214,2.7019070653030015,6.047294511676608,7.810540016245143
Q7TQ48,4.027638726995104,4.312436638764267,8.389360507472047,4.649148390220991,3.2437192937784003,3.9441652462481804,7.147666024314767,3.0517709480219954,12.468129382266651,6.91573704373908,4.570655543623829,6.444655514855787,7.563190181398139,7.803374702237083,16.866547192046188,10.383146463852112,6.368360840023559,3.8657179861028044,9.645627974504631,11.79860398173383
Q7TQ95,3.6870458527799252,3.8293277534453454,7.756947077480418,4.29514329379957,2.7562155518636637,3.0955305578730967,5.080329063615733,1.9811867918365482,8.345256994188587,4.985428417645605,4.237355732896027,5.8277530193504825,6.784111945426884,7.274976584008725,15.583733224523305,6.499139644826011,4.257021072025399,2.7815296787766277,6.853738758031725,8.036405991188378
Q7TQD2,1.9180353566991117,2.0365201383433784,4.232049527510115,2.464987835950805,1.3895981138022517,1.9316962432516982,3.647262217993571,1.4344547074060554,5.3446714807128535,2.9494976570414018,2.2566240444339782,2.694259670639914,3.1385451665802684,3.2928489407574504,7.931600799400238,5.2417457149963615,3.2158036555151535,1.9814597145083108,4.377468212596248,5.118554414561009
Q7TQK5,1.7026984642694896,2.0610477202078394,3.582420645951542,2.0865922645649246,1.5694455756706835,1.7164380294472739,3.240830081680799,1.4279029993542227,6.035374257249233,2.9359266812769276,2.167788071750351,2.6879323486090394,3.1295828412272493,3.2847102663899252,7.036064928276452,4.662091549393058,3.072183104019495,1.996832841371745,4.355082550031959,5.095625763566303
Q7TSQ8,3.214037728223696,3.282510271458694,6.628844617617594,3.6960143064780717,2.2698076157752527,3.2370845405960544,5.597006640535182,1.8389823738875095,10.23857057579878,5.643800109631406,3.3890488255848465,4.980950868204663,5.681260597136329,6.20130724577371,13.545790091207277,7.857841274400175,5.115323983392759,3.2061626423895215,7.5224748369374375,9.422162116042932
Q80SZ7,1.703096103762503,1.8083032206536005,3.58292696614964,2.364163996732687,1.5694455756706835,1.7168563490805884,3.672301593485273,1.617999328067165,5.327555424206326,2.9363780561184667,1.9135254485886055,3.045739552780423,3.5458014556797717,3.2852688584332443,7.037377078737894,5.282413724177915,2.71192728531613,1.996832841371745,4.355849440431832,5.7735067879093025
Q80TB8,1.7029285608566611,1.8081253279465699,3.5825744939702946,2.364163996732687,1.5694455756706835,1.9449578254138102,3.672301593485273,1.617999328067165,6.035374257249233,3.3265051451039755,1.9133479975863235,3.045739552780423,3.5458014556797717,3.284964198648278,7.972479330729388,5.282413724177915,3.072183104019495,1.996832841371745,4.934485938101954,5.7735067879093025
Q80U63,2.1156304694275394,2.1062808276931277,3.884181896064516,2.420932048024107,1.4079177434327923,1.9938895751033336,3.482629722044518,1.5344307668441954,5.408318596052612,3.1804805172122097,1.9457041678163123,3.1389607052552755,4.131292394689411,3.54415980775876,8.20875004794151,5.015084060334861,3.144118914369738,1.7860680202599537,4.352881894871489,5.481324140089995
Q80UE5,1.7028630198575725,1.8080557382155646,3.5824366106103924,2.364163996732687,1.5694455756706835,1.7166327382653033,3.672301593485273,1.617999328067165,6.035374257249233,3.3265051451039755,1.9132742558863662,2.688147957085323,3.1294990179361895,3.7218039870112065,7.972479330729388,5.282413724177915,3.072183104019495,1.762402205680809,4.934485938101954,5.095689978002611
Q80UM7,1.7016551568367766,1.8313926323644023,3.636816664602059,2.1161975945833356,1.3843798834094592,1.7154087709755264,3.2387834999071416,1.4456399710996872,5.390140152756732,2.971845970284731,2.067062640172699,2.92724607966904,3.698863814205732,3.5703298232384792,7.13919945699465,4.659400142434569,2.746016208960374,1.7854238046566242,4.411411730924167,5.092482039151415
Q80UU9,3.150421554250274,3.0785322550388137,6.388980311754416,3.000892204973718,2.262142179894825,2.456877939322698,3.781865783905559,1.4582165342107898,6.265105465376277,3.8442206352036385,3.4079876868897436,4.630642425402866,5.605794597753745,5.850335049105142,12.604009958937688,4.780959061731854,3.549431279907789,2.303686821767241,5.100508879678678,6.691576590711039
Q80V26,1.9293666181963447,1.8406003967587465,4.058948680965691,2.364163996732687,1.5694455756706835,1.7516202179830629,3.672301593485273,1.4611634838273968,5.439692624481697,3.0032880586662114,2.167788071750351,3.453105137401312,4.020049978218076,3.7218039870112065,7.972479330729388,5.282413724177915,3.072183104019495,2.2736431726329887,4.4631928070738836,5.211332166107743
Q80VL1,1.9293666181963447,1.815132323066401,4.058948680965691,2.364163996732687,1.5694455756706835,1.7254958647010779,3.672301593485273,1.4342490647677681,6.035374257249233,2.949852240166433,2.167788071750351,3.045739552780423,3.5458014556797717,3.7218039870112065,7.972479330729388,4.680996087350638,3.072183104019495,2.149667658588349,4.934485938101954,5.7735067879093025
Q80W54,2.220918917309697,2.063906486039359,4.083211173229583,2.3808786466928913,1.806609140959186,1.944489961214043,3.5084917347536955,1.5458254516544372,6.039079323949994,3.327385358935566,2.498089173735715,3.065580409410322,3.565099111390152,4.2888870770527205,9.18722847655766,4.685219189670794,3.080423677508153,1.7710051364216666,4.372205620238175,5.789175331339929
Q80WJ7,2.8815974925294334,3.2487774832837504,6.084568105721537,3.1564194132301866,2.093382849775598,2.463855241914779,4.355690597038006,2.0478892755334983,8.418217975825982,4.64892593409048,2.899358975089576,4.98783224757052,5.805995747728488,5.561137443701411,11.903497855353802,5.83202512075069,4.1001226783961,2.3734228922437115,6.587688427449823,7.302281153548382
Q80WW9,2.380875986832596,2.170645580280965,4.298312180555642,2.5299945378401287,1.4141216723857264,1.7452461723690467,3.292666718092169,1.4544279237716984,5.412649211571318,2.9874383402080507,2.2993793542857537,2.7441722557893087,3.7619990035201876,4.596803468439882,8.4562525772698,4.751463977304246,2.760932839831678,1.796675230113175,4.443679407289614,5.182263053403594
Q80X19,2.611800010435593,3.7238942755349456,3.9578109321744717,2.305255583939966,1.530339342788747,3.536444406403332,3.579491997688273,1.7809341042137732,5.882843036422321,3.2424348175248254,2.115123090279191,2.97174531911733,4.782076440105053,4.060324539246777,7.778793203518136,5.149797168639325,3.2878646410674457,2.184642494953176,4.810604212316355,5.628561196069966
Q80X85,2.0447156569344314,2.3718115590595263,4.701576689443507,2.500297527894995,1.4977533232678915,2.440338956503119,3.8965685526346454,1.428547284651099,6.403026410879097,3.8568571813725026,2.500899667379046,3.2217974553198205,4.089366813379942,3.937004799268593,9.195651157019798,5.60302285564542,3.5635110391780347,1.8781537453675945,4.716646094304274,7.243395982221504
Q80X90,2.949264422960904,3.378905496612792,3.9942362864628804,2.3264717948225337,1.5444236822627262,3.6371920405236877,3.6161047664949595,1.593239262480194,5.943015589443158,3.275600003093464,2.0648108494265154,2.99806241945563,3.3966044800821273,3.663543934954066,7.847680426097719,5.191733961143307,3.0194449334751634,1.9625545098494461,5.192372465499665,5.674396749441463
Q80XB4,1.7030971128305066,1.8083042920558052,3.5829290889992857,2.0869029447898937,1.3853863767831294,1.9449578254138102,3.672301593485273,1.617999328067165,6.035374257249233,3.3265051451039755,1.9135069583129474,2.6884749037061213,3.129879643982464,3.7218039870112065,7.03730907700727,5.282413724177915,3.072183104019495,1.996832841371745,4.934485938101954,5.7735067879093025
Q80XI4,1.7030711155961769,1.8082766888674342,3.582874396729296,2.08687108888193,1.3853652293018712,1.9449578254138102,3.672301593485273,1.617999328067165,6.035374257249233,2.9363320386475955,1.913513738643966,2.688484430062795,3.129890734415108,3.285248754014729,7.037334013046732,5.282413724177915,3.072183104019495,1.7626289852883195,4.3557316174854055,5.7735067879093025
Q80XL6,1.7031634796751949,1.8083747586482244,3.5830687097505556,2.08698426790563,1.5694455756706835,1.9449578254138102,3.672301593485273,1.617999328067165,6.035374257249233,3.3265051451039755,1.9136235192591033,2.6886386716909367,3.130070300060861,3.2854372327393975,7.037737753475283,5.282413724177915,3.072183104019495,1.996832841371745,4.934485938101954,5.7735067879093025
Q80XN0,2.837576992444373,3.1562035470957173,5.664319944655416,2.5332716935084583,1.8857703745691294,3.3418030489737265,5.457227262140657,2.293102262789357,10.682971537654913,5.888154932658735,2.6009645226554574,3.2606008246516063,4.2604626455368315,5.4621304553667915,11.64171058601976,7.4897789772022305,5.1062562906343585,2.96707703004588,6.981342057474594,9.280986322145097
Q80XU3,1.9293666181963447,2.048551377575414,4.058948680965691,2.086745721549114,1.385282004446872,1.7167514043012577,3.672301593485273,1.617999328067165,6.035374257249233,3.3265051451039755,1.9134503510956682,2.6883953706360364,3.1297870528495735,3.7218039870112065,7.972479330729388,5.282413724177915,3.072183104019495,1.996832841371745,4.934485938101954,5.7735067879093025
Q80Y14,1.8256733941155885,2.4142789221343715,3.931708498178769,2.237102719334805,1.485096198924076,2.299129308110548,4.341014295529977,1.5871179623071352,7.138207550756349,3.928449043978155,2.5789889031278577,3.60117739985987,3.833925843558913,3.6258132085978403,7.765630796305847,5.745265404861696,3.6305006587187685,1.9585983880201228,5.84175402369741,6.257046123027936
Q80YD1,1.7031183874580682,1.8083268809029367,3.5829738459784233,2.364163996732687,1.385403682654282,1.7169014193192034,3.2417051596898183,1.4282805038330308,5.3276952810990315,2.936455140761992,1.913561887709177,3.045739552780423,3.5458014556797717,3.7218039870112065,7.972479330729388,4.663002505125448,2.711941596826823,1.7626859666472434,4.355872427326128,5.096510425178713
Q80YN3,2.0618173208666524,2.189184094476955,4.337594843818455,2.364163996732687,1.3882006316681648,1.9449578254138102,3.672301593485273,1.617999328067165,6.035374257249233,3.3265051451039755,2.305962342892341,3.045739552780423,3.5458014556797717,3.7218039870112065,7.0458550547589684,5.282413724177915,3.072183104019495,1.996832841371745,4.934485938101954,5.7735067879093025
Q80ZS3,2.010460524788336,1.836233382113601,3.6384835105514686,2.118392797108471,1.405926933773081,2.603742268714872,4.388434654126198,1.9317144287632864,7.274905374255805,4.453239006126996,1.9433415469218476,2.730190815304798,3.1774113883526427,4.474662454038318,7.145138945848136,6.312427803698422,4.113364603605221,2.0981722806697665,6.606813170810108,6.900156644799055
Q80ZW2,1.7030352530866164,2.048551377575414,4.058948680965691,2.086827144484253,1.5694455756706835,1.7169380979487638,3.672301593485273,1.617999328067165,5.3278090980948285,2.9365178730476766,1.91353586336855,3.045739552780423,3.5458014556797717,3.7218039870112065,7.037415381198786,5.282413724177915,2.7119592219286166,1.996832841371745,4.934485938101954,5.096543547763337
Q811D0,1.973532753932882,1.8308480565202387,3.60242830380119,2.748173219281084,1.5154463587524951,2.2782580804146617,3.7933167143594173,1.673731176893566,7.840144246552485,4.321236606526682,2.0934509349577906,3.932215023024242,3.62477449157059,3.3123293062832095,7.699089466513666,4.721297281413672,3.1693784422978397,2.0645125625628555,5.778419810973412,6.757675580250382
Q811U4,2.946321084399275,3.463474103376041,5.658969983024687,3.2849589954120924,1.876906188945732,2.9684536471788547,4.376564373494825,1.734264093504482,8.833101757864705,4.329236622607524,3.306495630395884,4.847902744587576,6.192261296635403,5.170080210030841,11.662371790555369,5.692296217607622,4.272979679594402,2.1515684584172776,5.852725456692091,6.891842097934005
Q8BFR4,1.9293666181963447,1.807464624054434,3.581166868752682,2.087509850256969,1.3846144695185423,1.7170025918990588,3.672301593485273,1.617999328067165,5.325268222151264,3.3265051451039755,2.2024440652544905,2.6876745664390733,3.129275099651314,3.7813037215463243,7.035589766817578,5.282413724177915,3.072183104019495,1.996832841371745,4.934485938101954,5.7735067879093025
Q8BFR5,3.978346753478818,4.311432583478901,8.118119686142455,4.763618972161036,3.0735870920445607,3.9447245357614706,6.935561404448739,3.0218629683419764,12.378853424104115,6.6540658942787845,4.425843490792061,6.414942048018603,7.435872776449901,7.681102681042438,16.61806319298102,9.628328577304979,6.057938345449769,3.64065451094083,9.111017140900008,11.203047229757578
Q8BFZ3,1.9818379300509301,2.1042640540409097,3.834796313684938,2.2235889824074206,1.3956305384207293,1.7282491090953782,3.2406972973098758,1.5646810132009528,5.836489140672665,3.2168860336160834,2.230127301876684,3.133326093808092,3.3701910362325287,3.5153032412291756,7.540585865690365,5.106856781666612,2.7117837955249753,1.9304696432881003,4.355704429698794,5.095783724960175
Q8BFZ9,2.0369471978343627,2.3719264496620633,4.699675995238272,2.086865375931121,1.478070909087618,1.8314706108168075,3.2396011446999515,1.5662993109251733,5.687440159991935,3.50375013748567,2.51291920401143,2.871363723920463,3.7295476087182244,3.9364724021090804,8.37914633041532,4.660450686183516,2.9753706607246806,1.933907468866572,4.627480477642142,5.424315806383341
Q8BG28,1.7901859285987003,1.889338562937934,3.7448071930697457,2.4325072244021144,1.4496200809584512,1.882757167587637,3.5548596768193987,1.428018467592326,5.326440734257659,3.0527403282920313,1.9133967083916594,2.814807397372091,3.270608131120795,3.850454434741981,9.088252855037988,5.110470155182764,2.820163700587133,1.9318355535105753,4.355195956889804,5.095858050493899
Q8BG32,1.7031729771142599,1.9486029760013361,3.8609134072720015,2.0867745947692597,1.4928726479116308,1.9190689142045514,3.6234203845227433,1.5964624904074287,5.955038701270106,2.935912549025873,2.058989514521607,2.89287771478282,3.130010890388139,3.2853759244905563,7.572350618876584,5.211401488224383,3.030883311374223,1.969989134631732,4.868150944660974,5.695892718336186
Q8BG51,2.0692196347391847,2.19704367913951,4.353167629128225,2.0869798661571988,1.474566747058768,1.8295412991243427,3.5918056200072517,1.5825331693969178,5.3269458335359126,3.1286704794948608,2.3219028638514088,3.2622706445820855,3.7978835024881965,3.986398600836158,8.539267667004927,5.173525516987672,3.008855139224594,1.7625843307250233,4.832769685786066,5.096218015593994
Q8BGA9,1.741577366591697,1.8532981343114145,3.6737009717118876,2.5151612508583194,1.4152318865838724,1.7681277760967078,3.3290727245773635,1.7345977237705898,5.4877520673380715,3.0244991390628875,1.9578915772008203,3.32134820806693,3.8727895496755322,3.3643480748780488,7.188980299502009,5.660124285206221,3.289202847778827,2.143826690037908,4.4748593808774,5.237698660203749
Q8BGB8,1.852386146549542,1.806769258213405,3.579896509893977,2.2698353928258728,1.384374498573373,1.7157310374281414,3.5628033498412335,1.5697549014778867,5.855415486413084,2.934505864952603,1.9332959589091085,2.68637147374349,3.127430949681087,3.5733193421599974,7.031897780295042,5.12107783763526,2.709899610048568,1.761686295293099,4.7837764887810685,5.09258128673907
Q8BGC4,2.4155138471585973,2.6853398910553152,5.013818144078962,2.5145363965394485,1.8066966235982873,2.3959238078243787,3.9030605773911278,1.5509378331986357,7.4363333369363875,4.097140675007806,2.4911990471843315,3.237882712573843,4.070276811501317,4.276886654187149,9.264735846679162,6.06214810662989,3.7860530578602374,2.461682786427022,5.24056790439913,6.627672059683879
Q8BGD8,2.105817043495948,2.2359018574749707,4.430160255930743,2.5803788616355896,1.4258505257762428,2.1300758299209273,4.021825441278561,1.771997940783574,6.609811617461861,3.6431166347712587,1.9701240390048427,3.322742633058341,3.8682840278946498,4.060293588872139,8.697558180642227,5.7920260542597175,3.368567005740667,2.189474063776885,5.4105324971138335,6.330496527933397
Q8BGD9,2.099121194997254,1.8128535820789269,4.823025395102238,2.3074362344841206,1.7123680377405752,1.7304407696928785,3.2689884223916463,1.7885134916843486,6.603126286234073,2.937084991781004,2.5878633502748674,2.9713712292731986,3.469817167257641,4.442075678598918,10.207781370538596,4.693301954004694,2.9910278714299343,1.8995961956689746,5.367290666700865,5.492363357990142
Q8BGF6,1.7870077358984262,1.896502048053758,3.759275625144656,2.192484635114044,1.385196295915412,1.7952927391998954,3.579221898560865,1.5769888391379439,5.569682605946415,3.07160386666914,2.0085538167018777,2.8137677482639734,3.683704300983319,3.2849091652984073,7.036769641816702,5.148272976662958,2.8365600967874656,1.7623610729687265,4.355049376157169,5.095325345060567
Q8BGH2,3.744340169191132,3.8725322162179543,7.332504537426119,4.143366661908138,2.493670917742135,3.559948345284654,5.9591966149134965,2.362016687571864,11.288752960661899,6.223950753795636,3.866598060892118,5.817719510775658,6.7707088849449955,6.827200428373607,15.487434526364373,7.935661736682503,5.906782439342613,3.306677429103173,7.410432270296745,10.430906402213864
Q8BGS7,2.045886197919469,2.1675059207080984,4.302702774599572,2.2259921607256072,1.6638378228259576,2.0552389650183254,3.4575291045907197,1.5621806234980165,6.384287126473724,3.522858251073255,2.3040390735383194,3.236715928417493,3.7686828441291502,3.948188579754803,8.468779153700476,5.100265453587168,3.2539683916839253,1.876420524909709,4.6555798646812185,6.1060865586661865
Q8BGT5,3.3826883446537566,3.5929275204415014,7.118354223543315,3.941123723692892,2.7528295883514056,3.2325318312692843,4.420094090654271,2.2378573208494763,9.764109251634782,5.023351475710095,3.7034609396533935,4.92678880750759,6.056445974092727,6.518355622793911,13.628222676670745,7.3146324261421825,4.4621150287800235,2.764678808259106,7.447784868619263,9.049005827455542
Q8BGX2,2.726445948229759,2.8965090470408152,5.458167428817511,2.325392186321751,2.2194393783487234,2.474468448729058,4.346023609059616,1.9164421394410427,8.125073704682492,3.6319140359567212,2.7530806773617598,4.162334737370939,4.547234823473938,4.714374131352252,9.41348071319993,6.268065417585339,3.3552883238399436,2.369314528904642,5.855314357512373,7.335121936590686
Q8BGY7,1.807323167196386,1.921131833847387,3.8025745796504706,2.2119608581371684,1.3853286889124263,1.8180019327929904,3.241267061070638,1.5837348817880994,5.327655135167126,2.936480416788235,2.0307682863073127,2.8551186452725377,3.3233647002469344,3.285300032585198,8.449062215964727,5.176554414600044,2.7119244223501062,1.7624734870569625,4.8355990841362555,5.09584636164415
Q8BH40,2.511301848660388,2.4234468373431315,3.5843876871739853,2.5759560073817744,1.38425751959029,2.3220005210340835,3.5182154722800574,1.5500749724352418,6.486177703047989,3.5749774988006937,2.560227809915978,2.6872420750467287,3.3896428603417865,4.394480806018812,8.608187317610914,4.660200827043796,3.300261644433357,2.145091526471636,5.300984743671853,5.548138480035976
Q8BH59,3.945083851636663,4.372131306675546,8.271783972371038,4.69869505533988,3.207917121450706,3.940299234297448,7.297583546765847,3.025796719488258,12.634201191169435,6.980932169642016,4.5185457343723465,6.422546216859163,7.571473839150727,7.504581753253249,16.90031632591145,10.491259055759771,6.372367834427283,4.04788829806591,9.70652556970197,11.97903237427566
Q8BH61,2.3277245707566787,2.4715175079050034,3.903270085163073,2.5871232889639924,1.385394486649475,2.124906057079573,3.5337181521389236,1.428338269394838,5.807614387017834,3.2009711934583196,2.3636279484694382,3.312901080168091,3.85291976468442,3.607658259968392,8.751990140065466,4.664095429808405,2.95136750191767,1.763386528813417,4.357054680034892,5.09637647232196
Q8BH64,3.549231944730912,3.9414769668531062,6.660331265959498,3.758963780498168,2.573009346890791,3.5912046502534762,5.426932665397831,2.285668312422734,10.198609241102215,5.766246444874169,3.6556654179832524,5.396558252178639,6.5252908317232565,6.266630711356881,13.058022675992401,6.522133384582271,5.175665027512314,2.9527695676657473,6.964763789854317,8.872054034399273
Q8BH79,1.8666534202959024,1.8354401675662075,3.6369798052154594,2.1175695508174712,1.384226546355189,1.8799291299585286,3.2386929921317473,1.5504452769764687,5.399766368789474,3.2152851036280787,1.9426020915556208,2.9495317551288482,3.176724273314225,3.334764864209585,7.1442700284161065,5.066510466522811,2.742528945255921,1.7610502903186884,4.732803214158306,5.5684325679212385
Q8BH80,3.4878212080253386,3.7977736219492173,7.1004142689123935,4.272410994867434,2.698955661606542,3.5579603080551157,6.631171033883437,2.7800056868845386,11.040128170906295,6.230137786933365,3.915569997152462,5.648499918863486,6.572668438369432,6.821651851638282,14.601823299514521,9.083305166999361,5.694324463994595,3.5578336235991657,9.146368522953386,10.701524593368983
Q8BH86,1.8299865255523182,1.9430321756936,4.058948680965691,2.0866476708469732,1.5694455756706835,1.71657824062425,3.2412317279136773,1.4281319603441123,5.7376754574871365,3.3265051451039755,1.9136456908917643,2.6886243396688743,3.3676693723629914,3.5348299823497116,7.571962164121553,4.662779906685003,2.7115777920013184,1.7624789323950691,4.355379634303586,5.09585293686259
Q8BH95,3.5050023142635625,3.7726442909599873,7.373544320659901,4.151908354381569,2.6464762390928382,3.3464261551603536,5.910492953053783,2.463517674693991,9.938930769301939,6.031862645917494,3.8779404946278118,5.694996837075358,6.542047155474485,6.957337621789329,14.51523955222906,8.703820688839494,5.1681472921558775,3.1302427224385307,7.745680941188238,9.293705477098333
Q8BHC4,1.7521444686847356,2.010349059608627,3.6834559780209686,2.086728621772371,1.4256645117853846,1.7657783639570392,3.3375216778614245,1.4280380635140537,5.480365456088842,3.547248171216399,2.13178397912253,2.769952613258492,3.4870111457476325,3.660605588601825,7.841315694278571,4.662174714639647,2.7890245760837806,1.8141156305855788,4.464063009108651,5.240425653393088
Q8BHE8,2.108781335235162,2.239049265473342,3.9196325399518717,2.086367591412713,1.384974491370658,2.114712469910447,3.57876444537192,1.5767872873499187,5.881647314772251,3.241775774017077,1.9127801042758585,3.3387190648862406,3.8868835352557505,3.5721014267204887,7.65092802687728,5.139283919784906,2.958652442498847,1.7622000402338864,4.354730608499008,5.617070556223612
Q8BHN3,2.824016914872868,2.997115538627604,5.4362253871104524,3.1817288752874484,1.9901246516126667,2.6031558761635263,4.657716020304336,1.6199264218039875,7.637944378783832,4.215622086637524,3.1765206943412765,4.302344680003922,5.226139194480155,4.990090377090274,12.068507725549964,6.718417129727501,3.6541060266509184,2.693512120958901,6.624423749501915,6.354419358941492
Q8BI84,2.2268080086238977,2.362823275024928,4.6821577913370716,2.727398495129088,1.8105790547831389,1.74339250077285,3.483717020812872,1.4510996374760479,5.413286594448659,2.9836822488948957,2.2267157747302178,2.7334741801185447,4.090759571556925,5.184204661974992,8.188400753190832,5.011853569734711,2.7555505510105407,1.7752617594432383,4.421490229110841,5.4777933186924015
Q8BIJ6,3.431346207603327,3.587459274478621,7.211241667232408,3.9488847460823795,2.479018958788329,3.5853611069032594,6.142304044512457,2.3117479793160065,11.129052658754969,5.756775442233724,3.4926904537485477,5.340639550811927,5.924199382851675,6.217248461097967,14.364034157242477,8.686251120840918,5.400275014588102,3.40032519054676,8.25630223637817,10.28355808441722
Q8BIW1,3.595692221415784,3.870022760033869,6.319337271004754,3.6948336346576602,2.6518010881926912,3.121623767661,3.4418854745587923,1.5164790372881434,5.6566887170715985,3.117785794143374,3.0160096133695666,4.718754934731705,5.491778045830021,5.479704373596699,12.338032321720414,4.953443849338485,2.880858504322339,1.8724772183173322,4.627183764093053,5.413953389675864
Q8BJS4,1.7029056272801322,1.808100977670501,4.058948680965691,2.364163996732687,1.5694455756706835,1.716696630975073,3.672301593485273,1.617999328067165,6.035374257249233,3.3265051451039755,2.167788071750351,2.688269085311982,3.1296400334875747,3.284985609074635,7.972479330729388,5.282413724177915,3.072183104019495,1.996832841371745,4.934485938101954,5.7735067879093025
Q8BJU0,2.177719036845642,2.312245527018,4.581425701446937,2.1817451470747504,1.448122698725286,2.1945457674492848,4.143552016129566,1.8256301143137228,6.809867472782184,3.7533810199884465,2.4414978190226773,3.430301408301539,3.993502240161127,4.19172724286686,8.97910231716637,5.9663268251206985,2.828611777942594,2.2553624098446288,5.573352894705409,6.5210016144808
Q8BJW6,2.3710853189177192,3.098870120319443,5.344087567134687,2.9009402682229912,1.7819178803101867,2.386937980042319,4.165122629856227,2.004746948214796,7.423983804790306,4.088479169451021,3.1592120041730336,3.7569572705719407,5.3841197425814,5.1979972460613055,11.14150474569093,6.985140941691056,3.7863759328750834,2.636285395385771,6.910943246034333,7.614921137171467
Q8BJY1,1.7026540669721026,2.048257828975602,3.5816864799458425,2.364163996732687,1.5694455756706835,1.9449578254138102,3.672301593485273,1.617999328067165,6.035374257249233,3.3265051451039755,1.9124559713429445,2.686947405287912,3.5458014556797717,3.283303176143111,7.033462066595387,5.282413724177915,3.072183104019495,1.996832841371745,4.934485938101954,5.7735067879093025
Q8BK08,2.5792671442236426,2.7347409033999606,5.416034431572576,3.1578499108560507,1.5785958310369361,2.5995819474504667,4.12618053659859,1.4425199849915016,7.480156044923752,4.4505588917047145,2.6714353484021873,3.4290204232815045,4.397650579374671,4.583679790770318,10.656723990905345,5.92290369047163,4.104090175862236,2.00418099671244,4.957399332202119,6.499160225842103
Q8BK30,2.355027322134974,2.503756473546617,4.965177349332386,3.343395604858804,1.91826902777615,2.745408772516116,5.183644024740914,1.969937620475958,8.51924356135827,4.695534416148787,3.0647302396722105,4.305942186514094,5.012909281450741,5.2617344720030506,11.271165668108656,6.424927283730209,4.333613253695162,2.430571090718954,6.007135781726348,7.0208959425341915
Q8BK72,2.4398942379686654,2.4203297376300776,3.9678962005796534,2.5657716772608543,1.7011727749773353,1.9223136754104841,3.6266495742070757,1.7575581856667997,8.149936015209839,4.496190060318283,2.7515401128069583,3.8774157493873194,3.87113477068045,4.401354313881218,10.157872771761145,5.235275604632862,3.644377388374248,1.7755986637162167,5.398076311784358,7.347743851016838
Q8BK84,1.703168127561769,1.8083796936535026,3.583078487847109,2.0869899632286417,1.3854441438009353,1.716924827708787,3.2417493573918175,1.42829997713889,5.327767919379436,2.936495176657563,1.9136294065075414,2.688646943267692,3.130079929698718,3.28544734036246,7.037759405022821,4.663022907100152,2.7119534623499053,1.7626936789044134,4.3558914855185655,5.096532723875028
Q8BK99,1.7031121033405692,1.8083202085901486,3.582960625624037,2.0869213135249223,1.5694455756706835,1.7168560169348765,3.2416194348241514,1.428242733848318,5.32755439352913,2.93637748804218,1.9135581863114437,2.6885468789804867,3.1299634364500064,3.285325064752014,7.037497478338788,4.662878202861878,2.7118693042473563,1.7626389784984322,4.355756312268943,5.0963745668381994
Q8BKC5,2.273375328600438,3.1390517162124114,4.773548577888273,3.0665709465210114,2.03111597296108,2.0186940746434616,3.542756061024965,1.5609221574865342,5.8224680588205375,3.209158062005209,2.2611874292953993,3.1672745962310427,4.550346411146423,3.869923261716583,8.262391989357376,5.097304931382741,2.9645262381765454,1.9268588984016486,4.761569392227091,5.571188884104645
Q8BKZ9,3.499280909159288,3.7103969231955816,7.433213323105983,4.0374887749770565,2.517517847437056,3.491510952140672,6.206308102897083,2.6452164504219073,10.957606341408647,5.837757406540913,3.8873203584041787,5.511995553005211,6.543525341470766,6.611412563796618,14.30158402517781,9.037954773986142,5.247028510882565,3.1555730448840658,8.449847751635577,10.270758853217572
Q8BL65,1.9293666181963447,1.807972917293283,4.058948680965691,2.364163996732687,1.5694455756706835,1.7165760798435563,3.672301593485273,1.617999328067165,6.035374257249233,3.3265051451039755,2.167788071750351,2.688038658163827,3.129371773873384,3.7218039870112065,7.036167167625725,5.282413724177915,3.072183104019495,1.996832841371745,4.934485938101954,5.7735067879093025
Q8BL97,1.7015518562679153,2.002647134685224,3.5799330788475987,2.310240069884195,1.3841921580060017,1.9119163001816282,3.609915435710613,1.4269767843926786,5.932843514319559,3.2699934808145192,2.1224922475706878,2.6868040662479062,3.4717121102287734,3.6440370774024133,7.805894770759401,5.153973180813125,3.0138684668073386,1.7611822884272035,4.840822003510158,5.093698171349529
Q8BLF1,2.1357515348926532,2.4852562883162514,4.0135548454820436,2.315420213490922,1.5003268568303083,2.725293988333296,3.5069318111259706,1.5451381564208506,7.91258671989397,4.661131648025745,2.63026964407671,3.3621795347818346,4.300291735866507,3.5580126475601586,9.67012777453514,5.187824635257664,3.4027547844053725,2.2237354218120178,4.87973742564321,5.108552958214198
Q8BMD8,2.0444378992330834,1.9254692550374373,3.9752615234311106,2.2097123784263584,1.5370868420535206,2.063723189524064,3.594442044165453,1.5836947658529488,5.326643524530033,2.93587603902563,2.30336291192342,2.6886193767892643,3.3236713163090936,3.2853638998747163,7.0368448451274,5.176023990026536,2.7113399622351206,1.7622911745959857,4.835103596138558,5.657226260794316
Q8BMF3,2.3719822390275738,2.517803782758515,4.518570340067977,2.631861389625999,1.566457936289829,2.5734055028560237,3.6499370263216413,1.5169852546500373,6.721086047167487,3.6969945387016523,2.418666241773507,4.046801148141136,4.711221413802839,4.5733078156747595,10.59284221452047,4.697916835472052,3.049029881358758,1.7764298693735183,4.38832525753925,5.734227024673473
Q8BMF4,3.933716335686683,4.15306309032309,8.139422879901714,4.435365944606601,3.1128532848203956,3.8621985173565676,7.203006711727891,3.0841285100351623,11.911972260939065,6.781332446608313,4.27475518499732,6.041124631461638,7.297868822004665,7.508152202660019,16.07389217117115,10.288022281598408,6.228593465755658,3.9142244406183186,9.677022414192674,11.321804552449285
Q8BMK4,3.224236886828106,3.6633931717402333,4.806701703546053,3.414899263150945,1.5990543110315378,3.8632302495057482,4.938488355999311,2.60299151370839,9.6884633238198,5.76686549312686,3.470340451588121,2.973203458601572,4.148659896762412,5.951522929345497,11.438999014741167,4.8183323519145835,5.1176776194483855,3.8924590744006045,6.625844604603143,6.792378487846741
Q8BMS1,4.405333950539353,4.760146713105834,9.144491613015768,5.105559425037396,3.445285988662434,4.46503787653584,8.15082664573829,3.5017401406929562,13.911524235352086,7.638086205630306,4.919218145403616,6.918118669494563,8.127913380495295,8.256317050214049,18.247575886639222,11.762889696643725,7.062400588896269,4.446461925289304,10.851715882906099,13.162583883311846
Q8BMS4,2.6957210151807383,3.0176519244536033,5.67548158263355,2.129029926809465,2.312556573581312,2.5738002035494763,4.555722542576072,2.0056048361861682,8.472009098767252,4.406735894500909,3.0305387890795497,4.625503693579917,5.3856274607708485,5.202094040271437,11.131465957216315,7.39862863606116,4.068847333990446,2.4714470213343174,6.531498712230304,7.646430124738904
Q8BP40,1.7023734117882479,1.808020165546079,4.005845050963423,2.0863375680360385,1.5489123628340815,1.8218232084392425,3.6144062522606593,1.5924909048576377,5.32725735544287,2.9359115181988984,1.9132853898032567,2.688602410621297,3.332468320808357,3.284917375367996,7.036675088448754,5.202371273230596,2.8749420329597406,1.966575575829681,4.859715507523416,5.095654487225471
Q8BP48,1.9181270699598139,2.03661751710218,4.0353032270332685,2.1394179487205345,1.5603027517584243,2.180146588839044,3.636227674000447,1.47020401283177,6.765185562061938,3.024073911838004,2.156222431880773,3.0294898431049075,3.5268838026029625,3.7019473206055395,7.929944349561962,5.233607981869233,2.790840801992518,2.2354177690387913,4.479818565959004,5.243414272148398
Q8BP67,3.1883744597080703,3.5207418105802986,6.559950814461397,3.31367176239176,2.1177167816365174,3.470167445596466,5.8188410904219285,2.3601848262329055,10.76623606539146,5.40144668030523,3.420140521369256,4.812265404703187,5.857885252456506,5.569834245344101,12.585929460873292,8.365693912365517,5.478619856608589,3.3019800731408693,8.167519368766916,9.35774150749443
Q8BPB0,1.9293666181963447,2.048551377575414,3.5824823686249014,2.364163996732687,1.5694455756706835,1.9449578254138102,3.672301593485273,1.617999328067165,6.035374257249233,3.3265051451039755,1.9133115178576756,2.6882003101088086,3.1295599664919234,3.7218039870112065,7.03659030518158,5.282413724177915,3.072183104019495,1.7624473069111917,4.934485938101954,5.7735067879093025
Q8BPE4,2.320351381913607,1.993774200524104,5.0112526871215906,2.0893649373206316,1.3849160197508967,1.8953956464203745,3.2428864028405977,1.5541073125208298,5.857511736298236,3.237534050048092,1.917235202518991,2.9664230726190213,3.461959445893696,4.084432962251263,8.686958654065995,5.082399763968965,2.9558575867073134,1.7654684130601421,4.7476459581969825,5.55489801978925
Q8BRF7,1.7029637882014796,1.8081627314265905,3.582648604294085,2.086739574446046,1.5694455756706835,1.7167359205125203,3.672301593485273,1.617999328067165,6.035374257249233,3.3265051451039755,1.9133829177700308,2.6883006268971323,3.1296767536984142,3.285024151962277,7.036852892808518,5.282413724177915,3.072183104019495,1.996832841371745,4.934485938101954,5.7735067879093025
Q8BRK8,2.85102270857495,3.163519865063093,4.074156251875538,2.385769232038594,1.407379741817926,2.56287632052102,3.461473547629168,1.5251094529169205,5.353059743679803,2.9752735147586518,2.1659867431092685,3.39602652738119,4.994104320766689,3.3199691061941023,9.700738804816226,4.977034372578534,3.064839162717115,1.7791342801752843,4.420356352559101,5.113346693612483
Q8BRK9,3.0324825643228346,2.9356526457374046,5.035316854626222,3.114151669255526,1.9527450312197603,1.9521445513760345,4.035314445828956,1.6164501897839476,6.564543524979554,4.60488720815539,3.1167873783098985,4.792228685670805,5.57950902094772,6.008680068957343,11.460483200656933,5.282492064685737,4.256149331069202,2.0070492588912767,4.929634768650789,5.786829306502581
Q8BSM7,1.7030928354739499,1.8082997504696785,4.058948680965691,2.0868977034986447,1.3853828973623392,1.9449578254138102,3.672301593485273,1.617999328067165,6.035374257249233,3.3265051451039755,2.167788071750351,3.045739552780423,3.1299288498390454,3.2852887613694977,7.0374197128337395,5.282413724177915,3.072183104019495,1.996832841371745,4.934485938101954,5.7735067879093025
Q8BT35,1.7031425066802892,2.048551377575414,4.058948680965691,2.086958568487493,1.5694455756706835,1.7169381659591154,3.672301593485273,1.617999328067165,6.035374257249233,2.936517989367312,2.167788071750351,3.045739552780423,3.5458014556797717,3.7218039870112065,7.037520856308858,5.282413724177915,2.7119647431764413,1.996832841371745,4.355909604581793,5.096553923760052
Q8BT60,1.7030838112572073,1.808290168790663,4.058948680965691,2.0868866456063184,1.3853755566024717,1.7168453848353193,3.672301593485273,1.617999328067165,5.327521401194217,3.3265051451039755,1.9135435432428947,2.6885263054873327,3.1299394851171,3.285299924549603,7.037443625490871,5.282413724177915,3.072183104019495,1.762672384871379,4.934485938101954,5.7735067879093025
Q8BTI8,1.9293666181963447,1.8080408363116687,4.058948680965691,2.364163996732687,1.5694455756706835,1.716661499527546,3.241252163834741,1.4280809159259724,5.326950788999793,3.3265051451039755,2.167788071750351,3.045739552780423,3.5458014556797717,3.7218039870112065,7.972479330729388,4.662383707991991,3.072183104019495,1.996832841371745,4.3552943874540135,5.7735067879093025
Q8BTM8,3.3461168034039392,3.9676942283493726,7.03617248845422,4.197030513323882,2.7227301053563937,3.7041604048833046,6.002433741259576,2.6436834538821374,9.11259037220391,5.02303565210072,4.0059982113039245,5.276597022626077,5.972942182709875,6.875294325888366,13.426406002117767,7.643956500350526,4.175639151236873,3.6224748062164607,7.459796448986984,7.84212753715829
Q8BTY8,1.7030839221057732,1.8082902864867918,3.5829013387136466,2.086886781435448,1.3853756467723697,1.7168439099743797,3.672301593485273,1.617999328067165,6.035374257249233,3.3265051451039755,1.9135464567408904,2.6885303989484037,3.1299442506592525,3.2853049266384127,7.037454340469356,5.282413724177915,2.7118602798928997,1.996832841371745,4.934485938101954,5.7735067879093025
Q8BU14,2.177080143073833,2.3222977640032667,4.078985212450881,3.2306902195126024,1.3928148138295804,1.9437376103028217,3.516074456016705,1.438487404010602,5.356712851292663,3.3235807744448507,2.177940579782911,3.81533487171081,4.009474651773548,3.307208344847909,7.98780327196875,5.058113801889183,3.075221160210061,1.7772534921102838,4.724959598393801,5.122903195695663
Q8BUK6,2.140556534550381,1.849699771187134,4.503244246325802,2.622947160081888,1.7412382648994205,1.748111793390519,3.2951563786848674,1.617999328067165,5.417708954487943,3.3265051451039755,1.9504135545514483,2.738078899379866,3.189613076764315,4.118397559059754,7.167529499812471,5.282413724177915,3.072183104019495,1.996832841371745,4.934485938101954,5.7735067879093025
Q8BUY5,2.4815362622511556,2.3028252972830234,5.117458689290626,2.96808434905947,1.5762634846766572,2.1893042856440084,4.136261935841531,1.4395450989890226,6.793627718502018,3.345348334592256,2.0732075629898423,3.0567467738004095,3.5584898440677044,3.7224062830170332,7.989563165490212,5.349031486996493,3.4624221734940206,2.02203404007377,5.550977911632952,6.513843548841663
Q8BV57,1.706935148692057,2.048551377575414,4.058948680965691,2.364163996732687,1.5694455756706835,2.0024399055373876,3.259324546232221,1.7085847112330506,6.20348392138921,2.943344280620737,1.9183744653570391,3.045739552780423,3.5458014556797717,3.2923108050327996,7.972479330729388,5.27035690054314,3.0651710122385425,2.1092873764547435,6.052164613357758,5.125361889964088
Q8BVI4,2.5876224793634752,2.7474703587961136,4.702945079227257,3.17076280119652,2.10490459067833,2.2486864962254027,4.244726680157374,1.5368773823679114,6.976575741191787,3.8438003693352543,2.9056707452635067,4.082463794101555,4.7527392979713685,4.988650461542421,10.686192188433704,6.113176676416091,2.917459290240103,2.311200291619776,6.590055734145984,6.680721846827957
Q8BVJ7,3.065780462316864,3.166466636674712,6.283099462150053,3.7579719608541917,2.788111932708177,2.894660461703603,4.82219486362889,2.232408267168375,8.29845529279734,4.949502330347568,3.5436498418091213,5.4306724706163045,6.330256268950421,6.499267483188189,13.62488874844743,6.95565116611789,4.2635092209147105,2.47505149673624,6.834956781460977,8.894346130465035
Q8BVP5,1.7028912699479946,1.8080857334280376,4.058948680965691,2.086650713654956,1.385218933644954,1.9449578254138102,3.672301593485273,1.617999328067165,6.035374257249233,3.3265051451039755,2.167788071750351,2.688235043146867,3.1296004021413855,3.284944010551959,7.972479330729388,5.282413724177915,3.072183104019495,1.996832841371745,4.934485938101954,5.7735067879093025
Q8BW41,1.7084715111726252,1.8144170217089446,4.058948680965691,2.441943596489232,1.5694455756706835,1.9449578254138102,3.243195227908858,1.617999328067165,6.035374257249233,3.4384217915807147,2.240945896149007,2.6979851670604327,3.1410359671514776,3.287483249826513,8.241532034958219,5.282413724177915,3.072183104019495,1.996832841371745,4.934485938101954,5.969320507763154
Q8BW75,3.735037781142397,3.928475302542366,7.474961156108117,4.3558987383447425,2.6260224557525635,3.566618857680889,5.713945704405779,2.5184608121617176,11.193425788330428,6.02643047435222,3.89024495039565,5.793634037941276,6.864980675677984,6.857029857515718,15.296181019907138,8.424358006382102,5.5676235037686705,3.518178454834029,7.875185210378615,9.805183617593107
Q8BWB1,2.075414862942827,2.6863073435525577,4.900585821367265,2.8724711757920094,2.3493378264455487,1.7744761496136117,3.4918177774616144,1.5384789821426008,5.738751730654002,3.0398837580940485,2.855559472907719,4.795085973440679,5.039242641466406,4.920702029532687,10.516853724114428,5.020246590425237,2.919710109513647,1.897729671885126,4.689586522326562,6.185966922609448
Q8BWF0,2.751792913387437,2.7215543122177355,5.792335608438746,3.5959882218886112,2.099765898238746,2.5756702063157895,3.353899895000854,1.7214734350036294,7.276204756171147,3.9989266802644385,3.092112491289787,3.703860683776128,4.745348065428792,4.929421468583304,11.367675277473758,5.669153324144219,4.07974965384558,2.149077004370505,5.972333548015748,5.264963637979254
Q8BWG9,1.7029082275427556,1.8081037385618366,3.582531717301061,2.364163996732687,1.3852327278206285,1.9449578254138102,3.672301593485273,1.617999328067165,6.035374257249233,3.3265051451039755,1.9133222583339278,2.6882154004646246,3.129577534443711,3.7218039870112065,7.036629805456555,5.282413724177915,3.072183104019495,1.996832841371745,4.934485938101954,5.7735067879093025
Q8BWM0,1.9695792873357498,1.8988951345582372,3.7624133478057544,2.6248284052271194,1.4529197923990111,2.1448961124722747,3.3652599873423874,1.4283123140189191,5.5479687359337975,3.0535233244852784,2.007854696544571,3.099465148783595,3.2839270553178905,4.129292396805032,7.372269305273622,4.6629460533315665,2.8201022346860376,2.0252925907135664,4.538085877002788,5.295415770565677
Q8BWP8,2.2511028270676694,2.048551377575414,4.058948680965691,2.758405896786877,1.5694455756706835,1.9449578254138102,3.672301593485273,1.617999328067165,6.035374257249233,3.3265051451039755,1.9875777234882803,2.795093820963888,3.2570730652106072,4.344848102048557,7.972479330729388,5.282413724177915,3.072183104019495,1.996832841371745,4.934485938101954,5.7735067879093025
Q8BWT1,3.8042272521591673,4.190575295715423,7.943472388515147,4.430981547806746,2.99101714250816,3.828116548966726,6.597118022653215,2.787930217026332,11.875189894832593,6.549897376032644,4.188584932593726,6.1037284882502725,7.1086254322830245,7.335175641231882,15.607125009674897,9.099194444690255,5.927258433545453,3.623553687989059,8.745954482964862,10.794463150422612
Q8BWY3,2.5773203892650205,2.7365318670319967,4.637047672144795,2.2175548670109695,1.524760636155108,2.2285264267467855,3.5654323963595114,1.5709132473794263,6.914944911772513,3.8099937729448548,2.0280462466945806,3.4810196581543758,4.732862051764629,4.967786570795077,7.74797276458158,4.962231447016402,3.5255906213153922,1.8842029640484546,4.6558744914223125,6.623113604308177
Q8BX10,2.80654214614041,3.1470264438802804,5.521978867185103,3.331480983957004,2.280782907974651,3.1389712551444844,5.369836648978388,2.3640045680751083,9.539280864245038,5.138021816701221,2.816421766642003,4.297442478499127,5.3047055878091225,4.83366977903129,11.921819303381552,7.714800752728204,4.493285535779792,2.8271273972975544,7.806957342158228,8.672551587437166
Q8BXZ1,2.1608050904846325,2.0309310183792837,4.022785987027174,2.0902748212874043,1.3887381101423348,1.7195097417723317,3.551167138583655,1.564628039885307,5.334533857679555,3.216777123801356,2.161924022280382,3.4374811267135708,4.4325878705070565,4.179890361084525,8.995949057533778,5.105351051354349,2.7179493804753867,1.9299004542970881,4.769085552060324,5.099859407813612
Q8BY89,3.17932097971861,3.37644238812141,6.687144853864734,3.732064071688087,2.20817677720683,2.4846717519864936,3.5260301957739273,1.5560700260629188,5.793678927140842,3.166354888043636,3.8877316612523303,5.462258163323177,6.112463232242863,6.170827225017921,13.17085118816839,5.077434289141618,3.476624485653135,2.265239981451741,5.590923731285874,5.5505801720470895
Q8BYH7,2.299887869668248,2.2259019927477457,5.287488656835591,2.858232631978117,1.8725881611212172,2.315276785912335,3.2439090178304024,1.4288129304400583,5.8685870537686204,2.9392813533791506,2.362145368280424,3.30421223535369,4.253992639999512,4.037095585139512,8.645073708450493,4.666663848944264,3.343351386189602,1.9379631843436231,4.778763673161669,5.101615174812196
Q8BYM8,2.0463713629028213,2.387937469206476,3.846656600720557,2.5047418632655543,1.3853138975058357,1.8356467311267375,3.240717478532697,1.568770922834673,5.70724647804011,3.148401843017133,2.2992249652755867,3.211062157733461,3.3418949814786547,3.491696032061458,8.448802428429545,4.662807816241835,3.264714281271615,1.9374610692311656,4.3556887789341046,5.432305677963972
Q8BYU6,1.7051604815841213,2.048551377575414,4.058948680965691,2.0890470899171625,1.3887915781905218,1.7188974026948678,3.672301593485273,1.617999328067165,6.035374257249233,2.9338326227835325,1.9148634850141248,2.6895140028706126,3.1324767734211814,3.2885558650114217,7.972479330729388,5.282413724177915,2.7094689183264355,1.996832841371745,4.934485938101954,5.108332171581752
Q8BZ52,3.0748895524745574,2.2521268388994242,6.710602901287122,3.6076124711117807,2.1118271953547354,1.8010758762903898,3.470682310181917,1.5073587212673474,5.627465381137781,4.523068156739,3.8457892065356396,5.055221050546001,5.880143946102492,6.390802263822613,14.143954423219244,5.035953463689678,4.174139888774167,1.8583445006838877,4.661174703996947,5.499236048975742
Q8BZ71,3.4861356242753527,3.4901612484312676,7.1988965775407925,3.944571897011293,2.551226262333273,2.6547727362396314,4.486064404422022,1.8396274584754624,8.244084522619525,5.243001540345668,3.768284071763432,5.299137842356145,6.300211646021444,6.481537542898209,14.400405440016362,6.910043445495591,4.719076197423177,2.748162240681262,7.097349251722178,7.916953344919582
Q8BZA9,2.984501878572802,3.1688448370966364,5.563506162338768,3.8582457152859777,2.4374146427892294,2.6544105599988206,4.058567553140127,1.516544446687698,6.666951858096243,3.6922414359482625,2.9663367786118364,4.172746415848885,5.185904830650878,5.086098114316418,11.674752851840626,4.98296022820633,3.4015243893179856,2.1945999974020904,5.461352287980138,6.384172850103869
Q8BZJ7,2.021041562049768,2.1458894525420282,3.5881983945676224,2.4764985834393682,1.386933193692512,1.9449578254138102,3.672301593485273,1.617999328067165,6.035374257249233,3.3265051451039755,1.9157832898719802,2.6911214479633117,3.7047950867391863,3.3069995007518336,8.329965065106409,5.282413724177915,3.072183104019495,1.996832841371745,4.934485938101954,5.7735067879093025
Q8C025,2.08004550138725,1.902693302884349,3.7867489725787573,2.204785095542328,1.4639659431930578,1.7166244367202241,3.5808870815150833,1.5777225111505624,5.326857341879683,3.243698535498308,2.0144290618680216,2.688392538966364,3.4509470542655882,3.461610294129778,7.408049416776787,5.143687206390985,2.7116996915737395,1.9443921047785138,4.355516611190862,5.096148608057468
Q8C0C7,2.292350053289966,2.439375406304333,4.143780755872969,2.193858080922861,1.3854152549718919,2.6550654064774735,4.116604049225874,1.6732459022696733,8.238900194228002,4.228447300411325,2.21545682646785,3.381846906268408,4.225817315686105,4.128059747749455,8.14167106980072,5.4510864685317895,3.9029597465696617,2.234601193426825,6.26325058204852,7.333207104256634
Q8C0I1,2.4578477363699736,2.9033354357268317,5.18265746975618,3.012648451431491,1.4568903095276637,1.787575333500034,3.5716735021373975,1.5736630501115685,5.521953806360884,3.05555536123886,2.768602167527691,4.317206733598641,4.518077444016541,4.140953827722737,11.300651567098148,5.136865704268457,3.399621272484431,1.9418134730815297,4.798524482778124,5.614427525134445
Q8C0M9,1.8236679430703553,2.3992166420859036,4.753748102852751,2.7688549419222834,1.838098856204341,1.834894456448961,4.29219437753251,1.5264606615087086,7.054159031825036,3.888026709455913,2.5392014232985254,3.567574851157916,4.15331379498103,3.5184602772570424,9.338427094241094,4.984838378343207,3.5917728662771964,1.88346487433999,4.657634819833833,5.445653676175365
Q8C0Z1,2.162502085762725,2.2960885634790826,4.5494126962752945,2.6498383074539613,1.7590898996955433,1.7751200085232222,3.361117482122402,1.6116797952240218,6.011801475000362,3.313512581910218,2.433305300762959,2.7941743908548324,3.9801019250890284,4.1776617779258745,8.948972673340297,5.25968491189103,2.816717391735152,1.9882410041568572,4.913254165947105,5.748664933622346
Q8C1Q6,1.9293666181963447,1.808331543571604,4.058948680965691,2.364163996732687,1.5694455756706835,1.7168916763332784,3.672301593485273,1.617999328067165,5.32766504776149,2.9364384771138736,2.167788071750351,3.045739552780423,3.5458014556797717,3.7218039870112065,7.972479330729388,4.662917285887604,2.7118920344266946,1.7626537524774095,4.355792821079296,5.096417283317087
Q8C2Q8,1.7027814866654134,1.807969168389208,3.582265083312445,2.0865161898782545,1.5694455756706835,1.7168163530818086,3.2415445449582005,1.4282097377150476,5.327431313123673,2.93630965006154,1.9132780981835686,2.688153355508128,3.129505302693999,3.2848441906644474,7.036467397566888,4.662714327256158,2.711773996326898,1.7625770310235682,4.3556032303798204,5.096195456118858
Q8C3X2,1.9293666181963447,2.048551377575414,4.058948680965691,2.364163996732687,1.5694455756706835,1.7169131243393116,3.672301593485273,1.4282902411725367,5.327731602800263,2.936475160121335,2.167788071750351,2.6885685045382868,3.129988612579809,3.7218039870112065,7.972479330729388,5.282413724177915,2.7119690754919574,1.7627038270087907,4.355916563070031,5.096562065414436
Q8C5H8,1.7015862077255544,1.9972854126811284,3.5831367738718423,2.086345595037033,1.530369460007648,2.1779593118354117,3.609570846515391,1.583333716145167,6.758398250199079,2.9351784815633906,2.1161227949455954,2.688849216418491,3.4596658538195975,3.6330541047064058,7.038221899098221,4.6631483233513755,2.7115863240530675,1.7622280498035454,4.834265436084673,5.663436337435656
Q8C5Q4,1.8304713995913153,2.1776104933685017,4.315308321045045,2.2482695286530174,1.4912612412475437,2.070360821274729,3.9210985950502244,1.5420202483825338,5.325276451372028,3.540434379980842,2.057125995102721,2.686836313728176,3.7638736644418076,3.9468856498292717,7.559739549440432,5.661429630962839,3.286260742321323,1.7610402245824974,5.7843512094880785,6.7678764091232875
Q8C7E7,3.792991809812925,4.080044754051519,7.876275310181047,4.642642345790605,2.956808973591715,3.0046834837216987,5.656411747685079,2.0796480842231726,8.896433300493541,5.533613333621096,4.087044580739731,5.996949077744138,7.137984087572154,7.308770998062523,16.031925901566147,8.800507018491778,4.525169524947576,3.214288562995905,8.221732325647702,9.285876773146661
Q8C7V8,1.7031285506687923,1.8083376719361872,3.5829952270629586,2.364163996732687,1.3854119499301618,1.7169193822183721,3.672301593485273,1.617999328067165,6.035374257249233,2.936485863112742,1.9135808848382445,2.688578770382496,3.1300005639120587,3.7218039870112065,7.037580956764616,5.282413724177915,2.7119642573064784,1.996832841371745,4.934485938101954,5.7735067879093025
Q8C7X2,2.7712716811133378,2.644466986328481,4.862368794619156,3.0476656230692347,1.5505000352915412,2.3174911054101393,3.2673127252474066,1.4306570833595125,7.1780248514972405,4.532556501956632,2.593910421332714,4.1617356225496565,5.305810088641253,5.088108612977097,11.464300759664136,5.22658274824323,3.946780092251755,1.7826582282841008,4.388769536172833,5.721167130718058
Q8CA71,1.7030716125740821,2.048551377575414,3.58287544225781,2.364163996732687,1.5694455756706835,1.9449578254138102,3.672301593485273,1.617999328067165,6.035374257249233,3.3265051451039755,1.9136328924485928,2.6886518410105467,3.130085631572907,3.2854533252599105,7.03777222527649,5.282413724177915,3.072183104019495,1.996832841371745,4.934485938101954,5.7735067879093025
Q8CAK1,1.7366081569282414,1.8438854485363614,3.6534287063117494,2.3456006376968315,1.384492409235731,1.7530819246596996,3.2389190191633572,1.4269726387274093,5.439966553870632,2.934316336946806,1.9125639083346861,2.740880620311015,3.1908895442065135,3.3492753545794454,7.033497211816473,4.658731008744406,2.7702205870672008,1.761041528719101,4.352119797089081,5.20603324147996
Q8CAQ8,4.506276088239063,4.806619455682313,9.4371133400918,5.451717196632251,3.5150455687512685,4.664980531709778,8.56104094352755,3.7024462174579136,14.386040886283348,7.879485134448021,5.00638319857553,7.103180045730209,8.34578915480025,8.611843778325962,18.565427991393342,12.208639195075952,7.253766905843508,4.615529271782378,11.498782563258091,13.537494622141631
Q8CBY0,2.130312845708735,2.26191086421042,4.481693854129792,2.6103949783841496,1.7329055239991464,1.8872914425865621,3.3297125407368657,1.7793570874104954,5.479658696556909,3.2278770326236637,2.3914463220365,3.3599791170991606,3.9116341492784046,4.105795475150921,8.795027808041413,5.812389499968785,2.980417487256549,2.1971717563997184,4.477053940604172,5.60105306580388
Q8CC36,1.797082085863505,1.9079558521715498,3.7831280662623863,2.086854178489714,1.4626400263143826,2.0323319368739594,3.561320698804635,1.5091110047127219,5.63197373372097,3.4759430545142918,2.02055970475469,2.688575137566582,3.3012448074146055,3.466892355203043,7.424074290175003,4.929241850108337,2.8686542022063546,2.0891658904445483,4.6092820268957775,5.393061612520982
Q8CC88,3.7939571853786243,4.029852099650824,7.709479028942604,4.6933305988763685,2.5837238509164355,3.725263323911486,5.7400366781314816,2.370286867251551,11.562251507481196,6.245715969731142,3.975162901428844,5.838440517240962,6.859091623674769,7.279796581038505,15.415639369032558,8.269740478519424,5.941006606278501,3.4998985069446227,7.476902949782612,10.442583668391782
Q8CCJ3,1.7411086564506688,2.065411686340893,4.092355276852642,2.0851117597307085,1.4248828406341827,1.9144368699849268,3.2386821797400063,1.5926091192252871,5.3235962170355275,3.2743044680810334,2.185415086948337,2.7639870255148677,3.1271023552572683,3.360578535310468,7.194356705538564,4.65868122168931,3.0208814717232584,1.761054155682446,4.351840218738861,5.677096413831785
Q8CCM6,2.234571583882457,2.3570026330578173,3.8284122125491433,2.7183407426492456,1.5153855877877493,2.607714568021808,4.245840207357546,1.5271484130055266,8.091966400733703,4.460032919038503,2.4831310529564306,2.943826239992217,3.3167485205398446,3.500069444465426,9.132642905129995,7.0851709190151215,4.120643236795326,2.30862587061762,6.6185039821677325,7.74386190297836
Q8CD10,1.7030440860584564,1.8082479896061272,3.582817532727689,2.086837968033189,1.3853432420921892,1.716807353549058,3.672301593485273,1.617999328067165,6.035374257249233,3.3265051451039755,1.9134712052222085,2.6884246706579664,3.12982116346823,3.2851757297829134,7.037177587780699,5.282413724177915,3.072183104019495,1.996832841371745,4.934485938101954,5.7735067879093025
Q8CD91,1.8775532769775456,1.9825402177413023,4.422012621424427,2.2975359051023716,1.3850208973053766,1.7169271555021337,3.532561743425481,1.5684886977970194,5.805713846116632,3.2076577682479694,2.358752504912314,2.952142972380841,3.431614142899495,3.6086152222265886,7.692646043639687,4.66554145478105,2.7123782049310674,1.9356905150509258,4.740248110649612,6.307094597255582
Q8CDN6,2.5996503718334756,2.3449800981530573,4.650607769401871,3.1855012703220664,1.7984225681811623,2.2168185067390205,4.188553327722717,1.5879430267513968,5.637806888246702,3.7874158504580633,2.919646074726464,3.4818563220227454,3.3270263071160926,5.012644244695325,10.737589290731439,5.184715324894965,3.015362985937294,2.275853026758425,4.613959848110478,5.666725607774502
Q8CEE7,2.40764232105806,2.5421764770019015,4.402468541927005,2.574964481528893,1.5430186657201963,2.1094063777101857,3.607946086344321,1.5896445852279044,6.514814828106337,3.597615811331822,2.364919146127595,3.795000107761648,4.416671998168964,4.060450277836867,8.698018967928835,5.195717250065055,2.7584379770266434,1.9640602537292209,4.853499753616848,5.678750354976497
Q8CEI1,1.702779976595218,1.807967565035885,3.582261906468102,2.086514339502305,1.3851284019344594,1.7165482752708179,3.241038383559935,1.4279867253122154,5.326599444227467,2.9358511505476197,1.9134236427587321,2.6883578454557595,3.1297433666326318,3.2850940713549033,7.037002667196014,4.662015338455522,3.072183104019495,1.762312802611001,4.354950280689067,5.7735067879093025
Q8CEY5,1.703096273872593,1.8997640767802924,3.7618817432152762,2.192445887137952,1.3853891577018536,2.020132032727752,3.8142390471929106,1.680536322614109,5.616048670462754,3.4550772838626838,2.005435438189383,2.816492656075031,3.2817489209139055,3.2851968147082737,7.362722964195095,5.489565356734852,2.861526768024696,2.075139313494551,5.127993465395482,5.999916800290546
Q8CF66,1.7626529179598003,1.8708576297784598,3.7080080364468815,2.1603348769129,1.4337453869315442,1.7795686930254955,3.3615801677358585,1.4808063390806274,5.961618487198003,3.2858533250015474,1.9802685597057628,2.7820192822617957,3.2379628838124592,3.2825614119209723,7.28127385536511,4.833183078234366,3.0322978073276867,1.8259626976988919,4.51245066062754,5.698550958978844
Q8CFX1,1.844420701384208,1.9583580087963963,3.5825081531221232,2.0867761678997385,1.5694455756706835,1.7169210122298444,3.672301593485273,1.617999328067165,5.327763517962234,2.9361666309816017,2.073524803717414,2.6885963011133978,3.1300139962091036,3.5599664848284314,7.625807086411336,5.282413724177915,2.711987103977739,1.7624314107813996,4.934485938101954,5.7735067879093025
Q8CG76,2.0505254366934946,2.1820497154233256,3.581810823875237,2.7580769472809332,1.3851709219317028,2.0791331388414487,3.2396343050636243,1.547743888991975,6.462689513736984,4.18486729233558,2.5311869607993467,2.907500860445298,3.7835802884161778,3.9476886077541504,7.6025849948080255,5.603050533644583,2.9430319562915783,1.9024885261680513,4.684835619625575,5.478821371419238
Q8CGC7,3.317314905095939,3.6370155167705422,5.62406626748503,3.652494412286737,2.6168780115856167,3.3445949432415394,5.087006389237793,2.0558519699403166,10.380348513687547,5.338451772758314,3.4815527192350273,5.248253760271341,6.358676287792383,5.975947746803451,13.245567974851596,5.924582162391615,5.096000664081623,2.92802766598175,6.249596779193246,7.942401971602644
Q8CGF5,1.7030291467741545,2.048551377575414,3.5827861038702915,2.086819662068035,1.5694455756706835,1.9449578254138102,3.672301593485273,1.617999328067165,6.035374257249233,3.3265051451039755,1.913502615526369,3.045739552780423,3.5458014556797717,3.7218039870112065,7.037293105530776,5.282413724177915,3.072183104019495,1.996832841371745,4.934485938101954,5.7735067879093025
Q8CGK3,3.815905753071617,4.077512964865928,7.829849356407032,4.331827753902776,2.7912083787396864,3.7783095782496967,5.7246989517635445,2.4435860101434486,11.527986661420297,6.411406407937034,4.216174566518912,6.109775125212176,7.062674582633596,7.121549116401306,15.751765136476152,8.658865470995144,5.866715659239538,3.3423091130067677,8.26822713525918,10.414680023855292
Q8CGN5,3.790707967595985,4.103365548133607,5.4582091308012375,3.6955777375149985,2.1284398951658776,2.8204723060684627,3.4438781174479702,1.5173569866541452,5.659963596678048,3.9192662365449626,3.1858937351357923,5.718719411736343,6.0498951129859,5.43188292004092,10.688569935730667,4.9603990375221425,2.884903551291172,1.8751063853815249,4.633680846692246,5.421555184666991
Q8CGY6,3.5765651225826574,3.956739839339036,7.239734288814266,3.6640142328145755,2.6654900047797567,3.5403774944366786,5.214630778550036,1.808316825448549,9.648567054973121,4.716575350686657,3.353101661837359,5.300243792214901,6.177160916169149,5.945235570934972,13.874509013892537,6.522108980922478,4.553535039748727,2.6754457784197627,6.570861375832066,7.671336677899047
Q8CHP5,1.7023018295366852,1.8074887773521622,3.6900482114680946,2.0855940463869715,1.4261951896144598,1.9527798102977012,3.3373510777764945,1.4737590478878875,6.059646560531071,3.030684915336299,1.9126902971306174,2.687339727459801,3.128559726576483,3.3835202685875783,7.034318405154222,4.807764184052085,2.71084519786406,1.817957966737138,4.960839912327236,5.8043417828787245
Q8CHP8,2.472023227528497,2.237082521456623,3.663711511667259,2.140235354179599,1.5664533657102149,1.9432700969422843,3.669114970169142,1.616595316372306,6.030137088176888,3.323618585112437,2.781590494951475,3.308661802067638,3.2078388677645595,3.3741928032601054,8.667380514500625,5.274807852546901,3.0677596280223023,1.9939577060542382,4.441294254878293,5.765193817024679
Q8CHS7,3.9053706139413924,4.14613806972903,8.089631948337416,4.633430034571058,3.1053129449235533,3.031172524731364,5.348154228345344,1.8391128613764347,10.176626846572148,5.346607029926823,4.450217591292991,6.2164731443637296,7.326609446437545,7.590864073132809,16.377533049653103,4.661696031773024,5.6564490184273275,2.907484925157371,6.093782850477276,9.702865925968254
Q8CHT0,3.6914854706927067,3.9160759726425582,7.705382539899701,4.446968690858576,2.919305878414309,3.7743760929124646,6.853797245160071,2.987732623452317,11.449366510874912,6.362520282623423,4.112521753399095,5.822836360385889,6.721085501323088,7.23124931540738,15.47322067772338,9.849700331533374,5.875383553809336,3.7579315006020466,9.293634162581325,10.861397416319287
Q8CHU3,1.9293666181963447,2.048551377575414,4.058948680965691,2.364163996732687,1.3851106236039583,1.7165479209939203,3.2410377146448566,1.4279864305912837,6.035374257249233,3.3265051451039755,2.167788071750351,3.045739552780423,3.5458014556797717,3.7218039870112065,7.972479330729388,5.282413724177915,3.072183104019495,1.996832841371745,4.354978321797592,5.7735067879093025
Q8CI08,1.9293666181963447,1.8079361903473785,4.058948680965691,2.364163996732687,1.3851043650142223,1.7165216050859144,3.672301593485273,1.617999328067165,6.035374257249233,3.3265051451039755,2.167788071750351,3.045739552780423,3.1292986175319815,3.7218039870112065,7.972479330729388,5.282413724177915,3.072183104019495,1.996832841371745,4.354959322027719,5.7735067879093025
Q8CI12,2.356080484770472,3.093943899289903,5.2484955863840295,3.349324641730339,2.1272870087741977,2.6216836557875,3.5654704337309444,1.9663543862804675,5.831748627344647,4.27270016950231,2.6397985411785694,3.7230315444721316,4.800257170419277,4.532190463647751,9.10026833838022,6.807600276747781,3.512866725007005,1.9311226636333414,6.005477955802378,7.795104475187841
Q8CI59,2.3455006301859056,2.995830283203313,4.345124678006277,2.15381223249875,1.672700379720935,2.6175077079481284,3.3546557508873196,1.4710283872317365,5.496640193571469,3.0338460947395753,2.3301734874639344,3.2699574977583272,4.315688285852872,4.530302953665969,10.789967959284809,4.81491810403898,2.802044575978872,2.130659308772296,4.477322032133013,5.264085180409407
Q8CI70,1.7030210569903173,1.8082235379395462,3.5827690848044873,2.0868097491901456,1.3853245090692574,1.9449578254138102,3.672301593485273,1.617999328067165,6.035374257249233,3.3265051451039755,1.9135417300502224,2.6885237579538765,3.1299365193192434,3.2852968115387857,7.037436957107881,5.282413724177915,3.072183104019495,1.762677791154499,4.934485938101954,5.7735067879093025
Q8CIB5,1.94605820730869,2.3741634367739444,3.59592302457917,2.3792429790147254,1.8189049796613173,1.8928750330102053,3.573963357541145,1.5746719499555266,5.873756796751604,3.237426772998343,1.9183994537814382,3.0746871511520686,3.581749600715849,3.6113078833790717,7.055785541819812,5.139369975425453,2.9889907205752553,1.9427601257200955,4.800863809353934,5.617164612246253
Q8CIB6,1.7024351016865245,1.8076013858128008,3.581536368075067,2.0860917444211937,1.3848478630288392,1.7164156890636333,3.2407880457204423,1.427876427602243,5.32618801762929,2.9356243853732766,1.9128625442125682,2.6875695026941537,3.1288255905512448,3.284130739729717,7.0349391137425705,4.661586612229041,2.7111181319373667,1.7621507375676904,4.354549792645849,5.094962900188207
Q8CIE6,3.314708430999515,3.5174963961921946,6.338661078778366,3.566541404056238,2.2652021001123157,2.9162744125367137,4.334771142843039,1.7336963352954622,8.68105337248915,4.774984321206807,3.503130517467481,5.0869879487175735,5.351833741778901,5.377553355363744,13.660156879028547,5.640894877585022,4.5951134179815885,2.566478742971551,5.808720775180634,6.742284667380588
Q8CIV2,1.7028622185150817,1.8080548873709155,3.5824349247679943,2.0866151152616292,1.3851953017222174,1.9449578254138102,3.672301593485273,1.617999328067165,6.035374257249233,3.3265051451039755,2.167788071750351,2.6881945608164677,3.1295532732573914,3.284894542337073,7.036575255925543,5.282413724177915,3.072183104019495,1.996832841371745,4.934485938101954,5.7735067879093025
Q8CIZ8,1.702757898567524,2.048551377575414,4.058948680965691,2.364163996732687,1.5694455756706835,1.7165301443291017,3.672301593485273,1.617999328067165,5.326543182329413,3.3265051451039755,2.167788071750351,2.68801603197585,3.5458014556797717,3.2846763853544116,7.972479330729388,5.282413724177915,3.072183104019495,1.996832841371745,4.934485938101954,5.7735067879093025
Q8CJ53,1.7028689510074015,1.8083697117487783,3.5829148312159353,2.086842326349371,1.475180512856421,1.7166234778414646,3.6047562253737997,1.4280613335156942,5.9243644271689355,3.265320079326872,2.033862032098798,2.8553338249704576,3.1296562070763336,3.284957850403767,7.036971685034703,5.178906068014283,3.011984397707059,1.8692578980428045,4.355270130968862,5.095857147870695
Q8CJ70,1.9293666181963447,2.048551377575414,4.058948680965691,2.086757890747192,1.3852900829448567,1.9449578254138102,3.672301593485273,1.4282362243567077,6.035374257249233,3.3265051451039755,2.167788071750351,3.045739552780423,3.5458014556797717,3.2844157445595905,7.0355496228191505,5.282413724177915,2.711836501298819,1.996832841371745,4.934485938101954,5.7735067879093025
Q8CJG0,2.656915669714828,3.3209221005630885,5.5993959624158824,2.825034243028298,1.524973153793403,3.160312223283939,3.561125771451445,1.9465337963573768,9.806725260595229,5.405153126470647,2.993922093171464,4.186701437896274,5.352949641559282,5.126679864207125,9.528346705944953,5.129097794125052,4.240031444927669,1.951324420966166,6.815114573566966,6.895269014980403
Q8JZN5,3.6149837352871215,3.7217490451378956,7.37896583567466,4.144821049735954,2.8008653698274846,3.473930330520529,6.159727578536869,2.3389068482722344,10.95589202575703,6.039530202883748,3.718276707890646,5.231307515264235,6.444612929899558,6.862059179746322,14.881708791692553,8.149041007685634,5.378730518889168,3.3505299756321727,7.86462906692597,10.110355568047645
Q8JZN7,2.3730730456426614,2.6803847791298807,4.989165905597638,3.0933415981537316,1.4853345800505984,2.033843906071304,3.2417402957741954,1.4280935648004918,6.872726318817324,3.47636220873643,2.665157244808972,3.204040449566775,4.04318591783773,4.572742357747299,10.421523405924795,4.663644664165868,2.906967783013633,1.763143654091848,4.355850057946861,5.097104717243572
Q8JZQ2,3.1856940783585355,3.5611323694743,6.934037032905677,3.7689299703594354,2.4043699476228206,3.3798224757548683,5.864169825796275,2.3607987239977293,10.487210337208428,5.415136099348053,3.7028025777214357,5.205810150235799,6.0621970813110995,6.550260880886947,13.838657731894893,8.084791413715212,5.170335050034977,3.362934168545492,7.383463838293646,9.56594516151759
Q8JZU2,1.7026259616054578,1.8077145789500144,3.5816020834871902,2.364163996732687,1.5694455756706835,1.9221318158805838,3.672301593485273,1.617999328067165,6.035374257249233,2.935099732478662,1.913022988168292,3.014076133791827,3.128470601297233,3.2843319656517247,7.972479330729388,5.282413724177915,3.072183104019495,1.996832841371745,4.934485938101954,5.7735067879093025
Q8K003,1.7020495372761169,1.9979221924739436,3.95753040004483,2.0859185085813294,1.4996160969456616,1.7608710354406787,3.32478065202298,1.4649204093740753,5.933485821014803,3.5665614078708257,2.1179361024113943,2.6873643563854523,3.128582523558384,3.2831235546600337,7.183707266997671,5.206640844983265,3.0287784353864238,1.7620929686945366,4.863148735284408,5.095259900427411
Q8K009,2.0411311450236296,2.168654324429013,4.295299087899164,2.364163996732687,1.5694455756706835,1.9449578254138102,3.672301593485273,1.617999328067165,6.035374257249233,2.9496917093164563,1.9411834205662084,2.732867336373865,3.1809260983102488,3.330228141109076,7.1415775316388315,5.282413724177915,3.072183104019495,1.770784899450602,4.934485938101954,5.7735067879093025
Q8K0D5,1.7568019604089842,1.874065382442033,3.7266887013691017,2.3676298617149825,1.4297507633978341,1.9286246606592963,3.349050497962515,1.4280293189334294,6.588486886603471,3.2986729021788688,1.9708132394767082,3.3131424966455723,3.5539450401775574,3.683251993123459,7.036145923088248,4.815400920434135,3.0487367542553545,1.9815279920947764,4.498228182845413,6.238651423378949
Q8K0E8,1.7256753247722834,2.715857766359157,4.058948680965691,2.1146162639004755,1.5694455756706835,1.7415023386157862,3.672301593485273,1.617999328067165,5.392135830728648,3.3265051451039755,2.2796957786483096,3.20282078954917,3.729007466194737,3.908639953418906,8.370126699457904,5.282413724177915,2.7466347041487094,1.996832841371745,4.412048763967741,5.7735067879093025
Q8K0Z7,2.3885401990331774,2.5434406643495215,4.338827872870134,2.7378267259106726,1.391026993949274,2.7165882526620537,4.283360977085165,2.023033189365109,8.80151236419541,3.872463525740603,2.5091601544462807,3.252522922434875,3.791012729343869,4.308462439673442,9.205447120980585,6.137359036601878,3.564322623138351,2.135145606162795,5.720415907929051,7.185461131009784
Q8K190,2.475980048580056,2.2706294942157976,5.208899053968523,2.6218549053295988,2.014088922262776,1.7649102569377166,3.6112122525196773,1.5910836431436424,5.9349748138837555,3.2711681849279457,2.403294690920173,3.9099534794124713,3.9290620699074426,4.777847940222347,10.234631937019294,5.192604230025495,3.0199510705358734,1.9628834847415153,4.850591773588716,5.675347925089751
Q8K199,1.7031165556686072,1.808324935956451,3.582969992309895,2.0869267692188016,1.5694455756706835,1.7167622637534168,3.241442418154088,1.4281647411110854,5.327263469206493,2.936217139865772,1.9135753865004994,2.6885710452247817,3.129991570406543,3.285354595190454,7.037560735514855,4.662371438035375,2.7115745764166745,1.762447413675749,4.355282925661821,5.095820689327187
Q8K1A5,1.703078442056821,1.8082844679131085,3.5828898099366606,2.086880066415964,1.3853711890200167,1.7169056462466121,3.672301593485273,1.617999328067165,6.035374257249233,3.3265051451039755,1.913569427988034,2.6885626735221564,3.1299818242037434,3.2853443652165284,7.037538821879435,5.282413724177915,3.072183104019495,1.996832841371745,4.934485938101954,5.7735067879093025
Q8K1M6,3.434476286595873,3.3282585784129313,5.391872878073946,4.23710229294622,2.2738998522270353,2.9683702282418505,3.52475631330511,1.5744609116339556,5.660500738263875,3.1401337950382175,2.0850977100986237,4.017087598037074,4.15646883160277,4.271875241071835,9.227378351276524,5.059932590122602,2.9315952043848785,1.8843885987943867,4.788442087370568,5.48853615479723
Q8K1R3,2.066584567662996,2.4981787995645344,4.354995442431269,2.539249544292626,1.684912977731502,2.400372617374913,5.003140427881469,1.478972130928015,8.222588525247124,4.5320276538698065,2.645281669318509,3.7140419087361387,4.3293681659624585,4.5404479773511985,9.728618897436554,6.515717116202302,4.189336482804274,1.8243837914555696,6.72883785387943,7.872956071095258
Q8K1Z0,3.064555662745245,3.382254592401812,6.354666263917322,3.5116822826800065,2.302128794887683,3.081828038777775,5.381058057306554,2.3283331270399152,9.56353267171429,5.278524981867363,3.339146640445882,4.761750318836388,5.451066453884143,5.6386753860088605,12.64129116180066,8.12185771472622,4.720560242603954,2.9726180415517143,7.3553942072139575,8.884435109830399
Q8K273,2.3548118405389245,1.8500890987771819,4.953988694493506,2.5134980228306834,1.4178680483823785,2.0583444043662187,3.3059592111484104,1.5514992236745977,7.338526250858307,3.5251130478709327,2.645926287702772,3.238608654394066,4.32788121902643,3.9706391778348373,9.730929381077067,4.757380203620823,3.2567623787498468,1.798647325786778,4.446653829902905,5.2076050867956285
Q8K297,1.8662610353203997,1.9778017267118253,3.928636274632294,2.0853104291503297,1.5171419419205396,1.8985214040136837,3.5572605167725033,1.5679161376358106,5.323710859180207,3.700963625814794,2.093100698333426,2.930208322121244,3.4123191357940246,3.5917387804853953,7.672568488125548,4.661297072219997,3.015331628726942,1.9424224971420374,4.79312958440092,5.094861415351321
Q8K2B3,4.15152416051889,4.474603550174594,8.772158931903846,5.096255779818846,3.3665282606223212,4.219051195400497,7.7824651412662496,3.352069626739912,13.090552575405704,7.150464449604174,4.672451936685457,6.53430139119237,7.6771390050699875,8.00655909320896,17.14298512145555,11.277187328580077,6.650278026942289,4.3130184857050615,10.559151502232822,12.497227066186728
Q8K2C6,1.9008188220795406,2.317596712364694,3.9699931710343686,2.345256948022461,1.3862775369774565,1.9303330818527726,3.6455873432661217,1.8404706348690392,5.992719083551814,3.300544902680634,1.9128193085947824,2.688264467466197,3.130731553703445,3.2849286090089804,7.837856936293204,5.251265335841312,2.718343992231494,1.983467234442529,5.618701896824114,5.101637879832582
Q8K2H2,1.703496086992848,1.808409623628829,3.5846379314343197,2.373142796688517,1.5554519510594516,1.716924443550494,3.6920902879282202,1.626718136557409,6.067896688750341,3.344430468556748,1.9141171401435984,2.6876661423008454,3.129772358959984,3.731770261046661,7.039042361501471,4.665643049095709,3.0932412059672796,2.0105200169477304,4.968309087447612,5.098824978249413
Q8K2I3,1.9581710986608007,1.8082335377778724,3.582961143105757,2.364163996732687,1.5694455756706835,1.7167489017006412,3.672301593485273,1.617999328067165,6.035374257249233,3.3265051451039755,2.167788071750351,3.045739552780423,3.5458014556797717,3.2850384758166067,7.036381554452682,5.282413724177915,3.072183104019495,1.762458624448609,4.934485938101954,5.7735067879093025
Q8K2M0,1.7024022279013593,1.986679389509248,3.927937772166008,2.0860198928531117,1.3853601261933732,2.1385400188208767,4.034298308156731,1.7786027543958254,6.633221284206747,3.663528118265738,2.102246183527285,2.9108643755033112,3.8612974197932455,3.285788227614424,7.717386882173003,5.811470669585988,2.715952370702099,2.195110822336077,5.428202978313269,7.003116355760344
Q8K2Q5,1.7345822343631947,1.841820651499576,3.646180205612564,2.125450887085856,1.41087631417043,2.0500258567197105,4.468939387288915,1.9689943055422827,6.362525613295905,3.5045044028537924,2.07816039271181,2.73293064427977,3.3991995073871726,3.3390912506543504,7.150802625548983,5.559517590188786,2.7683798329135882,2.431739789321082,6.009208956762142,6.090379519980809
Q8K2Y7,2.105569790678279,2.2356393308532967,4.429640092220706,2.580075888523009,1.7127782563871317,2.133629189422032,4.0285345881750265,1.7749539602972335,6.620838002805284,3.64919402550353,2.1020213515311315,2.7654941914816016,3.8642124996594216,4.056019962667032,7.233448668050073,5.798875667669449,3.3725506517943886,2.192063321968581,5.41693095865369,6.337982933122494
Q8K370,2.0627436254435603,1.8277236739012792,3.622283108666141,2.1093704201532475,1.3989914092521092,1.93612014568435,3.655615048960173,1.6106473126778869,5.376274178715094,2.9638405557327894,2.324237744019293,2.7212243050903027,3.1671294007326805,3.990407279743136,8.547854661333728,5.257272816461991,3.0575614791454235,1.9873291953473384,4.911000943916903,5.145966843289189
Q8K3H0,2.5223549497569016,2.6781709905861035,5.3064613016960385,2.3829320920968953,2.051812640911027,1.9564981685485296,3.672301593485273,1.617999328067165,6.035374257249233,3.3265051451039755,2.167788071750351,3.045739552780423,3.556795667379783,4.850636387653067,8.009631558425555,5.282413724177915,3.072183104019495,1.996832841371745,4.934485938101954,5.7735067879093025
Q8K3J1,3.0351363216191416,3.341644300077234,6.477789214278479,3.4657784473139395,2.370818369533134,3.1828221166058746,6.070560545855035,2.6480584282714696,9.649439567558028,5.377293225267569,3.4544674185403634,4.860076108966603,5.849937899184003,5.266492684310279,12.382303948467879,8.462359233300422,5.0343474077953205,3.2702935937248236,8.078910964225464,9.348265686015639
Q8K411,3.130618207976266,3.650037593351674,6.556767641687894,3.721931122449579,2.300821023982543,2.951721514059618,4.285646320551296,1.7061337692785608,8.477282191761516,4.875899392929337,3.802528506234984,5.229165170857854,6.458829599555463,6.030263234637456,14.199505852206773,6.16423100111113,3.8480133241216024,2.50853303895552,5.736476323342343,7.688828202592087
Q8K426,1.726725762515331,1.8308584510780734,3.6377512884028693,2.3594701877183173,1.5663295998750846,1.9415268163877104,3.2865007172429186,1.6151450912162242,6.024727536131716,3.3206370131429184,1.9417276229396612,2.726922563323604,3.5384657175293737,4.125016047773833,7.955985451556877,5.268572943162965,3.064133485833411,2.2158051940223156,4.921556784336882,5.75837926338883
Q8K4F5,2.4866356291369653,2.6402451434340297,5.231315972680853,2.7493848105666547,1.8255587266637818,2.505629601538063,4.2649688220562325,1.8784941045035433,7.775187820387327,3.860391073189353,2.7918527074207913,3.922549592065416,4.566569732078586,4.793240018724192,10.267603320827035,6.140954890798437,3.569097448186538,2.049361749105294,5.064283871935827,7.4423360664930645
Q8K4G5,1.9293666181963447,2.293016282482612,4.058948680965691,2.150696247214174,1.4296781928730244,2.1863262206583602,4.128032576898735,1.818792320192453,6.784361500128177,3.03133661714951,2.167788071750351,2.76991626930952,3.5458014556797717,3.7218039870112065,7.972479330729388,4.840188207817739,3.4592356968222773,1.996832841371745,4.5208798532690775,5.28428038149384
Q8K4Z3,2.6339014560067264,2.9708288344503346,5.539457568157471,2.4405402469782134,1.622753238908432,2.64785513136398,3.7537898461051067,1.4456655427731897,7.616791333289953,3.8369233768973676,2.9705370434018694,3.84933208291754,4.839728466329632,5.40125735771691,10.089734120369405,4.71583819303118,3.8644690954816663,2.0243874829695616,4.3980889373303516,6.594701958471349
Q8N7N5,1.7115755925115455,2.1576826007460648,4.275178568675393,2.099222624846326,1.3958420845300428,1.7225591251854646,3.672301593485273,1.617999328067165,6.035374257249233,2.943490836769031,2.2817596780555567,2.7013018986321655,3.7322222100004923,3.303067911820641,7.072502319722717,5.282413724177915,3.072183104019495,1.996832841371745,4.3767173640622765,5.7735067879093025
Q8QZR5,1.7029708565197286,2.048551377575414,3.582663474428544,2.086748235663341,1.5694455756706835,1.9449578254138102,3.672301593485273,1.617999328067165,6.035374257249233,3.3265051451039755,1.913379975161732,3.045739552780423,3.5458014556797717,3.7218039870112065,7.036842070771002,5.282413724177915,3.072183104019495,1.996832841371745,4.934485938101954,5.7735067879093025
Q8QZS1,3.242272111501007,3.7123457473552115,6.041396173570671,3.6539819036325056,2.1411559724597526,2.9985333333292465,5.000074032245521,2.212236269941295,9.627778219590848,5.14117933701481,3.5547895060671384,4.713360913090974,5.673632333963526,6.274398862437416,12.728708727708073,7.220834488985701,4.165895146211941,2.9779413401540573,6.747086066083911,8.901893459639304
Q8QZT1,3.708601610237519,4.142285103807359,7.9234906031475285,4.397385699943666,2.898919616853752,3.8886775180195396,6.63504995279614,2.844485933429311,11.762330139051643,6.436992968831997,4.259428165437187,6.05735867723879,7.136869736433972,7.407385844394149,15.76164441209803,9.420853403597857,5.719155358375782,3.6447639539102803,9.00016453401075,10.733909229860169
Q8R035,1.97115486471903,2.0927711196506453,3.6279579767416283,2.415055039573975,1.4029259678156651,2.258259248412076,4.2688361793886465,2.080561930779365,7.00762638353792,3.8623841710945928,2.215759999572495,2.72274709444315,3.1702459112234784,3.804133618466518,8.149056377103559,6.800694476738978,3.9551954386699797,2.570766089966044,6.352764667257983,7.432938382739096
Q8R081,1.7028228549016509,1.8081028921370985,3.582370994198026,2.364163996732687,1.5694455756706835,1.8888467811131542,3.672301593485273,1.617999328067165,5.32680508629055,2.9361773789119665,2.167788071750351,2.6882697244490474,3.1296485450841507,3.284882852093707,7.03637907435441,5.282413724177915,3.072183104019495,1.996832841371745,4.934485938101954,5.7735067879093025
Q8R086,3.2859754391427143,3.4877190405999317,6.9126954810176064,3.7747208647454285,2.3757126026735476,3.3843416294436945,6.143717563166283,2.5870432805135843,10.087930100487885,5.442871556404621,3.5411448297513877,4.612375414066505,5.789912520963576,6.074202830680059,12.401169749536292,9.021532918595485,5.1397877628448265,3.1957053979840326,8.744017385878564,8.7641512566988
Q8R0F8,1.9043308644557322,2.022507929223198,3.6994667145129987,2.3393035085163256,1.549027461961303,2.2371643690190064,3.646008185387287,1.4755084937066254,6.483354255533996,3.8262725734948333,1.9764670935514554,3.009181711005797,3.232898232339298,3.985842481815351,7.874605603178194,5.2339935070377,3.0435473634047905,1.977614327528058,4.4999489480984,5.71257857557809
Q8R0G7,2.443464347959792,2.594406998058699,5.140493413019538,2.994117543169067,1.987638986829555,2.450079453635487,3.591795191633239,1.5825285747029048,6.032384630404637,3.3275807876525674,2.742934935906054,3.853820183744606,4.486556050065143,4.709254706953264,10.087698316556166,5.1656274819102315,3.0739381066837748,1.9526858630854504,4.8253918571904215,5.777868658104617
Q8R0N6,1.9692129491644859,2.351632810886222,5.544823707867757,2.4265446958868915,1.9904540867694143,1.9827249321879117,3.3024612929353894,1.5377375903206072,5.418995177834445,3.4201543248694284,2.7518509676501974,3.1119884304610985,4.057927288758129,4.703452725911664,10.063785379919635,4.749375857177157,3.1583705723983706,1.781686273222498,4.416395841812632,5.92383645075717
Q8R0P4,1.7028987730249516,1.80814220879539,3.902129994579546,2.272823819383898,1.3852394328040094,1.864101503345286,3.6248236816337607,1.597080776712326,5.327566519248394,2.936354283998497,1.9134322533930577,2.9257792512607987,3.406145584131673,3.66933426841441,7.658473156596672,5.219091862578976,3.035355933056169,1.9728962132657677,4.875334790170422,5.704298047955595
Q8R0X7,1.703135634350056,1.8083451932050194,3.5830101295177075,2.364163996732687,1.3854177121591305,1.716901860618376,3.2417059929128493,1.617999328067165,5.3276966504889645,2.9364558955258997,1.9135623377652689,2.6885527117679633,3.1299702268882452,3.2853321922464396,7.037512746150363,5.282413724177915,2.7119208185258366,1.7626724613344438,4.934485938101954,5.096471376835003
Q8R0Y8,2.0802987869646703,2.2026005238068036,4.3774156272224225,2.150516673219927,1.426925113564994,2.099667277610343,3.360481668525879,1.4760353819537013,8.335587758534006,4.135570135511649,1.9653272581186458,2.7739351185559955,3.227491752262498,3.3844326634243194,8.588719600049169,5.708381833021741,3.8179817665347446,2.1596286415792503,5.3316819529384825,7.1271934951112055
Q8R127,3.5977681777935118,3.9320227217999024,7.805354170231512,4.406085740354718,2.74977763637792,3.677360498303825,5.608174542515386,2.226694159754823,11.415459282214025,6.381938952273713,4.047676290486043,5.852023872735057,6.813299001041505,7.049818012251974,15.31100865951746,8.071912935628852,5.808753115424177,3.285054911890219,8.38114279210385,10.341036458087311
Q8R164,2.510258436678589,2.8333989783472786,4.8865855425814395,3.0703710571860716,1.5700089692821333,2.681875547027896,3.4178242597873316,1.5058777758335375,8.354661013354958,4.06230163032791,2.6232490683713987,4.601311767236062,5.151334201218516,4.857939533014102,10.416114651243635,4.924364673842727,3.975427003035966,1.7881089817510345,4.40486757230434,5.382170794468843
Q8R1B4,1.9293666181963447,1.8078173365874082,3.5819642475616846,2.0863409659208263,1.385013308226592,1.715861697614558,3.2397420468537144,1.4274155652736897,5.324468933705312,2.9346768813289152,1.9129869284740089,2.687744262427243,3.5458014556797717,3.2843442909740403,7.035396562035753,4.660552521757262,2.710516718371276,1.7617598356196764,4.353583812857413,5.093832672858455
Q8R1G2,2.611756829973014,2.7730955856046284,5.494542530196963,2.7682217633500383,2.1245367069534815,2.2641850806636517,3.5564921764298787,1.5669742272661056,5.7016452008307,3.149996782105544,2.936303019043352,4.125502100778619,4.802843808820373,5.041242004124807,9.3351254556307,5.122450794134846,2.9791507448352,1.9363644175051988,4.785059015083357,5.5986724961175804
Q8R1I1,2.669065360428622,2.833663100762738,5.613105105215703,2.7318229022642533,1.525847241802762,2.6927143959703757,4.572919296400653,1.8728641127574037,8.357415681334329,4.606328637832202,2.6921589322615715,4.236996225545614,5.141618490175287,5.16285809885623,11.560559058871496,6.096126288266616,4.2435588519098575,2.62290457039709,5.696803340556218,7.587886435205529
Q8R1R3,1.9293666181963447,2.048551377575414,4.058948680965691,2.364163996732687,1.5694455756706835,1.9449578254138102,3.672301593485273,1.4282540045919736,6.035374257249233,2.9364006599842876,2.167788071750351,3.045739552780423,3.5458014556797717,3.7218039870112065,7.972479330729388,4.663075139174996,2.711983839845157,1.7627134234242232,4.934485938101954,5.7735067879093025
Q8R1S0,3.0559246564381533,3.515867599496889,6.255710350581794,3.548159850068717,2.419998409307812,3.0009758072887385,4.708333113885549,2.286683326969719,9.305051064987573,5.27867007377606,3.342123926129068,5.037771513778548,5.7394433972743055,5.722985101691273,13.446671268121,6.811333791803288,4.74188408555374,2.699379609568291,6.331475693187255,8.878259383825613
Q8R1V4,2.0142025657199163,2.5823693131275482,3.8160060675022733,2.2255290475634997,1.6344470949639776,2.020511029252244,3.240241841089654,1.5404522787414328,6.259597432441629,3.4524773174045325,2.4597292764382037,3.847319254327815,4.026025470182552,3.8945153458744994,8.316123347347666,5.032469536152039,3.1835236309245105,1.7613866726755818,4.353767865090457,5.39789760113792
Q8R2G4,2.3956026855386297,1.9329377786326367,4.659194364332864,2.4724892617024494,1.4806218015073949,2.220750105589105,4.196989733232713,1.4272891910982395,6.32240870386807,3.803151488105941,2.0432996822836755,3.187484788261501,3.7046271984230867,4.269878393335809,9.130394430252174,4.6601041529615,3.2177462876942946,1.8827571700582817,5.1569713554714784,6.577466461963991
Q8R2Q4,2.439387652583862,2.429595759888587,4.159981385749145,2.622486854229805,1.735235197325474,2.145223807679403,3.2416252847643054,1.4281275563639124,6.147648467178135,3.0873007210190107,2.574887986405191,3.6095044754880483,4.476394124637136,4.698588375223639,9.47125570006668,4.914716611361176,3.1414914065445583,1.7622990144921447,4.573617249720598,5.884947138412274
Q8R2Y8,2.350646198321563,2.6422683449927113,4.052697910731484,2.557761678396059,1.8129788190999765,2.3871183334542403,3.3799513464389586,1.4890496964948643,6.974953484668281,3.8458032997319473,2.4948229226154357,3.5087411820112973,4.320774367430187,4.018071384634467,7.3413533547850305,5.29837290724761,3.5507440066964704,2.1544119827064985,4.933588866989478,6.228907888259119
Q8R3F5,1.8542685106928694,1.8076589084403654,3.582981263968908,2.085825422014856,1.5083569305935993,2.383786157354169,4.506184839941175,1.79936045738723,7.3994155279828915,4.4479082444841245,2.081507885234689,2.967676360379258,3.404674924479452,3.5736723747199832,7.037516569796897,5.87149154686425,3.7624177456087398,1.768205950543291,6.592990460699146,5.7237876328539885
Q8R3G9,2.935179237338239,3.116497099810449,6.1749497381318905,3.4015938838465667,2.3876250497934928,2.578360419711367,4.4421266510142985,1.7408043530644617,7.996940894124208,4.410619715307142,3.1172300036798264,4.634204769529914,5.39506734996981,5.367965152060362,12.130420575757071,5.692637159151118,4.079827729774302,2.6501512157625515,5.311846535078846,7.6668891147352785
Q8R3Q0,2.509904466296356,2.4049582214986374,5.280268315384909,3.0755304453249073,1.8456471674321908,2.268728466406855,3.295376446821748,1.8893450115843293,7.045006674882693,3.885675919312011,2.818378174756576,3.5711353846857357,4.609956833390509,4.838780720499503,10.365156094932729,5.49377676991463,3.6005973922010783,2.340259863799436,5.7830580003643135,6.766558605420958
Q8R3V6,1.7030093180531538,1.8082110738408774,3.5827443887497994,2.086795364794593,1.385314960016827,1.9449578254138102,3.672301593485273,1.617999328067165,6.035374257249233,3.3265051451039755,1.9133859189959133,2.6883048436157755,3.1296816627350688,3.7218039870112065,7.036863930424062,5.282413724177915,3.072183104019495,1.996832841371745,4.934485938101954,5.096011645935122
Q8R404,2.74615075005942,3.0655914926215555,5.055352951375047,2.939961550480268,1.9599495477036548,2.408351807319598,3.731183530376272,1.6396794793773712,6.830938130579215,4.446453295273941,1.936684059507048,4.354301905195456,5.302924882756932,4.986318861512129,10.680490885613143,5.371082304487638,3.8062376128388444,2.0341580036182134,5.001431562134948,6.534472848930832
Q8R429,4.377635328457296,4.689535642658809,9.200967685877874,5.253968020516364,3.5446182731984224,4.330322091385052,8.200456500705776,3.541102928436142,13.595383673217436,7.510996112723698,4.970519320676765,6.977319821128479,8.156435818027774,8.453705778933525,18.321126763281896,11.759498551057941,6.957990877536262,4.455999754028032,11.008369548494043,12.989598901708929
Q8R464,3.0524222462622403,3.240982682372707,5.58990767748752,2.286919611340721,1.5181670437810324,2.690631638299629,3.366182713452262,1.4865921084339526,6.524237166050546,4.088200929892109,2.6821610113771563,2.7756607685456745,3.4303547813158946,4.552122061821623,7.260701263750277,5.1048885802516,2.801214718263251,1.8179191744546082,4.510273456621866,6.2530058245214875
Q8R4E4,1.7027259729462012,1.8076205134838716,3.5815783791133633,2.086369074809248,1.3844039048851238,1.9449578254138102,3.672301593485273,1.617999328067165,6.035374257249233,3.3265051451039755,2.167788071750351,3.131727416736287,3.645907156742478,3.284030179301389,8.197559793520725,5.282413724177915,3.072183104019495,1.996832841371745,4.934485938101954,5.7735067879093025
Q8R4N0,2.9089322668962874,3.4934836038095187,6.7748801879340865,3.5678711902491833,2.4365932354959656,3.1742776405454793,5.531718151468971,2.286127360841411,9.846989491986298,5.5500086934147115,3.6216692133752053,4.976404942216061,5.7958505056288105,6.078697093325423,13.318968601298732,7.966498729233597,4.77297516400832,3.099665864522356,7.217709204932491,8.708732992353227
Q8R4S0,1.721162120638314,1.8269556915041805,3.8826154465155365,2.2614574298156356,1.40173581843463,1.7155733365041408,3.2691135154203117,1.4394163738410304,5.372545119813458,2.9339519353101857,2.0728176762323334,2.715503381132936,3.1626240907104224,3.3168945668869885,7.6232064819830425,4.708675121877312,2.7405735880721003,1.7804133425716808,4.398348605933824,5.1472530974983
Q8R5J9,2.4855584926522165,2.3730289075534126,3.602575531225172,2.1097390959036857,1.3929891585868495,1.8780680750524479,3.546006136776539,1.5623541260349638,5.827809511047653,2.9624154039019226,2.5343151291475463,3.9576170259927466,4.607394679882469,4.836091389678037,10.359395277204968,5.099982564889886,2.7364853060879093,1.9278710846489602,4.764070662589146,5.574115450639612
Q8R5L1,1.7783920745029687,2.000358872714181,3.9624540004881883,2.175381567079875,1.390579715266329,2.0087060206798943,3.382709117317232,1.4308949572088125,5.884347063290828,3.0587746129803817,1.9970454923677554,3.167622730843909,3.466474528867673,3.64439308821941,7.832454756301426,5.1688573689893715,2.830765775401688,1.7663911492973041,4.369370641119192,5.114687658280441
Q8VBT0,2.190757978583118,2.079552376141288,4.123090650281468,2.684592913067697,1.5896019069672989,1.7254714157729725,3.526136418484454,1.5535996188064412,6.068112156433102,3.360682612749932,2.4851735267202977,3.882285870113077,4.519425789078549,4.23497076166188,8.00580732129545,5.074695874654439,2.7248087606991174,1.7717930435358735,4.740449487894547,5.113807207007446
Q8VBT9,1.7030272789578866,1.8082301442631528,3.5827821744095525,2.0868173733252258,1.3853295703361943,1.716824474854402,3.2415598797886256,1.4282164941713713,5.327456515694439,2.9363235409120083,1.9134229148349977,2.688356822723815,3.1297421759843984,3.2850928216066038,7.03699999010917,4.662808879041661,3.072183104019495,1.996832841371745,4.355691554483222,5.7735067879093025
Q8VBV7,2.1057933201320846,2.527130245305707,4.346403899367385,2.1291071813956934,2.2067098388572437,1.7866697722174945,3.5824636330381843,1.5784171325589909,5.8877268758990695,3.245126633550609,1.9755642975173262,2.7845994617069247,3.8278225209592973,3.3965713827599924,7.776741580030521,5.154416956711614,2.9977418491478356,1.9484481138188294,4.8149197166426045,5.63361047452235
Q8VBZ3,2.612127474074864,2.3857650908731687,4.742494063758777,2.758603764182103,1.838412671447678,1.8173873592179235,3.426019998989116,1.5989392443519375,5.650783598644132,3.121384354587696,2.9399345775354826,4.570145940611196,5.320491082073962,4.347549291182073,11.962741205720658,4.954253709763858,2.891079721996465,1.883914616530696,4.643499809618161,5.439933704388056
Q8VCA6,1.703114451665805,2.048551377575414,3.58296556596639,2.086924191063034,1.5694455756706835,1.9449578254138102,3.672301593485273,1.617999328067165,6.035374257249233,3.3265051451039755,2.167788071750351,2.6884854827973856,3.129891959991944,3.2852500404253786,7.037336768668025,5.282413724177915,3.072183104019495,1.996832841371745,4.934485938101954,5.7735067879093025
Q8VCE1,1.7030888242294842,1.8082954914344604,3.5829116516673296,2.0868927882898616,1.5694455756706835,1.716918002784822,3.672301593485273,1.617999328067165,5.3277467410433985,3.3265051451039755,1.9136232531316575,3.045739552780423,3.5458014556797717,3.7218039870112065,7.037736774737745,5.282413724177915,3.072183104019495,1.996832841371745,4.934485938101954,5.7735067879093025
Q8VCF0,2.431347163755209,2.7910160841102827,4.692571273799092,2.738132784081476,1.638283882779356,2.663846952917535,4.683870210207957,2.2179624758007153,8.260688248112341,4.237919138612492,2.23285046767408,3.5069351644002493,4.469268230082376,5.052016402531588,8.20438022313719,6.730328912263554,4.198165077239513,2.893394319865837,6.761183976437687,7.8824647159698165
Q8VCL2,1.8057319938631085,1.8096014518507095,3.7988495424058013,2.091263443005835,1.3936064768394503,1.7250676464679466,3.255635394985883,1.5861167598760126,5.341489506942014,2.948959303776715,1.9170390242936488,2.7055484927456748,3.134614944660323,3.479834267362752,7.08194307059851,4.677092941536789,2.722004385338867,1.7680243402555114,4.372394530146278,5.114048642527035
Q8VCM5,2.285688880474682,2.426885103455599,4.8085697031358725,2.3632181416151465,1.5688176716287046,1.9449578254138102,3.672301593485273,1.617999328067165,6.035374257249233,3.3265051451039755,2.581587714797826,3.6271275381559875,4.222644084254989,4.4322429738234135,9.49431125897478,5.282413724177915,3.072183104019495,1.996832841371745,4.934485938101954,5.7735067879093025
Q8VCM7,1.7685302674685657,3.214203637919008,3.7118470701247066,2.166439728113359,1.693485940866138,2.6060040776945215,3.5039342710614902,1.5438174539440204,5.758665011657541,3.5620249008524696,2.665363389946164,4.447665184696388,5.572365309893445,4.023955890971686,7.298245472571867,5.0378635307515465,2.805775022493528,1.8205823906635858,4.490653592879343,5.5062213620689775
Q8VCM8,2.972557969046754,2.9324989781606514,5.548864942452679,3.233528089062776,1.6055712946314311,2.878100231947259,3.703376648959372,1.6408200607769081,8.601531180846496,4.751769115501126,3.099671331789411,4.173489234485097,5.265049935762674,5.320414848109402,11.424652142996491,5.864354057017097,4.384702012540688,2.0248971693359272,4.992604114662628,6.944212130968324
Q8VCN6,1.7017901068441328,1.8069165470369823,3.580179445580366,2.0853013951065122,1.3843231912053635,1.715788297866179,3.2396034597803025,1.4273545044414155,5.324241167865833,2.9345513440872115,1.912623483040519,3.045739552780423,3.5458014556797717,3.2837203034721942,7.972479330729388,4.6592812530218195,2.709777365012447,1.7612792766756613,4.352396276623763,5.092443217382875
Q8VCR8,3.2562099688905644,3.1676028614607286,5.706709692547272,3.66593302883257,2.0493603718234854,2.274117902992533,3.448342283707323,1.5193238779412952,5.667300388996407,3.904242669530182,2.306915666330215,3.9716229034612445,4.633760650103979,5.205390569833048,12.290855474190883,4.961342335921629,2.7609939676196125,1.8754629665434068,4.634562014455842,5.21219664956141
Q8VCT4,2.51092344415195,3.181877465721143,5.956429104928264,3.3549844039884467,2.0425312427137197,2.362602205274688,4.170163652015781,1.4385246981780213,6.380046154651969,3.788372679892998,2.9503861815981534,4.6047658664770195,5.513751866641162,5.090341102684885,12.080475656420575,5.113392073850707,3.9470745647770653,1.7755407972344974,4.388163103421219,6.096383067197635
Q8VCX5,2.2634026874986835,1.960793910716793,4.338921709533078,2.7754368826964897,1.38420212361803,2.072756144425978,3.5344859247556535,1.55727837317685,5.750780084349741,3.54354272608259,2.305634654361428,3.2543496580306535,3.392441853757901,3.9674449639987492,8.472500113999171,5.083371225083207,2.930567329048807,1.9215917452035585,4.705008394875217,5.506108059398005
Q8VD26,2.444987215537056,2.4065340340235415,4.733257956740091,2.7611095658494325,1.3843885951285433,2.2771973577772253,3.486820692837566,1.4270507683885942,7.661165767540593,3.897377409148392,2.072263298360554,3.576468026369103,3.806439236931417,3.2837150584959045,9.360282070207598,4.659819140690356,3.6016781515321448,2.124475499263451,4.6825316690262815,6.157202284808875
Q8VDC0,2.2997515520314304,2.836383325977464,4.825472381097026,3.273374255394761,1.565161239878178,2.3162211224681144,3.6617849072651367,1.6133657240985093,5.7879662355919725,3.316978745942537,2.057994106839359,4.221107757008241,4.914146390395591,4.429972523385764,11.049104416957944,5.268416419774689,3.656782975354739,1.9915416471218306,4.921410570409165,5.758208188404576
Q8VDC1,1.7058059907346166,2.392069465829925,4.034869829273568,2.0873129641962627,1.5613354784420663,1.7174457827712073,3.242868945769564,1.6033214395537205,5.327598843352451,3.293211924760346,1.9139757970951585,3.1104108264461376,4.129059021630949,3.2885790017769287,7.8833967367636575,4.664002170847136,3.042608563375969,1.7630898291885104,4.886983836179588,5.7179278053508416
Q8VDD5,3.5064366942478578,4.179204753269065,5.369798305284691,3.13457468130125,2.388474142298385,4.087498889130318,6.37574599001172,2.379682550508808,10.462019125795011,6.077427722665615,3.934770307975814,4.8436739404429625,5.8462575097499805,5.942018078006131,9.341926122599592,7.750605936133837,5.480457005901952,2.4708483008665327,8.260955908416557,10.002109543298033
Q8VDI7,1.9245228401363603,2.167784030175692,4.295193289374163,2.3582286366048724,1.3954666479986468,1.943893476414338,3.6702919815154327,1.617113902201641,6.032071489205522,3.3246847650542555,1.9265408645968196,2.707190614312445,3.7381926344960563,3.71911634690521,7.9667221346846,5.271031905827988,3.065563586531189,1.992530340685054,4.384876428730726,5.124441240987914
Q8VDI9,1.7644424852304486,1.8937710667500447,4.058948680965691,2.364163996732687,1.5694455756706835,1.9449578254138102,3.672301593485273,1.617999328067165,6.035374257249233,3.0427019447012893,2.167788071750351,3.631763936722888,4.2280417055889,3.4047609576921793,7.2980815783428055,5.282413724177915,3.072183104019495,1.996832841371745,4.934485938101954,5.7735067879093025
Q8VDJ3,3.10532533356617,3.2914973052133205,5.802362485496747,2.7612340549340675,1.8258504208205601,3.331090555909348,5.284768839081721,2.209947813249648,10.336665364671287,5.364591722046,3.0990886488401195,3.852372559783951,5.293258597559416,5.556320787893748,11.892337307227379,5.609187301011893,4.6050505123704975,3.1173821087281,7.700895958068363,7.336675694619579
Q8VDK1,1.9246491333603615,1.8083506436121695,4.049024165494189,2.3583833909633234,1.5656081320068926,1.8980686456387197,3.2406713954721673,1.427621257022151,5.8898730310219225,2.9357562042300454,2.1615444117907767,3.0369672182792775,3.129951266977473,3.711084452738503,7.037612752367275,4.659848793146476,2.711006244995366,1.9521517759222657,4.353013407286183,5.093488903856686
Q8VDL4,2.6667371435206952,2.831472254919516,5.610208608923909,3.2677065540582495,1.8640779143925812,2.3107425609233454,3.672301593485273,1.617999328067165,7.158033010889428,3.154674750361057,2.9985831368055784,4.2130055890080165,4.904713975511944,5.1481686883425235,11.02789631107873,5.282413724177915,4.24086710104745,1.996832841371745,4.934485938101954,5.46002837826457
Q8VDM4,2.1612523296469726,1.8399471210379812,4.058948680965691,2.1241925485215747,1.4092261492680929,1.7419644230320999,3.672301593485273,1.617999328067165,6.035374257249233,3.3265051451039755,2.167788071750351,3.045739552780423,3.1824765721960637,3.3435123453596,8.927019303544567,5.282413724177915,3.072183104019495,1.996832841371745,4.934485938101954,5.7735067879093025
Q8VDN2,3.8450537479916673,4.120789880900517,7.582980753454195,4.41962828845963,2.84389102754407,3.758370597422768,6.394622398153489,2.7448168076424135,10.48169342069622,6.202327087338275,4.240183082460032,5.969865318911049,7.14464591763476,7.344740268710156,15.58245166504085,9.184614882028432,5.461606358823046,3.473296313864122,8.927637167661238,10.26351771622403
Q8VDP6,1.7031142255814353,1.8083224619303946,3.5829650903362817,2.364163996732687,1.5694455756706835,1.9449578254138102,3.672301593485273,1.617999328067165,6.035374257249233,3.3265051451039755,1.9136333624144393,2.6886525013119784,3.130086400285313,3.2854541321288036,7.037773953670999,5.282413724177915,3.072183104019495,1.996832841371745,4.934485938101954,5.7735067879093025
Q8VDQ8,2.530017321225988,3.0657483089366617,3.74679400166223,2.1839377448790547,1.5618447318623814,2.155084744293176,3.661691810272893,1.6133247059884603,6.017937232853255,3.053952377638183,1.9962446207513507,4.083919631565117,3.268339914839045,3.4242397131666,7.3360316894141,5.269258612553331,3.064532262231099,1.9918600088191463,4.922197291904372,5.759128677782751
Q8VDT9,1.7081035790066617,2.088814600989552,3.9864552990770235,2.41063042380408,1.3897272603590247,1.9954793371634265,3.767691953974929,1.6600278857025599,6.192146927312695,3.4129132237664384,1.9207636074430727,2.6970468584987426,3.140466850992612,3.2965844238965594,8.1364921872607745,5.415813896835757,3.1497669090586364,1.9565076728833315,5.059099667826983,5.919308847831859
Q8VE22,1.7464763873608362,1.8541530652529121,4.304154196828796,2.1417958831562753,1.4206838971549753,2.0982367785016764,3.3470981676374887,1.4750292638214064,5.981985982297038,3.5882875194000823,1.9128250120018433,2.7549831199433217,3.793399814850931,3.9492259406233416,7.208222436896765,5.237120454779692,3.3173899592087888,1.762455208250214,4.8899710425356195,6.195456588321159
Q8VE91,1.9293666181963447,2.048551377575414,4.058948680965691,2.364163996732687,1.5694455756706835,1.7167157573641647,3.2413546088015526,1.428126052710968,5.32711915581274,2.9361375989414875,2.167788071750351,3.045739552780423,3.5458014556797717,3.7218039870112065,7.972479330729388,4.662734433090533,3.072183104019495,1.762584631335183,4.3556220119373,5.7735067879093025
Q8VE95,2.98939103504983,3.174057778965736,5.278071208499114,3.0917246988263365,2.047700843698717,2.8862046397640047,5.157396295891499,1.926504374858095,9.375397075224026,5.167418834161885,3.037987924172768,4.72248867260817,4.9756677424753555,5.770742003952125,11.173308228833413,6.907917666637085,4.7722982792477335,2.611327939654201,6.94725758930438,8.568171321746519
Q8VEA4,2.315516090238334,2.017497550020171,4.871319370609771,2.8373351766157744,1.883559324052224,2.3467787616793867,4.430985224185527,1.9522718744359773,7.282259769661344,4.013748536416869,2.138793107245588,2.901350214567503,3.498375054230225,4.447999515617427,7.865844481030817,6.38158828422393,3.7114487291796983,2.4123375660119577,5.961263031543374,6.974868914180568
Q8VEE1,2.522859848436937,2.6787070788944467,4.566746549324264,2.660432803606447,2.052223351344218,1.7938219775229378,3.5840406669653406,1.5791119665124451,5.55843272282788,3.0703022710663563,2.8343811838476336,3.4450347891113227,4.009688081923314,4.86625576006422,10.424010399405821,5.156481674744154,2.8361517237608527,1.8390111775582052,4.816848441394147,5.635867144332484
Q8VEH3,1.7030266467816604,1.8082294730348507,4.058948680965691,2.0868165986832996,1.5694455756706835,1.7167807450768706,3.672301593485273,1.617999328067165,6.035374257249233,3.3265051451039755,1.9134351040183384,3.045739552780423,3.1297621135532947,3.2851137488142705,7.972479330729388,5.282413724177915,3.072183104019495,1.996832841371745,4.934485938101954,5.7735067879093025
Q8VEK0,1.7030110437561559,1.8082129061475156,3.582748019236539,2.0867974793978354,1.3853163637919914,1.7169171169014283,3.672301593485273,1.4282935625622026,5.327743992069739,2.936481988690186,1.9135444342884593,3.045739552780423,3.1299409425799865,3.2853014543564036,7.037446902491256,5.282413724177915,3.072183104019495,1.7626681080192685,4.355828295866153,5.7735067879093025
Q8VEK3,1.969938638881152,2.3489756836696793,5.069055791035862,2.103225349405462,1.60554769522394,2.700989299184876,3.295347666682584,1.452877881648778,6.895494775486468,2.9629662014167852,2.1975247342454467,3.4505259982438403,3.1547403466678,3.3302496037690212,9.042448296317083,5.075280601485433,3.1328755491797375,2.041966367831696,5.649498960226345,5.890597201535061
Q8VEL0,3.1096590138186393,3.015351026901219,6.25775064886313,3.647036023955668,1.8673704262024022,2.288451857851322,3.3801604014806745,1.4701020028197784,7.096192278880081,4.614508299315625,3.1975611650715403,4.490712099932914,5.231719490464869,6.0025917523226475,12.858156647478197,4.861804667776381,4.269690540270877,1.8378362119792468,4.509201062973265,6.787232813329263
Q8VHE0,2.606378398076802,2.3409063426924233,3.768625603807567,2.699854292667494,1.4589559404691246,1.7942238569313236,3.6388377386119615,1.6032553062810437,5.980376898478647,3.092745824175004,2.488270515809645,4.12908231188435,4.807011833541577,4.2673841068637275,10.808220077887773,5.232677962823179,2.845304278731961,1.9780319660807413,4.888026037791149,5.343625155035882
Q8VHW3,1.7942172359462778,1.807802055623945,3.5819038841665414,2.1985576777040277,1.384965559706706,1.7159883722145777,3.2401768425992996,1.4275235506599138,6.026396466110237,2.935267392638622,1.9130398733332052,2.6871813507842925,3.298137737890153,3.4618470142847935,7.415625289201899,4.661014960794374,2.7109757753548855,1.7619801180127745,4.354000357045296,5.094590026270566
Q8VHX6,3.094567254181954,3.9007373596184363,6.30562733584916,3.681697982315923,2.6806176461884186,3.4673810693677436,6.079899647829756,2.0274144161336243,8.166414165265621,5.6671757051261364,3.693500068289656,6.023742856208377,7.014555045934485,6.176230568841292,14.990256815083642,6.046339177755486,4.14946128459917,2.7104234592103773,6.657521218463511,7.849304750954237
Q8VIB3,2.478421784593264,2.630297588373783,3.61619088985442,2.4461456190647715,1.592901573029774,1.73368131971059,3.5438327124608353,1.5613965251972062,5.824237519796075,3.3728048719429364,2.7897526646085598,3.5598288503700375,4.565660923749664,4.3258131022530275,9.258076507649191,5.096693326817073,2.7484631522925715,1.9266277025608023,4.760998071182101,5.151265742998021
Q8VIJ6,2.0814949587017075,2.493596872028329,3.7290373507905983,2.1664359665806083,1.4410680472838704,2.8877868349640123,4.004408099375021,1.7647410506728136,8.237893377863992,3.607514353839309,2.3229074280041733,3.279185908114282,4.298749108737718,3.9932254173162005,8.520855931865148,5.756778348508894,3.7767805505698644,2.1742954957494414,6.066010419395105,6.276345786421744
Q91V01,2.1462391967610275,2.278821050216656,4.5151992755394,2.3494684383507236,1.4266703369656293,1.9362615994470924,3.6558821297531527,1.6107649872567797,6.008389107417727,3.3116317941020745,2.416679463865005,2.772070767816365,3.22631024352618,3.3871572817054663,8.887827793565222,5.256991039553034,3.0573976013607593,1.9872226793841588,4.910737726329731,5.745720618572203
Q91V41,2.533535132471304,2.3420939360391446,5.008873492506018,2.709823401276485,1.6562259593866766,2.2039523607976568,3.2394399828191256,1.5305859787001548,6.2913736774824915,3.131502290365645,2.4747675948765004,3.4769284554279447,4.361206237744261,4.5827031693213485,9.10276054566027,5.003200407201884,2.7104560629397647,1.7616130899130902,4.355839547841486,5.402484073734088
Q91V61,3.4856262741191606,3.7490616613469157,7.118492342844156,3.672263113638133,2.79511167377207,3.4086168196855606,5.9720086421701035,2.631409742839558,10.39866160305147,5.727755748041457,3.7306891974281915,5.331759324789109,6.398005593706371,6.291212200630395,13.73604189978638,8.592274229933123,5.19735971948771,3.5567794947044122,8.026464258834137,9.39097820912124
Q91V79,2.916556186138724,2.965274303698946,5.87549331260546,3.427523884677173,2.1700450260441273,2.1613368074622903,4.073644100173912,1.4624235931902803,7.258212424439978,3.992117496741586,3.1369383021759165,4.782834271639467,5.568099448021631,5.16168976661367,12.51947079261599,5.858863677128989,3.696248290464065,2.2153023556523173,5.481494321182604,7.438562557045713
Q91VA6,1.9293666181963447,1.8080934035632392,3.5825112397922303,2.08665956549909,1.3852248099241087,1.716658468807059,3.672301593485273,1.617999328067165,6.035374257249233,3.3265051451039755,1.9133213123778228,2.68821407139747,3.129575987164907,3.2849183836921547,7.036626326511546,5.282413724177915,3.072183104019495,1.996832841371745,4.934485938101954,5.7735067879093025
Q91VA7,3.8399409451479776,4.15068248256665,7.7747121385345475,4.526507179014972,2.8201344847350986,3.66782536132464,5.976136077878566,2.3792488483171934,11.677837877893625,6.394435055737258,4.247685854307997,5.900606725149623,6.983928149709412,7.214984894688115,16.017851078782144,8.596497957116307,5.707435614242433,3.4026127104507324,8.022924382578381,10.334273658976226
Q91VC3,1.7031081984059262,1.8083160624319397,3.5829524105294204,2.0869165285836853,1.5694455756706835,1.7168532994416312,3.241614303887817,1.4282404731811777,5.327545960909891,2.9363728402523184,1.9135908219194582,2.6885927319692793,3.130016817768924,3.285381095753203,7.037617502391753,4.66284802083365,2.7118517507723716,1.7626275692320759,4.355728118189181,5.096341578860744
Q91VC9,2.1023964592001594,1.8417664068515878,3.6484174651124626,2.1256678170086407,1.5447479366942998,1.7447333891906769,3.6215039096858015,1.595618100337743,5.9518890027496845,3.280490744538924,1.953084238498656,3.3328368942203137,3.8800356058946335,3.3530945586689125,8.723980757844977,5.208833872880516,3.0293900196918724,1.9690185369257671,4.865752446082421,5.693086398083626
Q91VD9,4.244339451141765,4.5571481227230715,9.04313001508223,4.99280690415499,3.3410464147567764,4.32883407671292,8.064323175778734,3.4891235503788214,13.449512189775302,7.306195106407386,4.718407921730984,6.615625010972477,7.797023754760286,8.157855057945383,17.732389064451933,11.579602376421219,6.813431863484973,4.313865917653261,10.817682458584299,12.786861997414226
Q91VI7,1.7176865739359497,1.8260252937305774,4.289302835050278,2.105081240653261,1.399158462232006,1.9436974956381294,3.6699219475191374,1.6169508669110675,6.031463343714555,3.3243495747216523,2.2894385610425045,3.216658339390885,3.536551912883988,3.930661707915551,8.41987362360033,5.2771846396557445,3.069141936485613,1.9948561677809609,4.929601268821754,5.767791568208672
Q91VJ2,2.573683710730446,2.73043984098362,4.314370763362345,2.8460296212920393,1.6642132467444994,2.859411755649931,3.960936262859231,1.4930357199964033,6.52568670897172,3.053631484416365,2.6006092369204645,2.7448189066009103,3.197501477547315,3.921605977824306,8.366525974030742,4.863171811123306,2.8039596224078402,2.430870251265961,4.534584600396456,5.289946180917955
Q91VK1,2.1020036830847943,2.231852930407515,3.5809139739249183,2.273561444136141,1.38446227481486,2.1130561269545853,3.579851796626981,1.5772663693521112,5.326598674292553,3.181559621991188,2.0756419338449774,2.935581509682766,3.4174803637333517,4.055823512125983,8.687982825628938,5.150086098770485,2.9377198971743756,1.9468109835560898,4.355742929617196,5.09512990956669
Q91VM9,2.28818651651865,2.4352566164326754,4.433464529484798,2.8094380929891782,1.7242083668858466,2.136326404211408,3.6061731042943843,1.54832882702283,5.349463871847792,3.651062521270389,2.5826936961432283,3.624630943900546,3.864604104069295,4.429243405144251,9.49445723624537,5.161038546525709,2.725564954007541,1.9109407485287786,4.763656926247179,5.10907180181135
Q91VN4,2.3930264673571866,2.3356458651256062,5.418379801690043,2.429266866016312,1.7884471456298296,2.7763893777256388,5.4725456605998275,2.30823028486359,9.357480698994253,4.475040852519229,2.4672365318336253,3.126352862999015,4.411704954995474,4.229302898484618,9.902326675696674,8.209876838364167,3.8637724988404516,2.5111959360176135,7.040817334251756,8.225672494112759
Q91VT4,2.992312489155683,3.1781927096563214,5.899994686675929,3.5702022867924907,2.086376180444324,2.7042805166402872,4.178592002635352,1.9815903461751188,8.379201203283351,3.8252932683406096,3.3594950668519963,4.875240345526146,5.673859838686556,5.588966967658997,12.753265613645706,6.523849319824854,3.493776586424228,2.0587762960208633,6.074015349435961,7.155259939726475
Q91VU0,1.8181874332554975,1.8078482866328185,4.058948680965691,2.364163996732687,1.5694455756706835,1.9449578254138102,3.2409801155434663,1.4279615771051977,6.035374257249233,3.3265051451039755,2.0463160579724566,3.045739552780423,3.5458014556797717,3.2845847559725274,7.036148024505568,5.282413724177915,3.072183104019495,1.7623135039600502,4.3549954407267855,5.095450980786047
Q91VW3,1.7619218258513165,2.3468944533660996,3.7043650808360544,2.364163996732687,1.5694455756706835,2.2292810465071042,3.672301593485273,1.617999328067165,6.035374257249233,3.3265051451039755,2.4802996070941496,3.045739552780423,3.5458014556797717,3.4033412965007317,7.972479330729388,5.282413724177915,3.072183104019495,1.8310116118905153,4.934485938101954,5.7735067879093025
Q91VX2,1.9293666181963447,1.9198449786321852,4.058948680965691,2.364163996732687,1.5694455756706835,2.3238526736116865,3.45200300506479,1.9331997924586442,7.211118113047897,3.1204065552718223,2.167788071750351,3.045739552780423,3.313809651198914,3.7218039870112065,7.972479330729388,5.282413724177915,2.8817855089310416,2.3837101571100847,5.890520231373108,6.892097569383536
Q91W18,1.9293666181963447,2.048551377575414,4.058948680965691,2.364163996732687,1.5694455756706835,1.7169152134112324,3.2417312045045064,1.4282919790595592,5.327738085373164,3.3265051451039755,2.167788071750351,3.045739552780423,3.5458014556797717,3.7218039870112065,7.972479330729388,4.66308625878618,2.711990306866369,1.996832841371745,4.355950664526531,5.096601965212114
Q91W52,1.9293666181963447,1.8080687614042383,4.058948680965691,2.364163996732687,1.5694455756706835,1.7166615838760133,3.672301593485273,1.617999328067165,6.035374257249233,3.3265051451039755,1.913327582960972,2.6882228815590192,3.129586243814599,3.2849291494499653,7.0366493878500584,5.282413724177915,2.7115843716481978,1.996832841371745,4.934485938101954,5.7735067879093025
Q91W90,1.7029042961085934,1.8080995642671263,3.5825234464574818,2.0866666753594934,1.5694455756706835,1.7166853785199652,3.672301593485273,1.617999328067165,6.035374257249233,3.3265051451039755,1.9133414367112984,2.6882423460610494,3.1296089040777098,3.2849529344979005,7.036700337820478,5.282413724177915,3.072183104019495,1.996832841371745,4.934485938101954,5.7735067879093025
Q91WB2,1.8989521425248694,1.8081274321770937,4.001443073286388,2.662071005745322,1.3856234365515037,1.888176136905255,3.5611559091685665,1.427871936709662,5.85621312079496,3.2381092064364,2.444404025886881,3.4300236735196634,4.422738307689334,3.6735853726708045,7.850075934920576,5.164056818362575,3.0110459254486797,1.762540931969721,4.834649838804994,5.657380401567646
Q91WC3,2.8886437029501666,2.5314954068487303,5.526892990677928,2.9233665456349436,1.4343470887307541,1.7877597434542822,3.533183820890455,1.5567046721543898,5.5702803951133335,3.628060471061203,2.689419459126894,4.158537015735614,4.389564506420029,4.595985337329429,10.88358133219444,5.084159031962619,3.356481858591503,1.9218895482026437,4.749289351469324,6.273862434713253
Q91WD5,3.930753813221805,4.228310233016336,8.323537581250905,4.5738354880951055,3.032206672439799,3.975034604848389,7.263220323175028,3.0378518447590617,12.19045961541994,6.771280782105085,4.392938582858417,6.028179145582767,7.243988149560178,7.338335948254506,15.986499009299296,10.265394377311697,6.18325315308499,3.7927725066205937,9.722714615809599,11.660568311014375
Q91WK1,1.703075971298108,2.048551377575414,3.5828846120221094,2.364163996732687,1.385369179178396,1.9449578254138102,3.672301593485273,1.617999328067165,6.035374257249233,3.3265051451039755,1.913564234036329,3.045739552780423,3.1299733285755242,3.2853354478918066,7.037519720070937,5.282413724177915,3.072183104019495,1.996832841371745,4.934485938101954,5.7735067879093025
Q91WK5,1.7021286196597023,1.8072759711547846,3.580891599576029,2.0857161943486338,1.3845985548587474,1.7161886406233497,3.240359352440744,1.4276875472990216,6.035374257249233,3.3265051451039755,2.167788071750351,2.687100257468423,3.1282793027365337,3.283557335890765,7.0337108249153895,4.660619976216556,3.072183104019495,1.7617853344326526,4.353646824408235,5.093906398393588
Q91WQ3,1.7553674637954566,2.217837382786697,4.397443821373276,2.1378318981512336,1.5545975549741406,1.7581373338819803,3.3413113216437402,1.6020401104193382,6.5302081023057035,3.5953697044955635,2.763152086522486,3.3063543664539514,3.8514995464652655,4.108977418956646,10.162050979307743,5.231084310553088,2.7798015042595092,1.977429541250577,4.886537351912382,6.246478861010905
Q91WS0,3.351137378160066,3.627703135837632,6.728525337755315,4.190334349046845,2.5983018101581665,3.3706785191612045,5.7515967955728415,2.5329511231322615,10.460759322161165,5.764461130778867,3.592893212305232,5.048314749012919,6.019583520034552,6.1684463287287254,12.870624327644329,8.017818819637569,5.321878192547469,3.2984902126951385,7.940997958758376,9.781059400954371
Q91X72,3.10710932087623,2.784837415197103,5.218931589499281,3.3523836997556637,1.8951404850741733,3.0459421188854945,5.399119347694023,1.475547094511061,9.172749208352242,4.8938230687422575,3.4122974641524517,4.647760512996885,5.231673208986803,6.012151975014859,11.36389898920674,7.507985854133747,4.530265581180453,2.7135426801540063,7.509717993202511,7.411677275648148
Q91XB7,1.9293666181963447,2.048551377575414,3.5827531191870263,2.364163996732687,1.5694455756706835,1.9449578254138102,3.672301593485273,1.4282286719601438,6.035374257249233,3.3265051451039755,1.913526418107637,3.045739552780423,3.5458014556797717,3.7218039870112065,7.037380644340335,4.663087849609202,3.072183104019495,1.996832841371745,4.934485938101954,5.096603703930056
Q91XD7,3.2619431121699876,3.2390899472178964,6.167733921692204,3.976742842555383,2.3789044561312265,3.0484489763075038,4.732042546555342,2.079046798548311,7.768403948903028,4.824678519890982,3.649024843264305,4.97689261050494,6.014414768605652,5.863575879276901,12.991602490560364,7.294982681383186,4.230712934443722,3.034941085386713,6.807087683431079,7.957003492509124
Q91XE8,2.3268772421159776,2.4706178363559066,4.251613620723562,2.851256650107239,1.646422374451926,2.0493776330698887,3.592178723913144,1.582697557275654,5.400328299476273,2.9776888955358194,2.2786847460955606,3.215485574604698,4.28204613246684,4.49459355454117,9.627872488358726,4.7315102785665,2.7458947390103874,1.78836084080254,4.827524876402038,5.153257716785244
Q91YE8,2.7794308801856342,3.4752715937761938,6.080938866884675,3.5521562771610307,2.5299855646084413,2.9162941177362782,4.732621004439013,2.085877220411504,8.220361141598454,4.271977371461566,3.592443355594863,5.66333776634324,6.324968106924082,5.807081345502667,13.909274657270839,6.74836639830899,3.9403042761640164,1.8681652044069024,6.346918416802659,7.451632045724753
Q91YH5,1.7026931881943392,1.8078754153653656,4.058948680965691,2.364163996732687,1.5694455756706835,1.7164777707537646,3.672301593485273,1.617999328067165,6.035374257249233,3.3265051451039755,1.913085364423673,3.045739552780423,3.129190052483288,3.7218039870112065,7.972479330729388,5.282413724177915,3.072183104019495,1.996832841371745,4.934485938101954,5.7735067879093025
Q91YN9,1.8725399251141075,1.9911313363553262,3.9460205907137467,2.6355232306629874,1.5070778072188715,1.7174848774063354,3.5689649702385062,1.5723958538601661,5.863913514398164,3.2283654912708446,2.131322981568773,2.925414523051687,3.4410427638950836,3.6160553016714707,7.746169395071731,5.146937994416377,3.030964953509696,1.9454275627362263,4.809044622538787,5.1009575208895335
Q91YP0,3.2769848878753836,3.413065443457832,6.617022249189042,3.938338810620422,2.2951411881381474,3.0069112353177383,4.724536530282977,2.0860058361913834,8.814919187312102,4.861520454287156,3.5993421707225197,5.053497442183377,5.757815514468295,6.050588853581708,13.806919770807223,7.159382079955808,4.752144762473381,2.7046083503809326,6.681561898008207,8.142933152150304
Q91YQ5,3.6730389606877223,4.014399397381762,7.5878672834665295,4.460637449084774,2.8782708451492667,3.6923600376341748,6.481107974631851,2.8145114452999196,11.042507265191954,6.150604572574256,4.154777088711531,5.791559982298379,6.798320445501318,7.1376884247998325,15.034752288325466,9.450694995505257,5.839679342843684,3.696198530806037,9.2174437812223,10.785364987492803
Q91YT0,3.8855967062194536,4.126663978605788,8.142570124924088,4.475060855671805,3.1733608835338227,3.9883820071723886,7.529016466273823,3.2117144594075504,12.466257799596216,6.8179948118687985,4.308495022036837,6.052673280438595,7.139559208592165,7.365717987419554,15.774778259204897,10.615195659151373,6.2751309208318595,3.9781641220370254,10.075607718533936,11.789290881698404
Q91YT2,1.703154789646721,1.8083655318016347,3.5830504279065143,2.0869736195134294,1.5694455756706835,1.9449578254138102,3.672301593485273,1.617999328067165,6.035374257249233,3.3265051451039755,1.9136333744624456,2.6886525182394125,3.1300864199919616,3.285454152813629,7.03777399797998,5.282413724177915,3.072183104019495,1.996832841371745,4.934485938101954,5.7735067879093025
Q91YW3,1.8671021954803504,1.808352069959476,4.010359546320972,2.0869496295220142,1.3853999475626637,1.716826905396646,3.622982432238343,1.4282517994052242,5.32751679036256,3.2289072402619716,2.143607315913865,2.6885928989522965,3.425580149079996,3.6802888432321788,7.883549707663357,4.662837718262617,2.711648966053096,1.968997159596535,4.794786276508319,5.0963418621125625
Q91Z38,1.703137792415858,1.808347484583252,3.583014669597471,2.0869527918278714,1.3854194676403297,1.7169064977256274,3.672301593485273,1.4282847285303866,5.3277110398383725,2.9364638264748018,1.913641329008215,2.6886636943663547,3.1300994310608643,3.285467809711434,7.972479330729388,4.663007309574684,3.072183104019495,1.7626877828022287,4.355876915328855,5.7735067879093025
Q91Z53,2.3078690732357843,2.7325326657003526,4.845101890739406,2.99718796187206,1.8760205966617889,2.3246458425330943,3.457924499842786,1.5252456164869899,6.239763098803295,3.96888730631322,2.8928180845338307,3.861717316816248,4.495832284524459,4.9733581352600975,10.630028150886563,4.995446674769627,3.182404476459583,1.8858164788176943,5.121241979506576,6.436740061793383
Q91Z83,1.7031044431014706,2.8457101397731233,3.7792031003816007,2.0932345082082295,1.4776392772087779,2.163256617341461,4.651278141068876,1.937770047976753,7.205473313530783,3.459324596152457,2.232358082047388,4.062863750192821,4.9411865106447,3.487362917045232,8.829894936451593,6.328019844235417,3.674362158153998,2.2309022810019687,6.241944779510487,6.44878142643355
Q91ZA3,3.791574843940887,4.096302409043333,8.022014011427684,4.272280303828496,3.0457524104014664,3.8233264579504094,6.914984713135008,2.956734886196346,11.934511838704509,6.542696473673222,4.338220817421275,6.02989014920789,7.0128516670261645,7.355957747852775,15.8678780639627,10.185647632037297,6.082831259017276,3.6600942540406693,9.36619084364445,11.048349445542838
Q91ZJ5,4.202582387125339,4.476363340985194,8.490596898982204,5.0563176583665355,3.319746427185678,4.002158056459005,6.039404412531836,2.377393566972916,9.616500902766434,6.190413400855293,4.274148663720029,6.282156335344474,7.405995324943378,7.518559729917497,16.732186212397654,8.160114000640794,5.196131284613568,2.9429898731180253,8.322060385989555,10.20653937718847
Q91ZV0,1.9293666181963447,1.8077753596635924,4.058948680965691,2.086916374478698,1.3846573836273788,1.9449578254138102,3.672301593485273,1.617999328067165,6.035374257249233,3.3265051451039755,1.9130939303012282,2.688637077945858,3.128932276292036,3.7218039870112065,7.972479330729388,5.282413724177915,3.072183104019495,1.996832841371745,4.934485938101954,5.7735067879093025
Q91ZX7,3.4173784583129514,3.721235225259649,5.9209479707764245,4.3856545761478625,2.1506838244285813,3.534754071860814,5.622691376860329,2.0650433309567315,7.584194218153828,3.6849996042782553,4.0155686712388245,2.933666040082641,4.4932123979743075,6.7478417447091426,13.22089829445325,6.57081595128644,3.845660520899754,3.43490978406545,5.5888898922611725,5.407806104400513
Q920A7,1.7058320403390805,1.8146626534235972,3.5879681511300396,2.364163996732687,1.3873953044675937,1.7212845334866211,3.2534297067272986,1.4324074558177968,5.33766443000357,3.3259728511917643,1.916105733952311,2.693730745856905,3.5458014556797717,3.7218039870112065,7.047640909082415,5.282088064384836,2.7175960340885443,1.7667468255162118,4.3691378920108965,5.112179186086028
Q920Q4,1.7030928830502792,1.8082998009849898,3.5829201905034203,2.08689776179666,1.5694455756706835,1.7169101386299046,3.2417216227401546,1.617999328067165,5.327722337882814,2.936470053595335,1.9135481544425605,2.6885327842171454,3.129947027551114,3.28530784136653,7.037460584110814,5.282413724177915,3.072183104019495,1.762684301940738,4.3558683135762575,5.0965056119594445
Q921F2,1.702996095126935,1.8081970340811626,3.5827165707195565,2.0867791619818137,1.3853042038117307,1.716774906505582,3.672301593485273,1.617999328067165,5.32730270077232,3.3265051451039755,2.167788071750351,3.045739552780423,3.5458014556797717,3.2850910180478667,7.036996126704541,5.282413724177915,3.072183104019495,1.7626144554556618,4.355695711998752,5.7735067879093025
Q921G7,3.8917263377381506,4.057569040271372,7.762831412986044,4.478665884587833,2.861970678576358,3.8727725799611847,6.530019387310768,2.6369559739130306,11.697290519899433,6.538614423856337,4.208808623812861,5.990836198071483,7.067381349788993,7.374478202825925,15.581506447445545,8.950869911051011,6.034460763570478,3.842842087417492,8.88120715324256,10.82976053472257
Q921H8,2.0813378293542093,2.20990056550351,4.378621380105143,2.5431608665721632,1.6927950518522399,1.7420737966838595,3.6513829237159134,1.608782657603354,6.000994727734048,3.3075562486571393,2.720887834103965,3.8228440330507887,3.8309710784483673,4.6714027635560464,7.195833736656831,5.249944740829976,3.053299565687451,1.9845590711484167,4.904155534214514,5.738019242718016
Q921H9,1.852925208244531,2.329932366229957,3.789027266631622,2.0869927816479765,1.3854259723444393,2.22603047074536,3.239926979402729,1.523443728746682,6.317779169547918,3.4784520429506918,2.0306212206228285,2.8440622816590455,3.321708839824038,3.470682266001722,8.277789072417619,4.972816934636038,3.8046554023864405,1.7621445565076546,4.6425464691912355,5.414737588747191
Q921I1,3.744042746174886,3.975147590385556,7.6425186647528225,4.458057794620057,2.730845581660233,3.597172489689902,5.571319132512594,2.349846888413993,9.853228546170628,5.603255502401956,4.2699038532125515,5.747646388614441,6.799281893756817,7.22922705265776,15.490306051640687,8.031166753902564,5.0263401151707425,3.269913224892623,7.8083339139450185,9.117637817675746
Q921J2,2.1112358474781123,2.241655402839434,4.441560187425561,2.587018834131831,1.4144494154794949,1.7481387085797468,3.672301593485273,1.617999328067165,5.425132666711405,2.992039897299164,2.372004286761509,3.332663081645668,3.8798332560648094,4.072416084727554,8.723525788818648,5.282413724177915,2.760647289924135,1.996832841371745,4.934485938101954,5.7735067879093025
Q921L3,2.2245653118572823,2.3593111457847873,5.1610826522074476,2.7337231618524003,1.9962133157350048,2.236300382135316,3.77131931312005,1.8550568558188896,7.640476204005061,4.212375960003262,2.750656672222879,3.8640519431190605,4.878628773447306,4.7336453702736705,10.133640572145346,6.063298982912603,3.8908623658596,2.2933591985813826,5.667926925507776,7.3112325386458386
Q921M4,1.862929269159931,2.4030732118810265,3.5827618241978807,2.086827994272099,1.515402034893574,1.8314843051824437,3.47069882297276,1.428033346623787,5.326598728448042,2.935837908628565,1.9135159167067772,2.863879765954931,3.7448657066527473,3.285262215648083,7.700486974250573,4.662060207350283,2.962868612275099,1.7625213927975525,4.758906942944486,5.446673056440249
Q921M7,1.7033426856438767,2.1497123711494974,3.5823344927834015,2.0871735293312192,1.5694455756706835,1.9449578254138102,3.672301593485273,1.617999328067165,6.035374257249233,3.3265051451039755,1.9127320184893903,3.189622273871629,3.1287464420493967,3.283789761964047,7.03504061281577,5.282413724177915,3.072183104019495,1.996832841371745,4.934485938101954,5.7735067879093025
Q921R8,2.323166358705806,2.230328885103485,4.4231654470262605,2.5761233304207716,1.7097777101072666,2.3006072316729025,3.9837033660404066,1.7563707637482537,6.539804564100387,3.6079455797644875,2.3608465116589388,3.353904152791071,4.2657887679610305,4.4791574140567105,9.591694446675072,6.267439586783222,3.645207934389433,2.3703286896013016,5.849736764290606,6.848836544813744
Q921S7,2.1672399502742867,2.303651684930571,3.5917570528355034,2.091305057958769,1.3873954547528033,2.2108928354831896,3.2592967320824355,1.5584544669571427,6.823045318884625,3.780509195628774,2.094040760700413,3.0457954716121693,4.417660442197665,3.645514840197181,7.044217710587331,5.092045032608567,3.486185676546684,1.9248705765542917,4.372390510351113,6.54948363227865
Q921T2,2.086087012949566,2.214738806861677,4.3865217739173765,2.5570379788281272,1.6963304305105746,1.889355581439846,3.2416317067507046,1.5466038614961166,5.325009367699999,2.9337807995161653,2.343856710125649,3.295169526491108,3.8358495923885836,3.558066111426044,8.613063194105697,4.66285383116648,2.7096088161915897,1.7626197968141095,4.723290076555144,5.096364091228027
Q922B1,3.1943821635198395,3.4640557854539327,6.863895696759505,4.080778129893665,2.545347241788558,3.62519999376679,6.654544558948475,2.7929037887388883,10.773998091827025,5.742172409918297,3.585586769738681,4.699044441745667,5.864694177923005,6.158051128974294,13.720946517809473,9.42341545313966,5.2972416950896895,3.507217942888179,8.802336221915112,10.302943338492396
Q922B2,2.548790559707718,2.1166785368574765,3.602980173138706,2.433141813188864,1.4004157470095293,1.989000787344698,3.5796718841667294,1.577187100742933,5.883138677233314,2.956663460050225,1.924141976368113,3.5834415296394875,3.1635601155474506,3.3134262878518994,9.408258917543346,5.151948884116459,2.996306450233202,1.9475151447879604,4.812614204399353,5.630912951264003
Q922D8,2.956930333887301,3.0902260252329574,5.158318691625656,3.0239273127986803,1.7518069091768838,2.154891851623581,3.558113431502746,1.5676885448546114,5.84770767383611,3.0749237667296834,3.059424437726223,4.267907919918964,5.051850304359433,5.229676239777473,10.111293452438991,5.118365762681541,2.9767749436833917,1.9348202133989094,4.562816179757827,5.594207689297068
Q922J3,2.284199598603681,2.4253038226354255,4.805436592700109,2.2374903169255766,1.858084886597988,2.303031954890696,4.348386277215651,1.5331148430399344,5.6924247613246,3.147024832290069,2.563291330616295,3.6014211410682133,3.3609830690775846,4.400830514052968,9.427022603494468,5.282413724177915,2.9069367615427466,1.891096113516771,5.846241678010841,6.840290242013954
Q922J9,1.7031106288710978,1.8083186430367497,3.582957523675522,2.086919506772589,1.3853973714224614,1.9449578254138102,3.672301593485273,1.617999328067165,6.035374257249233,3.3265051451039755,1.9135364404033053,2.688516326006517,3.12992786716455,3.2852877299181036,7.0374175033608735,5.282413724177915,3.072183104019495,1.996832841371745,4.934485938101954,5.7735067879093025
Q922Q1,3.008052292083569,3.109441178482343,6.1813662410509185,3.772984229531378,2.0987625870483018,3.030329722135925,4.916802787593148,1.8537593066246518,9.175054605779623,4.914232413685739,3.1218705531569126,4.3909567489684065,5.096467865479674,5.803621846778219,11.792866050119459,6.435094188445339,4.418264785256769,2.6698796591092075,6.866677417688965,8.302166416438386
Q922Q8,2.906633624872682,2.902998616497118,5.280534651899114,2.5573178914025423,1.8172921944428662,3.022523947571309,4.549819338784015,2.111305496077243,9.379047131966649,5.177485923103474,3.175291041559627,4.32529207688819,5.031469694872755,4.320287146556312,11.312946607076006,6.551391723504256,4.776745439854188,2.7286718318138883,7.011396058001206,8.480032830199368
Q922Q9,1.9003997797424044,2.017795140653321,3.9980090391031813,2.1091009377410437,1.5458824663974424,1.7444731773232338,3.2946293390515464,1.451852246751013,6.5070975339581105,3.5865039190246804,2.135995377768301,3.0010708571581666,3.4937988719998496,3.6672201571792247,7.855555264699519,5.709279498543854,3.320442685371262,1.7935224834303327,5.333236068449522,5.186120807608205
Q923B6,1.7018098539403461,1.8103696256421002,4.058948680965691,2.364163996732687,1.5694455756706835,1.717998892378353,3.247618374259862,1.617999328067165,6.035374257249233,3.3265051451039755,2.167788071750351,2.6962667452521507,3.5458014556797717,3.7218039870112065,7.972479330729388,5.282413724177915,2.7179071771505368,1.7655542355979088,4.934485938101954,5.109565273390679
Q923T9,2.847728805103948,2.6632796375558394,5.757695974575818,3.3551067139864643,2.040103651342685,2.630522541542815,4.5033379566458835,1.857977217854283,8.518725383304446,4.714723403400428,2.6585045754740553,4.47476220627412,5.2374566927135895,5.46526635918111,11.684754998502745,6.112713820300173,3.980117109121538,2.299992336667289,6.063214486554039,8.170077635244066
Q923X4,2.2423514249258285,2.063276348992043,4.0899674834350765,2.0895978433803046,1.3891935035978809,1.919274549742315,3.248405075313157,1.4321198236528392,5.955676806330677,3.282578460654571,2.1815638766623473,3.0828848924130168,4.121799909457586,3.742509531987882,9.26757039114956,5.214760041244745,3.032836602120058,1.9712587188257624,4.359985175732262,5.699563507803481
Q924D0,2.7138905199772467,2.729234492917607,5.14652766704244,2.8314646240907866,1.757312799999816,2.4538152936487148,3.2480179403629488,1.4833243270131224,7.192908522101397,3.9688726950181357,2.7396932811020798,3.4142426056976314,4.494757147556498,4.991416412052805,10.676944114141696,4.848727425411879,3.6499352238169314,1.880314137872356,4.35896035919672,6.861884673156764
Q924M7,2.018538996211602,2.048551377575414,3.58772834102519,2.0958090165703593,1.5694455756706835,1.9449578254138102,3.672301593485273,1.617999328067165,6.035374257249233,3.3265051451039755,1.922903358490474,2.7017964836367625,3.7183433909633896,3.291025640407114,8.360427451888071,5.282413724177915,3.072183104019495,1.996832841371745,4.934485938101954,5.7735067879093025
Q924T2,2.6925305080870454,2.2312516679346737,3.692320521647529,2.147615914594741,1.4295430870201014,1.7626120400514729,3.342307196943396,1.7466896446552014,6.538746483836385,3.0203492903676703,1.9657672572812266,4.246415168771807,4.943608875915347,3.3780929304916176,7.218958487207451,5.711454751782288,3.3080785511022275,1.8204458429859887,5.3410825661314805,6.222148533398161
Q924X2,4.122666080759998,4.357556668588161,8.538823073305972,4.847940626814755,3.1270197021153163,4.1668537059846456,7.36707685073686,3.063286377589976,13.019358608052089,7.198686856205368,4.422129891264505,6.5274604958745615,7.599308022583567,7.7054213968343,16.90007419871048,10.53241207754942,6.647494522019888,4.110915243062329,9.70155303414638,12.231936817129954
Q925I1,3.3046280413775206,3.705306770185793,6.947411102064559,3.685939051189168,2.692771913195353,3.713186819544101,6.672431673508975,2.6074921509211464,11.51810540248994,6.343807950374367,3.467279363159308,5.221523751267614,6.308426844316839,6.617532653441721,14.187857234955183,9.455042875827163,5.796835909221138,3.5101124036699334,8.962523126791373,10.770179358054714
Q93092,2.95802728737576,2.483369112508549,6.223016840406693,3.3083039312600073,1.9040613683005903,2.350684244260607,3.5783849350387236,1.559177100805664,5.8952147424000865,3.218017767693242,3.3296429930751463,4.678144276556874,4.971892155738597,5.716554458639968,12.245435929336823,5.11083604551765,2.972395758133598,1.9440825746974821,4.819243927979569,5.574541373164023
Q99020,1.9293666181963447,2.048551377575414,4.058948680965691,2.364163996732687,1.5694455756706835,1.7166962669375891,3.241317808659341,1.4281098387362017,5.3270586753142535,2.936104264026233,2.167788071750351,3.045739552780423,3.5458014556797717,3.7218039870112065,7.972479330729388,4.662427231560062,2.7116070252048243,1.996832841371745,4.35533504432904,5.7735067879093025
Q99J39,2.89798029317471,3.077000226799457,6.096691617605775,3.2463959714822095,2.357365524316863,2.93052382797995,5.533162304405052,2.2313960830971005,9.093671770431625,5.01214086200096,3.2520584711687,2.9665213613863917,4.245799951023874,5.583352146695963,11.96010314918907,7.968399594012958,4.634317544412373,2.7601641227307065,7.4435585319386295,8.709202184266099
Q99J47,2.848306363585688,2.8101530672226476,5.573690573245468,2.9408226841973555,1.9491476958566942,2.5459987414686633,3.300506148965993,1.7705184881230278,7.065992352666602,4.767419862282585,3.1006444704415057,4.178247477400056,4.875477113147628,5.109068434766982,11.729825298576339,6.613929551808562,4.058387772490149,2.6343107744411993,5.810549358053944,6.773400549681426
Q99J56,2.3084887346393494,2.1137882448260528,4.863605001077788,2.228331039152457,1.6187374205696172,2.1603932164845254,3.23901217751647,1.4281217647218225,5.67658245305717,3.7008213514575985,2.240647150388964,3.8818034259734655,4.519127910757225,4.458055333575232,8.267072097805437,4.662108438939109,3.1606142781469124,1.7615901752401124,4.351919287028076,6.4108356271555405
Q99J99,2.8055105276554784,3.1347508992537145,5.720137318781712,3.5186292375778154,2.0433144738253244,3.0519352683562473,5.481904442039394,2.3501494400366725,9.479250829125736,4.966511138114739,3.229991983492212,4.664746082473101,5.290856455386675,5.4070587500027925,11.897180059579009,7.88737533014934,4.711511620553441,3.062821276545641,7.3736454646017515,9.069049409967768
Q99JB2,2.7397880882249743,3.1166744763525247,6.167035828738643,3.1992955642757344,2.3089843139048836,2.964454167461057,5.421286014091369,2.3896809874142373,9.19914025749112,4.7314664709325625,2.937474138757656,4.134096129782315,5.3935080116444345,5.274557629856732,12.125353687264843,7.18794882316826,4.689245421122769,2.839171973959137,7.523398323712608,8.214235681014218
Q99JB8,3.807091744195505,4.093427834878989,7.634968980459347,4.444835506782231,2.8304522903117184,3.658360960440308,6.327609393601316,2.578784989150956,11.012597189128115,6.132582100625793,4.187463533017336,5.631222070000751,7.007971874978346,7.296429306974212,15.391363104801664,8.00840160890835,5.521734236236325,3.0901393043276597,8.625888688035518,9.357807162471016
Q99JI1,2.028772628720343,2.4541275211403253,4.849206113365631,2.8334577576831843,1.8803696229696432,2.5711478542262816,4.406482766333531,1.4730702699061045,6.355183655930627,3.5028737082314754,2.8776571201748693,3.221996202991361,4.7067562895014445,5.386625767824538,11.538695413898521,4.815326549018302,3.6623909918781545,2.392616430467975,5.915456346173634,5.1929757343978125
Q99JI4,1.703106981448969,1.8083147702986417,3.5829498503286845,2.086915037376262,1.3853944044225825,1.716912426628193,3.672301593485273,1.4282896607506341,6.035374257249233,3.3265051451039755,1.913598574403394,2.6886036241995965,3.130029498329899,3.2853944057376974,7.037646013720304,5.282413724177915,3.072183104019495,1.996832841371745,4.934485938101954,5.7735067879093025
Q99JI6,1.7305406421225753,2.1551791016600053,3.642459276304977,2.1198542862937715,1.650833878929387,2.36936834501779,3.29807225350994,1.4529601942498367,5.413936754318695,2.9857466837450493,2.2878136339149475,2.730885896144952,4.315326514425904,3.927941404412818,7.153073125159539,4.742934327418501,2.7579572942225337,2.1040016517117817,4.429921972194956,5.184844876146694
Q99JR1,1.801568053959449,1.912918977292897,3.5830262097258987,2.0869262784652824,1.5149328648929883,1.8179905694698864,3.241690263700996,1.7216729894398848,5.638298412480448,2.936441221696862,1.9136298162943401,2.9414586170069827,3.424399251893974,3.4714380116594676,7.0375666413981834,4.663035065265466,2.8688004128489895,2.123184601304718,4.599098534109796,5.096553152333539
Q99JW6,1.7029647004249404,1.8081637000017747,3.582650523404833,2.086740692245972,1.385278665753966,1.9449578254138102,3.672301593485273,1.617999328067165,6.035374257249233,3.3265051451039755,1.9134387676531805,2.6883790959137044,3.1297681060771607,3.2851200387883415,7.037058292056184,5.282413724177915,3.072183104019495,1.996832841371745,4.934485938101954,5.7735067879093025
Q99JY0,3.8758601295959507,4.169071297085473,8.152049924268583,4.283438002796502,2.8814233934079994,3.9508330207673352,7.104145142796262,2.9105651768722773,12.24974124690206,6.626382231038865,4.333499205377926,6.013165779582993,7.239680861716006,7.390558976282758,15.997458475929088,10.120748054080174,6.14592143406692,3.89534242553467,9.400210920119022,11.365235042409187
Q99JY4,2.078867710707353,1.944964041886866,3.8510741799991655,2.244718479820368,1.489025931045062,1.8438811958945638,3.4819057803531996,1.4275300532063193,5.722453862058442,3.1538725054021546,2.3368383269383433,2.89312439821149,3.822313098464404,3.5342664336880634,8.594195855007785,4.66017748234586,2.7103658558570434,1.7615568279773388,4.676819157339677,5.474630656153945
Q99JY8,1.9293666181963447,1.8079601482116234,4.058948680965691,2.364163996732687,1.5694455756706835,1.7165518479061594,3.672301593485273,1.617999328067165,5.32661053042743,2.9358572609062557,2.167788071750351,2.687993328605172,3.5458014556797717,3.7218039870112065,7.036048513695148,5.282413724177915,3.072183104019495,1.996832841371745,4.934485938101954,5.7735067879093025
Q99JY9,1.8335201842310909,1.9358226443923234,3.831112379078821,2.2441574335494834,1.385392848295495,1.8433131130348626,3.5975049507170103,1.5850442685057657,5.912447062736376,3.258751609433995,2.048837569044543,2.68853031593434,3.346677321050805,3.5372566350452113,7.037384530415326,5.173617409740968,3.008908582854497,1.762634161933666,4.355989157138301,5.654595946634942
Q99K23,2.323823776511561,1.9256484703706935,3.805627331033583,2.364163996732687,1.5694455756706835,1.9449578254138102,3.672301593485273,1.617999328067165,6.035374257249233,3.112331156582443,2.0424725592596737,3.6800386969714594,4.284242412246735,4.496898850803124,7.5269268852520055,5.282413724177915,3.072183104019495,1.996832841371745,4.934485938101954,5.7735067879093025
Q99K28,1.7638521527405269,2.5187086245166532,5.53587518994732,2.579508743625069,1.937800793042729,2.392919298352072,4.51764046028771,1.9907388658286878,7.480054635892016,4.0945190556917455,2.963843633265652,4.160138511890038,4.844574403390422,5.083813278468493,10.89044636763331,5.747976613061056,3.8139956729523026,2.1706278091806137,6.773092749611091,7.115731759173935
Q99K48,1.7018932016577029,1.8074003373693763,3.580162583195397,2.0851611777278327,1.3842412610099812,1.9341211744035656,3.240020045345867,1.427017529931237,5.978756508364005,2.935716448573821,1.9118475517837843,2.6869118166779207,3.4522071960015253,3.2829848751209663,7.033232704486492,4.6599144964110915,3.072183104019495,1.996832841371745,4.352621442052886,5.7735067879093025
Q99KB8,1.7016169129340182,2.289084319107281,3.9876230259415553,2.2877332773205943,1.5420276740676848,1.7161243711016967,3.6279459688664297,1.5984564422223302,5.325617955075738,3.2077153327843484,2.4225765970040114,3.4037171148273813,3.484473043927607,3.601249351600853,7.834778129718659,5.223231388986324,3.037763427764334,1.9744610172946695,4.879201665412316,5.708822415992533
Q99KC8,1.703134396015003,1.8083198165646228,4.058948680965691,2.364163996732687,1.5694455756706835,1.7169164845851672,3.672301593485273,1.617999328067165,6.035374257249233,3.3265051451039755,1.9135760489376639,2.6882204811851014,3.5458014556797717,3.2870998913668474,8.238352775526367,5.282413724177915,2.7118926904689484,1.996832841371745,4.934485938101954,5.7735067879093025
Q99KF1,1.9555933128290395,2.0763982009382453,4.114123683259959,2.166011213901124,1.4370000098551627,1.9682285014825758,3.24109012248353,1.4280094279520321,5.518255859390048,3.0395967638299726,2.1967473646014746,3.0864273233271073,3.5931695098198886,3.7715232437037254,8.078982990702801,4.662132242856659,3.1083777136382578,1.7623183938688485,4.355049305235294,5.277307849870889
Q99KI0,4.298416203445033,4.627225937677944,9.014126037468708,5.104443615801443,3.4649704411665856,4.376012389314895,8.115634538136321,3.5747720122547935,13.576634591496157,7.439229125688241,4.844914709670659,6.8159128814451355,7.959373379238561,8.310101808750156,17.9344322547717,11.65015588442269,6.822789850149015,4.428131136841837,10.863759318460477,12.828302252938798
Q99KI3,1.9637550939656878,1.8926467295982643,4.132752657625037,2.186947513472993,1.7637025078559905,1.7164784047807808,3.516429517684551,1.5493228025994825,5.326855862470117,3.185310515815089,2.205536519251778,2.6884340693209143,3.60699607565016,3.430335513852258,8.154001524646405,5.05647587268249,2.7116243091030636,1.911424892367287,4.723429551892324,5.095840218361283
Q99KJ8,2.154838859722082,2.5180231974575182,5.38466178391769,2.9019386167154724,1.7584032773937086,2.5836713078133826,4.100757866688445,1.438260075963092,6.73486276084932,3.7134569247438636,2.4188498881601492,2.707942566086012,3.530952481912482,4.5528764712069005,7.9530809360042385,4.6805479452755545,3.048452270868835,1.9908166750007317,4.918849352162547,5.124437811097972
Q99KK2,1.701775841326977,1.8068914170178467,3.580006528702887,2.0852167113320985,1.384132890740186,1.7873077935789274,3.239592446385104,1.617999328067165,5.546172418855472,2.9345162653988734,1.9121526540849045,2.6866558713440636,3.127759149091173,3.2828327291625095,7.032326284234145,4.659784341618003,2.823340734786841,1.7614539887014466,4.352863522864444,5.092837695170749
Q99KQ4,1.7031742329759574,1.8083861762237559,3.583091332250362,2.086997444544154,1.3854491102573854,1.7168560057463336,3.672301593485273,1.617999328067165,5.327554358810103,3.3265051451039755,1.913572983719572,2.688567669320559,3.1299876402326388,3.2853504699349685,7.037551898801743,5.282413724177915,3.072183104019495,1.762708730427541,4.355928680183879,5.7735067879093025
Q99KR7,2.350135089015381,2.7382537884477167,4.955962000529383,3.2085963986404584,2.100454122789886,2.8012812748508673,4.927040290337351,2.174831934326445,8.700985510730906,4.793871906434516,2.640232939570903,3.6799123618298055,4.2919431916382775,4.532053989590516,10.622464279975826,7.626994973590702,4.426583661409806,2.444496786852527,7.121922458550836,8.327505248868391
Q99KV1,2.272555802432976,2.2197901229019297,5.14203190333355,3.0106377719634407,1.8603593807442447,2.098461557917126,3.2480503023695007,1.5858456001234085,6.50512794144444,4.509067880166873,3.070338004376374,4.109943995122175,5.051106668125676,5.006486305976618,10.11785896476361,5.196532347851296,3.338420811026766,1.9707838048395716,4.851620824861377,5.641970797562456
Q99L04,2.386714990942026,2.8129014691897685,5.573412916578878,2.9260020268768905,1.7006601683991955,2.1045376948687196,3.5734141360391782,1.5744299654674554,6.518523182532096,4.104665162587132,2.9752999584091944,3.7702921977118873,4.8666302121927325,5.108194565726383,10.942267710692079,5.1408545286275045,2.7896050621316006,2.463522918862921,4.4627615472439945,6.2373378927027945
Q99L13,2.657317927860732,2.98487736183915,5.5822714108833456,2.746926126556298,1.8163502736741668,2.913179126502932,4.295358406323062,1.9867574443430585,8.613000152305453,5.002900426577298,3.0832743346155254,4.332001164161719,5.039316059177149,5.293229906369605,11.32879367326063,7.071807963857722,4.37795037449098,2.2041031134704148,6.815552140236592,7.699290137625709
Q99L45,1.7087922636060606,2.1921305643213462,3.59591618074921,2.351869312876538,1.3919963312103745,1.7229606247296025,3.251384503388886,1.434156460063642,5.3446050821822295,2.9459039580148554,1.9192947817657724,2.6943731633296863,3.7823021883121557,3.707988244191571,7.942884616861431,4.679655189206392,2.718751080126481,1.7695962106579144,4.371141377439904,5.110951959400644
Q99L47,2.2685796653809116,2.4087189831241806,4.772575804733018,2.102639306735752,1.3920926459205816,1.9976737066157395,3.5874081386015213,1.5805956591520396,5.359666945679626,3.249605547598849,2.5441016309945543,2.97425854469663,3.462584405067026,4.367884350406964,8.164652259091334,5.156063541138435,2.7320716810669463,1.7766676784623228,4.386441986905336,5.635410137869733
Q99L88,2.400889108563918,2.5492017143700263,5.050924789742935,2.94194765115233,1.5460234080270499,1.908676875566423,3.601952280418756,1.5974049555379035,5.958554234118701,3.2841644067671965,2.6879523927862667,3.776569778838938,4.396622359603556,4.614856988437352,9.885488887375432,5.217580409438906,3.034476891572124,1.9723248609586825,4.873922889350984,5.702646078719663
Q99LB2,2.6641216624275885,2.84856816944629,3.886796532135341,2.9237273819733995,1.6749926277403493,2.5674717364135935,4.562023077409112,1.5562935234546826,7.513289961996993,4.387341398059139,2.510395833280903,3.771592419993987,4.091326264481444,4.297681113496947,9.151904256164837,6.11670835665678,3.8211023277640015,1.923760157721881,5.699316999488728,8.017190822701647
Q99LC3,3.6687392949332245,3.91610835813029,7.510361815688145,4.228450537184012,2.6855891668175476,3.769253109207296,6.8012362918589915,2.693122916618259,11.80970826247065,6.48758178295236,4.010387896777502,5.715671015595784,6.822759606328331,7.030823643404318,14.741772711611436,9.35114435296235,5.916112107431415,3.7502491393375554,9.142524470686077,11.181068017571612
Q99LC5,3.9464295079758664,4.2869194686471666,7.899457449118605,4.527346936900962,2.86444536173193,3.8875941067032955,6.611822941475031,2.7744534038692787,12.283709264544672,6.60951750359047,4.387635127482146,6.2677347206021246,7.331511914744901,7.444447358382152,16.310778490988035,9.218268888880239,6.018744517109984,3.682687249624548,8.989803871199715,10.762415261371025
Q99LD4,1.9293666181963447,1.80804690727118,3.582419113197121,2.08660590569789,1.5694455756706835,1.9449578254138102,3.672301593485273,1.617999328067165,6.035374257249233,3.3265051451039755,2.167788071750351,2.6881149711325008,3.1294606162155216,3.7218039870112065,7.972479330729388,5.282413724177915,3.072183104019495,1.996832841371745,4.934485938101954,5.7735067879093025
Q99LD8,1.70427815739778,1.8260275534800834,3.5870028105084493,2.0892132254432267,1.3876586560180804,1.7331722081706842,3.2436482158504405,1.6096207005420484,5.378184962107139,2.9383335545408595,1.932210511064518,2.714753372129918,3.160472618192971,3.2882783194218006,7.045768809094275,4.665280958232785,3.054963549538743,1.7633033182492128,4.357539089064972,5.098808103250435
Q99LE6,3.019051209242274,3.480955180481621,6.5456648680189975,3.152163486803653,2.373532881982343,3.299452889775065,5.162337028377729,2.2764360185725483,10.010179513620166,5.034922264548277,3.383659537758198,4.6018137365580465,5.709046706830703,5.615154004370208,12.431928073829273,7.05892669355873,4.8112780850744565,3.0303187505575244,7.485248120156284,8.441772170067532
Q99LF4,3.266667966130315,3.6618662805260636,6.260579442160099,3.2847509490436932,2.2730422289569097,3.5920625905069112,6.133590715179317,2.5102514007659145,11.144555193968825,5.440053565025987,3.25429753379514,4.705087683670571,6.130819182912728,6.0260326620972515,12.633169717957422,8.216371443642487,5.434204555527603,2.694487508582417,8.86465445029105,8.9700212084687
Q99LM2,2.0830173060784536,1.8115668436493497,3.5892891249368706,2.0919917271191535,1.388063460270188,1.720762858820621,3.672301593485273,1.617999328067165,6.035374257249233,2.9412492907925336,1.916821292706392,2.6939856718624493,3.136605311015683,4.018055124319902,7.05022419106906,5.282413724177915,3.072183104019495,1.996832841371745,4.934485938101954,5.7735067879093025
Q99LP6,1.7023588850255453,1.817309888225556,3.5962954850676265,2.236490220908974,1.3898507952173655,1.725125222267433,3.258709098833845,1.4359677368434445,5.3548284233605115,2.9508688799136067,1.923049797835171,2.7016623209219524,3.1461480996573767,3.287495890886682,7.078492907023303,4.689575382541511,2.72556644255968,1.7726948456021736,4.379644852566008,5.121427818555932
Q99LR1,1.7031428880378172,1.808352894982336,3.583025389627472,2.0869590357868284,1.3854236126800872,1.7169383386017087,3.672301593485273,1.617999328067165,6.035374257249233,2.9365182846418247,1.9136096099105693,2.6886191290734938,3.1300475488570316,3.2854133522367297,7.037686599031205,5.282413724177915,2.711980017345185,1.7627109389064644,4.934485938101954,5.096582628272099
Q99LX0,3.41237522329044,3.6176978773699653,7.077105726111567,3.84766372210597,2.697230667816615,3.3824859369720945,6.28710672242774,2.6264983237188084,10.311289765387365,5.875162134585636,4.018804108686257,5.4019502249504185,6.5106727890200355,6.58642368742675,14.476460177463817,8.41386252512548,4.986690341494328,3.240848113879337,8.01343089349138,9.529435534243078
Q99LY9,3.0747236918794396,3.135912871950886,6.344558610459636,3.177517277007085,2.3038840690247713,3.22438739062837,5.264385998126027,2.0884087646048406,9.286342622404659,5.598308291812047,3.318996881069393,4.570906579811505,5.537624458672077,5.595498553071917,12.207132276415958,7.364159662429346,4.818148463688375,3.0723987896168077,6.8682134381542195,8.8873172738762225
Q99M08,2.3111451793702193,1.8285221080005076,4.8621239679654895,2.8319792478825487,1.8800038013957647,1.7355181859790463,3.583246331942889,1.681780921595769,5.889013230165019,3.245835630855783,2.259034059718266,2.722054385760279,3.7081179323694053,4.45414678214914,8.282191453867656,4.719474498486131,2.993435665724431,1.7783686166767363,4.403431745621562,5.156744071973144
Q99M71,1.875228542321993,2.5262425699788924,3.9663623062003497,2.3071483981548875,1.9046018437200818,1.8875384773286237,3.5757664069391732,1.5804805958074837,5.869607774838419,3.2281860484026175,2.634761258636764,3.7580921988500333,5.151695057027478,4.520783653563573,7.777079072877475,5.162450548605835,2.9913906337520517,1.9459280308947808,4.80808937380168,5.612351690697225
Q99M87,3.2433551469480983,3.522055049229864,6.955343850893158,3.6683397909245565,2.50286161198311,3.4800225468227017,6.013483350826033,2.5091919523337602,10.56728587255016,5.704460406125736,3.6340929858542275,4.99023186513023,5.966604925344904,6.263430593841059,13.366833316410473,8.188538177731404,5.031091461959985,3.096711655453261,8.277389161730378,9.457169647556954
Q99MN1,2.5504602770695057,2.437596019009624,3.667329542998102,2.8161161597719784,1.3914788619083291,2.0234332266931956,3.5722882489741017,1.5739339047631806,5.871003780185217,2.9636855881241657,1.9558077367281606,2.9618318199702505,3.1400147346228713,3.9043028237494473,9.46571317351054,5.140321309550233,3.1920127254434143,1.943119744508526,4.801752483567329,5.618204389574152
Q99MN9,3.5773176912358853,3.9645629815487236,8.048369812490979,4.384556201390386,3.008742505309573,3.882323573541747,7.112942422916944,3.0059511533236325,12.223743409140418,6.490436403237649,4.33231901996931,6.043520320927642,6.923498609386115,7.1379373350318716,15.432312427621346,10.233315676615943,6.094871125956851,3.7533560448359835,9.636403745235075,11.444039022246994
Q99MQ4,2.6172615709962455,2.7784762087545993,4.258896725180277,2.668750230800825,1.4976257736573926,2.6497754643927047,4.191504710850921,1.7065872768840642,7.816281972162922,4.5315539006186025,2.462766661815272,3.7013701660828704,4.57889178026474,3.9107399949398425,9.687843710590723,5.567532201957194,4.3817250421646,2.275298611278271,5.634370590225076,8.23450895247452
Q99MR8,4.09257921626315,4.234364266343439,8.325987879906256,4.81638722661378,3.171768694341688,3.6397320880232362,6.674815567067558,2.886235059455466,11.586492639747636,6.390384718468227,4.302534892591616,6.343875413680543,7.559707232682997,7.688709182724847,16.47531315661632,9.435186258649644,5.764079117571071,3.5630093581147353,8.810625152900238,10.968645209334609
Q99MR9,3.5576781352603333,4.033312895876237,7.671827678181329,4.301482630611836,2.807961449059001,3.5301295160786528,6.031732418419311,2.6540642727661314,11.113993741876945,5.9494568134370525,4.143693967952808,5.628239917557135,6.85781044126254,7.036787549758618,15.381514506930147,9.279267180037076,5.582839824063415,3.202576047198601,8.968982524359527,10.324152881437646
Q99MS7,2.850099917134681,3.1357162983990046,5.6014676850756375,2.9815476248062533,1.9800350595990857,2.6829605132432475,3.4309609768548475,1.4991703239587721,5.559007589822048,3.10521427270518,2.7280547706594693,4.207879032739658,4.480592181968094,4.693224140127342,10.03266805634403,4.9074504711225435,2.851553190545063,1.8636499701498421,4.598676762238831,5.364918649897784
Q99MZ7,2.465268425023846,1.8486369349832137,3.6393204353365345,2.5917163346724132,1.5694455756706835,1.9449578254138102,3.672301593485273,1.617999328067165,6.035374257249233,2.997570988891205,2.165612294559143,2.773676972149935,4.54161192201667,3.3505125843591577,8.694663629576704,5.280946587909226,3.345301246132528,1.996278241517009,4.9331154352096895,5.771903255575724
Q99N15,3.5267555527698153,3.7413806937077436,7.31141274929919,3.634429113265422,2.6981980507203778,3.4089405088645153,6.332906339428223,2.499595728399114,10.39676538493224,5.728042684814692,3.9148927907716087,5.574537942713464,6.405518827535968,6.722336278344945,14.597959146384389,8.370953718689366,5.1807112108691165,2.9830470114340013,7.993691557791037,9.539050420454247
Q99N84,1.8642946646043967,1.8077976338627093,3.9507348068067127,2.0865759894715863,1.5276032663994596,2.4196284241785726,3.5862303749116458,1.5793564032996146,6.630022762098702,3.250734335734376,2.0961653604437784,2.9957579300076187,3.4886308106975825,3.606523692438278,7.039372547977327,5.163777951004201,3.0056038819131334,1.7619591813617508,5.422436581260988,6.340850372449677
Q99N85,2.088006553086862,2.2169911412229526,4.392691033714753,2.558554642333673,1.410839249866308,2.1055530492532197,3.6600325555256314,1.6125936459167811,5.43254801720302,3.3153914016220605,2.3460717441813848,3.2962278914766068,3.837415988238514,4.027893355948946,8.628153615492513,5.265927548068573,2.7728626905222824,1.9906008157102384,4.919085628994723,5.2109786643541405
Q99N87,2.502563555786786,2.8563128610240094,5.274546874877475,2.8247220085880382,1.448748048884511,3.258884591752474,5.912225936428564,2.392776109913989,9.3672862533894925,5.156656914926332,2.814626695643479,3.635264892753602,4.604948649674076,4.443286989886481,9.498858831095653,8.172707288172935,4.332613900891428,2.6192012470736095,7.634141635376988,8.950252844886244
Q99N91,1.7030412091445968,1.8082449349736927,3.582811480355058,2.0868344427850047,1.5694455756706835,1.716863777949345,3.672301593485273,1.617999328067165,6.035374257249233,2.936390761879907,1.9134916252792258,2.6884533608127557,3.129854564089278,3.2852107883066743,7.037252686672802,5.282413724177915,3.072183104019495,1.996832841371745,4.934485938101954,5.096419234846374
Q99N92,1.9113602700985426,2.261800686677779,4.004374304161942,2.2914967317492683,1.5212055560773174,1.932322295326167,3.5515443849351205,1.5647942529066636,6.747748257650835,3.7167484809115643,1.9165198928219471,2.9849959223318194,3.4700392507638154,4.120837373302281,8.805512354417742,5.11292715859765,3.042736533312061,1.9327643382227135,4.776162656696507,6.442103515257151
Q99N94,2.3032151292571164,2.4739432194224737,3.628507256825484,2.307544940755787,1.4061453666253045,2.61728656721556,3.3075559001865154,1.5748324318048796,7.340699371036715,4.476404124702139,2.278296429837427,3.678525076743681,4.285794990404754,3.893106157254226,9.53093082368875,5.144375317361652,3.698726060751025,1.7976795873481326,4.440165026046606,6.9337097105971175
Q99N95,1.9417445446951667,2.064916849137734,4.055595166422765,2.362210717948433,1.387340813770543,1.9669069922947746,3.790725546347472,1.4341478375143317,5.348832238431399,3.315087597958073,1.9167616825379492,3.0738037479114486,3.1382998698043787,3.717258911560731,8.017786142259645,5.266125767291523,3.0627102401814477,1.7658390595120081,5.094933167245046,5.111937253190707
Q99N96,1.826761440348579,1.9397762939801235,3.842340870626376,2.236630432138928,1.5471001005920366,1.848993850528112,3.2415576095187615,1.5925945507599835,5.730958096693067,3.5858550505294167,2.0519118281042688,3.0025187936885156,3.3567383277601888,3.2853390176672224,7.54767658774339,4.662829298635427,2.711850704939889,1.963920327343798,4.355979418705528,5.096552667544303
Q99NB1,1.702945315062907,1.8083519716831522,4.058948680965691,2.0869372877103323,1.5891565211080407,1.9449578254138102,3.672301593485273,1.617999328067165,6.035374257249233,3.3265051451039755,1.9134205292436461,2.688249978528942,3.1296427899295636,3.2851798632080373,7.972479330729388,5.282413724177915,3.072183104019495,1.996832841371745,4.934485938101954,5.7735067879093025
Q99P72,3.1326326405916376,3.19348362873615,6.183601342261286,3.519404420705328,2.059776521205534,2.6445648029717805,3.6263650373426253,1.4809497027760417,9.152101722046323,5.157751987056155,3.4704617808913616,4.869063306830107,5.882659413120159,6.066340439309262,12.743788142769535,5.6264703112338355,4.863341857063548,2.1228286085229273,5.255100298304816,8.346016684070987
Q99PL5,3.161782740433907,4.049835091932749,5.553587125874197,3.392929256968249,1.9618765944923175,4.039692594921676,6.8300084291177,2.9253417210012578,11.630180880405609,5.8939260087550505,3.970576101674881,4.15711491696304,5.827858018912809,6.56534994937702,12.728099113186477,8.967313730518612,4.951897194901476,3.8837143390931055,9.167521349023097,9.76182648760022
Q99PR8,1.840640435441302,2.048551377575414,3.5830709982778206,2.0866873729993465,1.385390074777148,1.9449578254138102,3.672301593485273,1.617999328067165,6.035374257249233,2.9364722205508684,1.9134520847025172,2.9121290500198787,3.3902542373531235,3.558535889636692,7.622742607294062,5.282413724177915,3.072183104019495,1.996832841371745,4.934485938101954,5.096649239473801
Q99PT1,2.9875439745525285,2.9026674914896153,6.285113238961895,2.9086141272598023,2.2164143583455385,2.3663419601280364,3.61179533578467,1.5883022001159794,5.927020690225178,3.268012499027411,3.3605087975139445,4.721510693520192,5.4967075155222425,5.260252927137608,12.358951171496063,5.181326489276149,3.0186276125910845,1.951758741496264,4.8440919433813585,5.6575859920069504
Q9BCZ4,1.9293666181963447,1.808342013905265,3.5830038301323537,2.0869464783030676,1.3854152764194232,1.9449578254138102,3.672301593485273,1.617999328067165,6.035374257249233,3.3265051451039755,1.9135847538552595,3.045739552780423,3.1300068923748556,3.2853706776935123,7.037595185857665,5.282413724177915,3.072183104019495,1.762713537917026,4.355940560241523,5.0965901428746285
Q9CPP6,3.152541743697435,3.4887915650366463,6.493129399319592,3.69431973957608,2.324118188432285,3.2522163333576692,5.890513462965572,2.5359160392461706,10.081958415360234,5.341517960080018,3.382353222620794,4.867585870832235,5.79951169904672,5.957994659013582,12.744503411266518,8.66216328754635,5.039019652836381,3.0556126368199292,7.743031188608149,9.461056211332203
Q9CPQ1,3.606401503182531,3.738526550202923,7.081549247932874,4.315387800022269,2.5765980018529837,3.5555587524949517,6.620945030115425,2.8251272675162427,10.881758044979698,6.080530827166584,3.8458927712884017,5.626030805674906,6.476953269334898,6.7013398759203415,14.367032101590128,9.199134903009027,5.442516789379416,3.54279298601681,8.741518854022146,10.227290553372418
Q9CPQ3,2.4230462217535838,2.5727275618267482,5.097538317989456,2.3252996722815817,1.5694455756706835,1.922261438504834,3.672301593485273,1.617999328067165,5.961939566249528,3.2838379641150084,2.72742488548497,3.8320285821352424,4.4611866147050065,4.682626011903141,10.03065696735231,5.282413724177915,3.0306716459997984,1.996832841371745,4.934485938101954,5.7735067879093025
Q9CPQ8,2.34547040382419,2.72200225340365,4.666271654114867,2.7177756901746295,1.8005755502941552,2.583920806885942,3.698963751705663,1.4302456545364317,8.024983761622106,4.592520124994215,2.500138771620762,4.382659604512449,4.906017481490424,4.5300277102093345,9.712790772309011,5.706072898672888,4.075920676307628,2.161502627591535,4.601729365632665,7.34167436929866
Q9CPR4,2.5604676875514256,2.856573015937389,5.1106701595423925,2.1312431973571058,1.9655167874508317,2.9069974992661716,5.492898361523954,2.427664224946721,9.309800535280878,4.823040666997199,2.7190720652066607,3.04139182609162,4.175925840239972,4.07923571777765,9.376196737723687,7.389788655043498,4.453510439076277,3.080674334144999,7.618152199847767,7.701097586876876
Q9CPR5,2.19337426548761,2.6511704512600502,4.950520564303162,2.089760905893139,1.7863483573478116,2.538998534157412,3.901580439008078,1.9923774296345602,8.638366065458587,4.564204583441313,2.466788722783203,3.1980077380953427,4.041817795785891,3.897811667981703,9.081140449785952,6.893549214918899,4.219173843978775,2.1225085618557813,6.439373399887714,7.928814281164531
Q9CPS6,1.9293666181963447,1.8078310806338276,3.5819914796729684,2.0863568274608735,1.3850238378784627,1.7166107221189375,3.2411562903118765,1.617999328067165,5.3267932222593934,2.935957954797486,1.9130282370950942,2.687802300988646,3.129096610616219,3.7218039870112065,7.035548482849451,5.282413724177915,2.7117297961145495,1.996832841371745,4.934485938101954,5.096112391334834
Q9CPU0,2.1235302183774527,2.270744224375579,5.693375572474347,2.778598662975741,1.6262760214411525,2.008104300829894,3.259680325987255,1.778212016502291,5.709642288944882,4.6523735153659995,3.0366195051789955,3.777210846887964,4.5989281306892895,5.030530133692124,9.356466123312844,5.844390832816824,4.163372979975698,2.0791515022747964,6.423085207567701,7.1698062601331065
Q9CPU2,2.014192436578944,2.145618515355126,4.238113480521559,2.4683217959182957,1.6411929038564568,2.029460761311139,3.831832891256796,1.6884547902937939,6.298402212570011,3.4713305487096564,2.4755849025428573,3.1838918575328234,3.707853300588106,3.8835382309211015,8.31870495988091,5.511557761691762,3.205491021803029,2.083396762386464,5.6337302620165,6.02400552165255
Q9CPU4,1.7054829125383952,1.808645172707774,3.588129708955583,2.090097603725144,1.3854780594456897,1.910951678442132,3.239896844618522,1.4303160001937145,5.923170663165186,3.2723143356604836,1.9142075589860978,2.8104902233916533,3.1291212638286137,3.282924602409394,7.039732469901501,4.670151245196019,2.8354777748656925,1.7653804649523983,4.363144033838913,5.314867815486556
Q9CPV4,2.1916972169330924,2.8578811348455835,4.058948680965691,2.1530092913486807,1.5694455756706835,1.8049011233434684,3.672301593485273,1.617999328067165,6.035374257249233,3.3265051451039755,1.9724996651989872,3.045739552780423,4.140101654798574,3.7218039870112065,7.972479330729388,5.282413724177915,3.072183104019495,1.996832841371745,4.934485938101954,5.7735067879093025
Q9CPW2,1.9293666181963447,2.048551377575414,3.5830398368775573,2.364163996732687,1.5694455756706835,1.7169004804985135,3.2417033870895744,1.4282797228334507,5.327692367856312,2.936453535075836,2.167788071750351,3.045739552780423,3.5458014556797717,3.7218039870112065,7.972479330729388,4.662975951848148,3.072183104019495,1.7626759291040053,4.355847622988511,5.09648140330827
Q9CPY7,3.0271072196247175,3.0218345064146526,5.975271067917602,3.48073424084635,2.128271860953002,2.9295336767405544,4.982176780841691,2.029712763108469,9.280340227134358,5.12722892757636,3.042418148269273,4.593006079220936,5.474194398838354,5.959685069182854,11.763255385269762,6.627716716622442,4.626039761100805,2.7122508773068734,7.096935113538965,8.682495926700653
Q9CPZ6,1.7028072738075373,2.048551377575414,4.058948680965691,2.0865477883481427,1.3851506068843629,1.9449578254138102,3.672301593485273,1.617999328067165,6.035374257249233,3.3265051451039755,2.167788071750351,3.045739552780423,3.5458014556797717,3.284701216138122,7.03616113171841,5.282413724177915,3.072183104019495,1.996832841371745,4.934485938101954,5.7735067879093025
Q9CPZ8,1.7026005405441655,1.8073342907637584,4.058948680965691,2.085759729463684,1.3843660632305894,1.7152803493076212,3.2394960149013103,1.643733207130462,5.322762011775514,2.9337235195184017,1.9126522850027308,3.045739552780423,3.5458014556797717,3.2840641426700956,7.972479330729388,5.374390543365042,3.125675625548964,2.0316014798744684,4.353075687399385,5.092307931061375
Q9CQ00,2.1396386877490894,2.2718128011355434,4.5013133053484395,2.6218224695530563,1.7404916413246967,2.1508615836802147,3.6194676476967587,1.7892894908503425,6.674311629501779,3.6786669772628353,2.405166341895539,3.3792557279884656,3.9340756725168156,4.129350925648447,8.845485957603545,4.822864743476345,3.3975935060482185,2.2083404747692414,5.457154346382039,6.385045586658327
Q9CQ06,1.759503226760292,1.8071112962201068,3.5796554948573744,2.085000978282127,1.3844793728720182,1.715306422721949,3.2387420288146473,1.4269507982632785,5.3227298384423065,2.9338172990211997,2.1567736522389143,2.686680936943715,3.527785421157732,3.391446366803354,7.264820005292666,4.658688651761968,2.8072932711786662,1.7610509814801047,4.351843802308968,5.0917974348382105
Q9CQ19,1.7030843309836527,1.8082907206227072,3.582902198899738,2.364163996732687,1.3853759793745684,1.7168305243907658,3.672301593485273,1.428221526746188,5.327475287934928,3.3265051451039755,1.9135734772304802,2.6885683627027723,3.5458014556797717,3.2853513172276023,7.03755371378798,5.282413724177915,3.072183104019495,1.996832841371745,4.355842760444451,5.7735067879093025
Q9CQ22,2.011779761138606,2.8312173214790044,5.956726782602782,3.039283775108435,2.1673746546275066,2.48801701111649,3.3039808808117512,1.525993798287965,6.257489435207463,3.005071843918831,3.010425731044517,3.9050130597268233,4.903394120842703,5.174971206037476,11.062197805627696,4.990645317223444,3.164827470147166,1.792174308851428,4.661934945984557,5.454613386898521
Q9CQ40,1.9293666181963447,2.048551377575414,4.058948680965691,2.364163996732687,1.5694455756706835,1.716869092585354,3.2416441231394746,1.617999328067165,5.327594968416285,2.936399851621493,2.167788071750351,3.045739552780423,3.129659793561451,3.7218039870112065,7.972479330729388,5.282413724177915,2.7118254878765606,1.996832841371745,4.355685935192372,5.0962922234017425
Q9CQ54,3.326999474888713,3.59898229370597,6.971316392597651,4.060135944299947,2.6373406871095586,3.338636612281707,6.023292388297987,2.589929926186485,10.138832944914228,5.716814708766619,3.6347698592486197,5.222672022712077,6.2211641095697505,6.240626019608046,13.367715859745685,8.459762049454543,5.275908327082993,3.1965392563252273,7.902564746672683,9.705416802491971
Q9CQ60,1.7030828031045206,1.8082890983603177,3.582898984589441,2.0868854102587893,1.3853747365194669,1.716903316226196,3.672301593485273,1.617999328067165,6.035374257249233,3.3265051451039755,1.9135442950172004,2.6885273617293,3.1299407147771676,3.285301215246163,7.0374463902930176,5.282413724177915,2.7119423888034264,1.7626864814098202,4.934485938101954,5.7735067879093025
Q9CQ62,3.53951029328493,3.862484133989659,7.307025102793551,4.084173440094498,2.8550637335085334,3.6407118591884564,6.932588068104529,2.9778314402623516,11.389684490784559,6.222575557525289,3.894147420667973,5.6381707958111456,6.678674586970186,6.6946188919035645,14.624941348659998,9.970906035633782,5.696598787221752,3.629884041675766,9.37906567762973,10.507842326121338
Q9CQ69,3.0275618276478773,3.3124588644340562,6.2568602747417605,3.7724194235500903,2.2724603704544637,3.0587716413955883,5.763768772412733,2.489780743221936,9.9369129132501,5.4748984173745,3.461963489763801,5.085591404020885,5.837698970399561,5.63476902390812,12.743919316614871,7.810386223318078,5.056287003382851,3.189001001379066,7.448759223782595,9.219196467903238
Q9CQ75,3.413873127515282,3.6802731022646857,7.296039229456112,4.033791224833279,2.561438383680806,3.4922385462221075,6.378012324721833,2.6492416468377744,10.993462463531039,6.059030321312746,3.825087759168858,5.183046087640373,6.452915713785834,6.573262331237444,14.09104896085635,8.827244401456248,5.340293287853547,3.4724017118026307,8.577326629348535,10.375143667172582
Q9CQ85,1.7030620588373462,1.8082670726360741,3.582855343367969,2.0868599911139105,1.5694455756706835,1.7168539267050007,3.672301593485273,1.617999328067165,5.327547907362994,3.3265051451039755,1.9135182320193052,2.688490743249575,3.129898084126561,3.285256468542948,7.037350538343869,5.282413724177915,2.711863596401933,1.762635268559015,4.934485938101954,5.096363840171468
Q9CQ91,2.1935658820481674,2.3338190597751667,4.116231217124506,2.9555124560904105,1.4941349009222116,2.4702313714669044,4.633678408242514,1.8531275401515095,8.278514712945018,4.562852378765639,2.202470771111245,3.8516820816658806,4.843974165230134,3.7820289082677645,8.120094427416022,6.665862222488047,4.212781372587039,2.2892881838691084,6.223644537606715,7.28872257648675
Q9CQ92,2.5728422613860564,2.955264933357622,4.8963111871536205,2.8462817279800077,1.775816749382633,2.5928414784519522,4.923060929311961,1.8311161835667504,8.741116641989434,4.957970371230647,2.7602772501710198,4.400235101070232,5.121399990935174,4.490390391391826,11.125822603678909,6.357966447137704,4.577296253774202,2.66204902779342,6.609776309331785,8.347650634438757
Q9CQA3,3.8817284869638597,4.297554108425432,8.30443927199052,4.587547478674959,3.096842507027954,4.0821161527456145,7.425652138012042,3.122265458660233,12.789734774904472,6.935723443989091,4.470366100367379,6.204788757702486,7.413791470991384,7.521352074012477,16.311437227856885,10.684636069673566,6.338647053533241,4.038760084805485,9.977977811696759,11.955856690801554
Q9CQA6,1.89871822157057,2.0214557911063835,4.596165660923085,2.08752485270034,1.3847256181262821,1.8932962323021967,3.6350203171842876,1.6015733678161086,5.859125899987369,3.232985981790122,2.116106497226883,2.689919410294307,3.4981019431468736,4.128795337876873,7.796599573729844,5.227004587099993,2.9952642402691434,1.9758873436492084,4.353545681410751,5.092732889806719
Q9CQB4,3.2986303096278005,3.638489296245013,7.027847763630034,3.9182213798064383,2.7145121475115968,3.459530860012685,6.3825303321548175,2.8093985859374966,10.864112932200566,5.846363165003558,3.536118786931433,5.048451559159964,5.86855070830787,6.259231902540252,13.600900005016547,9.166241306543368,5.333095205961799,3.59489567914735,8.786300589652257,10.031888688182699
Q9CQB5,2.21971815822292,2.168677219648212,4.661522282796632,2.090039447777884,1.499763039527133,1.7160435535177365,3.4807616032388116,1.533607682221259,5.665179360957131,3.501566209514135,2.693439710492054,3.2351838342812456,4.08966649943808,4.288722536945615,9.905162959200227,5.008634834940103,3.212747486140582,1.8933402514592763,4.355705712913524,5.093453909490207
Q9CQC7,3.1485352945601734,3.343144385195691,6.6242571293878205,3.755511092627283,2.5618306964575233,3.3311470739645235,6.289584559629733,2.5725341410090814,10.336840745140117,5.569473773196758,3.539485743343411,4.971298448816967,5.787830797393315,6.07674150827895,13.015574225349926,8.842326329616244,5.261527333655852,3.4198451784573214,8.450971755848547,9.88790796222009
Q9CQC9,2.0698482136909377,1.8732453120710506,4.0092911679712495,2.160025728224013,1.5573697882192814,1.7687051864547876,3.5478210420509924,1.5631537650188032,5.474148999936364,3.0322033986084778,2.1723543527794,3.3313677392436873,3.532319891426942,3.413076625734949,8.595635353555895,5.109547357123398,2.7875470872096857,1.7618117909003628,4.773005466873995,5.093995508183054
Q9CQD1,1.9293666181963447,1.8083701002902584,4.058948680965691,2.364163996732687,1.5694455756706835,1.7167309985764287,3.672301593485273,1.617999328067165,5.32771963025622,3.3265051451039755,2.167788071750351,3.045739552780423,3.1311722023098203,3.7218039870112065,7.972479330729388,5.282413724177915,3.072183104019495,1.996832841371745,4.355850990756514,5.7735067879093025
Q9CQF0,2.368477738794812,2.5184749375147977,4.995300582260259,2.0898029976386776,1.3902650416024216,2.4060621378803773,4.245982584700547,1.7325128756421913,7.463935119504341,4.116086122151016,2.2991976519434103,3.2271710106872216,4.066986247718286,3.946080488539373,9.122392398224342,5.659773202346149,3.2861148283160877,2.338835591257357,5.706786186132496,6.182761570267075
Q9CQF4,1.7031566230076876,1.8083674784167043,3.5830542848811335,2.364163996732687,1.5694455756706835,1.7168086598517522,3.241530019264828,1.4282033377608176,5.327407440357883,2.936296492157019,1.9136152894612515,3.045739552780423,3.5458014556797717,3.2854231032703516,7.037707486728213,4.662808165006844,2.7118285711419783,1.996832841371745,4.355690887478525,5.096298017735353
Q9CQF8,1.9293666181963447,1.8079755982846621,3.582277823347163,2.364163996732687,1.3851345564038515,1.7161154022441691,3.672301593485273,1.427626620708864,5.325256201362477,2.935110798067217,1.9131254027548052,2.6879388186200557,3.1292555422673964,3.284582032908818,7.0359058292265235,4.660780594193249,3.072183104019495,1.996832841371745,4.3537968632330575,5.094081948630112
Q9CQF9,3.280254004312056,2.946589149111477,6.664606631653712,2.5237434511411134,1.7233278062915474,2.614234965273023,4.034454655571376,1.5009700377207489,7.463008284873723,4.4983982911565406,3.691204806302564,4.821097077498585,5.835412766279461,5.892284837233744,14.407526600425127,5.829033954456056,4.144456679970136,2.1911907263071333,5.391202591901025,6.348863169975472
Q9CQH3,3.035411268381464,3.128942602267342,5.8254263749296555,3.118880065855666,2.2559277830704856,2.894507216439406,5.295891711307503,2.244287253129394,8.981994567035244,5.098675929561033,3.116999055093945,4.919022291677721,5.581454101321097,5.528394143695504,12.183268890813922,7.610801562354261,4.5683686968543995,2.8768242834729656,7.106964540554227,8.582252829512601
Q9CQH7,1.7321152298592584,1.8413505553227114,3.6475210357754606,2.1221823017287136,1.4105666125518135,1.7527180038169423,3.306703951947711,1.779751754258969,5.43912660170781,2.9980709666962313,1.945384950236051,2.7324351691471196,3.1811750546516313,3.33547344243616,7.153361987313692,5.820776266151528,2.771335843722829,1.799920936623178,5.437389067557806,5.2077560093420825
Q9CQJ6,1.9054507139794348,2.0202528665128807,4.69683915874401,2.1509608407274654,1.3852129482624151,1.7665856089579823,3.6267146758133886,1.4725272987930074,5.48477285836518,3.846364488325281,2.3399025406344705,2.7744741091286693,3.5107336055964984,4.019689817478052,7.94343840199496,4.8189640529770585,3.3016021431924347,1.8859212485144075,5.304477214240381,6.192938993145515
Q9CQJ8,3.2034289058778724,3.258124302511561,6.361695861190767,3.3116974709052833,2.38303272863026,3.1425487538078065,5.478471476485289,2.329827105438576,9.476209563847203,5.217899379524291,3.111694349714416,4.689828383274803,5.548798203040448,5.92316377672174,12.877114267100666,8.171371256511756,4.746407176773946,3.0854454254890005,7.3626823559981505,9.212790888506907
Q9CQL5,1.9468643271132167,2.0671299905606335,4.095759882039779,2.3856049468644196,1.4329061229948077,1.7773910562605513,3.3559534498795696,1.4279829848600576,5.5153577357221995,3.039857337070714,1.9775621556595178,2.7817514898375415,3.240606476039438,3.7493307621179977,8.031444457948988,4.828996939514292,2.808527026078238,1.8247217187499352,4.511110309519674,5.2778394574630845
Q9CQL6,1.750267883998348,1.856346047692795,4.039610772898299,2.148474495380835,1.5619683206855637,2.1942630128465015,3.642836217089401,1.605017017656075,6.80899006051727,3.752897418427184,2.1569232099312154,2.7616006509575373,3.2194974520517183,3.70315046337403,7.2376307491115845,5.245711074137983,3.457761048159519,1.9829586806581185,4.488915534716926,6.4981175296479625
Q9CQM5,2.1030709261931526,1.9704322252932511,4.424383049515521,2.086387369986171,1.4963297798352189,1.8712760073476664,3.627630555394001,1.5983174724853788,5.961958055862357,3.286040484382381,2.070104887541175,3.321289864860428,3.8665927383074545,4.058518348941903,7.684602967350826,4.661305380535407,2.7118288476991856,1.7625618975059043,4.3543427840421,5.692517853407732
Q9CQM9,1.7144243240350763,2.4151174463398712,3.607617685041256,2.4344064709117386,1.8502808532775759,1.9825179437619127,3.6024691861102562,1.5872314879718599,5.920605711403053,3.2632483954840397,1.9261678267140903,3.1090523722409227,4.170911779490659,3.29985926586714,7.080147590261656,5.182921538148822,3.0143197429007835,1.9592232797402054,4.84154683515655,5.6647650570687675
Q9CQN1,3.4966674564211533,3.850074530794298,7.034095891711098,3.875947192652858,2.723363867427181,3.4269345036826526,4.901740901462522,1.9204922182280777,10.641845576753795,5.8687344926346565,3.9318121850163466,5.2871853432949,6.346052957282276,6.746789587085299,13.58236395804499,7.019830762277163,5.324164615114216,2.961016672478577,7.113386535333479,9.45642342364429
Q9CQN6,1.7029048213242015,1.8081001219274213,3.582524551391702,2.086667318936416,1.5694455756706835,1.9449578254138102,3.672301593485273,1.617999328067165,6.035374257249233,3.3265051451039755,1.9134030465355008,2.688328907787658,3.129709677860529,3.2850587103771685,7.036926920417008,5.282413724177915,3.072183104019495,1.996832841371745,4.934485938101954,5.7735067879093025
Q9CQN7,1.8769526121195346,1.8786259680607844,3.72315295023971,2.64739623507537,1.5268093399420242,2.1945491787151057,3.377973418259702,1.8256329521263153,6.809878058238414,3.7533868543531628,1.987161375005792,2.7918817050610514,3.250221362341608,3.6221339599534037,7.308582172298353,5.95788842307695,3.4650304017712865,1.839434546161546,5.565470290577992,6.5117787148704
Q9CQP3,1.703144507365112,1.8083546143420104,3.583028796323911,2.364163996732687,1.3854249299238057,1.9449578254138102,3.672301593485273,1.617999328067165,6.035374257249233,3.3265051451039755,1.913621218547153,2.688635439193499,3.130066536838852,3.2854332827227783,7.037729292141489,5.282413724177915,3.072183104019495,1.996832841371745,4.934485938101954,5.7735067879093025
Q9CQQ7,3.7642891704630954,4.117472507715746,7.699208919895419,4.365065199398672,2.8948306203488334,3.9091846448119028,6.90614334107165,2.8935154842685535,12.060543187102823,6.649848116280757,4.231519998698589,6.123182475228655,7.089784846831402,7.057011393262636,15.64818055261694,9.753814904156041,6.099802065669039,3.7863720502815985,9.021242088070348,11.467974147743252
Q9CQR2,2.693693078343628,3.0846756136800573,6.113372146557385,3.3999412907562254,2.122203789135197,2.9298472405580855,5.784798162710182,2.4391733599221332,9.100656178595559,5.01899710243017,3.10500024872101,3.8052127426506157,5.207856727287486,5.189275248766726,11.42560083884721,7.973644746004105,4.426440906410728,3.081374989178767,7.774771309087795,8.533123033481866
Q9CQR4,3.378013837272827,3.6742618054850755,6.497758236539201,3.912546467207651,2.5943816133243636,3.2123972073989417,6.066046541359648,1.770362674624272,10.272383462538427,5.658613429826439,3.5886035124959967,5.336171596242045,6.212882665653586,6.341311780962826,13.968228020634406,7.422870686189812,5.067369562410907,2.8117837258521763,7.887507580930345,8.891504509060178
Q9CQS4,2.6345490499397046,2.226684571827568,5.540797679881141,2.2414619618379623,2.4346092759791738,3.0376725366312547,5.735471253410861,2.5270224674983597,9.426163585648244,5.195399710065694,2.3519841349827098,3.3057115046662937,3.846247307351626,5.765324998550811,8.650315227841318,8.260495854856842,4.804196929891878,3.1225932443525797,7.7164157837493335,9.028453918939261
Q9CQS8,2.068371224108924,2.396114043455396,4.347545646637709,2.5353630475787865,1.4742489165288244,2.2583856744053694,3.934754630429362,1.5686383544499296,6.4545135755446905,4.178080233323619,2.323733248163941,3.5565797155049657,4.148495635349959,3.5957347131245196,8.538680281905165,6.1645323974852975,3.581783784805698,2.5191065851457606,6.228317437481827,6.734735514638479
Q9CQU0,1.7030819371157495,1.8082881788759264,3.582897162745968,2.364163996732687,1.3853740320798686,1.9449578254138102,3.672301593485273,1.617999328067165,6.035374257249233,3.3265051451039755,1.9135311747862025,2.688508927821017,3.1299192543148755,3.285278689553419,7.037398137988371,5.282413724177915,3.072183104019495,1.996832841371745,4.934485938101954,5.7735067879093025
Q9CQV1,1.737342890409879,2.2447094079992413,3.6544611078522484,2.1285017558145722,1.4110466193334104,2.1315233316954036,3.3047797784739332,1.4551506176241045,5.433666589217813,2.9976162407712263,1.9525063748787292,2.74456126206425,3.8883961738686077,4.081404039078912,7.181364872974613,4.756544588825104,2.768186871721011,1.7985587612511034,4.440893576168717,5.2014745880024575
Q9CQV7,2.7625804308883626,2.9333392582694438,6.014759020484932,3.38865709223498,2.1567110521499875,2.783323541933189,4.5324087864942415,2.3968556780651915,8.639378473060246,4.333575526445535,3.097934912625583,3.983190923047311,4.632825978019908,5.507852077763346,10.932049053603459,7.267601386557059,4.0210332907559705,2.9622317399501625,7.0703198838402175,8.2789429089058455
Q9CQV8,2.307971231732603,2.450543925441286,4.058948680965691,2.828090027108437,1.5694455756706835,1.8267057718836344,3.672301593485273,1.617999328067165,6.035374257249233,3.3265051451039755,2.042200882070058,3.6469190431270677,4.2456850389789365,3.4962285658121575,7.48619943328466,5.282413724177915,3.072183104019495,1.996832841371745,4.934485938101954,5.7735067879093025
Q9CQW0,2.306855176704738,2.4493589271920055,4.8530987777832975,2.826722460628139,1.8765140936131925,1.8611252962873666,3.514584082844389,1.5646922675611619,7.175635596641291,3.9549807044605245,2.5935921203093115,3.6439937130143183,4.242279416274703,4.4528529425175725,9.538459889583644,5.056082321411652,3.6498000613485,1.931614878271098,5.862244036185396,6.859013514245809
Q9CQW2,2.4144033499020314,2.372385434273799,4.267806448606961,2.7164145085346876,1.495580586263318,2.217093369096427,3.469059112469405,1.5284516181781524,5.683384321716161,3.489649257538697,2.508417857073501,3.196457591522348,4.071110246465167,4.271690682666811,9.136925527640432,4.995955816545612,3.198165343162794,1.8777561658280553,4.666895667654198,5.092905125052046
Q9CQW9,2.5060253915582367,2.6608326897014614,5.272107624128439,3.0707771917182596,2.0385293423270023,2.177029177302443,3.4003782742514113,1.549983412103011,5.781664937861776,3.186668687523984,2.8130347460968226,3.4302814754203967,3.9936412896182243,4.829606763714086,10.345504554682911,5.0633317848977235,2.944767898131362,2.572672438653799,4.729833897364942,5.534057337414138
Q9CQX2,2.2152691557121655,2.281088775882609,4.517564320519679,2.6312359558303973,1.7435876796430423,2.174186544560476,3.676100812302598,1.808593241163008,5.9807973537728785,3.7146401922852803,1.9142166127051852,3.3581791465227306,3.923216950136678,4.118645601665409,8.811062103918392,5.895966804068193,3.429483009219985,2.2323938091804396,5.496469514021378,6.44048101993385
Q9CQX8,2.1245806298863723,2.2558245462920357,4.469634575384242,2.603370964316051,1.728242646204771,2.1365364153965296,4.034023761482164,1.7773724650132807,6.629859379298502,3.6541663195223415,2.3845024063539757,3.3502229241755788,3.900276144934682,4.093873694876606,8.769490152873603,5.806341407646432,3.376892629044544,2.194885485386593,5.423904965397107,6.346142744656487
Q9CQY5,1.99883933480724,1.807970262388134,3.582345918391345,2.181504703624226,1.4467156267146775,1.7165506371019528,3.3781565175049253,1.4855649618084739,5.326476163978465,3.4408748949201864,2.248256952487337,2.813792167993835,3.272500809307914,3.442109213757571,8.26841992418627,4.871499819520522,2.8380791084641808,1.8434014458128591,4.549766936196272,5.3313051476068
Q9CQY6,2.010316769979972,2.131713893271454,4.228385698184201,2.1333178814017226,1.5147511105260774,2.041025887766569,3.3185556048320914,1.428022652940448,6.747339500831925,3.217729229212548,1.9481031061867464,2.937702390037637,3.688797971173504,3.576356940064253,8.857244241430344,5.118969314213153,2.975092779979883,1.9359053424257873,4.458145102723269,5.584792096029116
Q9CQZ5,3.390746312624165,3.6014232252469482,6.7958361999304655,3.577539102333491,2.488250849457598,3.4238624436216814,6.270066222851277,2.4489674577538056,10.624871005848455,5.855587422347061,3.561091034901196,5.0953406651702675,6.032204594921675,6.33785407649255,13.814137283858122,8.70674297725354,5.399354650945528,3.29044719574003,7.975897848977052,9.999437680184462
Q9CQZ6,3.1551253126303167,3.271560686362765,6.637666270993302,3.6744647533474386,2.359682541818938,3.181421480521443,5.342314312673054,2.2751742911900394,9.63964849100552,5.000066996328346,2.742922345183327,4.8602162087480485,5.793835559423303,5.939003116922183,12.7219553067556,7.7107876851831705,5.02324957647191,2.8008542348259917,7.17613712058052,8.954484661268662
Q9CR00,1.7031580133031523,1.8083689545963286,3.5830572097466775,2.364163996732687,1.3854359163452057,1.7168985228295708,3.672301593485273,1.4282780942598166,5.327686293038346,2.93645018683058,1.9136315997179283,3.045739552780423,3.5458014556797717,3.2854511058131832,7.037767470997861,5.282413724177915,3.072183104019495,1.996832841371745,4.934485938101954,5.0965482311376435
Q9CR09,1.7417091365697375,1.8495164222828635,3.6648672646016123,2.347899156379593,1.417144345864546,1.7521545160636456,3.5586327553829835,1.5679173565869495,5.440456020321322,3.223539752649269,1.9518264021592238,2.68610976223621,3.1915092811457466,3.2829611991862446,7.032481272235396,5.120046354291067,2.709617070798731,1.9354555026235065,4.352393682415436,5.091790053082068
Q9CR24,1.9293666181963447,2.048551377575414,4.058948680965691,2.364163996732687,1.5694455756706835,1.7168699504835427,3.241645742948832,1.4282543250880275,5.3275976305494055,2.9364013189040743,2.167788071750351,3.045739552780423,3.5458014556797717,3.7218039870112065,7.972479330729388,4.6629678977204545,2.7119214696102802,1.996832841371745,4.355840099348387,5.7735067879093025
Q9CR29,1.9293666181963447,1.8079994428554211,3.582325068385823,2.086551128617807,1.3851528243157483,1.7164662364453165,3.240883484926309,1.4279184776809288,5.32634487057602,2.9357108376978687,1.9134478245453386,2.6883918208359563,3.1297829202288834,3.2851355882683775,7.037091600609945,4.6611965584977915,2.71089128176141,1.762003291316577,4.354185429922205,5.094536584117069
Q9CR57,1.755085016365938,1.8680722608711964,3.69452128068924,2.1488361866608066,1.4270960425833066,1.7815095654159359,3.363470921574458,1.9304365881013605,5.513111054530999,3.043001549859664,1.9717836693764255,2.7651646844616526,3.220844633310156,3.3828785951724245,7.242771540210021,4.834869446884512,2.813337170091192,1.8245352378385673,4.525544138559832,5.288055513755705
Q9CR59,2.1125609740240066,1.809512538991812,4.445165440145609,2.301094980207614,1.5277209281244586,2.349766819258509,4.4388044414936285,2.1098849909719686,7.293287559181084,4.019556472945832,2.10550976438259,2.6922788709144503,3.877373172710023,4.069577589569196,7.739289891302839,6.396726686272899,3.7195693420804496,2.608519251393446,6.446058627735131,6.991366092557001
Q9CR60,1.7025720613590998,1.8077468060368684,3.5818245000853874,2.364163996732687,1.3849592730377724,1.716839067922916,3.672301593485273,1.617999328067165,5.327501799262491,3.3265051451039755,1.9127920307842605,2.687470431414817,3.1287102533464703,3.2840096775456256,7.0346797863401145,5.282413724177915,3.072183104019495,1.996832841371745,4.934485938101954,5.7735067879093025
Q9CR61,2.7912826147650875,2.7807731343061204,5.7084619861644414,2.5085848497192553,1.9684183133590147,2.7299411352975995,4.611608393601851,2.0325779872612886,7.890035447718716,4.169308650715109,2.7206646418984137,3.804450046871403,4.431321513543479,4.644990768102243,10.016374660957913,6.647987671959216,3.677940596943817,2.5110974802405344,6.191064950739357,7.254231052655478
Q9CR62,3.829388997182653,3.972662575351488,7.48013630884543,4.171191126524893,2.4196867546202547,3.734393114116146,6.365540964467138,2.7471539569303194,11.88448710621537,6.325505427835436,3.996259894408255,5.904387072143813,6.987937248364306,6.85705732274083,15.595678190339212,9.146046220248696,5.896271111108323,3.45794133957466,8.54711000628702,10.753536260352364
Q9CR68,3.771018832825707,4.12038090039139,7.866457565269749,4.481331826328242,2.7920216807370104,3.9413058970216968,7.2744791297381735,3.205966653837457,12.16408999776172,6.669500145534562,4.138935353021377,5.94389012069256,7.050452043905965,7.159733867404372,15.654860879910903,10.333120564781657,6.155156292802462,3.9554356564741076,9.649557506227143,11.432293943665163
Q9CR98,1.808292712142489,2.1103652981318755,4.181412156031458,2.650116489120516,1.6256341159100518,1.8191704506582584,3.7739119242219945,1.9572793938666364,6.2030926026118784,2.9342912281001152,2.230481210554119,3.1281820795455353,3.960870206639658,3.8293542805103407,8.20116835565924,5.923070109104771,2.866233350432888,2.0710240243270053,5.0826226983312095,5.376065918959535
Q9CRA2,3.74315129814057,3.7959703527843494,7.956127822252294,4.319251793405754,3.042716757392976,3.44791544336716,6.600206057224863,2.877866920540277,11.31784888976653,6.456278584826333,4.327115626969569,6.163507898805128,7.205637440589393,7.274565678099809,15.83320432779126,9.795637125109657,6.042501866855936,3.6030415253019505,9.149399177691546,11.02509234119929
Q9CRB6,1.9523042772829498,2.2667117374225745,4.109410323770893,2.40597152245603,1.445367940265832,1.9730374170476788,3.3874264202221003,1.4908541804604305,6.122422856852241,3.3743215003072007,2.398498460967471,3.0986422230457253,3.6080023693800034,4.1179030603582945,8.069448232392645,5.35772057435146,3.1153542550136204,1.7626725719138883,4.5495558045817255,5.851812312581231
Q9CRB8,2.912169159787366,3.2364538002209637,5.444322636050868,2.915828216269917,1.9222586283253575,3.341727237080466,4.549823523268796,2.1883975675339387,10.009068203144905,5.270584935998167,2.6513606204169258,3.7429978573155482,5.597925891543641,5.604623315922162,10.693026413506141,7.619535227055981,4.864476475890906,3.0248312814928453,6.671062466788429,9.136070766066215
Q9CRB9,3.9144785669618867,4.282140642174961,8.323363236663353,4.771625330870068,3.1067464506521714,4.047718148576808,7.741201631322644,3.367820048577635,12.668579470025724,6.95213096801564,4.368929456629207,6.135781415781613,7.138914613733799,7.503997914605445,16.165894555130603,11.04696774515142,6.365301569959643,4.156843857050018,10.361363775231032,12.121822948204189
Q9CRC0,1.7030774054075082,1.8082833672257856,3.582887629062211,2.086878796149878,1.3853703457563973,1.7168671597578824,3.672301593485273,1.617999328067165,5.327588970683577,2.9363965458631647,1.913530767857611,2.6885083560868503,3.129918588711069,3.2852779909111147,7.037396641426126,5.282413724177915,2.711900613538233,1.7626593286592613,4.934485938101954,5.0964334059103775
Q9CRD0,2.8129984113584645,3.2454526511704884,6.180891013080044,3.44364844865546,2.3883003547280675,3.182817202483575,5.587854811510853,2.3615140377351285,9.542369486298965,5.257957421190655,3.1588158873104524,4.438113231847265,5.167637612822552,5.895112317061515,12.128140012573958,8.0368987494771,4.859415209963214,3.159706353224423,7.509404225102691,9.128851126065767
Q9CRD2,2.8741003170971835,2.656923281683117,5.704307101871597,2.8003628245520806,1.6481480108056834,2.517973389539991,4.315200871653806,1.8993032100990213,7.104469564758326,4.310674989091938,2.828105392695097,3.6109136118194654,4.617819631392103,5.555103666588252,11.89959205710328,5.5344265222873155,4.000342579547396,2.091108676545961,5.170315313125014,6.8120952474765435
Q9CRY7,1.7021727151416717,1.8793893993782655,3.580923339829973,2.168939867698093,1.3846959412861546,1.919519509094087,3.6242711589247567,1.5968373377274954,5.956436936625761,2.9345536519223048,1.989651680980734,2.9982783455344464,3.1281072525548383,3.415967481110136,7.317346704081621,5.208111118591091,2.710004557261956,1.968745324796479,4.865077296224026,5.093492756334474
Q9CTY5,2.1000750883461285,2.239120709834297,4.79252816356148,2.086375190059784,1.5795032711099877,1.7164275852145674,3.3676695167045065,1.428277207310618,5.326914504192645,3.026408518264951,2.1608812702264433,2.766018806567703,3.5192080472225236,4.042937834312097,7.99175440414255,4.662865363167958,2.802959927859136,1.827785826567948,4.516953775679259,5.287557496987058
Q9CWE0,2.1391449168396344,2.810623905829043,5.324030157707555,2.9519938602454086,1.8624062289437524,2.6676973238781776,4.610540523496202,2.1293105422593004,7.551352892665715,4.178395537307513,2.5574977361785196,3.1490910996016366,4.436024378862417,5.097676994914633,9.411750547116977,6.6427981775956235,3.6501309553804875,2.6384432554512807,6.510821129484354,6.847528134960774
Q9CWF2,1.7030767350427631,1.8082826554499059,3.58288621876721,2.086877974713361,1.3853698004473962,1.9449578254138102,3.672301593485273,1.617999328067165,6.035374257249233,3.3265051451039755,1.9136137921222844,2.6886250050757674,3.5458014556797717,3.2854205325383643,7.972479330729388,5.282413724177915,3.072183104019495,1.996832841371745,4.934485938101954,5.7735067879093025
Q9CWJ9,3.219280637361738,2.3856453046499206,5.940392846733729,3.149535085461627,2.081636802967565,1.837154437847531,3.5594652286274835,1.5682841405005106,5.849929332749457,3.1510434873550994,3.173419644653064,4.438419861995928,5.16895747349152,5.813145739033661,12.452219577807968,5.030694879699838,2.9744883595161125,1.933333997829984,4.683040821200699,5.589910546593028
Q9CWK8,2.246669178039655,2.687935227579612,3.954636401558736,2.7625772841363596,1.529111869021202,1.7289502851269296,3.581601418077626,1.578037244581024,5.354436788568201,3.2443456076927184,2.5278820937902435,2.7085080665301544,4.129907062817446,4.336694894085605,8.183325633946232,4.680911515220323,2.9974186161635537,1.7740422950322008,4.814400545564037,5.633003027711519
Q9CWS0,1.8914083985054042,2.008333838836133,3.983759046692825,2.364163996732687,1.3849456116590053,1.90040823857656,3.23984609262518,1.4278153685876043,5.326997564542376,2.9342400779694695,2.108090750483823,2.687927488085007,3.1296313855444917,3.6366116277597937,7.034999315228912,5.282413724177915,2.7118418666655297,1.761799607610324,4.351982057743129,5.621071474549334
Q9CWW6,1.8644448781194287,1.9692988439389791,3.9053373388501775,2.5766585720205626,1.7105096776113602,1.884033442621571,4.011631978383117,1.7675067475371464,5.847019533729298,3.6338830231233823,2.091583039135426,2.927166568690089,3.4030919713414653,3.5907917601591315,8.671741861691434,5.125680999162823,2.982851080824069,2.1871440463848604,5.404774660093995,6.3237596739764275
Q9CWX2,1.7031579692779346,1.8083689078514957,3.5830571171276295,2.086977515698617,1.5694455756706835,1.9449578254138102,3.672301593485273,1.617999328067165,6.035374257249233,3.3265051451039755,2.167788071750351,2.688661644387099,3.13009704450768,3.285465304697189,7.037797886438773,5.282413724177915,3.072183104019495,1.996832841371745,4.934485938101954,5.7735067879093025
Q9CWZ7,3.0039550360457015,2.7372023478999337,5.796021364029054,2.9370311322906595,2.1068911948416242,1.9636771881184165,3.421727879008599,1.4507712867428686,5.409088847067921,2.98603726706465,3.2357203062152804,3.1013838096035014,4.755589781638544,5.547801041148338,11.304376172521241,5.383906149207411,3.121318529921766,1.7972661150542144,4.594609860105952,5.173083801121516
Q9CX30,1.7025869278994366,1.8077625909433757,3.5818557759060226,2.0862777858209682,1.3849713662427325,1.7163864725593996,3.2407328816373697,1.427852122558915,5.3260973562610925,2.935574415728493,1.9130652762796339,2.687854340996996,3.12915719476472,3.284478803742677,7.035684701946241,4.661509591935735,2.711073337936723,1.7621216227237657,4.3544778453175805,5.094878719506908
Q9CX34,3.3279751054640627,3.283977158150317,6.035769774463013,3.514973543800207,1.5306292331026174,2.6242704901673637,3.547750024827293,1.5629672249565363,7.100412408442513,3.193879994294057,2.5573677829763453,4.8654606556062605,5.252153818970124,4.398191145825124,10.77158539547704,6.223243962549151,3.609346849614554,1.922162852743774,4.742423897678517,6.77623276170017
Q9CXE7,1.9055327151338788,2.305803382380395,4.008812991675549,2.335257933694941,1.549742209528221,1.9136401399137224,3.2456123873511413,1.4301299684704722,5.935780377990236,3.2733840931171514,2.442421550752351,3.4315992502363155,3.995013167061417,3.679359290793434,8.982499527538506,5.185852783988642,3.0231288933142997,1.765037732522875,4.36140052730804,5.103428269993031
Q9CXF4,1.9338448405473891,2.0422463467340255,3.961797997149683,2.364163996732687,1.3845845072877658,1.7161644807434802,3.672301593485273,1.617999328067165,5.8884554660697646,3.3265051451039755,2.1108524793619714,2.9680616848566443,3.5558490369394664,3.2833022553338016,7.035143443695392,5.282413724177915,2.7103462535036007,1.996832841371745,4.353850310144629,5.7735067879093025
Q9CXI0,3.4720213028387947,3.6865020654036065,6.39999692482632,3.7203062405012286,2.1050336065117246,3.1680338388471316,4.02145894418417,1.7741834499858191,9.451446126519542,4.98849173067917,3.5580330962207016,4.981375820388075,5.78729464758397,6.316021708170745,12.606938902203037,5.762515173671542,4.381597632676615,1.8776572881408897,5.384805416438936,8.238255611296385
Q9CXI5,2.053580724958447,2.1804386908117563,3.6336779293203105,2.516370693129145,1.40501505928983,1.7418414239601574,3.2874727761015277,1.4487680213720024,5.40407943657173,2.979071679543922,2.3140216810407175,3.2511975925056276,3.7849924317018977,3.9728676574799144,8.510283022297845,4.732402423193559,2.7524994674493874,1.7885457608850126,4.421054172346726,5.171984130849309
Q9CXJ4,3.0960077375907757,3.090730367849407,6.122667350871138,3.301204505104197,2.1906100185988615,3.124545343408442,4.558080535707374,2.1335581658970026,9.695714200570338,5.343943697550419,3.2680688683764827,4.743247647463407,5.5216937853015144,5.795028766469768,12.429551773797412,6.971765491389274,4.797785548355958,2.9114531138859783,6.138173817917314,8.422556942883682
Q9CXK3,1.9293666181963447,1.8082498809591476,3.5828212802074604,2.364163996732687,1.3853446911042386,1.9449578254138102,3.672301593485273,1.617999328067165,6.035374257249233,3.3265051451039755,1.913459367444172,3.045739552780423,3.5458014556797717,3.2851554058914467,7.0371340519563494,5.282413724177915,3.072183104019495,1.996832841371745,4.934485938101954,5.7735067879093025
Q9CXT8,3.246091836655489,3.629665603865544,6.3957829712622605,3.0817520980342743,2.2839472037314286,2.8374267833267215,5.3497129733625846,2.3529671046042178,9.142147803075451,5.043888642839715,3.7317964704443956,4.434450214088263,5.940458381637968,5.857901473825142,13.325886304633755,7.692933847125887,4.830887216896107,2.9099569519310067,7.475815846369181,8.75108918758133
Q9CXV1,1.7385577790264777,1.846054459340299,3.5808532218650257,2.281690964252944,1.384593834603654,1.9196772809329317,3.240235735717014,1.42761044590154,5.46262854194894,3.0107984213097323,1.91240708333968,3.0734848078611057,3.581873812492614,3.358987359210143,7.033918312428216,4.660791209069045,2.778080734450813,1.8054439210485453,4.353778597190997,5.2184382910848734
Q9CXW2,2.267406282099469,2.2051758994276223,4.377002724644653,2.544782926138797,1.6923972929790676,2.289015695541346,4.320921941315881,1.9030517993138059,7.099826314195758,4.244497592310846,2.325349101766988,2.9435527305818927,3.4238478610035807,4.360904668770399,8.557954669052348,6.21101357362126,3.6137940513656117,1.93812957008535,5.808472986808929,6.7909178879770895
Q9CXW4,2.94277049054178,3.2176954406377805,6.016518979643541,3.494523497895954,2.163932986507008,3.2085319731281783,5.461915077341661,2.4056715313343413,9.956355362131749,5.084629876724629,3.108968109966846,4.646938481038417,5.706536754063308,5.337592537826731,11.81625224793685,7.8392202104328055,4.686462605296229,3.057335847700294,7.764695716026898,9.064482658940989
Q9CXY9,1.703075297147345,1.8082811287298872,4.058948680965691,2.364163996732687,1.5694455756706835,1.9449578254138102,3.672301593485273,1.617999328067165,6.035374257249233,3.3265051451039755,1.9136231696879802,2.688638180543942,3.1300697282753562,3.7218039870112065,7.037736467856735,5.282413724177915,3.072183104019495,1.996832841371745,4.934485938101954,5.7735067879093025
Q9CXZ1,3.2726796610951463,3.472477364022256,6.596136765011325,3.5558658850429357,2.4954542389149026,3.373671222197165,6.3701948182910755,2.75214124346188,10.060768242202256,5.545963921967299,3.2589457419935157,4.575167749702465,5.75104953935294,5.902538436262437,12.322418086895475,8.797940383203715,5.010101821220999,3.4639089089585386,8.713517441937912,10.014924432516068
Q9CY16,2.248699693040409,2.3841159628060895,4.223459483567714,2.133879482982772,1.6322085609118784,2.52004983146829,4.7575818066509115,2.290525153058922,7.8200718426331886,4.30986196623819,2.251413968933534,2.8739061787908247,3.18380673309878,3.3564068824283892,9.236272642351448,7.482446449562713,3.627859705177989,2.357880889967009,6.39666825195657,7.4856148557932425
Q9CY27,2.104518973015966,2.0685906983930393,4.082600923492638,2.3859636288987405,1.587914041527744,1.946348500874347,3.4191041473480706,1.5064416884536096,5.3277118242907315,3.6000247443402826,2.3612179757500655,3.7996058829508232,4.423440624946876,4.066714441967599,9.320193369343068,4.871575891168608,3.086864135769978,1.8413372463209023,4.587535471008114,5.799848652207011
Q9CY50,1.7055031390689597,1.8108007936546986,3.5881221378990946,2.108686260342119,1.5599622271510272,1.7220043544689951,3.6603522913934303,1.6127345200814125,6.015735753057436,2.943914250080773,1.9352500139083861,2.6908255011367626,3.1333589650977887,3.2883124915005224,7.117273564117659,5.266663661057504,2.7188455209366333,1.9908790776313996,4.919773257677821,5.756292480003149
Q9CY57,2.185845615743854,1.8425870129943158,4.598522175693237,2.124167978383533,1.5694455756706835,1.7493415583826286,3.302837082941227,1.4600362211238391,5.428383870660682,2.9902525306446672,2.167788071750351,2.732929413323466,4.0081022189265845,3.3409085133322485,7.153554705423995,4.7583124728522606,3.072183104019495,1.996832841371745,4.4538053294696525,5.2026691380227374
Q9CY58,2.0140301583981,2.53735309554852,4.540873648191426,2.4701674784909557,1.7499977734564889,3.0020125061401557,5.2566641334334525,2.2651360952166533,8.894061304976754,4.467430503481671,2.4165037959363636,3.7235135828947112,4.159836998256837,4.152122234810597,8.825279013424916,6.563576436369602,4.284948402213076,2.5880440111015965,7.246005888805942,7.469509459150026
Q9CY64,2.1097945977583397,1.8473240025358093,3.6590981394089117,2.585252787873096,1.5694455756706835,1.9449578254138102,3.672301593485273,1.617999328067165,6.035374257249233,3.3265051451039755,2.372830937246849,2.748233510713127,3.1994019649754213,4.073835333736392,8.726565963268351,5.282413724177915,3.072183104019495,1.996832841371745,4.934485938101954,5.7735067879093025
Q9CYG7,1.8567844855226217,1.9714855537585196,3.6244185494948935,2.2752249307952312,1.4005755466994068,1.738031460861855,3.280128118897943,1.4457592275300244,5.3928980990391615,3.1962874761230253,2.0813534358476793,2.924298996514986,3.1648434425355747,3.5734072056511734,7.654598465356433,4.658657715721562,2.956533741880603,1.7860520730839566,4.412408281079345,5.160098427527668
Q9CYH2,2.137945838681787,2.270192206107531,4.497908008341703,2.3415409453197182,1.3884899664652774,2.1455264790031037,3.249222566702114,1.4329776855107683,5.338800986854486,3.684625525101447,2.401969901463818,3.450404660324558,4.439821775917679,4.126884618072501,7.060601631865774,4.675029962194414,3.3965840746293496,1.767671674541763,4.732197842384748,5.5368232288948915
Q9CYL5,2.305699320415083,2.4481316689964294,3.8588413268342423,2.8253061233702907,1.4943593806630007,2.326828947690829,3.5001547531724797,1.5393292216561616,7.22035375184945,3.163785892037832,2.5922988396638043,2.9093618827041396,4.240164026650043,4.450632551546011,7.597289275328972,5.282413724177915,3.6778987631234545,2.390531029168381,4.700589734476116,5.7735067879093025
Q9CYN2,1.9813348093314256,1.8839789526113282,3.5823149839477124,2.171250970095423,1.5319510273846981,1.788136009899439,3.58390991274129,1.579054356797864,5.326324275008571,3.05854770058249,1.9970106041509306,2.688083919132273,3.648215036043271,3.427798705683464,7.343468839868354,5.155205927858586,2.711392196622239,1.762294375635831,4.815656721965088,5.095300823692468
Q9CYR0,1.7015507229117177,1.8066613492991317,3.640512231700984,2.085008546221502,1.407655702069907,1.7472603319003857,3.29989099538699,1.4547096465479514,5.88819371683162,3.2453839413326757,2.1133403588876676,2.6861166538489227,3.1271426121654557,3.6283245009596228,7.772236848053146,4.753864375105833,2.9951639359129465,1.7612231751902903,4.437266043414529,5.184217253465538
Q9CYT6,1.8899893888408106,2.363436261476318,3.583863699859588,2.087266358235086,1.3867697072757135,1.7168688852733258,3.241433058267532,1.5883967274536663,5.92495222518092,2.9349955464029884,1.9126419900262144,2.9784032251689516,3.4645446525219565,3.651312436259969,7.769614780547546,5.185536942694375,3.0158408281611537,1.9602119424922595,4.354148062983778,5.094193603611362
Q9CYZ2,2.0412637050264126,2.374960183021818,3.9665001081947446,2.5002980938804376,1.3851977423149964,1.8022061035966677,3.241318352065103,1.4973420238976773,5.558894798913481,2.935910520251981,2.0147723209284525,2.688452052435151,3.2889623334834757,3.2848315813516407,7.793467979873651,4.662390705714686,2.711306134567585,1.8421148908876646,4.355228217696206,5.310954104953496
Q9CZ13,4.018188417270862,4.32929363507349,8.557045455809579,4.821169269499578,3.2198377295508274,4.15182939702618,7.728741121160585,3.265243735354399,12.76415098494813,7.018868152498923,4.558602943798363,6.20569568835383,7.420288358063945,7.82738045662359,16.685534079203848,11.024552862562304,6.495820753375457,4.202162076745275,10.246895266733478,12.213344863857337
Q9CZ28,1.703159050964251,1.8083700563579395,3.5830593927496937,2.086978841151136,1.5694455756706835,1.7168508011013832,3.672301593485273,1.617999328067165,6.035374257249233,3.3265051451039755,1.9135218321130587,3.045739552780423,3.129903972717719,3.285262649425415,7.037363778417202,5.282413724177915,3.072183104019495,1.996832841371745,4.934485938101954,5.7735067879093025
Q9CZ42,1.7996310254539205,2.299552492246007,4.052894679002848,2.102060438481485,1.4626721788037889,1.8105872692895812,3.4202681272677227,1.4364953409450143,5.6271474605514,3.099982733993026,2.4336437144216423,3.044700586375383,3.7751941497690837,3.7118343855286895,8.487528562644325,4.659959255736958,2.8640022282407087,1.761437058340402,4.595395166950589,5.369252816536343
Q9CZB0,2.759412184969406,1.944862365833457,4.048738802191594,2.35821717904516,1.5654977925550004,1.9396995826445544,3.662373433065464,1.6136250258811216,6.019057469999012,3.1388937045486673,2.060894548025771,2.9040899978962504,3.3768367363030336,3.5041682100659424,9.450406729404774,5.271502696492649,3.0658373922573277,1.9927083067266596,4.924293568572711,5.761581388708628
Q9CZD5,1.7030618278827852,2.048551377575414,3.582854857492085,2.08685970811199,1.5694455756706835,1.9449578254138102,3.672301593485273,1.4282873176752309,5.327720697727514,2.9364691495942226,2.167788071750351,3.045739552780423,3.5458014556797717,3.28520325906995,7.972479330729388,4.663047927661043,3.072183104019495,1.996832841371745,4.355914858092605,5.096560070536172
Q9CZJ2,1.7091657235564386,2.498523103607693,3.6020557775633955,2.1088343662563562,1.5514924249747577,2.0098899175324814,3.790997823668976,1.4410761146400068,6.212515358692247,3.4311522770145295,1.9221972385471728,2.711988271264211,3.5101153375642693,3.7905535658757445,8.124461889838122,4.70812617770824,3.1672854882324684,2.06342586675933,5.090292044400646,5.961041433724757
Q9CZM2,2.965067503002553,3.4931701906753494,6.595602623334146,3.5125211229379207,2.152272475656435,3.6810596733693046,7.0807471917175775,3.1203555545427553,11.675303167034777,6.34549938676615,3.221770252062639,4.525152065569137,6.282723676912334,5.34119508477813,12.262835794708483,10.089748894708672,5.803880219095672,3.4385495805257853,9.420291624814405,11.032064053238855
Q9CZN7,2.80573071710348,3.2896783983710844,6.186465918008431,2.8041483362421364,2.295291571734806,2.9499784699965903,4.74507142123377,2.09067417226207,8.780169991603007,5.04524341445215,3.3018267719711263,4.474776201048748,5.154744667505654,5.141662625923347,10.999274359543579,6.821533277450684,4.470359279997024,2.9057465797860855,7.176314813177834,7.978762624548106
Q9CZN8,1.815810416263845,2.439177780135594,4.83292610656416,2.8149727424713515,1.5694455756706835,1.9449578254138102,3.672301593485273,1.617999328067165,6.035374257249233,3.3265051451039755,2.167788071750351,2.8541273193302557,3.5458014556797717,4.4165514764149805,7.4796370952892826,5.282413724177915,3.072183104019495,1.8781447283053663,4.934485938101954,5.7735067879093025
Q9CZP5,1.7040404080536729,2.165871215576188,3.583824072703753,2.087598903121644,1.5694455756706835,1.7172716827036882,3.672301593485273,1.617999328067165,5.329000505996414,2.9372734023640867,1.9142944195261546,2.691111226729237,3.7560969068936663,3.287092106791754,8.445313514793359,5.282413724177915,3.072183104019495,1.996832841371745,4.934485938101954,5.7735067879093025
Q9CZR3,1.7030161311435352,1.8082183078033367,3.5827587219428567,2.364163996732687,1.5694455756706835,1.9449578254138102,3.672301593485273,1.617999328067165,6.035374257249233,3.3265051451039755,2.167788071750351,3.045739552780423,3.5458014556797717,3.2851068808095873,7.037030106339253,5.282413724177915,3.072183104019495,1.996832841371745,4.934485938101954,5.7735067879093025
Q9CZR8,1.7913829974737097,1.902043951952778,3.5820060100147133,2.0863942259374464,1.3850579624797044,1.8111861491547359,3.41972545354513,1.4279842216114216,5.6202690448411845,3.0977124363210398,1.9130380447971727,2.9983986490611203,3.1290784785834846,3.2844252913516203,7.848560535356473,4.922469348202525,2.8628441374033335,1.76232838145062,4.598249407892299,5.095485588859899
Q9CZU6,2.955482535490964,3.3717627672207144,6.414605464540897,3.6792004717664866,2.4373853294531465,3.120555891350837,5.720002773819418,2.4718747836584254,10.048569058196186,5.18640290270795,3.3794020672243645,4.738688868022253,5.522908032485889,5.703509077547749,12.939313891233732,8.354897912590381,4.7056849960291,3.110632451848527,7.558594279396178,9.38384238085704
Q9CZW4,2.8284659415147475,2.5439740494154885,5.053443882141258,3.241364732658662,1.73077788159108,3.0137915313060684,3.420504586306329,1.5142895624829522,8.88076399388457,5.1503027665857095,3.18566573972516,4.753318836674369,5.534643220459879,5.466206097039946,11.668633813938639,7.269380221570068,4.763218099208833,2.7377734542629857,6.78196576952681,8.473370270622285
Q9CZX8,2.9703323040680925,3.2311125734626454,6.093513136760749,3.110855941569805,1.8630058793374706,3.261994293226772,5.532520468636017,2.438795445202846,10.134904049271679,5.251294873225636,2.9640132395240095,4.561133274737625,5.312030339988995,5.287104134270914,11.309512372466012,7.536238354493118,4.950286822463017,3.2223336985841353,7.608973319436299,9.308744479512947
Q9CZX9,1.8787416379800765,1.9922541415944492,3.952093087189126,2.1433386061226036,1.418286830021728,1.8970684471171448,3.31533702628857,1.5829586355444842,5.4481749297116995,3.265431609735745,1.9520690883495175,2.7443117641181303,3.1922876815329944,3.353441705326017,7.770294667969061,5.178060915358995,3.0127723593280504,1.8114689230836132,4.469317448314413,5.668607970474943
Q9CZY3,1.7020145174261552,1.8071548203659644,3.5806515544202853,2.0855763783126586,1.3845057382608412,1.7153048999056324,3.238690749449206,1.4269523684335632,5.322741141711554,2.9337245776751693,1.9118558320447685,3.045739552780423,3.1271789344428584,3.2824023487450464,7.031236726016405,4.658962372543651,2.709591908274602,1.7611587349982145,4.352098399305245,5.092094691367805
Q9D023,2.133972259611501,2.1239222531445527,3.666260396339783,2.2916442682279308,1.4197098681007756,2.1591211634183045,3.8333637385978174,1.4670731618368558,6.70237305828461,3.6977264280067734,2.10052376242119,3.1790968517889766,4.150074959854125,3.885256567086016,8.29734346532438,5.502796277551344,3.592553610608697,1.9355502731077407,4.473715500113895,6.380070145542796
Q9D024,3.4994381746427106,3.159585005715037,5.818106952973873,3.3911487811211973,1.6743499848069912,2.223815614358081,4.226480099663645,1.6990716022703145,6.943428782918382,4.166702224520841,3.5621635473806403,4.369980345165106,5.9978370574045154,6.29150229432409,13.479448076825129,5.63657258009541,3.843873416280525,2.3270079643676826,6.238079309925763,6.715853497707923
Q9D051,3.764631305510745,4.093847722148901,8.035505020484406,4.180844009171376,3.0101666902944246,3.8140179054584764,6.962383855465852,2.9786561888444387,11.842110774870047,6.623460560181356,4.292357674426054,6.0330933913391736,7.091979255751753,7.33342067682319,15.946517062514511,9.932167785905836,6.0245113956474645,3.7616003065096213,9.287076487889292,11.20939695480434
Q9D0E1,1.8657625261318904,2.3562124977108794,3.906051943523022,3.041416449237955,2.196752192033583,2.750750094437853,6.0906451064986395,2.904057074305019,8.532470828771915,3.856525621093424,2.102224095474302,2.797408417871439,3.3659757142261766,4.757345851868342,9.00662090360238,6.894456356439713,3.9912352654482084,2.5912947954696146,9.098760719969276,8.16780407126227
Q9D0F3,2.6150036231659053,2.6367597582880156,4.876474022799097,3.2198082553089917,1.8782716273791038,2.776948788622345,4.036193704891911,1.5903159935589586,8.203059379431444,4.509685874940154,2.3880206979666214,3.9051738548172215,4.240336989267164,5.071100302271618,10.810196232218882,5.239322748251474,4.169800405710776,2.722374726957948,6.72284150228033,7.383621471105815
Q9D0F9,4.172485022940552,4.362608085412185,8.700617639655487,4.88770624124829,3.2834447824489583,4.041756024037681,7.4271135331940465,2.9887774150644737,12.331912667206268,6.991520173983202,4.692638071631333,6.708381553747453,7.744799837639917,8.011364846036567,17.458309218851877,10.453424249185707,6.383571240199774,3.875802528991414,9.878362993848905,11.554909668989172
Q9D0G0,2.7454852978266637,3.0617359017178396,5.417958545485114,2.902066270179774,1.7294853401591144,3.1723335891049618,5.782170928034603,2.643764350554055,9.83742807223185,5.422164890597773,3.084812593409408,2.891078259378768,3.9204383643928686,4.973838014840174,9.750734264276094,9.245648105599399,4.846702556322286,2.703377374152212,8.866146071727647,9.437388215384278
Q9D0I4,1.7030790614273243,1.8082851255446264,3.582891112951372,2.086880825366301,1.385371692847691,1.7168741907485836,3.672301593485273,1.617999328067165,6.035374257249233,2.936408571124812,1.9135524794044447,2.68853886078323,3.129954101792524,3.2853152667512315,7.037476490033389,5.282413724177915,2.7119058924365547,1.7626627597950946,4.934485938101954,5.7735067879093025
Q9D0I9,2.7781797474367975,2.279805024514752,4.507733791732421,2.2082623308276244,2.0061067038193428,2.1752335334895845,4.100400637345511,1.5073556277957283,6.750367567229495,3.715330110354231,2.408300818681813,3.3865268101975143,4.521446430704329,4.802841291226988,10.17894523385938,5.07970909488323,3.416484755867604,2.2279339732858285,4.601167796419605,6.418633564461373
Q9D0J8,1.7275110958214526,1.8105923087415392,3.58760826065709,2.08928596366559,1.5625463258520744,1.716878149659532,3.2458975823162497,1.4309045963576659,6.009749824338992,3.3123817777230866,1.9136951927360868,2.6886326736234616,3.1305424753151447,3.2890804852138,7.9392009965366785,5.258899684584291,3.0585076444817236,1.7644044877605305,4.3609978909956375,5.747806705656453
Q9D0K2,3.2949715006342846,3.8327818958392346,7.353269498050871,4.105212511187577,2.8485663106129744,3.3730839146708482,6.03324651256273,2.561023629220649,10.472522333854126,5.858891935957157,4.022156490519713,5.651570710214656,6.509708595244692,6.760319558559569,14.943337464826099,8.697948036525203,5.05158813223412,3.2239926466005397,8.428073054232849,9.858945368784193
Q9D0L4,2.989665937763437,3.0132099422153322,6.288725039210167,3.4653395234422963,1.9631471946640624,3.0217505113348055,3.4174803941430496,1.5154388363172822,8.836492983250706,4.889052234940489,2.7098967961918596,4.715761506248062,5.4902679058097235,5.760941711934262,11.71369271300696,4.898935775031449,4.513407858812679,1.8569435658685847,4.567782701171974,7.902952411007513
Q9D0L7,1.7515909663327789,2.351157088395163,3.678825967764313,2.140995745684965,1.5694455756706835,1.7697026337072952,3.672301593485273,1.617999328067165,5.489875866022875,3.023597045646981,1.9654010728560842,3.4964375843503577,4.070496922484806,3.377410949581157,7.222085049454195,5.282413724177915,2.7910487523429257,1.996832841371745,4.934485938101954,5.7735067879093025
Q9D0M3,3.3796495565901696,3.6703070016054067,7.106514127929451,3.848862834391028,2.6358206451720165,3.446475396124915,6.428215678790232,2.543662816338544,10.81601155349082,5.962630128716717,3.796348981103756,5.465292022582632,6.490350900716088,6.436821059192536,14.139401386750903,8.717705948371197,5.367296002275094,3.4914343776127343,8.628265826912306,9.823917832809784
Q9D0M5,1.7031552568572217,1.808366027873613,3.5830514108111773,2.364163996732687,1.3854336741109774,1.9449578254138102,3.672301593485273,1.617999328067165,6.035374257249233,3.3265051451039755,1.913602294890698,2.6886088514796453,3.130035583846039,3.2854007933198885,7.0376596965652825,5.282413724177915,3.072183104019495,1.996832841371745,4.934485938101954,5.7735067879093025
Q9D0Q7,1.706378356640569,1.8108934988194345,3.9763704150040065,2.268295668463695,1.7322921714578066,1.7202719710363696,4.090531592544958,1.8051127561527516,7.519372373067039,3.748659321029272,2.0801174738581887,2.982574767894725,3.1345457764695643,3.571285223193466,7.046747328991576,5.899817376230736,3.466355157035356,1.9774840837780572,6.157896266729385,5.732623688041261
Q9D0R8,1.9293666181963447,1.8083498512656104,4.058948680965691,2.364163996732687,1.5694455756706835,1.7168416355477567,3.241592281129533,1.4282307700543515,5.32750976682696,2.9363528912320986,2.167788071750351,2.688616188048209,3.1300441249622586,3.7218039870112065,7.972479330729388,4.662798623180035,2.711823021739634,1.996832841371745,4.355681974127041,5.096287588828281
Q9D0S9,1.701662816187897,1.8067813931234002,3.5799116549819625,2.0851454185369196,1.3842196464692986,1.7155641510712347,3.2391802451370375,1.4271680380004115,5.3235456207550556,2.934167980778816,1.911833720313911,2.686124006392269,3.1271427667895333,3.2823643858421514,7.031155405651409,4.659706743741177,2.7100248248796937,1.7614401186480013,4.352793742267518,5.092908264932097
Q9D0T1,1.9293666181963447,1.8082097210688197,4.058948680965691,2.0867938036060236,1.3853139236248946,1.7168063919390768,3.241525737187745,1.617999328067165,6.035374257249233,2.936292613294925,2.167788071750351,2.688423691414389,3.12982002344846,3.285174533176116,7.972479330729388,5.282413724177915,2.7118647988873494,1.996832841371745,4.355749075839717,5.096366099983946
Q9D0Y8,1.7029255596825958,1.8081221413778754,3.582568180182444,2.0866927308409267,1.5694455756706835,1.9449578254138102,3.240878785058767,1.4279164069407317,5.3263371464120715,2.935706580385891,2.167788071750351,3.045739552780423,3.1299407602639735,3.2853012629907923,7.972479330729388,4.660993189939051,2.7107730052532317,1.761926414903975,4.353995456295421,5.09431430888161
Q9D154,1.7031707168532824,1.8083824428959983,3.583083935127721,2.364163996732687,1.5694455756706835,1.9449578254138102,3.672301593485273,1.617999328067165,6.035374257249233,3.3265051451039755,1.9136324387768893,2.6886512036023658,3.5458014556797717,3.2854525463658955,7.03777055680699,5.282413724177915,3.072183104019495,1.996832841371745,4.934485938101954,5.7735067879093025
Q9D162,1.7031739102971113,1.8083858336117355,3.5830906534074374,2.364163996732687,1.5694455756706835,1.9449578254138102,3.672301593485273,1.617999328067165,6.035374257249233,3.3265051451039755,1.913600189515815,2.688605893430545,3.130032140132411,3.285397178671051,7.037651953623083,5.282413724177915,3.072183104019495,1.996832841371745,4.934485938101954,5.7735067879093025
Q9D172,1.7333050691620504,1.917513017751485,3.5802217048892695,2.1266354117992816,1.4117306767793492,2.025949671320148,3.2774613744597674,1.4440782524338382,5.6006770439657085,3.282156302286129,1.9493775136443996,2.8499689173884333,3.3139072451339158,3.282773749127359,7.166244315984881,4.662918013910227,2.7118950563162496,1.9724443011814914,4.573997410750426,5.359912277530849
Q9D1A2,2.250687867693983,2.4029224364621284,4.186062139800163,2.1119797091736148,2.2186376368710468,1.997057261295459,3.257398306419589,1.4349748414274135,5.829663188059309,2.9489331422886527,3.072227247779641,3.5925965771136736,3.679827573135127,3.8653218897176256,10.386693878567593,5.103187301944068,2.9679473483723213,1.7771757745353653,4.375848468941283,5.577618124247153
Q9D1B9,1.7021364968855826,1.8071992854555576,3.612599986064071,2.1048506111165244,1.396758608410952,1.7153347765976215,3.342067222143547,1.4378826425324633,5.323007112365288,2.9339110717416097,1.9125008289688512,2.706617694195588,3.128420875532296,3.3130784910546254,7.097933483377924,4.658682849533964,2.7096033391831855,1.775968319095078,4.35196546111833,5.1283400965396515
Q9D1D4,2.8761675718022146,3.1725063286119455,5.850520810929531,3.2397067348914406,2.1484447124196167,2.333590697513661,4.064794854139048,1.6275610771316789,7.749899434453476,4.005885857631571,3.4705394374956073,4.379488488016036,5.492156566377041,4.815866046290772,12.35550894474553,5.8506050094679924,3.948377427432051,2.40349071655895,5.925054686567855,6.3993494125626285
Q9D1E8,1.9057006881040692,2.0234235075091966,3.5814480238921216,2.0857797016649884,1.5354403981388611,1.9062521338309752,3.5992208453994614,1.5858002838744831,5.936178482606188,3.260305929618306,1.9130187296127654,3.0155383772366036,3.5106417283456484,3.6848990404116853,7.035410592803855,5.180044653603822,2.709577553586576,1.958135773565898,4.838859437486832,5.661620715615056
Q9D1G1,2.7494157358749423,2.7403416700295025,5.422678493700507,2.9327951812071458,1.776402092841383,2.7616490422121482,3.4642380691348196,1.526327488479824,5.377858211757684,3.354420767832418,2.9014514024036724,4.076659764130836,4.745807514363004,4.615804755309864,9.908286998335804,4.99022394233113,3.776414342026341,1.7749547977172606,4.661541325077645,5.454152837814702
Q9D1G3,3.7122164530549746,4.009473907745437,7.6421756037919115,4.219180186796501,2.880492773239081,3.5063286795222286,6.522578088323542,2.5699895784676587,11.038050431887955,6.372550032358989,4.13413080227856,6.124606042256646,7.132112487627242,7.174086703854133,15.902398088430692,8.840597426592755,5.7043110430310175,3.482590209602099,8.766704686835194,10.576741114835205
Q9D1G5,1.7031111534095864,2.048551377575414,3.5829586271852367,2.364163996732687,1.5694455756706835,1.9449578254138102,3.672301593485273,1.617999328067165,6.035374257249233,3.3265051451039755,1.913601312950994,3.045739552780423,3.5458014556797717,3.2853991074599316,7.037656085283304,5.282413724177915,3.072183104019495,1.996832841371745,4.934485938101954,5.7735067879093025
Q9D1H8,1.8647551466782657,1.80785667243455,3.9230208357235434,2.086269464857161,1.5168872971375873,1.7179208041199299,3.2437368495410626,1.5896638835610268,6.758835829763043,2.9379626996320862,2.09803239043243,2.9477329070248754,3.43170368035651,3.6020427537850743,7.7159386961741685,5.924531570647204,3.0213176605045247,2.239563167092365,4.855631859508705,5.680723645334524
Q9D1I2,1.9293666181963447,2.048551377575414,4.058948680965691,2.364163996732687,1.5694455756706835,2.4270573305868526,3.554035900017367,1.617999328067165,7.5313711909282,4.1510507796958205,2.1123409237645814,3.045739552780423,3.5458014556797717,3.7218039870112065,7.972479330729388,5.122979254312309,3.832260383271074,1.935588079186412,4.767784492678594,7.201908410635882
Q9D1I6,2.049672049007786,2.4645469659889367,4.883964176940816,2.152812677158085,1.6747329804521451,2.5918559985210594,3.547051438495365,1.4356027068718298,5.490955260847619,3.5510108874872857,2.6084262582194637,4.057096347459722,4.726118892923915,3.3873967839789376,9.592231578366134,5.101892576465017,2.793024963229251,2.132823978209844,4.375138273944367,6.151853874539392
Q9D1J3,1.90202650028418,1.8096782317215248,4.0791881861322485,2.330662576201844,1.3854775469308795,1.9308275790007587,3.243792925603695,1.6156945445769708,5.3307322956612735,3.30472666821122,2.4782167324660547,2.9993591610245454,3.55250932488977,3.72851341585994,7.989810541174645,5.279711032607924,2.7144316579196923,1.7643447003149406,5.671936229820756,5.817545718122655
Q9D1L0,1.7020805096437435,1.8072248891890563,3.5807903870413162,2.0856572423762407,1.3845594197089113,1.7159788152016282,3.2399631781790332,1.4275129947267649,5.324832359822238,2.934877190174115,1.9128555230839719,3.045739552780423,3.5458014556797717,3.2841186853851325,7.034913292121287,4.6596629402585865,2.7099993493440504,1.7614235602644344,4.352752823914627,5.092860389147034
Q9D1L9,1.7027917143970464,2.0466978834289655,3.5820402017008734,2.0867019627659125,1.5680255682354207,1.7171744115981855,3.242440238976451,1.4285647035661246,5.328535079956497,2.9366834870624814,2.1645571413392832,3.041200099559184,3.5405166965725248,3.7162569089354616,7.034784923089336,4.663471329097925,2.7118274784166805,1.7626793177430855,4.356478683764449,5.094847897662099
Q9D1N9,1.702693656824068,1.8895533467327144,3.7439139424525902,2.1806697362594147,1.4476332751455339,1.7975738578269365,3.3940238992590217,1.4279168387944612,5.578028914187195,3.074431028083334,1.9964192940027365,2.804966632540065,3.2654974584791026,3.2844558617041355,7.342235970536864,4.881640494589552,2.711013340118748,1.8453344566235483,4.560109759136674,5.0946824600740666
Q9D1P0,1.8901255337636813,1.8114766470125665,3.9869871092388327,2.276684163311025,1.3871057058479852,2.183078842355528,4.126905679252204,1.8181243258917263,6.77839224308685,4.160578942539807,1.916163320759742,2.9358039647571275,3.4563467170554842,3.2872243909841696,7.772758319293957,5.93694754654502,3.0685329376528085,1.9850295198354295,4.919085264893046,5.754740080556979
Q9D1Q6,2.326458214420116,2.7378977348559586,3.741047105333654,2.546988064234224,1.4819623067285561,3.291613823941638,4.954416808309228,1.9993894037087014,9.235347143001782,4.4542824280337525,2.632754995297577,2.8054660705189165,3.8004456734907146,4.509740552672468,8.537705358436753,6.505635078713143,3.7614576259834647,2.680835967568473,6.61733255159464,7.715802254544975
Q9D1R9,3.0493605325254043,3.713479523713707,6.575282984325347,3.730097259907514,1.965696815572602,3.413948155136941,6.43307500926194,2.8351246378690975,10.8039931139511,5.565777230090316,3.3099366152456726,5.081977694345002,6.057044136526274,6.036513829322938,11.302793615180565,8.848695345373919,5.491492194314417,3.2563961320303028,8.825817099712358,9.904156484460906
Q9D1X0,2.4767579098846735,2.845070574662244,5.637151981000045,2.7629004004388498,2.1796785156344605,2.486833316601213,3.29325877742987,1.4521868756584078,6.1820103404113045,2.974010817832846,3.0151274953079734,3.914214985037081,4.93177520498615,4.782577075597001,11.088741537565292,4.745913624619288,3.1674089706387565,1.792742285401312,4.430737702263954,5.17083475343102
Q9D273,1.9615804431174204,2.092391581001184,4.1606474750167095,2.4167668578064645,1.7476251065296395,1.990427110424176,3.2414825732698844,1.942686578014518,7.268626967541068,3.0797212215060035,2.421267283507888,3.399352303686505,3.9573369132445118,4.146617782260593,8.20600735119489,4.662391908520916,2.843908570669514,1.901889746792302,5.50376691891872,5.328733384603665
Q9D2G2,3.434443597647183,3.6473278787118506,7.316755652664636,3.8743413548719228,2.619752184086618,3.5044895415964246,6.340814321810857,2.8765159689937985,11.112402000688329,6.125032532341777,3.9079301525295675,5.423412437343916,6.393105396402967,6.626112495747495,14.196319646215901,9.097054126965903,5.45821265379726,3.3900735657014653,8.773121988709995,10.25993326349174
Q9D2M8,1.9105416154504642,2.028563478466853,4.0193451554646655,2.3410966370559607,1.5541323547447767,1.715478251365576,3.2409193949483273,1.4279977418639613,5.323841957879562,3.2666962425263977,2.1400098951552255,3.0067112491088466,3.500365326433246,3.674112549941824,7.8703194648107635,5.196708396302682,2.7112940321166468,1.7625526929426625,4.854425617706173,5.679833645651848
Q9D2N4,2.203236177285717,2.7392836316558222,4.058948680965691,2.364163996732687,1.4451765650461197,2.6080040567514016,4.119500332421197,1.8173688408988933,5.547959809120761,3.3261767604254397,2.167788071750351,3.395555448110002,3.9554447530347767,3.7218039870112065,7.289358550179282,5.282413724177915,3.072183104019495,1.996832841371745,4.539773909445286,5.29641253995473
Q9D2R6,2.2814383253172883,2.4215824452295602,4.799643846903327,2.9809641316579927,1.4637434148202866,2.3038361820490674,4.350066911670126,1.655983196939963,6.652582177305391,3.9394922320463466,2.5618582982392644,3.348499519269947,3.9020550937977987,4.690413680293434,10.047338938109737,5.826839248355892,3.638524023618235,2.0387860940278872,5.447430278012142,6.838156416896513
Q9D2R8,1.9379527568853374,2.0576679166890806,4.077011964520818,2.294888995722191,1.386818438203969,1.961666028956724,3.703848582161937,1.4305451490141063,6.087221274305414,3.355081561684691,2.17558514368373,2.9575235176568904,3.5585549482244065,3.288291554998403,7.043099906327555,5.33000458665016,3.0998613305324514,1.7654709380256342,4.9789422139473265,5.8255220562833685
Q9D338,1.8212831474787297,1.9121053996656947,3.5825796128104703,2.3264006404404616,1.385345824829353,2.083577743735018,3.934031765876781,1.4276458873886313,6.465523988850641,3.5635899114079863,1.9134433481231168,2.6886233054117734,3.3153645371538145,3.2851657271740144,7.037101694785355,5.035535383101072,3.2934270063970863,1.8871157506053047,4.667396863417893,6.189287074731836
Q9D358,1.7031102771947513,1.8083161813986033,4.0442193743952,2.08657299547233,1.5637502967088774,1.7168249653156025,3.241742252162223,1.4283063617523442,5.3275901215951045,3.2015568161450996,2.072167758012433,3.0354733801234413,3.5338497410565846,3.2853597462935973,7.945606760736077,4.6629129947879795,2.9631096083001425,1.7626943894638,4.759294026479698,5.096567387212012
Q9D3D9,2.4790297784226487,2.5222047750497993,5.215314992134523,3.0376979127243304,1.9398973898631,2.497396699566937,4.715369022170575,1.9953868723364818,7.7496404054409815,4.271353785631611,2.661809643864938,3.583890725453827,4.154147500665388,4.770200491329581,9.79303179572241,6.7853637157791376,3.9462792675308265,2.464269217700458,6.338443671530124,7.132141374758847
Q9D3L3,3.4368143672044122,3.649270991717811,7.2663408303872075,3.557046135214613,2.706014050605642,2.198178676596768,3.466713778767534,1.527418274849148,5.697493673924387,3.1402761805106336,3.603523431463238,5.254700513134612,6.3599477610166755,6.410703699726944,13.719981036350458,4.979780179290325,2.899546814855962,1.8962522172575498,4.652237165026544,5.4432666721867795
Q9D3P8,1.7028067117704213,1.9083881930014892,3.582181832527519,2.3144331930918742,1.3851003107994866,1.716610582892354,3.394344848790994,1.4939167952584413,5.579948262183493,2.9359343296759524,1.913130142078386,2.836078132668447,3.3009810833602793,3.6451771377724946,7.425388468714898,4.884613816345156,2.7115143879435197,1.8476018105603553,4.5556788381367115,5.33685259871921
Q9D404,1.9030320459825727,2.0256387827012263,4.007480132324911,2.335342755591596,1.3850389478861913,1.7161951785045952,3.2400111980344457,1.4280439504617695,5.918047712722557,3.2561994236538916,1.9142348166926784,2.991435305390666,3.999000452072002,3.6784005452126887,7.03991568031515,5.224965728789806,3.0109056648558066,1.957397442327737,4.840084478933335,5.662004421693175
Q9D517,2.738884230947436,2.4722287445739535,3.9832696215051646,2.3264425611837565,1.4956472900881126,1.911712905221528,3.5001253304578777,1.542139252091475,5.9176853238983895,3.2784629236650895,2.667066455415598,4.049816108588189,4.361022257865676,4.560575941163668,7.832474826925389,5.037094459387489,3.0193807587151844,1.765625776480405,4.7053247012769726,5.659050070340332
Q9D5T0,2.78416051736534,3.1318755278694677,5.208853953701806,3.0225649153063046,2.0272534882446083,2.969352753390375,4.482616695515521,1.9766792654067251,8.969691397987013,4.941814162319581,3.026806469264809,4.09389156249765,5.591282932057753,5.015244457130145,11.12471063078622,6.467271290557965,4.445244080418319,2.8076797577274384,6.023599628949615,8.053557845559641
Q9D5V5,2.7849797214359397,3.17670737755746,4.638517050014175,3.666130755805259,2.2650645202990414,1.8344778349864688,3.4944564679824963,1.5396415771476892,5.662777105671008,3.13651776054129,2.4583644512757075,3.463468365598846,5.108888431831517,3.5248251487672855,11.45178107340462,5.032870273309458,2.9270518792599076,1.902501616279958,4.7013787424993465,5.500763893714364
Q9D6F9,1.7020601667600672,2.061747035805821,3.5806716255663367,2.0850113856630976,1.385655002073803,1.7154173676859632,3.672301593485273,1.617999328067165,6.035374257249233,2.934002428289698,1.91184165359167,2.6861450744375457,3.1276214037501098,3.7345616000814,7.031051998159916,5.282413724177915,3.072183104019495,1.996832841371745,4.351913433967065,5.091773628088527
Q9D6J5,3.3565180554046803,3.5638637164169396,7.061350810743579,4.1129348181577186,2.730363613649684,3.376833047379984,6.375844873751365,2.809168163064589,10.478608316789327,5.775473565282426,3.7709961977422175,5.298244981841914,6.168132384140689,6.474299248463338,13.868601656472821,9.173470294597285,5.3351709873259665,3.4677114876023367,8.569256884423787,10.026305355850228
Q9D6J6,3.4768779957486755,3.769241795744211,7.470216566481055,3.8483012832108763,2.8585186287812503,3.550525808291085,6.474609937500124,2.8123514208894536,11.124240864425275,6.131365608002846,3.9924026478480896,5.609646779221531,6.318344112272997,6.630256609696449,14.53990575135334,9.01878778173023,5.594337936433529,3.4105264527123302,8.668771379699049,10.148946504027467
Q9D6K8,2.6761569098564024,2.9790006456379086,4.506459603495544,3.0690153061971066,1.5490905655110634,2.691575953348922,4.071321531969699,1.7929802397899937,7.826843694044524,4.331408258826691,3.157462867644352,4.436231413827708,5.164589923824211,4.505833409043516,11.612208673846377,5.858331484532742,4.242565838867365,2.214024401175326,5.956627098301517,6.964201502992002
Q9D6M3,2.043763522457757,2.170015040108436,4.299613756892263,2.364163996732687,1.4020001690393875,1.7351075859863652,3.672301593485273,1.617999328067165,5.38664710862487,3.3265051451039755,1.9302474917415249,3.234366091318796,3.7653974662180434,3.952300058990626,7.0974677031769104,5.282413724177915,3.072183104019495,1.7749846246361787,4.934485938101954,5.7735067879093025
Q9D6N4,3.230146230966663,3.116891886530088,6.818633957297,3.6044845301818484,2.7444545348582827,2.2306987256403716,4.788127334180318,1.8544763559004747,9.12199732269439,5.033823950246894,3.9183853955983468,5.125235917448709,6.210856921254204,6.5089022859196115,14.410655258849177,6.880378281456494,4.657588130962122,1.9354403931387036,6.4571924081735554,8.755622074326665
Q9D6R2,3.846063036925605,4.0837120004915235,7.962885851379263,4.6383519311703685,3.041859284404784,3.8905704756942017,7.0705062518048,2.9729172744566,12.0752049987342,6.685426408409455,4.248048346568501,6.0987298788808175,7.101175395051125,7.306857184434017,15.894642407194388,10.023070821455558,6.115805804172979,3.979796686020936,9.496187025328089,11.44447357789746
Q9D6S7,1.903219653109285,1.807425692448869,4.003941411507183,2.332124615051853,1.384794464920843,1.7989823275876342,3.396683250366281,1.4278872156432958,5.5823995190531495,3.076839965616305,2.1361684125480878,2.6874276024455743,3.1286111724394616,3.283797202352706,7.034271660273845,4.661711099859874,2.8401412735453366,1.9621501085990414,4.561784471178287,5.337434119724695
Q9D6T9,1.7023832515345885,1.8075463326678078,3.5814272871446606,2.086028209444857,1.3848056854609334,1.7166234571988694,3.2411803355912734,1.4280492687296,5.326832740326356,2.9359797358913298,1.912869549309019,2.687579344845981,3.1288370486275747,3.284142766549239,7.0349648764023955,4.662339796673045,2.71155617421196,1.7624354527588755,4.355253368367442,5.095786106344913
Q9D6U8,2.074650240886615,2.489580906525792,4.369667377014315,2.5471129868887137,1.5642637254764102,2.3718820490068726,4.2219587989765035,1.7494048342815651,7.359592000341078,4.0563558451081345,2.4872835257431394,3.4948219516898558,4.53943446054522,4.271644743453428,9.68005833279151,6.075575221543177,3.745200203709836,2.436498211455148,5.674078298548402,7.03582025850285
Q9D6W8,1.7029368862817453,1.8081341676667477,3.5825920087717043,2.086706609974971,1.3852560403060252,1.716693590648552,3.672301593485273,1.617999328067165,6.035374257249233,3.3265051451039755,1.9133808224768847,2.68829768301286,3.1296733264752534,3.2850205546224416,7.036845186943948,5.282413724177915,3.072183104019495,1.7624770432946328,4.355356145079443,5.7735067879093025
Q9D6Y7,2.3396845041405183,2.484216254622244,4.922164218242209,2.5182576534547403,1.6693082601192173,2.0675103274567417,4.4475006357655875,1.7166842106573017,7.30940260838543,3.53570985526941,2.6277941220531447,3.69204748305437,4.298222849653098,4.511573233542691,9.664244672480855,5.606836660546152,3.26919317287133,2.421239953827205,5.983262222752435,7.000608673370739
Q9D710,2.508949525763775,2.663937459473303,5.278259337630986,2.19609196654492,1.7684282562333289,2.178615845239135,3.5594468050674757,1.5682760231640245,5.849899053896545,4.304685262710072,2.820021777718331,3.431882457043015,4.612645237229564,4.84160256832487,10.371200777441725,5.118650935005715,2.841655308678399,1.848070115797223,4.562466902612584,5.5945193733936405
Q9D773,2.0666229185515532,2.453384683763119,5.659831436231064,2.8311953448588993,2.194597935054689,3.0073549317337642,5.677480212322005,2.720421263409817,8.4823996651481,4.936084549022378,2.318946290769608,2.81420121907539,4.2273227726985585,5.187062753998811,7.392714049686022,8.182410434917884,4.559252906360322,2.9630829511760894,8.312236143617811,9.725582846901796
Q9D783,1.939346738121695,2.0591480097699484,3.5806429849597756,2.086015700783648,1.3853078405420427,1.9449456037138626,3.6722785175256782,1.6179891609046464,6.035336332245267,3.326484242055474,1.9121730874564973,3.0626722660974357,3.5655142507128375,3.283494034698162,8.016802131347653,5.280593591723585,3.07112453866183,1.9961448035825398,4.932785689225145,5.77151744219943
Q9D7J4,2.333853035256842,2.676302068547647,4.506193779375948,2.3256295830603424,1.9070841995274477,2.53897137276017,3.2619340153154037,1.9615393238283878,8.428646827757817,3.660466541155542,2.829029575417344,3.342510926202991,4.2749399398000625,4.113080293870994,10.409250508263334,5.830775121878509,3.384996461186137,1.9770578914978032,5.444530217871547,7.531950189766348
Q9D7J6,2.4793044073147112,2.2448507168822123,3.6771689095002684,2.6114620307117895,1.5584461271710548,1.9344025277568788,3.652371990951597,1.6092184361150066,6.002620245350444,3.308452181947093,2.78709247387419,3.366174081231872,3.918411089993241,3.3714163416982617,7.259774559576147,5.252011509432973,3.054501571420736,1.9853403411582022,4.9060861744750675,5.740278153735119
Q9D7J9,1.9857994797836371,2.123421962738511,4.183521178738414,2.113777995687246,1.3999686532503695,2.2803476982093027,4.823178047964593,1.8993737472346186,7.168306131462916,4.3690111456993845,2.2344519779956555,2.716756968824488,3.163557853730277,3.327893945349038,8.212828992582613,6.928522605804902,2.956499159786459,2.337346260551704,5.109417029179719,5.167985565804614
Q9D7N3,1.7017394695154329,1.9616008241715253,3.882815932343612,2.3217293710449436,1.5412754336530776,1.875240635838807,4.041449241777466,1.4269599669428974,5.81378021886813,3.2045343922608196,2.0767661751854725,2.686952027021803,3.1277372968949972,3.654088945026434,7.638549023830051,5.812083718368269,2.9591171383841504,1.9544485613078464,5.429269057077286,5.564352565518476
Q9D7N9,3.3584662776118654,3.375061763856291,6.687276727080311,4.0124672626820015,2.4381413755251073,3.1140028390547063,4.348511700870262,1.9165588013266202,8.649221103224251,5.466281221965397,3.8546631970927847,5.284114493291066,6.29030543966508,5.969984287349101,14.14339474750589,7.223839716467539,4.757754729193936,2.8749198610354254,6.764513303650935,9.236355341720115
Q9D7P6,2.0072506719385848,1.821930412876029,3.611803595703133,2.4621158948983153,1.397365693899997,2.330360219905141,3.794456739063368,1.671371080867405,7.231311598409985,3.4297335275388314,1.930455106102805,3.1740151979070332,3.696845935838408,3.3097206146240494,7.08809222207948,5.446978968669097,3.1631963074636436,2.0526907201561335,5.0855330932225185,5.94185703394621
Q9D7S7,1.7031410951219619,2.048551377575414,4.058948680965691,2.086956838823807,1.5694455756706835,1.716896125811502,3.2416951649451957,1.617999328067165,5.327678854881612,3.3265051451039755,2.167788071750351,3.045739552780423,3.5458014556797717,3.7218039870112065,7.037652514175559,5.282413724177915,2.71197597072596,1.996832841371745,4.355927638072423,5.7735067879093025
Q9D7X3,2.099455180014427,1.9797492641204129,3.9186739220679003,2.8320433169042323,1.6983150141242507,2.107547360305974,3.519438959469761,1.4281178184968955,5.789394157727165,3.1974040441707983,2.074241740694855,2.688467336635088,3.39048759701856,3.5897318554137647,7.630090070205646,4.6638637382725765,2.9478757194955265,1.9127351699454216,4.355764282264928,5.528858157871422
Q9D819,1.7257100677594033,2.1893197984268324,3.6018371091391574,2.364163996732687,1.392900919071489,1.9449578254138102,3.25785826908691,1.617999328067165,6.035374257249233,2.9498494542784974,2.3201307021223325,2.703939063876357,3.142850633535905,3.9833560346947277,8.532750183612576,4.6926154860096405,3.072183104019495,1.996832841371745,4.934485938101954,5.7735067879093025
Q9D823,1.8673972896496887,1.9827539536102623,3.928579303786397,2.2882294107032766,1.5190365514875281,2.457504981967163,4.083274371068414,2.110420704870766,7.621608728264199,4.200817794607017,2.098030417981333,2.94773013573353,3.431700454063285,3.60203936734871,7.715931442086093,6.678059045616809,3.883086128866166,2.525743307197954,6.239322892105011,7.297838159990353
Q9D880,2.5870712565787857,3.0461232086620527,5.442273779572197,3.2984836129900508,1.9029746396281966,2.89141584034911,4.709760403920957,2.1680597887802855,8.722759557243691,4.9548444596759165,2.774895672079485,3.6886371789152195,4.944505191085633,4.989493769976155,10.675609159870328,7.098771209480176,4.700658935723784,2.7926777807175838,6.624088761638304,8.343030356700604
Q9D8B3,2.041023591884503,2.164617549826071,5.008791617225461,2.5033057479037373,1.6901794776632033,2.3995023966181535,3.5820829059190054,1.4571240418252644,5.421511841283438,2.991886216079059,2.679360895987096,3.22920923582791,3.7601897314004136,3.9496449678738634,8.465349261731818,4.761620423464669,3.2447969208115124,1.7996639464655444,4.812325754914711,5.185464230317132
Q9D8B4,2.5672855263965713,2.947563255463214,5.395942846215453,2.8238973936712375,1.6327519083305881,2.5774684500647687,4.384914467495252,1.5478289252273052,8.345020354203797,4.404909737794305,2.8850510432455945,4.3812907546007676,4.916896780638516,4.951928586804594,11.073088911886774,6.306580995430499,4.066971463147005,2.2408216355527637,5.53843039455791,7.646129585984245
Q9D8E6,3.5501239300384566,3.765637637742795,7.478387180160109,3.965500896792323,2.532930870673782,3.6887735794297236,6.969780657323886,3.0179215191884174,11.62045608079369,6.402925919588688,3.805416893977346,5.26759602261014,6.302819298376265,6.777872967190276,13.579399151089845,9.937321353011217,5.870932809630689,3.4293942229883045,9.63389127433452,10.952414908436507
Q9D8N0,3.328836492582273,3.7115272225782885,5.993690906370613,3.3872541307464727,2.3192659862913363,3.377154147805727,5.899179663326193,2.5984848509391734,11.237709317254513,5.448738686685891,3.3845106465594066,5.168319009011172,5.791282915126377,6.321897534625943,14.024324909221274,7.61888387515067,5.22819793514999,3.455087333682299,7.091983762135724,9.02929981096742
Q9D8P4,1.8450181240990042,1.8852768666127901,3.582000152611764,2.178070807719775,1.5684457055101013,1.7166664490888126,3.6653801994506012,1.6149497934327404,5.789674563127362,2.935895629032446,2.167366650029302,2.6875602912956276,3.1287150252952163,3.284227945669131,7.035578704445186,4.6619126707113,2.71127608062046,1.9927306189397382,4.354861722117943,5.326495635078765
Q9D8S9,1.8222103991856091,1.808272125803604,3.582861339338508,2.086692683625028,1.4862188524561635,2.0956555231240066,3.956835987087341,1.5344299218276665,5.327462285466582,3.1701346642790478,2.052929627679888,2.687702145071952,3.3566238482588155,4.004040787620769,7.037450024726355,4.660559036031733,2.711896324361067,1.8933995256956928,4.681932803399037,5.475755411025182
Q9D8T7,2.4948334421945657,2.8967851985791797,5.739534636293446,3.048889197489923,2.2193430360528588,2.4964819705782673,4.980385201422886,2.29143230809164,8.83746721985015,4.870929112839813,3.1625213846981812,4.11816251040414,4.786709833593153,4.795269137992032,10.788149116391141,7.1780901175000515,3.9576509388370558,2.713546769570689,7.2377777330279685,8.468432050510463
Q9D8U8,1.7030182177502753,1.8082205233081927,3.582763111689002,2.364163996732687,1.3853221994860603,1.716813127207119,3.241538454139876,1.617999328067165,5.327421302952344,3.3265051451039755,1.9134565103053487,3.045739552780423,3.5458014556797717,3.2851505005638444,7.037123544250125,4.662849995404168,3.072183104019495,1.762628315649805,4.934485938101954,5.7735067879093025
Q9D8W7,3.10156176427149,3.426726264084213,6.242436929598598,3.626838327221014,2.280336663066437,3.110948211296365,4.737628764617109,1.9812670092845557,9.401943499198602,5.077062172078089,3.3952193316870223,4.888693648389272,5.935115845775346,5.427100544306398,12.514225109930116,6.097478643355775,4.677106445972432,2.458481177562497,6.052183416516636,8.776261157987587
Q9D8X2,3.26085091686619,3.7157539825644124,7.498952028192095,4.204996728905279,2.4989517154975647,3.708154757791407,7.171273902856832,3.2272400902223857,11.65158528412848,6.339402531091241,4.1209387510636875,5.285833542213352,6.435508591401405,6.978194727000428,13.84769429903206,10.438822019016571,6.009155057457267,3.702603510194156,9.953666996593354,11.152218271760807
Q9D8Y1,2.7874938156911866,2.95968855388168,5.8642531904987845,2.3769930773161505,2.267490167491182,2.7937950033623844,3.4780366976772235,1.5324071012625715,8.669390268006138,4.778290475822243,3.1301440713915665,4.3978485389674935,5.119905192515425,5.374041326566653,11.511738272101853,5.005422556011955,4.408141594308165,2.4898643720804166,4.970640706075928,8.28415317547493
Q9D938,1.703100810333449,1.808308217968421,4.058948680965691,2.086907475553126,1.5694455756706835,1.716712186838131,3.24134786724229,1.4281230824107138,5.327108076158145,2.9361314921904484,2.167788071750351,2.688536535316415,3.1299513945211124,3.7218039870112065,7.037470402928501,4.661954631275108,2.7113321670270665,1.762289854372206,4.35489357200555,5.09536513306346
Q9D967,1.733145955186198,2.248445951193506,4.455014810817729,2.594855576774705,1.7225897230909955,1.7420163894472238,3.2827112468897615,1.446820207467166,5.402773711913163,2.9786035397788555,1.9459312631727392,2.7319319783706675,3.1829352180061523,3.3409824271114306,8.72770152213795,5.2670964575506005,2.7482373989528406,1.7860568016482916,4.408917674028009,5.156951256850329
Q9DAK9,2.7940871016110806,2.7603441895077387,5.886462536143261,2.8978532924608755,1.4965396225870775,2.8387048462193625,4.963276189273103,1.990145411464494,7.375266156257312,4.855789654257397,2.932570815668252,4.1120131510615465,5.145062131510549,5.399129504205289,11.566395541851733,6.521742536224853,3.3297400760329245,2.453283198169953,6.087206743390805,8.441644029971911
Q9DAS9,2.6124648677270796,2.7738473617071002,4.709165437486762,3.2012036099096868,1.5420543574034553,2.6335089591368313,3.458970945956487,1.5897780375441484,5.68933234769795,3.1362429462436388,2.5217065362868,4.132014908737546,4.810425916069249,5.049200463542667,10.815896396690585,5.191671631459338,2.895060491551332,1.881547620421086,4.648029591923523,5.436627469351706
Q9DAT5,1.9293666181963447,1.8083120290894048,3.582944418964971,2.08691187383921,1.3853923043147913,1.7169270229329274,3.241753502224679,1.428301803333339,5.327774731351959,2.9364989311988197,1.913538927532238,2.6885198204195837,3.1299319353045614,3.2852919999879036,7.037426650280846,4.663088282353239,3.072183104019495,1.7627183917457756,4.355952554810729,5.096604176905245
Q9DAV9,1.7211574699257375,2.2000084824747383,3.6146483819632,2.364163996732687,1.3965576754802744,1.9449578254138102,3.672301593485273,1.617999328067165,6.035374257249233,2.9755401272648965,1.93172093175845,3.277164666298767,3.815222885245243,3.3183141091126434,7.972479330729388,5.282413724177915,3.072183104019495,1.996832841371745,4.934485938101954,5.7735067879093025
Q9DB05,3.5185277208916195,3.365704882526694,6.920933353356755,3.5468546120480444,2.3536076691099415,2.50295113122926,3.5580276154708574,1.5502677603514041,5.767827812783393,3.8161029896846728,4.041765386860829,5.677566680940878,6.466868662970658,6.782730327415289,14.089253481744091,5.11284372339863,2.996576497102066,1.9481754667215823,4.786847186632035,6.581513840449175
Q9DB15,2.888229851107321,3.167134109234724,6.277094686246844,3.4200973528889627,2.350186406383618,3.277553866784858,5.686171255201384,2.579667858312592,9.913443301421102,5.462335118264851,3.35060912774391,4.558619630519554,5.306964620291303,5.751930435858557,11.932656744320266,8.418691322743726,5.04488732465373,2.7710455122086306,7.865435105169052,8.930347335413435
Q9DB20,3.9074395432233318,4.171528130048461,8.071285148479237,4.6040094207342115,3.0773382948203585,3.959973068747677,7.098028865858381,3.0469982055581246,12.357473764884553,6.808509492451382,4.337526330803797,6.134177915776359,7.182171094328695,7.355409043810827,16.05678717438328,10.118108200514426,6.254935474485327,3.9141160457659607,9.372695532325652,11.545838157881436
Q9DB25,2.0180706843184977,2.048551377575414,3.6052445886168707,2.364163996732687,1.641602004006507,1.7279497445801881,3.672301593485273,1.617999328067165,6.035374257249233,2.9559683816577063,1.926735979301473,3.1947306377397044,3.7192545027236847,3.311304299288494,8.362476021095267,5.282413724177915,3.216017294628735,1.996832841371745,4.934485938101954,5.7735067879093025
Q9DB27,1.922768263817801,2.041545416228092,3.582104529954261,2.35607865322549,1.5694455756706835,1.9449578254138102,3.672301593485273,1.617999328067165,6.035374257249233,2.9344825795181038,2.162342248496109,2.6880189520548803,3.1293342582819994,3.7218039870112065,7.952451213636652,5.282413724177915,3.072183104019495,1.996832841371745,4.934485938101954,5.7735067879093025
Q9DB60,2.2347677974763918,2.548554883351293,4.702405740891044,2.520264119298729,1.6773851825890422,2.5797046853247267,3.920360806889564,1.7274880832555364,7.529767327002664,4.412126986226939,2.699490457940462,3.789818619742317,4.410630110843009,4.635549709271339,9.927732956639787,6.134889587732383,3.8384283348732495,2.318884045771242,5.730341104615978,6.704264758942548
Q9DB73,2.812255449684574,3.0744382845981515,4.664994968470274,3.0452731305313065,1.5439998058346909,2.741416273653801,3.561711858117468,1.4516712175623585,8.506978402384824,4.692566820165445,2.6608034033951773,4.5817598594749835,5.334467052030303,4.820923447216754,11.657018388225941,5.18517920627226,4.148141305475276,1.964538486547507,4.846344721250167,7.02689795894449
Q9DB76,1.7026181601007873,1.8077957524837995,3.58192148135634,2.0863160564354155,1.3849967721141547,1.9449578254138102,3.672301593485273,1.617999328067165,6.035374257249233,3.3265051451039755,2.167788071750351,2.6879833893043386,3.1293074307478363,3.284636496971681,7.0360224967396325,5.282413724177915,3.072183104019495,1.996832841371745,4.934485938101954,5.7735067879093025
Q9DB77,4.224127012770708,4.486727731938349,8.805340682724873,5.074874624500105,3.311950800395195,4.29229265644592,8.051088379220564,3.459741347304569,13.319293403803972,7.326949290962373,4.70322164354346,6.659653586466585,7.7670017305814305,8.114774845345071,17.25513151928403,11.581842384316035,6.752593974315141,4.326896702629393,10.763601284982576,12.685343404277505
Q9DBB8,1.703083105542864,1.8082894194814976,3.582899620850949,2.0868857808539034,1.3853749825382977,1.9449578254138102,3.672301593485273,1.617999328067165,6.035374257249233,3.3265051451039755,1.9135425013071024,2.688524841568836,3.1299377808465128,3.2852981356843363,7.037439793561137,5.282413724177915,3.072183104019495,1.996832841371745,4.934485938101954,5.7735067879093025
Q9DBC7,2.0501378804961896,1.8146188174554652,3.596352221875904,2.5121519775945993,1.3906905034299915,1.7328766022419848,3.672301593485273,1.617999328067165,6.035374257249233,3.3265051451039755,1.9178102380522795,2.6937998602984456,3.135579792767675,3.9398977463225444,8.439658148941954,5.282413724177915,3.072183104019495,1.996832841371745,4.934485938101954,5.7735067879093025
Q9DBE8,2.5022376878553185,2.0354766695808424,3.656437284311672,2.5308854049624228,1.5594287204236585,1.9355420304759487,3.654523501692006,1.6101663819314633,6.006156221959745,3.3104010990949693,1.9530351998599522,3.2569760322926697,3.799825369653981,3.980876857593404,7.1914160105538425,5.249163607897837,2.768769273568931,1.984263791003048,4.903425850840456,5.198504499154551
Q9DBF1,2.38872584981006,3.004069118868692,5.924997053685122,2.930609650458838,2.4369552281325446,2.0998780027663746,3.4827185818242463,1.5344699180577417,5.723797334966875,3.154773916701196,3.166252098104888,4.148637642749474,5.202539303786761,5.066994409632621,11.64352064337369,5.010952337515292,2.9143046929284737,1.8942163027293466,4.680904438210475,5.47680830112127
Q9DBG1,2.4226243773432388,2.077873559540575,3.630875216039156,2.403785190595798,1.4029280083392308,2.6645972305932597,3.2906875243804645,1.4519239106162707,7.6445629694989465,4.557320617125678,1.9351627105190694,3.465597778284425,3.1628986558845535,3.774112454460609,9.082497501165944,5.38633217480298,3.8875539628543105,2.036485240304541,4.424108174578327,7.307206477107943
Q9DBG3,1.7885325749763146,1.8073064716915612,3.5822207635630665,2.086537265500729,1.3841852979847564,1.715992921695379,3.2395194905275475,1.5906556880796494,5.323901773212726,2.9344878968435637,1.913043011147354,2.686319970986855,3.1273031249512893,3.441977019097642,7.031092391314802,5.197461621672415,3.0227760663287953,1.9647196527643989,4.855129231657909,5.0931577185624075
Q9DBG5,1.7558306582367937,2.5355021193662104,3.693142537604971,2.928139421289168,1.4319389769911823,2.4048862497894223,3.3169851614724792,1.7327480833355682,6.43935901927945,3.548992660541989,1.9712646628600345,3.2457183752169354,3.778994218216146,3.3736895620379994,7.226977478040918,4.8017591483366955,2.9671924357694426,2.1362689887734225,4.450455606098738,5.227944657356976
Q9DBG6,2.6848924583190477,2.1468413790450223,4.621068154436731,2.686710189010556,1.4759861202607631,2.3850168671171095,3.2433222030120756,1.4290344333997305,7.408852388931212,4.092943191082968,2.4799154170886903,3.476491057854723,4.352294317605978,4.864937023460903,9.90531312472992,4.6674658344069275,3.7809038000757034,1.9021763041861415,4.685537171619427,5.5002042405893965
Q9DBG7,3.3227674455639553,3.6073734883730775,6.498244817143046,4.168907069226071,2.641004997504585,2.8004374432317927,4.001413768072915,1.7703618108668409,8.666862279130045,5.580605002334025,3.9617353768235732,5.383850396419468,6.381561664338098,6.5474629762919605,14.281923931129057,6.338377155902207,4.907172876327121,2.582113434544334,6.395616738498804,9.46023744678332
Q9DBH5,1.7028137192986366,1.8079953198702,3.5821493519865215,2.086519008555964,1.5694455756706835,1.7165268119192314,3.672301593485273,1.617999328067165,6.035374257249233,2.9357061878227215,1.9132456318515907,3.035359923343146,3.1295796226541737,3.284782920655758,7.036198735288187,5.282413724177915,3.072183104019495,1.996832841371745,4.934485938101954,5.7735067879093025
Q9DBJ1,1.7018612384914642,1.8070383807070762,3.5803224237167615,2.0854469431139857,1.4010353832922726,1.8788044095740821,3.278199524806478,1.426944188775129,5.322724774270568,2.9678098957708867,1.933475005535501,2.9498004224007675,3.12710698858728,3.2827923846411986,7.03240296016937,4.71928135506783,2.743438866089022,1.7845775419079433,4.408253341777841,5.1531834526992455
Q9DBL1,3.5318912947561665,3.867471950455145,7.17253542467321,3.6544532772313922,2.5829225151829323,2.997728742071198,4.690552175078123,1.536247261798929,9.298267800390255,5.12063089203401,3.8316406695385465,5.4944455351790165,6.274825673197109,6.823103197590915,14.607847497212134,5.697152885871779,4.392147932240662,2.7075495558157288,6.291545176037017,7.840096037658294
Q9DBP5,2.6087684765826995,2.7699226295698995,4.664842378143207,2.222316358638795,1.5616810896816937,1.9388573654022234,3.660783231118327,1.6129243901581398,6.016443996227519,3.3160713910395514,2.022380163728029,3.494804094557019,4.067511552972286,3.464870552794351,10.77069728384371,5.264159078824628,3.061566439753395,1.989932307401413,4.917433640515238,5.753555052895499
Q9DBS1,3.072096799696966,2.9783100403582767,5.18311405437462,3.4419495113281364,1.8249444571074533,2.0096388305902133,3.461820694968937,1.5252624044510437,6.220627145785782,3.462895494018798,3.1449109253088965,4.172652689476985,4.8692056442233085,5.108220675810665,11.568212689412631,4.987626883411991,3.164848276673153,1.780768548897223,4.659115322233858,5.451314336689805
Q9DBZ1,1.7358416881484118,2.1726587765178738,3.9980167139183282,2.328673732118352,1.4014501700541262,2.3910449737213937,3.280904781086541,1.9890966839018625,6.383429016735838,2.97345563761131,2.2937235249468824,3.001872036714166,3.494731592472725,3.3457271893846703,7.857652419541462,4.724077486594719,3.7807180332859316,2.4573606706430984,5.25028687741055,5.148548023996664
Q9DC51,1.70308482819887,2.048551377575414,4.058948680965691,2.086887891723486,1.5694455756706835,1.7168831365217432,3.672301593485273,1.617999328067165,5.327638547979321,2.9364238712819946,2.167788071750351,3.045739552780423,3.1298773303954484,3.285234684661316,7.972479330729388,5.282413724177915,2.7119302880688907,1.7626786162718038,4.355854263399987,5.7735067879093025
Q9DC61,2.701342820775125,3.254917889081067,5.672575504492367,2.80629898770048,2.091632255859459,2.826733374531064,4.902698791388531,1.7836342476915066,9.065701292339757,4.448467837964888,3.2562034961933666,4.710725582265378,5.483301512653146,5.4104851021656195,11.178820247253759,6.278356236609671,4.312728336930177,2.1949286038945672,6.225303520109386,6.860195134031179
Q9DC69,3.692509157162356,4.061598766137977,7.4766666467750085,4.013851883766291,2.7894624705502853,3.8229001788798005,6.604633764390066,2.5605349210645167,11.959562956754903,6.594416220704977,4.047502405942835,5.927249191539045,7.032331376257377,6.90960827320096,15.259429910774282,9.48911338705933,6.057316939077856,3.7312619523688952,8.93521478090885,11.109091646592752
Q9DC70,3.295178651748261,3.5588469182911293,6.816095964687807,3.897588799414355,2.3671303294545,3.4798501964674653,6.178062370863326,2.5708614396268374,10.653901981428817,5.869566021589708,3.5726267253007427,4.924941144020003,5.840810861169508,6.243908083178651,13.364997503920213,8.719005866359351,5.339974448093736,3.292334982367163,8.153591095303105,10.022315348043056
Q9DC77,1.7543369430190514,1.862709413264755,3.6907260412193508,2.1496900587515215,1.3843740247136156,1.7694287315988675,3.2393614785714213,1.4272808521683797,5.323742655026847,3.026293785216717,1.9123992743912939,2.772147025176888,3.227289394543709,3.387481980022213,7.256327889162432,4.810507935559561,2.709939332327865,1.7615436510443923,4.353058500676626,5.2577290741396805
Q9DCA2,1.951355484449053,2.0718985848031504,4.016609429162729,2.3911082205174967,1.3865974000473404,1.9221785403852043,3.724672614345755,1.6410737609276838,5.964688143306922,2.9402665988294,2.144812307423453,3.013458632390778,3.134903448284497,3.765613043789654,7.048646004895231,4.6718785310710285,2.716556807450358,1.9715902274601613,5.015157260998492,5.7005220093421665
Q9DCB8,2.469900532452549,2.6365637411593945,5.224038003697953,2.595723942135152,2.0199247991687614,2.5123135318108076,5.043258124360337,1.7883579447447966,7.796743816185182,4.296623580136913,2.9668584444662423,3.624275104363217,4.218299767459504,4.7764376137675715,9.487197868952796,6.3532485436363615,3.9648750110729365,2.73464648458149,6.369006062844348,6.900581695406199
Q9DCC8,1.7479791260833426,2.287255687333806,3.6885045066941786,2.143458504652779,1.4267831242172786,2.1682141529350134,3.3301776973234016,1.8037249942980997,5.468232876745665,3.0114940208660133,1.9661635404067892,2.7597469848873346,3.217656332925598,3.3798112545165755,7.22653467796727,5.892988819685643,2.7826450795689475,2.2276395268180393,4.472053852968702,5.2316049064923
Q9DCE9,3.075056562382912,3.0326164053275217,6.469219825855211,3.517799001547574,2.323667932404877,1.8580968692543194,3.4978856255504396,1.5486200264594536,5.776579309905639,3.169079522905695,3.218016040926074,4.863844836374816,5.662410656641494,5.9434750708406066,12.731522756262617,5.042717373729223,2.940845469812457,1.9096137337113193,4.723533762663489,5.526685977779142
Q9DCF9,1.994299671558475,2.1182867010546267,4.200326224887806,2.1873801355955087,1.385362121468306,1.8047359746804157,3.5544804658524085,1.566087876763634,5.327260603246624,3.0860826033821906,2.2527574145923124,3.165950351953155,3.687283534639357,3.4673097469541054,7.4190119510054995,5.109733092588502,2.8664668829452467,1.856177552177026,4.35590772805157,5.096357309281302
Q9DCH4,1.9293666181963447,2.048551377575414,4.058948680965691,2.364163996732687,1.5694455756706835,1.7168185616801654,3.672301593485273,1.617999328067165,5.32743816659756,2.93631342747702,2.167788071750351,3.045739552780423,3.5458014556797717,3.7218039870112065,7.972479330729388,5.282413724177915,2.711768737437639,1.7625736128930645,4.3555947836452935,5.7735067879093025
Q9DCJ5,3.2835194920143564,3.425922084678114,6.793616275145346,3.7096604209204043,2.4100333300545436,3.493335455313054,6.1542149142901685,2.5464973906255723,10.96356660848058,5.879830371252773,3.5545949832145105,5.094246876807518,5.931974606093024,6.2203878589526305,13.327210820851441,8.67781315589323,5.658826378893585,3.467438857444487,8.406143307122422,10.183374174104634
Q9DCJ7,1.7029622114146292,1.8081610572352553,3.5826452870930687,2.364163996732687,1.385276641065561,1.7167344840768777,3.672301593485273,1.4281416313565256,5.32717726644031,3.3265051451039755,2.167788071750351,2.6882742287186736,3.129646021359689,3.7218039870112065,7.036783793357142,4.662763823950593,2.7118027829604876,1.7625957415279225,4.355649466959427,5.096249554399725
Q9DCL9,2.7338415650186216,2.6504365708119684,5.764683411807498,2.456633175107996,1.8342977718268159,1.736554546211163,3.5272592534054157,1.5540943347499436,5.796999280890509,3.195120486668105,2.7972590384595937,3.522618532973462,4.539480596460863,4.328242801778404,9.364103913782204,5.068237211091885,2.9476208301920863,1.778848643818968,4.734416226171316,5.16841125893921
Q9DCM0,2.693668986000251,3.163758665046096,5.672901043748471,3.1523745329081683,2.0946642694248903,2.728603964243057,4.663912536061115,2.2720468351316554,8.774535915213486,4.436811011811592,3.1499698817878468,4.069816564380654,4.489372902743006,5.191556568310314,11.569782658458038,7.699908491845792,4.614902788286408,2.911093226071693,7.429783883450896,8.111071696224204
Q9DCM2,3.387945763158296,3.2449587283317274,5.50715738408698,3.500540348475762,1.5260143862803046,1.8633833455831779,3.4992739623193216,1.5417641431737963,5.764342131317063,3.879389801533441,3.8148773719615807,5.359897977208038,5.944971274614148,6.2336076449213165,13.358042628270221,5.0358387206330635,2.925949800676234,1.9036237345791227,4.704151672137418,5.513531490191418
Q9DCN2,2.7166142215188622,3.001595908302461,4.769494972958256,3.1624552187373904,1.6964175097011753,2.7385643455538693,3.276905214720102,1.4916383010690122,7.605688744013085,3.594677249713404,3.0548727648422878,4.082479093676053,4.996296553077311,4.996300592455261,10.682093376368861,4.877702944760112,3.596266511217079,1.9507918440654273,4.388709254467784,5.139378324288778
Q9DCS3,2.4846336171591217,2.9954452182840137,6.2308880782168234,3.2680870985736656,2.1699002610337437,2.5050982825947243,4.731553352302751,2.24443070464696,7.773867407616927,4.28162620622193,3.165956137363795,3.916676517183779,4.899867886001157,5.447703563051617,11.64311510697336,7.335303106344329,3.958432576437656,2.5760840330396393,6.364579242758877,7.442476626127116
Q9DCS9,3.149224257270762,3.560648421809915,6.814245613839588,3.480253043976262,2.520324472644622,3.3436254200577884,6.39089661555893,2.7494465062891726,10.726235177994768,5.784058958021367,3.6360192239186335,5.0936581614851635,6.080275225812654,5.803591198192201,13.71978932586788,8.979822104275412,5.406683988573153,3.5587568836782455,8.707421484948618,10.475222495088243
Q9DCT2,3.419995632645623,3.9009656215730573,7.493726327785949,3.9053691700131945,2.816297117584151,3.484684460325032,6.726297408312685,2.6273710029590616,11.33286447510365,6.294266613399127,4.0703689975286625,5.569246299069574,6.801853888856526,6.68066365978551,14.591731264034422,9.376564947203098,5.718480351256544,3.6499469044583055,9.188777464267474,10.918432025425414
Q9DCT5,2.0508950908220576,2.3660439998563345,4.696502160382097,3.1349300679422316,1.8124450921483863,2.4126428865862715,4.583838144645486,1.735807763010258,6.4258253810014185,4.150361277500141,2.3058486397743154,4.0334982415411345,4.694815998718639,3.9694490532876476,10.537293901653435,6.141046588483721,3.5704665992609925,2.1328680643866353,6.589462293244025,7.684690797139454
Q9DCU6,1.9896461862741313,2.387214882033607,4.163840112628213,2.2717797099102626,1.3991214624828343,2.5321647065143362,3.7929246455899337,1.4477892613760088,7.0734422798183525,3.896965624877629,2.215691713168223,2.705183491535844,3.6277371237748333,3.308492123300827,7.095469768327618,4.73202329203662,3.6000632592281123,1.7817252290241075,5.095099825422308,6.759917076445347
Q9DCV4,1.7030864344803198,1.8082929540608494,4.058948680965691,2.364163996732687,1.5694455756706835,1.7169380337111668,3.672301593485273,1.617999328067165,5.327808898759947,2.9365177631806687,2.167788071750351,2.6886016866232234,3.13002724263436,3.2853920380764627,7.037640941951259,5.282413724177915,2.711960993697298,1.996832841371745,4.934485938101954,5.7735067879093025
Q9DCW4,3.4251082494712453,3.7356778215773936,6.961396243242197,4.054816857365885,2.8619946238033287,3.4531782559558306,6.697469183526751,2.9508743666154675,11.007193192053247,5.906046923958172,3.8474465259209936,5.046833808036386,6.298560067258105,6.381250502060404,14.150469821755129,9.636055978424512,5.455895225499911,3.642575921485422,9.001374221535235,10.531896497517534
Q9DCX2,3.2488529504875596,3.606524111863322,7.158253090322271,3.629894376892924,2.6987974092140483,3.391154410926495,6.330204040505097,2.7166893385993647,10.758366792363105,5.864707294071915,3.687403488261555,5.234254420633459,6.171972894137767,6.180379415923861,13.718499800176083,8.982751354981835,5.358309321450716,3.4014059797722114,8.388127307418538,9.68173541233468
Q9DCZ1,1.7031745014196826,1.9502763317627376,4.381876904516799,2.2507460782163475,1.385444349703058,1.8266170939575765,3.448520356015096,1.517762934543247,5.327528314820308,3.123518899894585,2.061972589155999,2.895521541199412,3.3713659483341716,3.54013709982588,7.0376609388687985,4.662444197168514,2.7118006862744117,1.7624404212142053,4.62142492502736,5.0963060256716615
Q9DCZ4,3.387938339036182,3.502078576135022,6.939604977583513,3.8081132793862045,2.4444536145302833,3.1281375101476327,5.690664788377925,2.505719801955953,10.008447011218031,5.517626467315935,3.9044880908585435,5.718210505209349,6.379395712326973,6.186774910894435,14.012591635986684,8.480961392351228,5.242327118581126,3.208925093947247,7.919589081395462,9.276529236749004
Q9DD03,1.703094552206296,1.808301573251507,4.058948680965691,2.364163996732687,1.5694455756706835,1.7169295114487941,3.672301593485273,1.617999328067165,5.327782453434364,3.3265051451039755,1.9136214010902763,2.6886356956663615,3.1300668354204713,3.2854335961250585,7.972479330729388,5.282413724177915,3.072183104019495,1.996832841371745,4.934485938101954,5.7735067879093025
Q9DD18,2.382551048454051,2.529730838308509,5.012345680831017,2.919476970322267,1.5286616516347304,1.9215263745744204,4.547210960387143,2.0034804035535028,7.4732750766681235,4.119030060721423,2.6804009110226494,3.7659599563247945,4.384270573292473,4.601892097956624,9.857716784990808,6.564962500689972,3.8180967879944134,1.9844904541671913,6.132559249486425,7.175290982343925
Q9EP69,3.5830673765216132,3.6148036507407135,7.00051799236419,3.7784159604050513,2.351085221263753,3.2627787255722773,5.269608515490588,1.7698691895751084,9.620693723525612,5.851356643676356,3.8314559758904045,5.572200820516023,6.582674920685267,6.578942293313929,14.819003335664835,6.851529100366187,5.167731522504237,3.1869126857351446,7.642617815887044,8.941476167797513
Q9EP72,2.1055742321439004,1.8553755841037278,3.687574101725322,2.3520388892471384,1.4258987994978833,1.8813150331454018,3.5521367629643836,1.4277435247040076,5.467216615807097,3.0042032058592048,2.1685129020775378,3.3255311004625767,3.87153031721444,4.063701013874471,8.704857228495609,5.10350461932625,3.050285955863297,1.762145337327641,4.477949974709791,5.245172113519109
Q9EP89,2.5352722134984385,2.8877004496493304,5.538362828417707,3.1040106977852626,1.6622247651930293,2.9765041403935713,4.610749788068645,1.7214281197984846,8.546828600695338,4.843367300605274,2.967201710882879,4.762585928472335,5.545170043825999,4.8928312921397525,12.175836244882667,6.641508921010834,4.4782155019417,2.260328661094872,6.206883415581611,7.889038243783885
Q9EPJ9,1.7031540273970833,1.8083647224647619,3.5830488243065908,2.0869726854850636,1.3854326740051621,1.7169349060638697,3.672301593485273,1.617999328067165,5.3277991933968085,3.3265051451039755,1.9135657971076998,3.045739552780423,3.1299758852556785,3.7218039870112065,7.037525468582223,4.663108446445287,3.072183104019495,1.7627260140796788,4.355971390788725,5.7735067879093025
Q9EQ20,3.867001681739978,4.201397050645215,8.051914992611682,4.49581145579216,3.1643769014317433,3.898123043027137,7.076886472477551,3.0742599981010486,11.833781786051556,6.632018035143833,4.326323598924722,6.103644703365953,7.209705099520034,7.536833234353534,16.286441754232683,9.975925336394129,5.9550508179567885,3.7705095047670802,9.513294975632464,11.264708188342277
Q9EQH3,2.3169594241764306,2.1008729032059623,3.6065881670650097,2.4719291280176923,1.5355850505782678,1.9819684350160178,3.6010305908924396,1.586597649482146,5.918241401086162,3.261945263300594,2.218361955751195,2.70680313955576,3.6257016489206593,3.3081728469273974,7.081215109637961,5.180700372013802,3.013027941571403,1.9583836451117684,4.839471966804365,5.662337394559313
Q9EQI8,2.5400476134926335,2.7055890460722867,5.738309170434965,3.340128730699185,2.0705213940692864,2.771137707628376,6.182734994908578,2.628078742776909,9.020490114767382,5.200769763210744,2.8521854722651727,2.83239100450306,3.82904629898994,4.893241660532783,8.61545325761964,8.595119102572951,4.813979125370076,2.8457908056987082,8.322703523728533,8.640013412228972
Q9EQK5,1.9293666181963447,1.8083336175107256,4.058948680965691,2.364163996732687,1.3854088437351342,1.716831274471676,3.2415727182394263,1.617999328067165,5.327477615501602,3.3265051451039755,1.9135995415331672,2.6886049830157286,3.5458014556797717,3.7218039870112065,7.972479330729388,4.662798238301629,2.71182279789936,1.7626087506767605,4.355681614598768,5.096287168168671
Q9EQP2,3.0269018130348324,3.3691565764051283,5.630375033884646,3.284861962474685,2.32698138593985,2.445722744519021,3.446365582255479,1.5183784281958972,5.561649599544182,3.6481742083609037,3.393647720120169,4.511742716971625,5.25246859398701,5.513177489308441,12.508744249846744,4.904931472419607,2.847221677200401,1.8797355433040714,4.585650165511893,5.329315880924689
Q9ER00,1.7030513882106737,1.808255742841745,3.5828328947956503,2.364163996732687,1.5694455756706835,1.7167939977575282,3.672301593485273,1.617999328067165,6.035374257249233,3.3265051451039755,1.9134646312974064,3.045739552780423,3.129810410649522,3.2851644432278038,7.972479330729388,5.282413724177915,3.072183104019495,1.996832841371745,4.934485938101954,5.096182177118765
Q9ER41,1.7030857419732857,1.808292218774862,3.582905167301106,2.0868890114238865,1.3853771271457673,1.9449578254138102,3.2416024422052496,1.4282352469779547,6.035374257249233,3.3265051451039755,1.9134885069069427,3.045739552780423,3.5458014556797717,3.2852054344759436,7.972479330729388,4.663025929623624,3.072183104019495,1.76269482146432,4.355894308962609,5.7735067879093025
Q9ER60,2.1472244850584996,1.856441830845242,4.058948680965691,2.364163996732687,1.4064188213778086,1.743466862795047,3.672301593485273,1.617999328067165,6.035374257249233,3.3265051451039755,1.964541337953661,3.3071471015709837,3.844788176711099,4.142261648368613,8.639866214187558,5.282413724177915,3.072183104019495,1.996832841371745,4.934485938101954,5.7735067879093025
Q9ER72,1.7027004274625348,2.1950910582531593,4.037939924264253,2.351927294543628,1.3851620189169542,2.1029900775967145,3.4598499289944025,1.6035749617345747,6.53369794878611,3.14157065226488,1.9132619662575707,2.844032237233148,3.3065520190556215,3.2848975885166967,7.451636243194343,5.243648401717406,2.71187852460745,1.8798096508220616,4.8982739053920135,5.095763953110578
Q9ER88,1.9799009598205761,1.8385286320370693,3.6531991205542935,2.7642205262448,1.4124883919394924,2.5188770823406936,4.75812929310723,1.9035495957902315,7.819701604010822,4.31001023874668,1.947829026007247,3.125176916381454,3.6568934073119417,3.336281583588361,7.146741705301954,6.856642825698183,3.987500402280655,1.806433345036365,5.814344181672007,7.494093849300905
Q9ERD7,1.7029907766092323,1.8081913870171655,4.058948680965691,2.086772644895869,1.5694455756706835,1.9449578254138102,3.672301593485273,1.617999328067165,6.035374257249233,3.3265051451039755,2.167788071750351,2.688275760286653,3.5458014556797717,3.284993765696997,7.972479330729388,5.282413724177915,3.072183104019495,1.996832841371745,4.934485938101954,5.7735067879093025
Q9ERF3,1.9293666181963447,1.8080320646797394,3.5823897044560904,2.364163996732687,1.5694455756706835,1.7165914366963049,3.241119877240426,1.617999328067165,5.326733377906073,3.3265051451039755,1.913230852335348,3.045739552780423,3.129428023738746,3.7218039870112065,7.972479330729388,5.282413724177915,3.072183104019495,1.7623735722497647,4.3551004519611585,5.0956071892458
Q9ERG0,1.9293666181963447,2.2489223376449434,3.612200933537682,2.364163996732687,1.397692167239751,2.13886762585553,3.3024038406088994,1.617999328067165,6.035374257249233,3.3265051451039755,1.930636322605769,3.045739552780423,3.5458014556797717,3.7218039870112065,7.972479330729388,5.282413724177915,3.072183104019495,1.7755629422444437,4.934485938101954,5.7735067879093025
Q9ERI6,3.10609652831822,2.774904336186585,5.505899571976035,3.6934397349121637,1.9891936384434261,2.9137123289104636,4.291275935000005,1.696715677530616,9.043416223850205,4.9847441630602685,2.5191981650751454,4.117273657132878,5.067838122273986,5.550751761031487,10.778744265564805,6.727825844476481,4.189658190871267,2.7234457794215827,5.76182581412045,6.770732655338034
Q9ERK4,2.9129038827879015,3.6012279157336393,5.246571062239968,3.5723214480410435,2.374189776798755,2.7292544785900916,3.4787333431840266,1.5327140400945858,5.717247653224818,3.7102795601341856,2.4711955120002953,4.859218522362747,5.332034040156069,3.530068554617647,10.247465391637625,5.00787663525951,2.9125159045077638,1.8930536404322766,4.678031318018946,5.473446658361244
Q9ERR7,2.2677542070405856,2.437785827260027,4.188416434987865,2.4413291137704025,1.4015822720612043,2.0091772498858664,3.290156108871258,1.4488903975013459,6.218150579806285,2.980326756555951,2.5550326823781835,3.6318679487022583,3.7067437346406304,4.379178172498875,7.119472590908425,4.7308802911596075,3.175784167168758,1.7861455422513228,5.0910308538516515,5.1653505116748475
Q9ERS2,2.985314136009769,3.4028006569064666,6.630941103225537,2.99364606216609,2.4788849949362275,3.185035466905654,5.572572387968108,2.208998230210187,9.87502296434199,5.530195940403182,3.5431787481821684,4.9817515955211995,5.80852763649829,5.879278908848596,13.261788446039537,7.211403993548009,4.662671357422133,3.031058843814065,7.477637484849172,8.761957296400125
Q9ES74,2.0772504287723303,1.9703340070863549,3.90219364034576,2.299198243130417,1.3851097151123106,1.8934535682536273,3.5750556978832058,1.5751532301266895,5.875552042216279,3.2384162548465967,1.9119537043367154,2.6870823114069737,3.8006721658709255,3.5709540700275175,7.616919664635413,5.1409593035025205,2.989915053109597,1.943360915939437,4.802348455853965,5.618901696261305
Q9ES83,2.016299096765086,2.140854026044849,4.241834849873047,2.470687367688014,1.3902619819631439,1.7284393014586685,3.672301593485273,1.617999328067165,6.035374257249233,3.3265051451039755,2.2669775769418754,2.6995871983513613,3.14036830044603,3.8920991836230265,7.057179622636536,5.282413724177915,3.072183104019495,1.996832841371745,4.934485938101954,5.7735067879093025
Q9ESB3,2.181593380430279,2.3173840794217266,3.5981416530597037,2.0953442801999618,1.3910263707325914,1.9452137718330567,3.2525276983762197,1.6133838374206255,6.81281548369026,3.218668131246958,2.45075769175941,3.043127131612492,4.00818922062108,4.672661376748039,7.05326135303528,4.672906888001122,3.0759388750610874,1.9940718313299828,4.923899719724041,5.583393269563816
Q9ESP1,1.9293666181963447,2.048551377575414,4.058948680965691,2.364163996732687,1.5694455756706835,1.9449578254138102,3.672301593485273,1.4281681539363915,6.035374257249233,3.3265051451039755,2.167788071750351,2.6883644892228937,3.5458014556797717,3.7218039870112065,7.037020057815021,4.662837160107979,3.072183104019495,1.7626234637123583,4.934485938101954,5.7735067879093025
Q9ESW4,2.42150941547659,2.7788365513940394,5.5059175368350575,2.682748479213646,1.7767599400080665,2.6278084933289003,3.523597745705001,1.5524810911619185,6.080339457093116,3.75909549717313,2.453005325457547,2.7045826462248614,4.446750695647308,4.239081203197312,9.021748606914786,5.071083684625162,3.090549745735004,1.991417944063862,4.737075215859845,5.108491649856758
Q9ET22,2.5243613836630154,2.2066103432493893,3.6521619959624276,2.5521737466637817,1.4140179725232371,1.9449578254138102,3.672301593485273,1.617999328067165,5.421687204213481,3.3265051451039755,2.346307031063635,2.7497871568323196,3.829788155162277,4.020665894534368,8.835036964124756,4.741646119784569,2.7574473305096987,1.996832841371745,4.934485938101954,5.182690225397256
Q9ET30,1.7031692602245472,1.80838089628543,3.5830808707120583,2.0869913511455547,1.5694455756706835,1.7169387928191593,3.672301593485273,1.617999328067165,6.035374257249233,3.3265051451039755,1.913632676141698,2.6886515370996276,3.130085277764658,3.2854529538897226,7.03777142976411,5.282413724177915,2.7120023720724253,1.7627254688521097,4.934485938101954,5.7735067879093025
Q9ET78,4.0015240227793285,4.286555393177406,8.390010038122329,4.69003070478553,3.1690374035174953,4.072442496495782,7.773079924142104,3.3957991304820747,12.631448467924486,7.105042709360708,4.48072024876424,6.316185441126355,7.39735296961646,7.554428749401312,16.635799373349165,11.229100047951356,6.459214014677066,4.246109290756763,10.490743257171966,12.244187382999453
Q9ET80,4.047397705729132,4.270832183228965,8.348671146147858,4.911486476397837,3.0688717418710927,4.017475632931688,7.476639800014552,3.2665313048051705,12.46290986131426,7.151776518655729,4.480675607325188,6.290920688784504,7.472560647752639,7.743132516660324,16.69028304221768,11.00785474326685,6.536090020490016,3.912953613866341,10.31535292135351,12.25114700902219
Q9JHI5,3.8508001949575577,4.127017919522434,8.101043158907174,4.6334317268437,3.0140261847616605,3.67476403068994,6.383440089942849,2.6701698741420272,11.79025564034684,6.431857421869759,4.401155259448719,6.132998365849725,7.138916358863755,7.360386316504464,16.055549580765476,8.961572439964353,5.93816360894087,3.4718983531778793,8.146977513885314,10.75980834309443
Q9JHJ0,1.7022540543647502,2.0433841236041523,4.048710412635955,2.358200643343284,1.5654868153621373,1.9278029186631622,3.6399111783444758,1.427169926567207,5.322764361925129,3.2971647219728633,1.9125138746210175,3.0371974904850463,3.5358569228671075,3.2834301728928135,7.950119764551274,4.659181970398208,2.709645982224273,1.985364272138636,4.352359192350871,5.092189993249303
Q9JHS4,2.599539707206624,2.55560970394953,4.142150642400746,2.6891349187860505,1.5940879179752132,1.8499398681722594,3.2536853927957385,1.434924895193896,5.408533018335281,2.966990264789448,2.4584156282152985,3.798920116972194,4.422753097833096,4.236991863042866,9.048847649192394,5.027572490959829,2.923970757963254,1.9004989738640947,4.966589687994002,5.132385875825967
Q9JHU4,3.543394770224296,4.142876643071223,6.699294787849392,4.154745902478224,2.7513957829032076,3.405078734886881,4.66272537853769,1.8303025875306904,8.283856768340728,5.465615869465046,3.5781189132685376,5.458541529498322,6.500531340712212,5.698355164544025,13.917431220637926,5.067785521196113,4.19160137794183,2.3126353376659967,6.76193999285121,7.282283346656074
Q9JHW2,1.7030096318073624,1.808211406976949,3.582745048817315,2.364163996732687,1.5694455756706835,1.7167883514150801,3.672301593485273,1.617999328067165,5.327344421502516,2.936261758180685,1.9134211559701841,2.688354351520933,3.12973929904938,3.2850898018694985,7.036993521527876,5.282413724177915,2.7117523082611785,1.996832841371745,4.934485938101954,5.0961546980681804
Q9JI39,1.9703042128078228,1.8186933438696966,3.6017854126024806,2.4389609762686026,1.392990145288371,1.9979306731273005,3.26518245253062,1.438603344361694,6.192883876647599,3.4102051814018015,1.9215426948654921,2.7012384143041306,4.203138619886091,4.411769319005437,7.060998857839611,4.700692773251025,3.15565169556742,1.7785412316870997,4.386718351328307,5.9224809155572595
Q9JI48,1.7030136702923262,1.8082156949354211,4.058948680965691,2.364163996732687,1.5694455756706835,1.9449578254138102,3.672301593485273,1.617999328067165,6.035374257249233,3.3265051451039755,1.9135085221912163,3.045739552780423,3.5458014556797717,3.285239798058704,7.037314828486087,5.282413724177915,3.072183104019495,1.996832841371745,4.934485938101954,5.7735067879093025
Q9JI91,3.060221433001812,4.213781959411042,6.192468749176386,3.9253005361890807,3.068977555472799,3.4044856522295284,5.30244581616097,1.6904749854898458,8.065232177432323,6.126605269600972,2.665987969588726,6.618875055258229,7.702272695189047,5.702516167650831,14.979584259112242,5.494156690391243,4.4238923520726905,2.0408640121412884,5.9714316000520755,10.151727547288866
Q9JI99,1.9293666181963447,2.048551377575414,4.058948680965691,2.364163996732687,1.5694455756706835,1.736078693997989,3.278417342403775,1.7291153375477395,5.388101775575143,3.3265051451039755,2.167788071750351,3.045739552780423,3.5458014556797717,3.7218039870112065,7.972479330729388,5.6535652325271775,2.7441564543935026,2.1371337643388886,4.407752234004055,6.1791633427886214
Q9JIF9,3.220734579668785,3.882461625065316,7.456702855820397,4.1783936943083155,3.0940595280135117,3.2255467746357085,5.440839824578124,2.1003667809869904,6.975543912547545,5.523039020637206,3.99192179804658,6.472441253315533,7.259336870704726,6.964403337542494,15.367779603059027,6.853477857681723,3.133946316655211,1.7743074675006978,5.74740615023748,9.28276534721986
Q9JII6,1.973007792173381,2.0948884429244776,4.150759788237508,2.417640039760792,1.3888299328096692,1.719463376430808,3.6569171673249423,1.611221020088792,6.010090176612902,2.9424604080697256,2.216647624429608,3.1143871637095737,3.625719910473227,3.805689344779789,8.15217022345099,5.26184016809304,3.060217791438193,1.766018185978644,4.915267465544058,5.751020558713779
Q9JIK9,2.4644103224322524,2.6086721449058894,4.833665933176517,2.3194621087345375,1.7129945908262176,2.5034407483403873,4.0464747841381,1.7818213748195542,8.267249708739056,4.790940546846266,2.3638092865919407,3.605463420582972,4.216681416993683,4.0511821725106,8.679695708708186,5.803663766340451,4.2073406955635235,1.7803276588303296,5.419706561496584,7.908316248949631
Q9JIQ3,1.71601422298751,1.8183922598472388,3.602917997811792,2.10273102354227,1.3943640032457423,1.7296557597409454,3.2658339147094826,1.4301301771505177,5.333761386154462,2.939928741973517,1.9250927903769943,2.7076332517265875,3.1532483611608004,3.309765780541972,7.080782422674509,4.667875348243725,3.072183104019495,1.7713143248979417,4.359809945392169,5.7735067879093025
Q9JIW9,2.0301626332960705,2.155573969155073,4.271000578555839,2.487675157165051,1.5694455756706835,1.7280127892803907,3.672301593485273,1.617999328067165,6.035374257249233,3.3265051451039755,1.916205428473169,3.045739552780423,3.5458014556797717,3.9042585849745546,7.0478274167402,5.282413724177915,3.072183104019495,1.996832841371745,4.934485938101954,5.7735067879093025
Q9JIY5,2.0839652416784715,1.8434535543538368,4.384189033392081,2.3463469807001203,1.557617784949477,2.10914544109629,3.637852381562878,1.6028211624606798,6.544862790162967,3.6073189196720277,1.9564318351397607,3.3022504369898766,3.844427339760136,4.0352527291044025,7.193650414857183,5.239335676569507,3.322762624090768,1.9805486832769468,4.894245239197277,5.726423879742027
Q9JJI8,2.093247435176341,2.4414923419892887,4.404164469771865,2.5650418777606228,1.5215876170170257,2.3179408460263673,3.244220687153125,1.5585286256146358,6.552024865789805,3.6115076954568033,2.3502072209259004,3.3019349257645767,3.844213309743659,4.035102170422819,8.64316623930726,5.105811282048468,3.331832477228205,2.1661249693058404,5.35129895845985,6.262896707661746
Q9JJL8,1.7278590230541984,1.9750743909824082,3.636182250219492,2.1180152330445683,1.3841319406596644,1.7440459406836182,3.526460040710659,1.4269490579519355,5.401795091204937,2.9337127605675435,1.9407095174455566,2.7268992963920993,3.174038213808104,3.5725448446604937,7.0310942440269395,4.658686277507881,2.762409052933408,1.7870212477386438,4.435630586979028,5.167567699232995
Q9JJV2,2.1741327297419737,2.043189240470132,5.085350388496532,2.663977332309011,1.3886639536429481,1.7224842257345678,3.250093597386268,1.434527389796891,5.344995703502866,3.309885877448057,2.4387902205933787,2.9181347430337015,3.3972459694634214,4.64966283961291,8.969168375549021,4.689228580586562,2.723872142666686,1.7707990224186332,4.37982105258966,5.758573452697124
Q9JJZ2,2.0276126046916665,2.1528664149965495,4.265635898176981,2.1066962423624735,1.6493638905094805,2.0447977232320595,3.8608106763356207,1.4455202570704586,6.345186193150956,2.9725619210673178,2.2748198260212895,2.719936405728389,3.7208708524734444,3.9055632829375555,8.366110267155646,5.555476767093853,2.744835147248556,1.7833476319181543,5.189563600670642,6.07195583300899
Q9JK37,2.7393021794774985,3.215044749722966,6.203065002059443,3.6188853111324137,2.7429035617559836,2.615406205984211,4.297395153949615,1.7121594835287293,7.037088211982128,5.070535767368523,3.3258001254788137,5.906314381580654,6.947149739494505,5.538191923190457,13.603675597284294,5.553013007046914,4.110183897884682,1.8550774546328774,5.19298273847792,8.477759311165194
Q9JK42,3.278571247888913,3.555566575449359,6.242599649161725,3.6419423118379415,2.0676150192805567,3.0679290654108984,4.217711048272125,1.6976878303626923,8.675845453790297,4.79975184066005,3.6012273853721544,5.295273312597861,5.756098633911648,6.186156404789512,13.851068688612404,6.084977291756295,4.571006829402196,2.281547901219252,6.099580896722341,7.9762500871613415
Q9JK48,1.7016038000207374,1.8428502232995172,3.6513102836354188,2.084999271755862,1.384127703219845,1.7518642359033507,3.2386665710493907,1.427144759063181,5.3247127877999,2.9346135679398637,1.9495360779813202,2.686426098159569,3.127390787735369,3.3471339072967763,7.169437449043499,4.659607012046382,2.7095276532966697,1.761042649871325,4.833513142410404,5.092319222550769
Q9JK53,2.7978359294667667,3.1721240242287023,5.890559937934356,2.63352630428726,2.0893743717135567,2.7463201351727093,4.067712864734989,1.6881997387969199,8.285671492144088,4.260472346860885,3.2918907112130342,4.626057185856771,5.285625871897693,5.538265327896267,11.869408092032458,5.053966622622972,4.067982868629694,2.5415057655359665,5.1436044363045,7.343628172554218
Q9JK92,1.7031178468302164,1.8083263068783215,3.5829727086203467,2.364163996732687,1.3854032428799115,1.9449578254138102,3.672301593485273,1.617999328067165,6.035374257249233,3.3265051451039755,1.9136335051437041,2.6886527018464186,3.1300866337443125,3.2854543771759803,7.037774478586754,5.282413724177915,3.072183104019495,1.996832841371745,4.934485938101954,5.7735067879093025
Q9JKB1,1.7027085098582475,1.8072353697286594,4.058948680965691,2.364163996732687,1.5694455756706835,1.716369585527231,3.672301593485273,1.617999328067165,6.035374257249233,3.3265051451039755,2.167788071750351,3.045739552780423,3.5458014556797717,3.837328563044795,7.037535202457306,5.282413724177915,3.072183104019495,1.996832841371745,4.934485938101954,5.7735067879093025
Q9JKB3,1.7023772352609257,1.8073114698836734,3.580605871296924,2.0857030927338407,1.3853552989954059,1.914799329815267,3.2399463681585097,1.592910647492008,5.941789807450644,2.9363253748028417,1.9122343461485565,2.687598227870192,3.1281874130884244,3.665120232725543,7.034261324839077,4.660764439834456,3.027019465120634,1.9674777429496793,4.861944903432384,5.095137158556497
Q9JKF7,2.1058177296379337,2.237679240006546,4.7799212235828,2.1045129128290263,1.540699107120759,2.6465527387737167,5.009361679029193,2.0765026759245617,8.21042641254336,4.536406842546158,2.576130684184504,3.318187073832314,4.189366419224574,4.050480931404105,8.71093975722289,7.560612272468907,4.185673411884655,2.199212490498898,6.719152005029618,8.263653396934668
Q9JKL4,2.545905963488007,2.688183434714935,5.346187156865712,2.9192360979240384,1.6662100629804926,2.400822431920214,4.537119838565136,1.717434153661453,7.94736282996088,4.380005083147689,2.3076075496032096,3.2271194128998903,4.073998285567299,4.591023088571088,8.444130115827903,6.093506450197295,3.8155548791862843,2.125925413933741,5.696554678132149,7.603634027551475
Q9JKP5,1.7030732739816408,1.8082789805850754,3.582878937481556,2.086873733675904,1.3853669850431,1.7168640338212604,3.241634571617483,1.4282494030504016,5.3275792706288145,3.3265051451039755,1.9135721068674711,3.045739552780423,3.1299862059856767,3.2853489644964577,7.037548674000693,4.662873193626722,3.072183104019495,1.7626370849312505,4.355751632968583,5.096369091906722
Q9JKR6,1.7027998141886684,1.8536511351594804,3.6738610223393433,2.511521396072666,1.4209515208931909,1.91264726006501,3.241149240036295,1.428041039885106,5.480660952060001,3.5487189789691342,2.1324801209539372,2.993908648586313,3.487606167453305,3.6607284294540605,7.8350709382409685,5.00215431698107,2.787524723857549,1.809836716594075,4.471676294881096,5.232688493574138
Q9JL56,1.9341519271060295,2.0548216838126394,5.05275802566963,2.943015432668202,1.953714952226263,1.9401998239078155,3.484144412815002,1.535098132687246,6.021327717312598,3.72743832001512,2.450289896251603,3.7964052828482697,4.419714537306742,3.7314673696051956,9.937409986664646,5.286265453359681,3.449952696657638,1.9925915790530422,5.550807845637201,5.778478435005617
Q9JLB0,2.346699454411811,2.7174946613068713,4.9351927142895065,2.3554177830446985,1.5518888424873232,2.3919375512763597,3.4927937614512237,1.5389089962357225,5.340139792407265,3.281876565976017,2.1493912218976265,3.3738514760213145,4.292794107666952,3.68175373537776,7.877259435774829,5.025325849286487,3.030538422135323,1.7657341979621073,4.366168392357606,5.104333292226525
Q9JLH8,1.8396939905927467,2.36396508467278,3.8438758282689585,3.090188546211593,2.267341262417537,2.2426718064490854,3.4950828311845683,1.543731664554066,7.925486641510113,3.817058171092543,2.4719815963830474,5.068665705989508,5.900859849373808,3.5621280199177257,9.141410442091736,5.042304827963343,2.9325388935141965,1.906068021631808,4.71019188734235,6.548432572811635
Q9JLJ1,1.7030010060858238,1.8082022484097935,3.5827269022604447,2.0867851796624786,1.5694455756706835,1.9449578254138102,3.672301593485273,1.617999328067165,5.327214872535804,3.3265051451039755,2.167788071750351,3.045739552780423,3.5458014556797717,3.284994628495507,7.972479330729388,5.282413724177915,3.072183104019495,1.996832841371745,4.934485938101954,5.7735067879093025
Q9JLR9,1.7563233980778619,1.8648185796662253,3.6949050909990624,2.0856721557871696,1.384724927489386,1.7670194247038322,3.2400839573419153,1.4276118577486876,5.483215835617334,3.0221730934064643,1.9730500733427834,2.687535797780307,3.227272957793822,3.3874647274032985,7.256290932313502,4.660489697960292,2.7936246872193924,1.815777684151717,4.4870703563803875,5.250016209460221
Q9JLT4,2.623740442748406,3.2030070416807814,5.528475651396155,3.3698227466607187,2.3152122095629952,2.9679029011071876,5.767310231845629,2.7595165009519067,9.213107930123448,4.5604782952568055,3.392533942421617,4.493617625218059,5.23253170412727,5.655101445769563,12.115924365231301,8.05931709444061,4.211130545913274,2.260341906435418,8.367949395072221,7.91533282737922
Q9JLV1,2.3036815423261445,2.696835032444405,4.852244695952242,3.1110391068337253,2.228957594151565,2.329054527650642,3.3368687727845194,1.4670976805905107,6.37905042049171,3.014140432427372,3.110737927863615,4.618327214521936,5.371372782837371,5.645053593095146,11.34188633689126,5.605489267213318,2.784462169743953,1.802727880929895,4.485795126158394,5.22672018561019
Q9JLZ3,3.194146632376949,3.5163333565784005,6.838891474939141,3.65681215372057,2.484964225677306,3.52384971718256,6.456052098069298,2.8945318047244957,11.073233295061168,6.0297627003343655,3.656998064082252,5.241507492950848,5.983331131991876,6.50612949920628,12.910966089402848,9.291970630527025,5.4835893205983055,3.1050265525317235,8.946221484099894,10.456855723806386
Q9JMG1,2.6960400535690288,2.6510585028109253,5.680024659433917,3.187280995596572,1.9380823382328085,2.624444869446125,4.956316907429341,2.002246980833161,8.143588103901848,4.486821366615219,2.926081683168231,3.942892142097,5.117198518962704,5.202573111586343,10.737680289312896,7.144964001392222,4.303504982355142,2.346817817474639,6.658296458873206,7.795846829693187
Q9JMG3,2.7352253270586826,2.270352873517193,5.167826382911418,3.3516290684186862,1.742103760788093,2.1344984522513775,3.373642379495989,1.7960082065021472,5.525953833747824,3.6642750359602543,2.7553741943778745,3.3654985558340744,5.022216144237787,4.129448429457055,10.126912930766268,5.881155779335327,3.417617806339242,2.212757010627008,4.553791720088597,7.359906758841569
Q9JMH3,1.7031116098319277,1.8083196845954876,3.5829595873940656,2.0869207088003714,1.3853981693862183,1.9449578254138102,3.672301593485273,1.617999328067165,6.035374257249233,3.3265051451039755,1.9135436378058708,3.045739552780423,3.5458014556797717,3.2853000869016635,7.037443973265352,5.282413724177915,3.072183104019495,1.996832841371745,4.934485938101954,5.7735067879093025
Q9QUH0,2.1271621110273755,2.258565495937226,4.475065424748686,2.293856522802105,1.5209632570175582,2.151415035727458,4.0621162889581806,1.5849777003940182,6.676029039614692,3.679613558756103,2.1030322804314685,2.9455785347082934,3.4537282465237897,4.0991796732562005,7.773666058889773,5.847135832980361,2.709848894562189,1.9582027565591518,5.462012453502757,5.661011133412234
Q9QUI0,2.613302569818089,2.7747368120356954,5.497794415373223,3.2022300945108375,1.921116217297693,2.368928493115786,3.9307257486495892,1.7331379271448775,6.463578436994223,3.5595809209088047,2.930974453173876,4.118015472339358,4.794127995285418,4.546935968606846,9.738581272773738,5.654918326602566,3.289819107075797,2.135641354283198,5.281829016700734,6.182281968473882
Q9QUJ7,1.7029679591828837,1.8081671600663425,3.582657379090595,2.364163996732687,1.5694455756706835,1.7168001270121909,3.672301593485273,1.617999328067165,5.327380962210358,2.936281898249464,1.913424811133247,2.6883594870205036,3.12974527771615,3.2850960772986504,7.037006964129737,5.282413724177915,2.7117772045962947,1.996832841371745,4.934485938101954,5.7735067879093025
Q9QUR6,1.7030266922057171,2.048551377575414,3.5827809400163986,2.0868166543440116,1.3853290930419424,1.7167918387870813,3.672301593485273,1.617999328067165,6.035374257249233,2.9362677227115106,1.9134941896791542,2.688456963791475,3.1298587586196924,3.2852151910405034,7.037262117772498,5.282413724177915,2.7118111193493717,1.7626011599468572,4.934485938101954,5.7735067879093025
Q9QXS1,4.449635789046459,5.146525133926503,9.328480900758908,5.559624448734443,3.773832132565027,4.768293823971824,8.526021143429313,3.580933006792786,14.135649529513305,7.683667046167725,5.004102835914729,7.621214157390598,8.848147783705492,8.734071324565809,19.02155241059908,11.644821372283495,6.9015147816157745,3.953158553562962,11.267333194316054,13.044914050592917
Q9QXT0,1.703117595367332,1.8083260398815606,3.582972179599614,2.0869280432215076,1.3854030383271285,1.7168983516187737,3.241699367522487,1.4282779518305304,5.327685761756268,2.9364498940049004,1.9135829880450899,2.688581725385506,3.1300040040794768,3.2853676460321544,7.037588691733417,4.662927841093626,2.711898173197206,1.7626577425060463,4.355802681063463,5.096428819814755
Q9QY80,2.297208648720233,2.4391164942582626,4.832804676253122,2.814902014509007,1.868667113924066,2.3046969965202,3.8035950080565657,1.6767952074833115,6.248448606293986,3.94177514630631,2.5846114112242877,3.6313758278858215,4.227589875465023,4.437434258692155,9.505431514490763,5.476901035448595,3.1794219854296584,2.071604556138678,5.115950515511939,5.980119205007549
Q9QYA2,2.5352838098237362,2.4388742777276793,4.2660294716888965,2.289052699129679,1.4126530833340882,2.040915859417234,3.555656562438518,1.5666060595538065,6.299552504026719,3.9521077602256276,1.9568610560909399,4.444613431845725,4.300950853823209,3.352121582456112,9.50011247332201,5.120836524311779,2.7472686074610024,1.7907475240322677,4.78355106963301,5.596908151583501
Q9QYB5,1.8065800475780156,2.4840405453555934,4.058948680965691,2.364163996732687,1.4723247666888524,2.3609152510625973,3.672301593485273,1.5190374822954287,6.035374257249233,3.3265051451039755,2.167788071750351,3.045739552780423,3.5458014556797717,3.7218039870112065,7.972479330729388,5.282413724177915,3.072183104019495,1.996832841371745,4.934485938101954,5.7735067879093025
Q9QYC0,1.7238110955969403,2.4554064873620334,3.989527928619066,2.103961923509046,1.6362387349871115,2.3384683774638133,3.26956978156796,1.4401365380313562,5.364386398438091,2.962668978998792,2.2541801637423213,3.169910180074425,3.689982938778911,3.8644722561435554,7.842090971935832,5.196106819843599,3.0219881312095267,1.9642075170388402,4.8538636642634785,5.679176142103032
Q9QYF1,1.7031691060878202,1.8083807326270556,3.583080546443431,2.086991162272949,1.3854449397841182,1.7168895111067148,3.2416826756302024,1.617999328067165,5.3276583288740715,2.936434773878148,1.9135937717932328,2.688596876538275,3.130021642810108,3.285386160294391,7.037628351149528,5.282413724177915,2.711996752513812,1.762721816296642,4.3559610174109755,5.096614078418915
Q9QYG0,3.205554527814213,3.3318882977062017,6.60181045455221,3.60406658739702,2.4501233862414993,2.9484968128628037,4.512247332346742,1.6213479116418346,8.08875717747125,4.919387895996542,3.5219496730733364,4.948991903903906,5.524732123627965,6.047360640327021,12.954118596911718,5.295179458218784,4.43116231810424,2.6867065882404084,6.897493149235156,8.06777210804296
Q9QYI3,1.7029309374996213,1.8081278514043535,3.582579493886701,2.364163996732687,1.3852512012621145,1.7166575151930783,3.672301593485273,1.617999328067165,5.326938425261431,3.3265051451039755,1.9133376195358447,2.68823698293427,3.129602660410971,3.2849463809150072,7.036686299385262,5.282413724177915,3.072183104019495,1.996832841371745,4.934485938101954,5.7735067879093025
Q9QYI4,2.502889389644021,2.0144947184283355,5.267144454989037,3.068996378425531,1.8190409766257483,2.2398340541153563,3.9429106101876674,1.8589939813618233,7.384658589577815,4.099715163682058,3.188911823060311,4.142504269498809,4.8272158670861085,5.473173504677053,11.66527707498435,6.135070738474652,3.566942548686123,2.152962548658503,5.704729399668197,6.702075384957631
Q9QYJ0,2.072425692883739,2.5682931700400187,3.677008295302793,2.544357624401277,1.519664058735357,2.0891065969094433,3.3158567589396606,1.567132591288089,6.47352399087994,3.5642573414388523,2.725372158571856,3.829144503367672,3.8227042097941815,3.378785741516571,10.02310764871748,4.772072335866443,3.285527173839464,1.8055393288603303,4.46675911637822,5.214710344976527
Q9QYR9,2.2437822788189137,2.637160354736552,4.207579657236881,2.446804840286785,1.8327862491975417,2.509219408861818,3.310150081078845,1.8880461211219675,8.433862782758098,4.298421371745975,2.243359217262275,3.546404926158018,4.555165505270781,4.780207279925342,8.240035757542689,4.757928022642413,3.587367089793932,2.074211530010121,5.783559394914531,7.448087546817458
Q9QZ23,2.439221245704871,2.5899017822601396,5.13156689063733,2.5643111818452122,1.7017619956349046,2.1106425500084125,3.3376702374028113,1.7597565644748687,6.545951827369595,3.015189799285852,2.345333916113432,3.3202097252696405,4.473328204628438,4.027154082501538,8.609413641619053,5.7436401682716065,2.7902931494197762,2.1714270366156283,5.363798451376433,5.714704871122808
Q9QZ47,2.887450537435452,3.5024157818558592,6.675292331285658,3.726612867750252,2.853549170844848,3.3738361944669775,6.145263682890108,2.606317710021558,10.469441641125208,5.772038490243429,3.5719239532666665,5.470545219289934,6.371978836511451,6.01485433686978,13.663349295488166,7.643720189047578,4.553466557437447,2.6639540009223133,6.860173951847974,9.420370988680187
Q9QZ83,1.9183721679877779,1.8929906193380126,4.035818857555705,2.3506918639084637,1.4502666541966096,1.7156936436366483,3.6582490176144287,1.6118078272500822,6.012279053192629,2.9349880603592187,2.013627678534555,2.6878060210739396,3.2936448201690993,3.2843753363652755,7.035485370518778,5.257982337764404,3.0579741275048735,1.7619059835039674,4.911663732383001,5.746804075349924
Q9QZ88,1.9293666181963447,2.048551377575414,4.058948680965691,2.364163996732687,1.5694455756706835,1.7169304725913161,3.2417600155720807,1.4283046730844886,5.327785435943681,2.9365048312272055,2.167788071750351,3.045739552780423,3.5458014556797717,3.7218039870112065,7.972479330729388,5.282413724177915,2.7119828601612306,1.7627127866571515,4.355938703760995,5.7735067879093025
Q9QZD9,1.9877964104695984,2.1104635633052777,4.175902264485597,2.437868874810504,1.6315349654571303,2.292413401220036,3.851994759116944,1.4473880220020479,7.121136548098652,2.977947282101825,1.9354726032187506,2.708698040396369,3.63335622272085,3.324252211092365,8.18388826640941,4.724826725096555,2.744187224476257,2.0931749496971954,6.555051024624114,5.594703666975595
Q9QZE5,2.537174438721648,2.2387233459687508,4.058948680965691,2.140728964514539,1.7138059452841246,1.7461550238431063,3.672301593485273,1.617999328067165,6.035374257249233,2.9952881534348497,2.8496018144903665,3.3251854421693974,3.871316391096254,3.7218039870112065,8.698507616917688,5.282413724177915,3.072183104019495,1.996832841371745,4.934485938101954,5.7735067879093025
Q9QZF2,3.387883855929475,3.5338898029927583,6.758266802350676,4.010931250497383,2.444681477873869,3.367853430663334,5.280631028049337,2.5871125830248936,10.793373860699816,5.859817607422163,3.9221477661641493,4.959451311092964,6.324160111431092,6.535238929561813,13.501361785537867,7.794275477990297,5.404863292895239,2.1228455562838344,7.899110502419554,9.624207586463989
Q9QZH6,1.7937857860470394,2.576090795181073,4.132239826314226,2.086405499783191,1.45905470162152,2.595948668134664,4.080539226795463,1.7938580850876302,8.055455784223472,4.439909435639557,2.209162799984714,3.3705228829857314,3.925089408875306,3.803009618395498,8.11470716417625,5.874736557658771,3.8845141861810557,2.386725069744359,5.490931099061501,7.3237933856888
Q9QZJ6,1.8412744316568408,2.6090605379987273,3.731173164504845,2.178362931488509,1.9988654240468684,2.4965052913446986,4.7136859420584,2.0768285209744493,6.716955903772983,4.269829190085672,2.7561762638766343,3.872424233124198,4.50821458791073,3.4230289483652885,7.322738342111931,5.851682598879194,2.8382526100086145,1.8431246407210526,5.468832470654445,6.410538100240364
Q9QZQ8,1.9293666181963447,1.8082100357165345,3.5827423318360805,2.364163996732687,1.5694455756706835,1.9449578254138102,3.672301593485273,1.617999328067165,6.035374257249233,3.3265051451039755,2.167788071750351,2.6885383175328217,3.1299534693490547,3.7218039870112065,7.037475068029775,4.662975741525599,3.072183104019495,1.996832841371745,4.934485938101954,5.096481173432549
Q9R049,2.114214297319024,2.048551377575414,4.058948680965691,2.364163996732687,1.4053242758184235,1.7457608058479726,3.672301593485273,1.617999328067165,6.035374257249233,2.9787624493677307,2.377615851137446,3.045739552780423,3.5458014556797717,4.082050394898321,7.130035079436093,5.282413724177915,2.7529664756250947,1.996832841371745,4.934485938101954,5.167508983660357
Q9R059,1.9293666181963447,2.048551377575414,4.058948680965691,2.364163996732687,1.4028478555085129,1.9449578254138102,3.2825095878529043,1.617999328067165,6.035374257249233,2.9723293387483345,2.167788071750351,3.455481207196005,3.178850355526008,3.3649321746464143,7.138394741848606,5.282413724177915,2.740554677133406,1.996832841371745,4.41246709029064,5.15337721612711
Q9R062,3.2733312552625122,2.8798703655578306,6.228407584802964,3.4995034262069242,2.414925212255233,2.191080858134756,3.761773989747391,1.4957095726168657,6.767645249407356,3.378503165516429,2.720736053010535,4.297789116307244,5.0043348689067395,5.4802258646145345,12.646132225744054,4.883171602046017,3.1340477071982624,1.8017769124326017,4.445322624870353,5.9164299815636525
Q9R069,1.7446665508424049,1.8524416419514507,4.058948680965691,2.0850579043411352,1.3841219435187215,1.7152940817969504,3.238666387808752,1.426940837171988,5.322703533767263,2.9337033238444894,1.9118129422445655,2.753164537613777,3.1277962177657326,3.2824930625294986,7.206639632133175,4.658842143011142,2.7094492624764754,1.7610420754219858,4.351807441474445,5.092026696019722
Q9R099,2.5629976945032062,2.7017419378127117,5.388660741574999,3.3900942572618464,1.651867946583568,2.0495978991155908,3.536067984091593,1.557975421302487,5.451718836951385,2.998375265758659,2.5951442261432374,4.048966452762367,4.241560557821889,4.948034440324797,10.540235082781367,5.090216460777207,2.7768259226362124,1.924179348552033,4.429527140079736,5.563441415751376
Q9R0E1,1.7026744429795915,1.8077863437624655,3.5819467383911916,2.364163996732687,1.5694455756706835,1.9449578254138102,3.672301593485273,1.617999328067165,6.035374257249233,3.3265051451039755,1.9130059974313463,3.045739552780423,3.5458014556797717,3.7218039870112065,7.035564282875022,5.282413724177915,3.072183104019495,1.762587116371829,4.3557568256159565,5.7735067879093025
Q9R0G6,2.1145204177522388,1.818143998615555,3.604703778256147,2.364163996732687,1.3959620555627827,1.739448414444297,3.672301593485273,1.617999328067165,6.035374257249233,3.3265051451039755,2.3741460228320896,2.7040829436813514,3.5458014556797717,3.301772049848267,7.072392928992533,5.282413724177915,3.072183104019495,1.996832841371745,4.934485938101954,5.7735067879093025
Q9R0P3,2.4983893745228087,2.4933804965504334,4.948034715016031,2.6915347122454896,1.6499512468029751,2.19722186185406,4.746446531765559,1.5311449158315262,6.295534286684696,4.530594228653895,2.4656608458177343,3.700583639170545,4.3087033600652,3.9136697643977185,9.03069822410592,7.214443780655044,3.9791679017204,2.0935042628968,6.739262247469959,7.477863394947156
Q9R0P5,1.864068252784485,1.8083339261220108,3.58304812186595,2.284150150169647,1.3854185665671868,1.8706101761659526,3.645969533664204,1.6063975426439046,5.326940475623616,3.302652601883842,2.0935947199566156,2.6886408874242194,3.130070236201122,3.2854042194098287,7.037641116100812,5.243332263232752,2.711377938334186,1.982059453905538,4.355375179733244,5.730792019277009
Q9R0P6,1.74601427757108,1.8066566285706662,4.047186150595057,2.0850010305806026,1.5648974395152664,1.7154880719060457,3.6582144793744673,1.6117926098591278,6.012222290097593,2.934003303440864,1.9123667847102825,2.6861040498616577,3.214261598963177,3.283269125326311,7.032523177708684,5.265895867018468,3.06257653317337,1.7614486859569358,4.919056034626616,5.755453306033151
Q9R0X4,2.5086768266090287,2.6636479145916496,3.7475707461246244,2.190412218628693,1.4477468891768328,2.1681546746981133,3.580560608165678,1.5775786684822732,5.8845992821995745,3.0495948613641954,2.432954082667136,3.964790412679114,4.615745822359985,4.844857056836059,10.378172219913736,5.151457895335699,2.816221479770493,1.947329543550844,4.812155554743923,5.630376316459058
Q9R0Y5,3.5354298975011287,3.9448674857055326,7.502937657928734,4.212152707027477,2.8459219816570176,3.508180387845786,6.485132206332377,2.637604521541577,10.89205895456044,6.25264513831868,4.182658766915933,5.683217662572303,6.73872390610323,6.818733224310735,15.061954326767278,9.255214193484996,5.651632820980065,3.409624531307219,8.726383990977164,10.613739469846246
Q9R112,3.5787583501498523,3.8883019088415964,7.424729059902021,4.042501582982356,2.676861250298777,3.5107540196695517,5.82532609866932,2.3186369155986957,10.297607228824775,5.681757962311838,3.7792263880450467,5.72575267883174,6.953786548616057,6.822031494302798,15.141485494208055,7.614650769270793,5.348728327179619,3.2520280658233363,7.327943597223735,9.627501599142068
Q9R1P3,1.7031381291355485,1.8083478421034762,3.5830153779791396,2.086953204429894,1.3854197415453635,1.7168707869718887,3.241647322333971,1.617999328067165,5.32760022624591,2.9364027495689196,1.9135925567982492,2.6885951694718297,3.1300196554705533,3.7218039870112065,7.037623882759597,5.282413724177915,3.072183104019495,1.7626866985528238,4.934485938101954,5.096512541360774
Q9R1P4,2.6988996209420284,2.583775106115209,5.677871148575368,3.307117089333462,1.9818826969624446,1.7905685079605471,3.379114774974749,1.4873366399475285,5.548596189340338,3.0619427751223225,2.731602376088452,4.252732440473578,4.950963342969371,5.196713730232579,11.131884684574095,4.8521701322760045,3.374691646839488,2.1968898329999593,5.415336359105564,5.3001352991386845
Q9R1Q7,1.7018118808698655,1.8069396661321244,3.580225253179707,2.085328076073839,1.5694455756706835,1.7156935712475174,3.2394246051500835,1.4272757019073237,5.323947222882412,2.9343893310192475,1.9121830888507112,2.6866148687532605,3.1277142209286612,3.282964205183416,7.032440279147459,4.659545465562434,2.709931027588975,1.7613791530400942,4.352643086725055,5.092731993116155
Q9WTI7,2.996806233718433,3.7037956208744363,4.931530228490456,2.8802788891296207,1.45958288211096,3.468029379868454,5.498580834420611,2.1555691492503533,9.431709059568341,4.984060793094713,3.4773216630711197,4.519835144792198,5.0156316700622625,4.552002480888111,8.618223118495111,6.456303819740826,3.776442975197193,2.215095922283696,6.020625498328241,7.098298505543425
Q9WTK3,2.337601457677525,1.8283271006261714,3.6218628563707083,2.114282325358353,1.633191687619275,1.7308946301411852,3.5764516955545393,1.5757683003317642,5.370730147757045,2.9675974729338805,1.9366204066651207,3.1975839220047484,3.6908270760687283,4.51134252850181,7.121010294187476,4.702211286529321,2.738568335515824,1.7791189742007254,4.39042350339059,5.145516444132381
Q9WTP6,3.1935174707491916,3.4734531177884582,6.432435345672536,3.835837486551427,2.3598161791850787,3.1436404622171343,5.8037138616440265,2.556011155461937,9.532436604319246,5.376920646754804,3.5179012475202605,4.559160026604937,5.862914768235004,6.021818928751407,12.605014650142639,8.552423865844732,4.735116388125969,3.3734644201962958,7.811072695204891,9.138087017113614
Q9WTP7,2.669738601023772,2.9955621075770766,5.578040576704164,2.7552066718708064,2.0028277893050275,2.670249086389153,3.286252562187273,1.8760906387732221,7.0024986409188505,4.564136621222263,3.1690715057710634,4.205612743572772,4.894816605630165,5.113467430155179,11.015758620860673,6.116231626809179,2.75807861461535,2.7473251501244498,5.717788161720337,5.95219477806718
Q9WTQ8,2.3146821560079323,2.7510053168633686,4.264118268891946,2.124144553542884,1.4094503401273548,2.345990279504162,3.5620313986559506,1.569414783307499,7.279788259180082,4.012530534346191,2.2768389060045204,3.6699082160557737,4.758449994984414,3.909513381833753,8.351588279707224,5.124490332792798,3.234252805521927,1.791364890866245,4.424556176661371,6.072697314835934
Q9WTR5,3.1281151314441127,3.32344108791849,6.205647114268195,3.242466528214551,2.39911523537635,3.276170103771917,5.49813233605112,2.3651682153774343,9.235879352947205,4.84930141220121,3.4655126069711355,4.565517126666065,5.657894770902493,5.932725525805201,12.204405415933293,7.905680550105848,4.229290339790985,2.647685404745354,7.362859852338616,8.193414398946459
Q9WTZ1,1.703152362998553,1.8083629552496199,3.583045322790521,2.0869706460017197,1.3854313200981934,1.9449578254138102,3.672301593485273,1.617999328067165,6.035374257249233,3.3265051451039755,1.9135661473437304,2.6885580642209783,3.1299764581287572,3.285338732786307,7.037526756646103,5.282413724177915,3.072183104019495,1.996832841371745,4.934485938101954,5.7735067879093025
Q9WU78,3.3284137090044124,3.7054481585094208,6.210576611961597,4.080364529511841,2.5654065590869175,3.5388469625151417,3.542088306174109,1.5606279477457234,5.940159739559891,3.20855318522957,2.642831317954294,4.27679105612058,4.97630558546383,3.7656779460366905,9.793520643752668,5.098951505818379,2.965483864448324,1.9274813286164187,4.76310751453688,5.572988536531989
Q9WUA2,2.9455647953372512,3.5073345678985524,6.200824243244005,3.3398385306267167,1.6564366622101196,3.4905175873754044,5.980723597818087,2.478525703202841,10.609351399726606,5.273338238262031,3.3041882021536444,4.647679164904366,6.06964510870149,5.677797441143085,12.58735157719067,8.090561064672206,5.16060847923095,3.4235791265167737,8.042974508553717,9.397776799311009
Q9WUB3,4.217385066277376,4.342403188741395,8.364943707530362,4.7612166264502225,3.0008189124954847,4.049841002115943,7.192818429307232,2.791313215542123,12.365099312510617,6.901520627273891,4.5402554006571645,6.655028351782016,7.710821212311601,7.899859269937284,17.46645656807912,9.62912660219382,6.3459022545579025,3.7158339873577817,9.165757396471351,11.838446762023239
Q9WUM3,1.9217989786544325,2.0001057923889043,4.043028088037954,2.3548909323101435,1.5632896702635362,1.9098353641364032,3.2410565704946865,1.4278709809661687,5.995378164964281,2.934203058407785,1.913556484612498,3.033172121060471,3.5311706519243815,3.7064469557643593,7.037697912155502,4.6618662264860316,3.050245129908461,1.7621396683622932,4.354897905552877,5.092270872310243
Q9WUM5,3.6768763299292413,3.977906542701374,7.6857355051449145,4.535073833128913,2.9238056823663316,3.7808773800881763,7.001881180149,2.991462034494086,11.800046658547371,6.385389329247219,4.093058155904277,5.8372967912344675,6.885150975045224,6.874743393272683,15.174876700863003,10.147442417191495,5.900774530260667,3.8595245226753363,9.346849876746344,11.158762434489457
Q9WUQ2,3.0872451769782736,2.9522784820264336,6.474690323580714,3.414897662856731,2.348764965142287,2.6763224273531674,3.76245109781803,1.8257529723866248,8.972900238573025,5.117261520706441,3.236614469474408,4.554880287330047,5.478379887051994,5.375911239552682,12.32569358123695,5.972158016193984,4.727155695776112,2.437829660513606,6.443185707323884,8.309701165028816
Q9WUR2,2.0441267673507815,2.3876052317261074,4.730741543544569,2.503170898760651,1.8292030692516856,2.0494097434914478,3.2399918533762384,1.5241016091630903,6.357007098613558,3.1400166499165456,2.5229443216449514,3.218946894079524,3.7460738502759203,3.935419872420607,9.27863831294845,5.564674715701807,2.903863279683382,1.8821950509110261,4.662269391712425,6.0877200949126
Q9WUR9,2.4121769268722493,2.868451998886662,5.077561250085377,2.9575687879366734,1.9633062406808102,1.7706023007669858,3.5240331639065596,1.472893016150155,5.791697249720868,3.0221963230005318,2.7046528515164674,3.80037150413346,4.423570351093537,5.199738741320677,11.138364563272502,5.069706399006704,2.9484752907709457,1.8199978849391143,4.735788645577414,5.541024583781087
Q9WUU7,2.30290990438939,2.44516993948988,4.844798821875798,2.821888091318914,1.5058407266494798,2.3214111454132205,4.383088279367536,1.9311686990678483,7.203541837488177,3.9703617313531283,2.5867818278387746,3.6344252605378875,3.3881739445847976,4.441160575537672,9.513413660819355,6.309456414375174,3.669497772026078,2.3850706206070016,5.893882149234107,6.8960311210917284
Q9WUZ7,1.7939179401956307,2.3245647550817807,4.60220523066356,2.197431956103343,1.4602834853973057,1.921636717817305,3.628268689805078,1.5985986315955594,5.963006820485641,3.2866185298799193,2.8960347701646083,4.068925261036085,4.736977953503327,4.2235576719601085,10.650753939968132,5.216443615165308,3.03381574681095,1.8441703339249274,4.872860970377863,5.701403599467228
Q9WV35,2.0383961295125426,1.8422601822060978,4.284361866446628,2.1260698941649925,1.6592721968298383,1.7421230610171723,3.2712297536457475,1.5780076500019828,5.886199446041412,2.9780083200797587,2.3009785858596694,3.7970895154913133,4.420511110047019,3.952167168919039,8.473341454468061,5.152381432205088,2.996558014574609,1.9476786545533717,4.813018262576607,5.146450309530276
Q9WV55,3.510192682082378,3.6809524890343504,7.17935520350471,4.114283040587636,2.401905487145496,3.5360510574970716,5.623212330790418,2.257894762312902,10.666486179167656,6.1919668812998845,4.039875657357823,5.611722962250029,6.5298174132785665,6.690109868883022,14.694989357594462,7.865822392239334,5.650511980896593,3.135203544943744,7.344139812191267,9.859574946939617
Q9WV60,2.5491823929399917,2.424298990915451,3.649290511989421,3.1236599501900844,1.860826981870892,1.7312237790140148,3.2672558460659094,1.4430738518523027,5.36199569930631,2.9594660142590854,2.260111143151584,3.613166727012035,3.7101846717305427,3.8829907579191336,9.458518225067843,4.710280368365256,2.7362763944693946,1.9356650539183318,4.383709676518633,5.133287731733506
Q9WV98,3.1073211694820637,3.151741496104633,5.921391650795878,3.632814429017153,2.1441596711250304,2.9922231919557984,5.649056302001601,2.4898344917449693,9.284187723691728,5.361491714004601,3.3283182714846853,4.677606596493018,5.445468632821499,5.981217683782532,12.243426899843149,8.132717991163684,4.7294871677094745,3.0744608120597667,7.596897554012948,8.88550384567935
Q9WVA2,1.9674772646591394,2.277838355149665,4.5132521880073915,2.40489501952447,1.5950681911400493,1.7807112415131334,4.086594192546447,1.8005347570998316,5.526697013915617,3.701786539420921,2.200126310587145,2.8029241069878386,3.6022299531210646,4.127907670400647,8.106442811567371,5.888834926659454,3.1341293190006687,2.2260692919884058,5.5009650236979475,6.436305484049705
Q9WVA4,1.7031518816292601,1.8083624441442039,4.058948680965691,2.0869700561522113,1.3854309285277682,1.7169207616452093,3.672301593485273,1.617999328067165,6.035374257249233,3.3265051451039755,1.9136090337092946,3.045739552780423,3.130046606377762,3.285412362975727,7.037684479934411,5.282413724177915,3.072183104019495,1.762711628671992,4.934485938101954,5.7735067879093025
Q9WVJ3,1.8887569695880415,1.807081996884188,3.9735152137860608,2.085413931977342,1.5364116085973731,1.716243523414193,3.6285315039951676,1.598714426328684,5.96343875178456,3.2868565965891157,2.1171741377975515,3.00485820214055,3.128465811443784,3.6349065897800514,7.034584069710289,5.217763496420589,3.034583372578925,1.7618759543221907,4.87409391725295,5.70284618684953
Q9WVK4,1.8694747403668783,3.107371553390927,4.058948680965691,2.908569430160017,1.5694455756706835,1.8838543171553028,3.672301593485273,1.617999328067165,6.035374257249233,3.3265051451039755,2.167788071750351,2.9280515123688855,3.3410364275833193,3.591360233113311,7.6496094086475415,5.282413724177915,3.072183104019495,1.996832841371745,4.934485938101954,5.7735067879093025
Q9WVL0,1.9946941280055819,2.117914431207176,4.196382907965463,2.0900520487492713,1.3868572041738443,1.7184692318883064,3.672301593485273,1.617999328067165,5.3320391655109916,2.939714556158288,1.9163839311707267,3.1504306863847438,3.6676812052440737,3.84973346742183,8.246517174184891,5.282413724177915,2.715041175722124,1.7636233944034738,4.934485938101954,5.099617874104848
Q9WVQ5,1.7051768627899038,2.048551377575414,3.5886210832328564,2.364163996732687,1.5694455756706835,1.9449578254138102,3.672301593485273,1.617999328067165,6.035374257249233,3.3265051451039755,2.2832642061892474,3.045739552780423,3.136368346600352,3.2917689949395843,7.051408564107894,5.282413724177915,3.072183104019495,1.996832841371745,4.934485938101954,5.7735067879093025
Q9WVT6,1.830574336789998,1.8076809183326523,3.8511121834737074,2.0863751677259357,1.384862770018007,1.9449578254138102,3.672301593485273,1.617999328067165,6.035374257249233,3.3265051451039755,2.0571137917207376,2.8902423265734742,3.1288238138185,3.284441538194515,7.565452268684985,4.661780286179935,3.072183104019495,1.996832841371745,4.354617910346298,5.0950815028726915
Q9Z0N1,2.068991184420313,2.8057813723742173,4.963777633249673,2.145760332623548,1.6697659946310275,2.0540852800397467,3.8701953560906084,1.702185423136281,6.370383334898482,3.5132702762279835,2.311592595760099,3.25106074059921,3.7882429111099873,3.367117244217761,8.50783450695078,5.546511188118672,3.2467563823059638,2.110991306346811,5.209982969187115,6.091291657212732
Q9Z0V7,2.2749774929775564,2.415512030341328,4.786035379310255,2.112105354730136,1.6232877678941318,2.00542940114928,3.2786203256759743,1.4440899443886994,6.223436413824894,3.430313691332779,2.5515999486048577,3.584994763839304,4.1735937797509335,4.380757965102781,9.384025180153824,4.715701135742386,3.1693788600597697,2.059998404630935,4.405778948099412,5.955809197159159
Q9Z0X1,3.87801000941782,4.175147037298194,8.322954702420345,4.436955980073876,3.1753305643457006,3.881545873842503,7.047335984000945,3.04405033716277,12.052867685981983,6.63925171303224,4.267386606347862,5.984227683779293,7.022706378381491,7.471234316963868,15.895122989214354,10.222897932060986,5.945406864186197,3.896906339414935,9.633402369264942,11.363283934087294
Q9Z130,1.703038207474527,2.048551377575414,4.058948680965691,2.086830764665853,1.5694455756706835,1.9449578254138102,3.241715660022266,1.428285130231602,6.035374257249233,3.3265051451039755,2.167788071750351,3.045739552780423,3.5458014556797717,3.2852017859982348,7.972479330729388,5.282413724177915,3.072183104019495,1.996832841371745,4.355919005726549,5.7735067879093025
Q9Z1E4,2.3242725841280736,1.975128189665866,4.438413577905513,2.585946994720625,1.7180616562680333,1.7158839399903139,3.5502698320004518,1.5642326906985,5.325657959257588,2.9343721006482397,2.105372924849264,3.3080697397777983,3.41857242228342,4.481459911295878,8.70978557483162,4.660309224777156,2.7106722450803016,1.7615931709093982,4.352436645613936,5.092025154263206
Q9Z1G4,2.2413793909856556,1.8086467398844557,3.5836843364338806,2.3677988779393795,1.3851000657371078,1.9725059124295516,3.6351564491497137,1.6016333469390047,5.974326752789809,3.37701644569698,1.9139940195699219,2.6888632704839552,3.130919077024802,3.750456413752841,7.949995948609201,5.232324309952951,3.043051752310364,1.9778982799094948,4.8876956783747465,5.718760683546711
Q9Z1J3,2.7830171478787498,2.956571663190186,5.475142873687291,3.193948803667808,1.9234595040457954,2.977738108984142,4.514071053175855,1.992020664021934,9.243474707799153,4.812001746352245,2.655949580272583,4.6942669343611065,5.180919576605068,5.700248942905692,11.491701980857364,7.637114135147263,3.7911724934117568,2.459866316177631,7.555774532340435,8.350434884841407
Q9Z1M4,1.9293666181963447,2.048551377575414,4.058948680965691,2.364163996732687,1.5694455756706835,1.7401683028926904,3.274992905602341,1.444072065091165,6.035374257249233,2.9760877398216405,2.167788071750351,3.045739552780423,3.5458014556797717,3.7218039870112065,7.972479330729388,5.746745243172457,2.750861328644948,1.996832841371745,5.368234120416595,5.170010056392746
Q9Z1P6,3.4795158739247136,3.886324119046084,7.699037589513242,4.14956813722321,2.795023728099546,3.780197266862346,7.1374627566484765,3.2286947429632167,11.80630351824513,6.2114166723251705,3.7354792348029955,5.5586819344097815,6.602999362841137,6.707062119620846,14.972207615488745,10.481773518784797,5.934706882603404,4.034634928434687,9.790170047964361,11.149211818641918
Q9Z1Q2,2.9730257081342804,3.049145927073192,6.028507282547747,3.1384196078618367,2.1754042688681485,3.0580396299028005,4.011235443558441,1.6183264855989112,8.970095049025481,4.947116348814203,3.3259602932874945,4.3939970674496145,5.452538486644907,5.71174019601679,12.237425076981662,6.233875024756321,4.256897218579774,2.649467205714654,5.384350853060764,7.998545053495294
Q9Z1Q9,2.062759630029934,1.812319836452478,3.5891796519181405,2.0906659520773716,1.388920886939283,2.084650910380928,3.672301593485273,1.617999328067165,5.341070458214961,3.3265051451039755,1.9174209471593755,2.7194469300982647,3.792229746474688,3.2920359457086645,7.051157815078033,5.282413724177915,3.072183104019495,1.7667997674367797,4.934485938101954,5.7735067879093025
Q9Z1T2,2.307047267248108,2.694839951846322,4.853833624079947,3.1084309767172176,2.0646961467205966,2.7861103285117284,3.8503348598880374,1.6937943271617277,5.438169689209541,3.5012117394128848,2.850917493536646,4.004760127186866,4.660013390149688,4.441811779613493,8.442764180781081,5.060259386677051,2.7591621487368885,1.8086657446812864,4.454226010039003,5.185657427175064
Q9Z1Z0,2.769979102264577,3.725151531758837,5.828692908344333,2.9819178557263517,2.473214247140777,2.43847163166516,3.5654403668091845,1.570916759123189,5.859749385445924,3.229706336155182,2.2317537196390016,3.8371571494941277,4.477475652727234,4.675294630589803,10.010697976639836,5.129151189245901,2.9830476074675647,1.9388972689073303,4.791318086633149,5.605995810548309
Q9Z204,1.7022260254254526,2.0290450109331584,4.020299251900981,2.3416523574213657,1.3849713547329188,1.8139942839241452,3.241081740931046,1.5090515044368555,5.6289829326575305,2.935757124832094,2.1465370902498466,2.8262909851633364,3.128990032598451,3.6853188763552485,7.034320814989346,4.662135775261502,2.7113024273217983,1.7623587196721857,4.602747255400818,5.698640669146026
Q9Z239,1.749157828860519,1.8075331131896337,3.5814010943998333,2.1440963725308904,1.3847955576936926,1.7640330991722746,3.240043881777514,1.427548552364064,5.32496499501255,2.9349502944463923,1.912672934535322,2.762056515641875,3.1285154503311965,3.2838052051159106,7.034241785783047,4.660962813535524,2.7107553387321017,1.7619149321607952,4.353967080642949,5.09428110845826
Q9Z247,2.2351043382972122,2.373175750041705,4.702151327897041,2.738802027415173,1.818148288572663,1.8101359602120182,3.6202439759958587,1.5950629793021087,5.949818320055319,3.2793494505042733,2.5067150200971353,2.9968312463973747,3.307715150803461,4.303696508748392,9.218951772170659,5.206758836892537,3.028183205755031,1.8587539007330438,4.863814082970713,5.690818451083013
Q9Z266,2.050367862491835,2.1770273568693814,4.31350778668274,2.1030684413404943,1.3949265111120202,1.726353124638032,3.672301593485273,1.617999328067165,5.357482337717006,2.9502292499992686,2.3035504890551946,2.7077532254577052,3.1534880863851895,3.3091071890554646,7.089100925159845,5.282413724177915,2.72666480954153,1.996832841371745,4.374978456330825,5.7735067879093025
Q9Z2C5,2.178948970045716,2.3222664664323167,4.59383601308875,3.0466118804373314,1.7797403541248014,2.1773983020588816,3.4638301717793127,1.6862610482138733,6.243913678904309,4.01116658691965,2.7928609936136652,3.4504090717089615,4.565178940869782,3.8608286347035334,9.665915370969778,5.014756632070741,3.2133536090707286,1.763006147669971,4.669535902356305,6.518692073023317
Q9Z2G6,1.7030685599484425,1.8082739753470294,3.5828690202275455,2.364163996732687,1.5694455756706835,1.9449578254138102,3.672301593485273,1.617999328067165,6.035374257249233,3.3265051451039755,1.9135239235850192,3.045739552780423,3.5458014556797717,3.2852662402047828,7.037371470228589,5.282413724177915,3.072183104019495,1.996832841371745,4.934485938101954,5.7735067879093025
Q9Z2I0,3.26025269192018,3.650020018433145,6.982666766333696,3.813747112076077,2.5894730457866695,3.465898257255956,5.621728473260356,2.242815171066434,10.356584894384286,5.474961903915092,3.5746509003587477,5.3470064386072105,6.516299453199887,6.273868545789262,13.425182764607959,7.844769156242952,5.280498283270443,3.222483979814301,7.758343307449201,9.944822689445921
Q9Z2I8,3.036388620075255,3.5444925730591392,5.890802384989741,3.577506266296103,2.3735618307450395,3.051214480263103,4.319304055370449,1.5015687312259607,9.48173914543089,4.8191171613647175,3.5270169428729945,4.967563266881568,5.961635620851641,6.072256619816713,12.536261634736297,4.898626236262798,4.4425988896786555,2.1089141448060995,5.226840289027125,8.3429994126748
Q9Z2I9,4.089945449305652,4.413392161031909,8.516752679904954,4.865604505554229,3.0739555061891117,4.176775064566849,7.581958091073422,3.169233888008965,12.92039005389154,7.11988465354067,4.627992789736761,6.392540288552053,7.546207532343078,7.78254731628658,16.85266245915579,10.76708114450017,6.534176430900727,4.171779974398402,10.226912436343232,12.191213550514606
Q9Z2P8,2.279274066429625,2.4200740204685944,4.795074392933415,2.1025055540010094,1.6262611216829805,1.7290641090323906,3.554507330564925,1.5660997132334047,6.191035201164059,3.417402388673061,2.56232606031013,3.6000649374849734,4.191138235776854,4.399173273236461,9.42347262660108,4.688869279043252,2.7306809479741814,1.7706010795438478,4.778315403952319,5.9131074488733955
Q9Z2Q5,1.7030800024650627,1.8883766734860785,4.140024865542866,2.239575842930285,1.448401767937249,2.1930745669156764,4.13170257614921,1.8199855035667372,6.797431950759807,3.4292212380997094,2.2089080263555236,2.8857775167859026,3.1299637680647767,3.2853344777519458,7.358804599054413,5.947297837291197,2.8705515824998664,1.8651277228029082,5.558585279330904,5.960168227142052
Q9Z2U1,2.390741428454226,2.5384271711225965,5.02957637808927,2.929513114481367,1.6934595194928512,1.7525232100165937,3.5625045493704337,1.5696232513536599,5.854924412185216,2.9994475222214074,2.3173085562198543,2.9511321296566893,3.435661001180302,4.582427339902202,9.816021311019556,5.120665153347229,2.7738548508891037,2.1333081816821697,4.783390986069146,5.211575109426787
Q9Z2Y8,1.705492069437509,2.057061487834637,3.5901680175595843,2.3123976639595223,1.8179697992332355,1.9052111484810514,3.597255346657345,1.4296695713864485,5.912036842094673,3.2585255089442673,1.9176669338008514,3.0595091415766897,3.13339519577147,3.7307852614545878,7.05018057333356,5.170493440829644,3.007091723174814,1.7635116143773306,4.3607625825462435,5.651181549986645
Q9Z2Z6,3.108677394715165,3.0062800440591424,5.797996718405582,3.156362832667692,1.9256506582390376,2.7840264024439483,4.508985097986379,1.6786783673688042,8.127227417132373,4.764867131610824,2.6602186690395775,4.494818377062474,5.090241005595416,5.324526228194838,11.132064864253014,5.824546749784503,4.104028423936143,2.454165152724826,5.109597269991802,6.727879919556857
S4R261,1.703043092865482,1.8082469350596162,3.5828154432754955,2.364163996732687,1.5694455756706835,1.7168399287053273,3.672301593485273,1.617999328067165,5.327504470345605,2.9363499719810746,1.9135022512792657,2.6884682903296353,3.5458014556797717,3.285229031736385,7.03729176593834,5.282413724177915,3.072183104019495,1.996832841371745,4.934485938101954,5.7735067879093025
S4R2K0,2.0135143093560357,1.820967268291632,4.235976290346761,2.4672750073470926,1.3959333255426338,1.7283089119031294,3.6454490646885844,1.6061682263877652,5.362828507676504,2.956656118094237,2.26490462371215,3.1821881878634977,3.7046527824327145,3.888540198454771,8.329645104116997,5.247170168006889,2.7291590700629023,1.7739945256579512,4.381106432322692,5.129363864840529
W6PPR4,1.7026329847800699,1.8078114929433267,3.5819526691108354,2.0863342219684418,1.3850088312671904,1.7168568877095476,3.672301593485273,1.617999328067165,6.035374257249233,3.3265051451039755,1.9133672549199057,2.6882786206121283,3.1296511343320668,3.7218039870112065,7.036795289507481,5.282413724177915,3.072183104019495,1.996832841371745,4.934485938101954,5.7735067879093025
